mtllib sanboTray.mtl
o Default
v -1.75 0 -1.5 1 1 1 1
v -1.75 0 -1.625 1 1 1 1
v -1.75 0.25 -1.625 1 1 1 1
v -1.75 0.25 -1.5 1 1 1 1
v -1.25 0 0 1 1 1 1
v -1.375 0.25 -0.125 1 1 1 1
v -1.375 0 -0.125 1 1 1 1
v -1.25 0.25 0 1 1 1 1
v -1.75 0 -3.25 1 1 1 1
v -1.75 0.25 -3.375 1 1 1 1
v -1.75 0 -3.375 1 1 1 1
v -1.75 0.25 -3.25 1 1 1 1
v -1.75 0 -0.5 1 1 1 1
v -1.75 0.25 -0.625 1 1 1 1
v -1.75 0 -0.625 1 1 1 1
v -1.75 0.25 -0.5 1 1 1 1
v 2.25 0 -1.375 1 1 1 1
v 2.25 0.25 -1.25 1 1 1 1
v 2.25 0 -1.25 1 1 1 1
v 2.25 0.25 -1.375 1 1 1 1
v 2.25 0 -1.25 1 1 1 1
v 2.25 0.25 -1.125 1 1 1 1
v 2.25 0 -1.125 1 1 1 1
v 2.25 0.25 -1.25 1 1 1 1
v 2.25 0 -1.125 1 1 1 1
v 2.25 0.25 -1 1 1 1 1
v 2.25 0 -1 1 1 1 1
v 2.25 0.25 -1.125 1 1 1 1
v 2.25 0 -1 1 1 1 1
v 2.25 0.25 -0.875 1 1 1 1
v 2.25 0 -0.875 1 1 1 1
v 2.25 0.25 -1 1 1 1 1
v 2.25 0 -0.875 1 1 1 1
v 2.25 0.25 -0.75 1 1 1 1
v 2.25 0 -0.75 1 1 1 1
v 2.25 0.25 -0.875 1 1 1 1
v 2.25 0 -0.75 1 1 1 1
v 2.25 0.25 -0.625 1 1 1 1
v 2.25 0 -0.625 1 1 1 1
v 2.25 0.25 -0.75 1 1 1 1
v 2.25 0 -0.625 1 1 1 1
v 2.25 0.25 -0.5 1 1 1 1
v 2.25 0 -0.5 1 1 1 1
v 2.25 0.25 -0.625 1 1 1 1
v 1.875 0 -0.125 1 1 1 1
v 1.75 0.25 0 1 1 1 1
v 1.75 0 0 1 1 1 1
v 1.875 0.25 -0.125 1 1 1 1
v 0.75 0 0 1 1 1 1
v 0.625 0.25 0 1 1 1 1
v 0.625 0 0 1 1 1 1
v 0.75 0.25 0 1 1 1 1
v 2.25 0 -0.5 1 1 1 1
v 2.125 0.25 -0.375 1 1 1 1
v 2.125 0 -0.375 1 1 1 1
v 2.25 0.25 -0.5 1 1 1 1
v 0.375 0 0 1 1 1 1
v 0.25 0.25 0 1 1 1 1
v 0.25 0 0 1 1 1 1
v 0.375 0.25 0 1 1 1 1
v -1.5 0 -3.75 1 1 1 1
v -1.375 0.25 -3.875 1 1 1 1
v -1.375 0 -3.875 1 1 1 1
v -1.5 0.25 -3.75 1 1 1 1
v 1.25 0 -4 1 1 1 1
v 1.375 0.25 -4 1 1 1 1
v 1.375 0 -4 1 1 1 1
v 1.25 0.25 -4 1 1 1 1
v 2.25 0 -3.5 1 1 1 1
v 2.25 0.25 -3.375 1 1 1 1
v 2.25 0 -3.375 1 1 1 1
v 2.25 0.25 -3.5 1 1 1 1
v -1.75 0 -3.375 1 1 1 1
v -1.75 0.25 -3.5 1 1 1 1
v -1.75 0 -3.5 1 1 1 1
v -1.75 0.25 -3.375 1 1 1 1
v -1.125 0 0 1 1 1 1
v -1.25 0.25 0 1 1 1 1
v -1.25 0 0 1 1 1 1
v -1.125 0.25 0 1 1 1 1
v -1.75 0 -2.875 1 1 1 1
v -1.75 0.25 -3 1 1 1 1
v -1.75 0 -3 1 1 1 1
v -1.75 0.25 -2.875 1 1 1 1
v -1.75 0 -2.75 1 1 1 1
v -1.75 0.25 -2.875 1 1 1 1
v -1.75 0 -2.875 1 1 1 1
v -1.75 0.25 -2.75 1 1 1 1
v -1.75 0 -0.625 1 1 1 1
v -1.75 0.25 -0.75 1 1 1 1
v -1.75 0 -0.75 1 1 1 1
v -1.75 0.25 -0.625 1 1 1 1
v -1.75 0 -1.375 1 1 1 1
v -1.75 0.25 -1.5 1 1 1 1
v -1.75 0 -1.5 1 1 1 1
v -1.75 0.25 -1.375 1 1 1 1
v -0.875 0 0 1 1 1 1
v -1 0.25 0 1 1 1 1
v -1 0 0 1 1 1 1
v -0.875 0.25 0 1 1 1 1
v 1.75 0 0 1 1 1 1
v 1.625 0.25 0 1 1 1 1
v 1.625 0 0 1 1 1 1
v 1.75 0.25 0 1 1 1 1
v -0.5 0 0 1 1 1 1
v -0.625 0.25 0 1 1 1 1
v -0.625 0 0 1 1 1 1
v -0.5 0.25 0 1 1 1 1
v 2.125 0 -0.375 1 1 1 1
v 2 0.25 -0.25 1 1 1 1
v 2 0 -0.25 1 1 1 1
v 2.125 0.25 -0.375 1 1 1 1
v 0.125 0 0 1 1 1 1
v 0 0.25 0 1 1 1 1
v 0 0 0 1 1 1 1
v 0.125 0.25 0 1 1 1 1
v -1.625 0 -3.625 1 1 1 1
v -1.5 0.25 -3.75 1 1 1 1
v -1.5 0 -3.75 1 1 1 1
v -1.625 0.25 -3.625 1 1 1 1
v -0.375 0 0 1 1 1 1
v -0.5 0.25 0 1 1 1 1
v -0.5 0 0 1 1 1 1
v -0.375 0.25 0 1 1 1 1
v -0.25 0 0 1 1 1 1
v -0.375 0.25 0 1 1 1 1
v -0.375 0 0 1 1 1 1
v -0.25 0.25 0 1 1 1 1
v 0.25 0 0 1 1 1 1
v 0.125 0.25 0 1 1 1 1
v 0.125 0 0 1 1 1 1
v 0.25 0.25 0 1 1 1 1
v -1.25 0 -4 1 1 1 1
v -1.125 0.25 -4 1 1 1 1
v -1.125 0 -4 1 1 1 1
v -1.25 0.25 -4 1 1 1 1
v -0.125 0 0 1 1 1 1
v -0.25 0.25 0 1 1 1 1
v -0.25 0 0 1 1 1 1
v -0.125 0.25 0 1 1 1 1
v 2.25 0 -3.25 1 1 1 1
v 2.25 0.25 -3.125 1 1 1 1
v 2.25 0 -3.125 1 1 1 1
v 2.25 0.25 -3.25 1 1 1 1
v 1.875 0 -3.875 1 1 1 1
v 2 0.25 -3.75 1 1 1 1
v 2 0 -3.75 1 1 1 1
v 1.875 0.25 -3.875 1 1 1 1
v 0.875 0 0 1 1 1 1
v 0.75 0.25 0 1 1 1 1
v 0.75 0 0 1 1 1 1
v 0.875 0.25 0 1 1 1 1
v 1 0 0 1 1 1 1
v 0.875 0.25 0 1 1 1 1
v 0.875 0 0 1 1 1 1
v 1 0.25 0 1 1 1 1
v 2 0 -0.25 1 1 1 1
v 1.875 0.25 -0.125 1 1 1 1
v 1.875 0 -0.125 1 1 1 1
v 2 0.25 -0.25 1 1 1 1
v 0.5 0 0 1 1 1 1
v 0.375 0.25 0 1 1 1 1
v 0.375 0 0 1 1 1 1
v 0.5 0.25 0 1 1 1 1
v 0.625 0 0 1 1 1 1
v 0.5 0.25 0 1 1 1 1
v 0.5 0 0 1 1 1 1
v 0.625 0.25 0 1 1 1 1
v 1.125 0 0 1 1 1 1
v 1 0.25 0 1 1 1 1
v 1 0 0 1 1 1 1
v 1.125 0.25 0 1 1 1 1
v 1.25 0 0 1 1 1 1
v 1.125 0.25 0 1 1 1 1
v 1.125 0 0 1 1 1 1
v 1.25 0.25 0 1 1 1 1
v 1.375 0 0 1 1 1 1
v 1.25 0.25 0 1 1 1 1
v 1.25 0 0 1 1 1 1
v 1.375 0.25 0 1 1 1 1
v -0.625 0 -4 1 1 1 1
v -0.5 0.25 -4 1 1 1 1
v -0.5 0 -4 1 1 1 1
v -0.625 0.25 -4 1 1 1 1
v -0.5 0 -4 1 1 1 1
v -0.375 0.25 -4 1 1 1 1
v -0.375 0 -4 1 1 1 1
v -0.5 0.25 -4 1 1 1 1
v -0.375 0 -4 1 1 1 1
v -0.25 0.25 -4 1 1 1 1
v -0.25 0 -4 1 1 1 1
v -0.375 0.25 -4 1 1 1 1
v -0.25 0 -4 1 1 1 1
v -0.125 0.25 -4 1 1 1 1
v -0.125 0 -4 1 1 1 1
v -0.25 0.25 -4 1 1 1 1
v 2.125 0 -3.625 1 1 1 1
v 2.25 0.25 -3.5 1 1 1 1
v 2.25 0 -3.5 1 1 1 1
v 2.125 0.25 -3.625 1 1 1 1
v 1.375 0 -4 1 1 1 1
v 1.5 0.25 -4 1 1 1 1
v 1.5 0 -4 1 1 1 1
v 1.375 0.25 -4 1 1 1 1
v 2.25 0 -3.125 1 1 1 1
v 2.25 0.25 -3 1 1 1 1
v 2.25 0 -3 1 1 1 1
v 2.25 0.25 -3.125 1 1 1 1
v 2.25 0 -3 1 1 1 1
v 2.25 0.25 -2.875 1 1 1 1
v 2.25 0 -2.875 1 1 1 1
v 2.25 0.25 -3 1 1 1 1
v 2.25 0 -2.875 1 1 1 1
v 2.25 0.25 -2.75 1 1 1 1
v 2.25 0 -2.75 1 1 1 1
v 2.25 0.25 -2.875 1 1 1 1
v 2.25 0 -2.75 1 1 1 1
v 2.25 0.25 -2.625 1 1 1 1
v 2.25 0 -2.625 1 1 1 1
v 2.25 0.25 -2.75 1 1 1 1
v 2.25 0 -2.625 1 1 1 1
v 2.25 0.25 -2.5 1 1 1 1
v 2.25 0 -2.5 1 1 1 1
v 2.25 0.25 -2.625 1 1 1 1
v 2.25 0 -2.5 1 1 1 1
v 2.25 0.25 -2.375 1 1 1 1
v 2.25 0 -2.375 1 1 1 1
v 2.25 0.25 -2.5 1 1 1 1
v 2.25 0 -2.375 1 1 1 1
v 2.25 0.25 -2.25 1 1 1 1
v 2.25 0 -2.25 1 1 1 1
v 2.25 0.25 -2.375 1 1 1 1
v 1.5 0 -4 1 1 1 1
v 1.625 0.25 -4 1 1 1 1
v 1.625 0 -4 1 1 1 1
v 1.5 0.25 -4 1 1 1 1
v -1.75 0 -1.125 1 1 1 1
v -1.75 0.25 -1.25 1 1 1 1
v -1.75 0 -1.25 1 1 1 1
v -1.75 0.25 -1.125 1 1 1 1
v -0.125 0 -4 1 1 1 1
v 0 0.25 -4 1 1 1 1
v 0 0 -4 1 1 1 1
v -0.125 0.25 -4 1 1 1 1
v 0 0 -4 1 1 1 1
v 0.125 0.25 -4 1 1 1 1
v 0.125 0 -4 1 1 1 1
v 0 0.25 -4 1 1 1 1
v 0.125 0 -4 1 1 1 1
v 0.25 0.25 -4 1 1 1 1
v 0.25 0 -4 1 1 1 1
v 0.125 0.25 -4 1 1 1 1
v 0.25 0 -4 1 1 1 1
v 0.375 0.25 -4 1 1 1 1
v 0.375 0 -4 1 1 1 1
v 0.25 0.25 -4 1 1 1 1
v 0.375 0 -4 1 1 1 1
v 0.5 0.25 -4 1 1 1 1
v 0.5 0 -4 1 1 1 1
v 0.375 0.25 -4 1 1 1 1
v -1.75 0 -1 1 1 1 1
v -1.75 0.25 -1.125 1 1 1 1
v -1.75 0 -1.125 1 1 1 1
v -1.75 0.25 -1 1 1 1 1
v -1.75 0 -0.875 1 1 1 1
v -1.75 0.25 -1 1 1 1 1
v -1.75 0 -1 1 1 1 1
v -1.75 0.25 -0.875 1 1 1 1
v 2.25 0 -2.25 1 1 1 1
v 2.25 0.25 -2.125 1 1 1 1
v 2.25 0 -2.125 1 1 1 1
v 2.25 0.25 -2.25 1 1 1 1
v -1.75 0 -2.625 1 1 1 1
v -1.75 0.25 -2.75 1 1 1 1
v -1.75 0 -2.75 1 1 1 1
v -1.75 0.25 -2.625 1 1 1 1
v -1.75 0 -2.5 1 1 1 1
v -1.75 0.25 -2.625 1 1 1 1
v -1.75 0 -2.625 1 1 1 1
v -1.75 0.25 -2.5 1 1 1 1
v -1.75 0 -2.375 1 1 1 1
v -1.75 0.25 -2.5 1 1 1 1
v -1.75 0 -2.5 1 1 1 1
v -1.75 0.25 -2.375 1 1 1 1
v -1.75 0 -2.25 1 1 1 1
v -1.75 0.25 -2.375 1 1 1 1
v -1.75 0 -2.375 1 1 1 1
v -1.75 0.25 -2.25 1 1 1 1
v -0.875 0 -4 1 1 1 1
v -0.75 0.25 -4 1 1 1 1
v -0.75 0 -4 1 1 1 1
v -0.875 0.25 -4 1 1 1 1
v -0.75 0 -4 1 1 1 1
v -0.625 0.25 -4 1 1 1 1
v -0.625 0 -4 1 1 1 1
v -0.75 0.25 -4 1 1 1 1
v -1.75 0 -0.75 1 1 1 1
v -1.75 0.25 -0.875 1 1 1 1
v -1.75 0 -0.875 1 1 1 1
v -1.75 0.25 -0.75 1 1 1 1
v 0.625 0 -4 1 1 1 1
v 0.75 0.25 -4 1 1 1 1
v 0.75 0 -4 1 1 1 1
v 0.625 0.25 -4 1 1 1 1
v 0.5 0 -4 1 1 1 1
v 0.625 0.25 -4 1 1 1 1
v 0.625 0 -4 1 1 1 1
v 0.5 0.25 -4 1 1 1 1
v -1.625 0 -0.375 1 1 1 1
v -1.75 0.25 -0.5 1 1 1 1
v -1.75 0 -0.5 1 1 1 1
v -1.625 0.25 -0.375 1 1 1 1
v -1.375 0 -0.125 1 1 1 1
v -1.5 0.25 -0.25 1 1 1 1
v -1.5 0 -0.25 1 1 1 1
v -1.375 0.25 -0.125 1 1 1 1
v -1.75 0 -2.125 1 1 1 1
v -1.75 0.25 -2.25 1 1 1 1
v -1.75 0 -2.25 1 1 1 1
v -1.75 0.25 -2.125 1 1 1 1
v -1.75 0 -2 1 1 1 1
v -1.75 0.25 -2.125 1 1 1 1
v -1.75 0 -2.125 1 1 1 1
v -1.75 0.25 -2 1 1 1 1
v 2 0 -3.75 1 1 1 1
v 2.125 0.25 -3.625 1 1 1 1
v 2.125 0 -3.625 1 1 1 1
v 2 0.25 -3.75 1 1 1 1
v 1.5 0 0 1 1 1 1
v 1.375 0.25 0 1 1 1 1
v 1.375 0 0 1 1 1 1
v 1.5 0.25 0 1 1 1 1
v -1.75 0 -1.875 1 1 1 1
v -1.75 0.25 -2 1 1 1 1
v -1.75 0 -2 1 1 1 1
v -1.75 0.25 -1.875 1 1 1 1
v -1.75 0 -1.75 1 1 1 1
v -1.75 0.25 -1.875 1 1 1 1
v -1.75 0 -1.875 1 1 1 1
v -1.75 0.25 -1.75 1 1 1 1
v 0.875 0 -4 1 1 1 1
v 1 0.25 -4 1 1 1 1
v 1 0 -4 1 1 1 1
v 0.875 0.25 -4 1 1 1 1
v 1 0 -4 1 1 1 1
v 1.125 0.25 -4 1 1 1 1
v 1.125 0 -4 1 1 1 1
v 1 0.25 -4 1 1 1 1
v -1 0 0 1 1 1 1
v -1.125 0.25 0 1 1 1 1
v -1.125 0 0 1 1 1 1
v -1 0.25 0 1 1 1 1
v -0.625 0 0 1 1 1 1
v -0.75 0.25 0 1 1 1 1
v -0.75 0 0 1 1 1 1
v -0.625 0.25 0 1 1 1 1
v 0.75 0 -4 1 1 1 1
v 0.875 0.25 -4 1 1 1 1
v 0.875 0 -4 1 1 1 1
v 0.75 0.25 -4 1 1 1 1
v -1.75 0 -3.5 1 1 1 1
v -1.625 0.25 -3.625 1 1 1 1
v -1.625 0 -3.625 1 1 1 1
v -1.75 0.25 -3.5 1 1 1 1
v -1.75 0 -3.125 1 1 1 1
v -1.75 0.25 -3.25 1 1 1 1
v -1.75 0 -3.25 1 1 1 1
v -1.75 0.25 -3.125 1 1 1 1
v -1.75 0 -3 1 1 1 1
v -1.75 0.25 -3.125 1 1 1 1
v -1.75 0 -3.125 1 1 1 1
v -1.75 0.25 -3 1 1 1 1
v 2.25 0 -3.375 1 1 1 1
v 2.25 0.25 -3.25 1 1 1 1
v 2.25 0 -3.25 1 1 1 1
v 2.25 0.25 -3.375 1 1 1 1
v -1.5 0 -0.25 1 1 1 1
v -1.625 0.25 -0.375 1 1 1 1
v -1.625 0 -0.375 1 1 1 1
v -1.5 0.25 -0.25 1 1 1 1
v -1.75 0 -1.25 1 1 1 1
v -1.75 0.25 -1.375 1 1 1 1
v -1.75 0 -1.375 1 1 1 1
v -1.75 0.25 -1.25 1 1 1 1
v 1.125 0 -4 1 1 1 1
v 1.25 0.25 -4 1 1 1 1
v 1.25 0 -4 1 1 1 1
v 1.125 0.25 -4 1 1 1 1
v 2.25 0 -2.125 1 1 1 1
v 2.25 0.25 -2 1 1 1 1
v 2.25 0 -2 1 1 1 1
v 2.25 0.25 -2.125 1 1 1 1
v 2.25 0 -2 1 1 1 1
v 2.25 0.25 -1.875 1 1 1 1
v 2.25 0 -1.875 1 1 1 1
v 2.25 0.25 -2 1 1 1 1
v 2.25 0 -1.875 1 1 1 1
v 2.25 0.25 -1.75 1 1 1 1
v 2.25 0 -1.75 1 1 1 1
v 2.25 0.25 -1.875 1 1 1 1
v 2.25 0 -1.75 1 1 1 1
v 2.25 0.25 -1.625 1 1 1 1
v 2.25 0 -1.625 1 1 1 1
v 2.25 0.25 -1.75 1 1 1 1
v 2.25 0 -1.625 1 1 1 1
v 2.25 0.25 -1.5 1 1 1 1
v 2.25 0 -1.5 1 1 1 1
v 2.25 0.25 -1.625 1 1 1 1
v 2.25 0 -1.5 1 1 1 1
v 2.25 0.25 -1.375 1 1 1 1
v 2.25 0 -1.375 1 1 1 1
v 2.25 0.25 -1.5 1 1 1 1
v -1.375 0 -3.875 1 1 1 1
v -1.25 0.25 -4 1 1 1 1
v -1.25 0 -4 1 1 1 1
v -1.375 0.25 -3.875 1 1 1 1
v -1 0 -4 1 1 1 1
v -0.875 0.25 -4 1 1 1 1
v -0.875 0 -4 1 1 1 1
v -1 0.25 -4 1 1 1 1
v -1.75 0 -1.625 1 1 1 1
v -1.75 0.25 -1.75 1 1 1 1
v -1.75 0 -1.75 1 1 1 1
v -1.75 0.25 -1.625 1 1 1 1
v 1.75 0 -4 1 1 1 1
v 1.875 0.25 -3.875 1 1 1 1
v 1.875 0 -3.875 1 1 1 1
v 1.75 0.25 -4 1 1 1 1
v -0.75 0 0 1 1 1 1
v -0.875 0.25 0 1 1 1 1
v -0.875 0 0 1 1 1 1
v -0.75 0.25 0 1 1 1 1
v -1.125 0 -4 1 1 1 1
v -1 0.25 -4 1 1 1 1
v -1 0 -4 1 1 1 1
v -1.125 0.25 -4 1 1 1 1
v 1.625 0 0 1 1 1 1
v 1.5 0.25 0 1 1 1 1
v 1.5 0 0 1 1 1 1
v 1.625 0.25 0 1 1 1 1
v 0 0 0 1 1 1 1
v -0.125 0.25 0 1 1 1 1
v -0.125 0 0 1 1 1 1
v 0 0.25 0 1 1 1 1
v 1.625 0 -4 1 1 1 1
v 1.75 0.25 -4 1 1 1 1
v 1.75 0 -4 1 1 1 1
v 1.625 0.25 -4 1 1 1 1
v -1 0.25 0 1 1 1 1
v -0.875 0.25 -0.125 1 1 1 1
v -1 0.25 -0.125 1 1 1 1
v -0.875 0.25 0 1 1 1 1
v -1.125 0.25 0 1 1 1 1
v -1 0.25 -0.125 1 1 1 1
v -1.125 0.25 -0.125 1 1 1 1
v -1 0.25 0 1 1 1 1
v -1.25 0.25 0 1 1 1 1
v -1.125 0.25 -0.125 1 1 1 1
v -1.25 0.25 -0.125 1 1 1 1
v -1.125 0.25 0 1 1 1 1
v -1.375 0.25 -0.125 1 1 1 1
v -1.375 0.25 -0.125 1 1 1 1
v -1.5 0.25 -0.25 1 1 1 1
v -1.375 0.25 -0.25 1 1 1 1
v 1.25 0.25 0 1 1 1 1
v 1.375 0.25 -0.125 1 1 1 1
v 1.25 0.25 -0.125 1 1 1 1
v 1.375 0.25 0 1 1 1 1
v 1.125 0.25 0 1 1 1 1
v 1.25 0.25 -0.125 1 1 1 1
v 1.125 0.25 -0.125 1 1 1 1
v 1.25 0.25 0 1 1 1 1
v 1 0.25 0 1 1 1 1
v 1.125 0.25 -0.125 1 1 1 1
v 1 0.25 -0.125 1 1 1 1
v 1.125 0.25 0 1 1 1 1
v 0.5 0.25 0 1 1 1 1
v 0.625 0.25 -0.125 1 1 1 1
v 0.5 0.25 -0.125 1 1 1 1
v 0.625 0.25 0 1 1 1 1
v 0.375 0.25 0 1 1 1 1
v 0.5 0.25 -0.125 1 1 1 1
v 0.375 0.25 -0.125 1 1 1 1
v 0.5 0.25 0 1 1 1 1
v 1.875 0.25 -0.125 1 1 1 1
v 2 0.25 -0.25 1 1 1 1
v 1.875 0.25 -0.25 1 1 1 1
v 1.875 0.25 -0.125 1 1 1 1
v 1.75 0.25 -0.125 1 1 1 1
v 1.875 0.25 -0.25 1 1 1 1
v 1.75 0.25 -0.25 1 1 1 1
v 1.875 0.25 -0.125 1 1 1 1
v 1.625 0.25 -0.125 1 1 1 1
v 1.75 0.25 -0.25 1 1 1 1
v 1.625 0.25 -0.25 1 1 1 1
v 1.75 0.25 -0.125 1 1 1 1
v 1.5 0.25 -0.125 1 1 1 1
v 1.625 0.25 -0.25 1 1 1 1
v 1.5 0.25 -0.25 1 1 1 1
v 1.625 0.25 -0.125 1 1 1 1
v 1.375 0.25 -0.125 1 1 1 1
v 1.5 0.25 -0.25 1 1 1 1
v 1.375 0.25 -0.25 1 1 1 1
v 1.5 0.25 -0.125 1 1 1 1
v 1.25 0.25 -0.125 1 1 1 1
v 1.375 0.25 -0.25 1 1 1 1
v 1.25 0.25 -0.25 1 1 1 1
v 1.375 0.25 -0.125 1 1 1 1
v 1.125 0.25 -0.125 1 1 1 1
v 1.25 0.25 -0.25 1 1 1 1
v 1.125 0.25 -0.25 1 1 1 1
v 1.25 0.25 -0.125 1 1 1 1
v 1 0.25 -0.125 1 1 1 1
v 1.125 0.25 -0.25 1 1 1 1
v 1 0.25 -0.25 1 1 1 1
v 1.125 0.25 -0.125 1 1 1 1
v 0.875 0.25 -0.125 1 1 1 1
v 1 0.25 -0.25 1 1 1 1
v 0.875 0.25 -0.25 1 1 1 1
v 1 0.25 -0.125 1 1 1 1
v 0.75 0.25 -0.125 1 1 1 1
v 0.875 0.25 -0.25 1 1 1 1
v 0.75 0.25 -0.25 1 1 1 1
v 0.875 0.25 -0.125 1 1 1 1
v 0.625 0.25 -0.125 1 1 1 1
v 0.75 0.25 -0.25 1 1 1 1
v 0.625 0.25 -0.25 1 1 1 1
v 0.75 0.25 -0.125 1 1 1 1
v 0.5 0.25 -0.125 1 1 1 1
v 0.625 0.25 -0.25 1 1 1 1
v 0.5 0.25 -0.25 1 1 1 1
v 0.625 0.25 -0.125 1 1 1 1
v 0.375 0.25 -0.125 1 1 1 1
v 0.5 0.25 -0.25 1 1 1 1
v 0.375 0.25 -0.25 1 1 1 1
v 0.5 0.25 -0.125 1 1 1 1
v 0.25 0.25 -0.125 1 1 1 1
v 0.375 0.25 -0.25 1 1 1 1
v 0.25 0.25 -0.25 1 1 1 1
v 0.375 0.25 -0.125 1 1 1 1
v 0.125 0.25 -0.125 1 1 1 1
v 0.25 0.25 -0.25 1 1 1 1
v 0.125 0.25 -0.25 1 1 1 1
v 0.25 0.25 -0.125 1 1 1 1
v 0 0.25 -0.125 1 1 1 1
v 0.125 0.25 -0.25 1 1 1 1
v 0 0.25 -0.25 1 1 1 1
v 0.125 0.25 -0.125 1 1 1 1
v -0.125 0.25 -0.125 1 1 1 1
v 0 0.25 -0.25 1 1 1 1
v -0.125 0.25 -0.25 1 1 1 1
v 0 0.25 -0.125 1 1 1 1
v -0.25 0.25 -0.125 1 1 1 1
v -0.125 0.25 -0.25 1 1 1 1
v -0.25 0.25 -0.25 1 1 1 1
v -0.125 0.25 -0.125 1 1 1 1
v -0.375 0.25 -0.125 1 1 1 1
v -0.25 0.25 -0.25 1 1 1 1
v -0.375 0.25 -0.25 1 1 1 1
v -0.25 0.25 -0.125 1 1 1 1
v -0.5 0.25 -0.125 1 1 1 1
v -0.375 0.25 -0.25 1 1 1 1
v -0.5 0.25 -0.25 1 1 1 1
v -0.375 0.25 -0.125 1 1 1 1
v -0.625 0.25 -0.125 1 1 1 1
v -0.5 0.25 -0.25 1 1 1 1
v -0.625 0.25 -0.25 1 1 1 1
v -0.5 0.25 -0.125 1 1 1 1
v -0.75 0.25 -0.125 1 1 1 1
v -0.625 0.25 -0.25 1 1 1 1
v -0.75 0.25 -0.25 1 1 1 1
v -0.625 0.25 -0.125 1 1 1 1
v -0.875 0.25 -0.125 1 1 1 1
v -0.75 0.25 -0.25 1 1 1 1
v -0.875 0.25 -0.25 1 1 1 1
v -0.75 0.25 -0.125 1 1 1 1
v -1 0.25 -0.125 1 1 1 1
v -0.875 0.25 -0.25 1 1 1 1
v -1 0.25 -0.25 1 1 1 1
v -0.875 0.25 -0.125 1 1 1 1
v -1.125 0.25 -0.125 1 1 1 1
v -1 0.25 -0.25 1 1 1 1
v -1.125 0.25 -0.25 1 1 1 1
v -1 0.25 -0.125 1 1 1 1
v -1.25 0.25 -0.125 1 1 1 1
v -1.125 0.25 -0.25 1 1 1 1
v -1.25 0.25 -0.25 1 1 1 1
v -1.125 0.25 -0.125 1 1 1 1
v -1.375 0.25 -0.125 1 1 1 1
v -1.25 0.25 -0.25 1 1 1 1
v -1.375 0.25 -0.25 1 1 1 1
v -1.25 0.25 -0.125 1 1 1 1
v -1.625 0.25 -0.375 1 1 1 1
v -1.625 0.25 -0.375 1 1 1 1
v -1.75 0.25 -0.5 1 1 1 1
v -1.625 0.25 -0.5 1 1 1 1
v 0.875 0.25 0 1 1 1 1
v 1 0.25 -0.125 1 1 1 1
v 0.875 0.25 -0.125 1 1 1 1
v 1 0.25 0 1 1 1 1
v 0.75 0.25 0 1 1 1 1
v 0.875 0.25 -0.125 1 1 1 1
v 0.75 0.25 -0.125 1 1 1 1
v 0.875 0.25 0 1 1 1 1
v 0.25 0.25 0 1 1 1 1
v 0.375 0.25 -0.125 1 1 1 1
v 0.25 0.25 -0.125 1 1 1 1
v 0.375 0.25 0 1 1 1 1
v 2.125 0.25 -0.375 1 1 1 1
v 2.25 0.25 -0.5 1 1 1 1
v 2.125 0.25 -0.5 1 1 1 1
v 2.125 0.25 -0.375 1 1 1 1
v 1.875 0.25 -0.25 1 1 1 1
v 2 0.25 -0.375 1 1 1 1
v 1.875 0.25 -0.375 1 1 1 1
v 2 0.25 -0.25 1 1 1 1
v 1.75 0.25 -0.25 1 1 1 1
v 1.875 0.25 -0.375 1 1 1 1
v 1.75 0.25 -0.375 1 1 1 1
v 1.875 0.25 -0.25 1 1 1 1
v 1.625 0.25 -0.25 1 1 1 1
v 1.75 0.25 -0.375 1 1 1 1
v 1.625 0.25 -0.375 1 1 1 1
v 1.75 0.25 -0.25 1 1 1 1
v 1.5 0.25 -0.25 1 1 1 1
v 1.625 0.25 -0.375 1 1 1 1
v 1.5 0.25 -0.375 1 1 1 1
v 1.625 0.25 -0.25 1 1 1 1
v 1.375 0.25 -0.25 1 1 1 1
v 1.5 0.25 -0.375 1 1 1 1
v 1.375 0.25 -0.375 1 1 1 1
v 1.5 0.25 -0.25 1 1 1 1
v 1.25 0.25 -0.25 1 1 1 1
v 1.375 0.25 -0.375 1 1 1 1
v 1.25 0.25 -0.375 1 1 1 1
v 1.375 0.25 -0.25 1 1 1 1
v 1.125 0.25 -0.25 1 1 1 1
v 1.25 0.25 -0.375 1 1 1 1
v 1.125 0.25 -0.375 1 1 1 1
v 1.25 0.25 -0.25 1 1 1 1
v 1 0.25 -0.25 1 1 1 1
v 1.125 0.25 -0.375 1 1 1 1
v 1 0.25 -0.375 1 1 1 1
v 1.125 0.25 -0.25 1 1 1 1
v 0.875 0.25 -0.25 1 1 1 1
v 1 0.25 -0.375 1 1 1 1
v 0.875 0.25 -0.375 1 1 1 1
v 1 0.25 -0.25 1 1 1 1
v 0.75 0.25 -0.25 1 1 1 1
v 0.875 0.25 -0.375 1 1 1 1
v 0.75 0.25 -0.375 1 1 1 1
v 0.875 0.25 -0.25 1 1 1 1
v 0.625 0.25 -0.25 1 1 1 1
v 0.75 0.25 -0.375 1 1 1 1
v 0.625 0.25 -0.375 1 1 1 1
v 0.75 0.25 -0.25 1 1 1 1
v 0.5 0.25 -0.25 1 1 1 1
v 0.625 0.25 -0.375 1 1 1 1
v 0.5 0.25 -0.375 1 1 1 1
v 0.625 0.25 -0.25 1 1 1 1
v 0.375 0.25 -0.25 1 1 1 1
v 0.5 0.25 -0.375 1 1 1 1
v 0.375 0.25 -0.375 1 1 1 1
v 0.5 0.25 -0.25 1 1 1 1
v 0.25 0.25 -0.25 1 1 1 1
v 0.375 0.25 -0.375 1 1 1 1
v 0.25 0.25 -0.375 1 1 1 1
v 0.375 0.25 -0.25 1 1 1 1
v 0.125 0.25 -0.25 1 1 1 1
v 0.25 0.25 -0.375 1 1 1 1
v 0.125 0.25 -0.375 1 1 1 1
v 0.25 0.25 -0.25 1 1 1 1
v 0 0.25 -0.25 1 1 1 1
v 0.125 0.25 -0.375 1 1 1 1
v 0 0.25 -0.375 1 1 1 1
v 0.125 0.25 -0.25 1 1 1 1
v -0.125 0.25 -0.25 1 1 1 1
v 0 0.25 -0.375 1 1 1 1
v -0.125 0.25 -0.375 1 1 1 1
v 0 0.25 -0.25 1 1 1 1
v -0.25 0.25 -0.25 1 1 1 1
v -0.125 0.25 -0.375 1 1 1 1
v -0.25 0.25 -0.375 1 1 1 1
v -0.125 0.25 -0.25 1 1 1 1
v -0.375 0.25 -0.25 1 1 1 1
v -0.25 0.25 -0.375 1 1 1 1
v -0.375 0.25 -0.375 1 1 1 1
v -0.25 0.25 -0.25 1 1 1 1
v -0.5 0.25 -0.25 1 1 1 1
v -0.375 0.25 -0.375 1 1 1 1
v -0.5 0.25 -0.375 1 1 1 1
v -0.375 0.25 -0.25 1 1 1 1
v -0.625 0.25 -0.25 1 1 1 1
v -0.5 0.25 -0.375 1 1 1 1
v -0.625 0.25 -0.375 1 1 1 1
v -0.5 0.25 -0.25 1 1 1 1
v -0.75 0.25 -0.25 1 1 1 1
v -0.625 0.25 -0.375 1 1 1 1
v -0.75 0.25 -0.375 1 1 1 1
v -0.625 0.25 -0.25 1 1 1 1
v -0.875 0.25 -0.25 1 1 1 1
v -0.75 0.25 -0.375 1 1 1 1
v -0.875 0.25 -0.375 1 1 1 1
v -0.75 0.25 -0.25 1 1 1 1
v -1 0.25 -0.25 1 1 1 1
v -0.875 0.25 -0.375 1 1 1 1
v -1 0.25 -0.375 1 1 1 1
v -0.875 0.25 -0.25 1 1 1 1
v -1.125 0.25 -0.25 1 1 1 1
v -1 0.25 -0.375 1 1 1 1
v -1.125 0.25 -0.375 1 1 1 1
v -1 0.25 -0.25 1 1 1 1
v -1.25 0.25 -0.25 1 1 1 1
v -1.125 0.25 -0.375 1 1 1 1
v -1.25 0.25 -0.375 1 1 1 1
v -1.125 0.25 -0.25 1 1 1 1
v -1.375 0.25 -0.25 1 1 1 1
v -1.25 0.25 -0.375 1 1 1 1
v -1.375 0.25 -0.375 1 1 1 1
v -1.25 0.25 -0.25 1 1 1 1
v -1.5 0.25 -0.25 1 1 1 1
v -1.375 0.25 -0.375 1 1 1 1
v -1.5 0.25 -0.375 1 1 1 1
v -1.375 0.25 -0.25 1 1 1 1
v -1.25 0.25 0 1 1 1 1
v -1.25 0.25 0 1 1 1 1
v -1.375 0.25 -0.125 1 1 1 1
v -1.25 0.25 -0.125 1 1 1 1
v 0.625 0.25 0 1 1 1 1
v 0.75 0.25 -0.125 1 1 1 1
v 0.625 0.25 -0.125 1 1 1 1
v 0.75 0.25 0 1 1 1 1
v 1.75 0.25 0 1 1 1 1
v 1.875 0.25 -0.125 1 1 1 1
v 1.75 0.25 -0.125 1 1 1 1
v 1.75 0.25 0 1 1 1 1
v 2 0.25 -0.375 1 1 1 1
v 2.125 0.25 -0.5 1 1 1 1
v 2 0.25 -0.5 1 1 1 1
v 2.125 0.25 -0.375 1 1 1 1
v 1.875 0.25 -0.375 1 1 1 1
v 2 0.25 -0.5 1 1 1 1
v 1.875 0.25 -0.5 1 1 1 1
v 2 0.25 -0.375 1 1 1 1
v 1.75 0.25 -0.375 1 1 1 1
v 1.875 0.25 -0.5 1 1 1 1
v 1.75 0.25 -0.5 1 1 1 1
v 1.875 0.25 -0.375 1 1 1 1
v 1.625 0.25 -0.375 1 1 1 1
v 1.75 0.25 -0.5 1 1 1 1
v 1.625 0.25 -0.5 1 1 1 1
v 1.75 0.25 -0.375 1 1 1 1
v 1.5 0.25 -0.375 1 1 1 1
v 1.625 0.25 -0.5 1 1 1 1
v 1.5 0.25 -0.5 1 1 1 1
v 1.625 0.25 -0.375 1 1 1 1
v 1.375 0.25 -0.375 1 1 1 1
v 1.5 0.25 -0.5 1 1 1 1
v 1.375 0.25 -0.5 1 1 1 1
v 1.5 0.25 -0.375 1 1 1 1
v 1.25 0.25 -0.375 1 1 1 1
v 1.375 0.25 -0.5 1 1 1 1
v 1.25 0.25 -0.5 1 1 1 1
v 1.375 0.25 -0.375 1 1 1 1
v 1.125 0.25 -0.375 1 1 1 1
v 1.25 0.25 -0.5 1 1 1 1
v 1.125 0.25 -0.5 1 1 1 1
v 1.25 0.25 -0.375 1 1 1 1
v 1 0.25 -0.375 1 1 1 1
v 1.125 0.25 -0.5 1 1 1 1
v 1 0.25 -0.5 1 1 1 1
v 1.125 0.25 -0.375 1 1 1 1
v 0.875 0.25 -0.375 1 1 1 1
v 1 0.25 -0.5 1 1 1 1
v 0.875 0.25 -0.5 1 1 1 1
v 1 0.25 -0.375 1 1 1 1
v 0.75 0.25 -0.375 1 1 1 1
v 0.875 0.25 -0.5 1 1 1 1
v 0.75 0.25 -0.5 1 1 1 1
v 0.875 0.25 -0.375 1 1 1 1
v 0.625 0.25 -0.375 1 1 1 1
v 0.75 0.25 -0.5 1 1 1 1
v 0.625 0.25 -0.5 1 1 1 1
v 0.75 0.25 -0.375 1 1 1 1
v 0.5 0.25 -0.375 1 1 1 1
v 0.625 0.25 -0.5 1 1 1 1
v 0.5 0.25 -0.5 1 1 1 1
v 0.625 0.25 -0.375 1 1 1 1
v 0.375 0.25 -0.375 1 1 1 1
v 0.5 0.25 -0.5 1 1 1 1
v 0.375 0.25 -0.5 1 1 1 1
v 0.5 0.25 -0.375 1 1 1 1
v 0.25 0.25 -0.375 1 1 1 1
v 0.375 0.25 -0.5 1 1 1 1
v 0.25 0.25 -0.5 1 1 1 1
v 0.375 0.25 -0.375 1 1 1 1
v 0.125 0.25 -0.375 1 1 1 1
v 0.25 0.25 -0.5 1 1 1 1
v 0.125 0.25 -0.5 1 1 1 1
v 0.25 0.25 -0.375 1 1 1 1
v 0 0.25 -0.375 1 1 1 1
v 0.125 0.25 -0.5 1 1 1 1
v 0 0.25 -0.5 1 1 1 1
v 0.125 0.25 -0.375 1 1 1 1
v -0.125 0.25 -0.375 1 1 1 1
v 0 0.25 -0.5 1 1 1 1
v -0.125 0.25 -0.5 1 1 1 1
v 0 0.25 -0.375 1 1 1 1
v -0.25 0.25 -0.375 1 1 1 1
v -0.125 0.25 -0.5 1 1 1 1
v -0.25 0.25 -0.5 1 1 1 1
v -0.125 0.25 -0.375 1 1 1 1
v -0.375 0.25 -0.375 1 1 1 1
v -0.25 0.25 -0.5 1 1 1 1
v -0.375 0.25 -0.5 1 1 1 1
v -0.25 0.25 -0.375 1 1 1 1
v -0.5 0.25 -0.375 1 1 1 1
v -0.375 0.25 -0.5 1 1 1 1
v -0.5 0.25 -0.5 1 1 1 1
v -0.375 0.25 -0.375 1 1 1 1
v -0.625 0.25 -0.375 1 1 1 1
v -0.5 0.25 -0.5 1 1 1 1
v -0.625 0.25 -0.5 1 1 1 1
v -0.5 0.25 -0.375 1 1 1 1
v -0.75 0.25 -0.375 1 1 1 1
v -0.625 0.25 -0.5 1 1 1 1
v -0.75 0.25 -0.5 1 1 1 1
v -0.625 0.25 -0.375 1 1 1 1
v -0.875 0.25 -0.375 1 1 1 1
v -0.75 0.25 -0.5 1 1 1 1
v -0.875 0.25 -0.5 1 1 1 1
v -0.75 0.25 -0.375 1 1 1 1
v -1 0.25 -0.375 1 1 1 1
v -0.875 0.25 -0.5 1 1 1 1
v -1 0.25 -0.5 1 1 1 1
v -0.875 0.25 -0.375 1 1 1 1
v -1.125 0.25 -0.375 1 1 1 1
v -1 0.25 -0.5 1 1 1 1
v -1.125 0.25 -0.5 1 1 1 1
v -1 0.25 -0.375 1 1 1 1
v -1.25 0.25 -0.375 1 1 1 1
v -1.125 0.25 -0.5 1 1 1 1
v -1.25 0.25 -0.5 1 1 1 1
v -1.125 0.25 -0.375 1 1 1 1
v -1.375 0.25 -0.375 1 1 1 1
v -1.25 0.25 -0.5 1 1 1 1
v -1.375 0.25 -0.5 1 1 1 1
v -1.25 0.25 -0.375 1 1 1 1
v -1.5 0.25 -0.375 1 1 1 1
v -1.375 0.25 -0.5 1 1 1 1
v -1.5 0.25 -0.5 1 1 1 1
v -1.375 0.25 -0.375 1 1 1 1
v -1.625 0.25 -0.375 1 1 1 1
v -1.5 0.25 -0.5 1 1 1 1
v -1.625 0.25 -0.5 1 1 1 1
v -1.5 0.25 -0.375 1 1 1 1
v -1.5 0.25 -0.25 1 1 1 1
v -1.5 0.25 -0.25 1 1 1 1
v -1.625 0.25 -0.375 1 1 1 1
v -1.5 0.25 -0.375 1 1 1 1
v 2.125 0.25 -0.5 1 1 1 1
v 2.25 0.25 -0.625 1 1 1 1
v 2.125 0.25 -0.625 1 1 1 1
v 2.25 0.25 -0.5 1 1 1 1
v 2 0.25 -0.5 1 1 1 1
v 2.125 0.25 -0.625 1 1 1 1
v 2 0.25 -0.625 1 1 1 1
v 2.125 0.25 -0.5 1 1 1 1
v 1.875 0.25 -0.5 1 1 1 1
v 2 0.25 -0.625 1 1 1 1
v 1.875 0.25 -0.625 1 1 1 1
v 2 0.25 -0.5 1 1 1 1
v 1.75 0.25 -0.5 1 1 1 1
v 1.875 0.25 -0.625 1 1 1 1
v 1.75 0.25 -0.625 1 1 1 1
v 1.875 0.25 -0.5 1 1 1 1
v 1.625 0.25 -0.5 1 1 1 1
v 1.75 0.25 -0.625 1 1 1 1
v 1.625 0.25 -0.625 1 1 1 1
v 1.75 0.25 -0.5 1 1 1 1
v 1.5 0.25 -0.5 1 1 1 1
v 1.625 0.25 -0.625 1 1 1 1
v 1.5 0.25 -0.625 1 1 1 1
v 1.625 0.25 -0.5 1 1 1 1
v 1.375 0.25 -0.5 1 1 1 1
v 1.5 0.25 -0.625 1 1 1 1
v 1.375 0.25 -0.625 1 1 1 1
v 1.5 0.25 -0.5 1 1 1 1
v 1.25 0.25 -0.5 1 1 1 1
v 1.375 0.25 -0.625 1 1 1 1
v 1.25 0.25 -0.625 1 1 1 1
v 1.375 0.25 -0.5 1 1 1 1
v 1.125 0.25 -0.5 1 1 1 1
v 1.25 0.25 -0.625 1 1 1 1
v 1.125 0.25 -0.625 1 1 1 1
v 1.25 0.25 -0.5 1 1 1 1
v 1 0.25 -0.5 1 1 1 1
v 1.125 0.25 -0.625 1 1 1 1
v 1 0.25 -0.625 1 1 1 1
v 1.125 0.25 -0.5 1 1 1 1
v 0.875 0.25 -0.5 1 1 1 1
v 1 0.25 -0.625 1 1 1 1
v 0.875 0.25 -0.625 1 1 1 1
v 1 0.25 -0.5 1 1 1 1
v 0.75 0.25 -0.5 1 1 1 1
v 0.875 0.25 -0.625 1 1 1 1
v 0.75 0.25 -0.625 1 1 1 1
v 0.875 0.25 -0.5 1 1 1 1
v 0.625 0.25 -0.5 1 1 1 1
v 0.75 0.25 -0.625 1 1 1 1
v 0.625 0.25 -0.625 1 1 1 1
v 0.75 0.25 -0.5 1 1 1 1
v 0.5 0.25 -0.5 1 1 1 1
v 0.625 0.25 -0.625 1 1 1 1
v 0.5 0.25 -0.625 1 1 1 1
v 0.625 0.25 -0.5 1 1 1 1
v 0.375 0.25 -0.5 1 1 1 1
v 0.5 0.25 -0.625 1 1 1 1
v 0.375 0.25 -0.625 1 1 1 1
v 0.5 0.25 -0.5 1 1 1 1
v 0.25 0.25 -0.5 1 1 1 1
v 0.375 0.25 -0.625 1 1 1 1
v 0.25 0.25 -0.625 1 1 1 1
v 0.375 0.25 -0.5 1 1 1 1
v 0.125 0.25 -0.5 1 1 1 1
v 0.25 0.25 -0.625 1 1 1 1
v 0.125 0.25 -0.625 1 1 1 1
v 0.25 0.25 -0.5 1 1 1 1
v 0 0.25 -0.5 1 1 1 1
v 0.125 0.25 -0.625 1 1 1 1
v 0 0.25 -0.625 1 1 1 1
v 0.125 0.25 -0.5 1 1 1 1
v -0.125 0.25 -0.5 1 1 1 1
v 0 0.25 -0.625 1 1 1 1
v -0.125 0.25 -0.625 1 1 1 1
v 0 0.25 -0.5 1 1 1 1
v -0.25 0.25 -0.5 1 1 1 1
v -0.125 0.25 -0.625 1 1 1 1
v -0.25 0.25 -0.625 1 1 1 1
v -0.125 0.25 -0.5 1 1 1 1
v -0.375 0.25 -0.5 1 1 1 1
v -0.25 0.25 -0.625 1 1 1 1
v -0.375 0.25 -0.625 1 1 1 1
v -0.25 0.25 -0.5 1 1 1 1
v -0.5 0.25 -0.5 1 1 1 1
v -0.375 0.25 -0.625 1 1 1 1
v -0.5 0.25 -0.625 1 1 1 1
v -0.375 0.25 -0.5 1 1 1 1
v -0.625 0.25 -0.5 1 1 1 1
v -0.5 0.25 -0.625 1 1 1 1
v -0.625 0.25 -0.625 1 1 1 1
v -0.5 0.25 -0.5 1 1 1 1
v -0.75 0.25 -0.5 1 1 1 1
v -0.625 0.25 -0.625 1 1 1 1
v -0.75 0.25 -0.625 1 1 1 1
v -0.625 0.25 -0.5 1 1 1 1
v -0.875 0.25 -0.5 1 1 1 1
v -0.75 0.25 -0.625 1 1 1 1
v -0.875 0.25 -0.625 1 1 1 1
v -0.75 0.25 -0.5 1 1 1 1
v -1 0.25 -0.5 1 1 1 1
v -0.875 0.25 -0.625 1 1 1 1
v -1 0.25 -0.625 1 1 1 1
v -0.875 0.25 -0.5 1 1 1 1
v -1.125 0.25 -0.5 1 1 1 1
v -1 0.25 -0.625 1 1 1 1
v -1.125 0.25 -0.625 1 1 1 1
v -1 0.25 -0.5 1 1 1 1
v -1.25 0.25 -0.5 1 1 1 1
v -1.125 0.25 -0.625 1 1 1 1
v -1.25 0.25 -0.625 1 1 1 1
v -1.125 0.25 -0.5 1 1 1 1
v -1.375 0.25 -0.5 1 1 1 1
v -1.25 0.25 -0.625 1 1 1 1
v -1.375 0.25 -0.625 1 1 1 1
v -1.25 0.25 -0.5 1 1 1 1
v -1.5 0.25 -0.5 1 1 1 1
v -1.375 0.25 -0.625 1 1 1 1
v -1.5 0.25 -0.625 1 1 1 1
v -1.375 0.25 -0.5 1 1 1 1
v -1.625 0.25 -0.5 1 1 1 1
v -1.5 0.25 -0.625 1 1 1 1
v -1.625 0.25 -0.625 1 1 1 1
v -1.5 0.25 -0.5 1 1 1 1
v -1.75 0.25 -0.5 1 1 1 1
v -1.625 0.25 -0.625 1 1 1 1
v -1.75 0.25 -0.625 1 1 1 1
v -1.625 0.25 -0.5 1 1 1 1
v 2.125 0.25 -0.625 1 1 1 1
v 2.25 0.25 -0.75 1 1 1 1
v 2.125 0.25 -0.75 1 1 1 1
v 2.25 0.25 -0.625 1 1 1 1
v 2 0.25 -0.625 1 1 1 1
v 2.125 0.25 -0.75 1 1 1 1
v 2 0.25 -0.75 1 1 1 1
v 2.125 0.25 -0.625 1 1 1 1
v 1.875 0.25 -0.625 1 1 1 1
v 2 0.25 -0.75 1 1 1 1
v 1.875 0.25 -0.75 1 1 1 1
v 2 0.25 -0.625 1 1 1 1
v 1.75 0.25 -0.625 1 1 1 1
v 1.875 0.25 -0.75 1 1 1 1
v 1.75 0.25 -0.75 1 1 1 1
v 1.875 0.25 -0.625 1 1 1 1
v 1.625 0.25 -0.625 1 1 1 1
v 1.75 0.25 -0.75 1 1 1 1
v 1.625 0.25 -0.75 1 1 1 1
v 1.75 0.25 -0.625 1 1 1 1
v 1.5 0.25 -0.625 1 1 1 1
v 1.625 0.25 -0.75 1 1 1 1
v 1.5 0.25 -0.75 1 1 1 1
v 1.625 0.25 -0.625 1 1 1 1
v 1.375 0.25 -0.625 1 1 1 1
v 1.5 0.25 -0.75 1 1 1 1
v 1.375 0.25 -0.75 1 1 1 1
v 1.5 0.25 -0.625 1 1 1 1
v 1.25 0.25 -0.625 1 1 1 1
v 1.375 0.25 -0.75 1 1 1 1
v 1.25 0.25 -0.75 1 1 1 1
v 1.375 0.25 -0.625 1 1 1 1
v 1.125 0.25 -0.625 1 1 1 1
v 1.25 0.25 -0.75 1 1 1 1
v 1.125 0.25 -0.75 1 1 1 1
v 1.25 0.25 -0.625 1 1 1 1
v 1 0.25 -0.625 1 1 1 1
v 1.125 0.25 -0.75 1 1 1 1
v 1 0.25 -0.75 1 1 1 1
v 1.125 0.25 -0.625 1 1 1 1
v 0.875 0.25 -0.625 1 1 1 1
v 1 0.25 -0.75 1 1 1 1
v 0.875 0.25 -0.75 1 1 1 1
v 1 0.25 -0.625 1 1 1 1
v 0.75 0.25 -0.625 1 1 1 1
v 0.875 0.25 -0.75 1 1 1 1
v 0.75 0.25 -0.75 1 1 1 1
v 0.875 0.25 -0.625 1 1 1 1
v 0.625 0.25 -0.625 1 1 1 1
v 0.75 0.25 -0.75 1 1 1 1
v 0.625 0.25 -0.75 1 1 1 1
v 0.75 0.25 -0.625 1 1 1 1
v 0.5 0.25 -0.625 1 1 1 1
v 0.625 0.25 -0.75 1 1 1 1
v 0.5 0.25 -0.75 1 1 1 1
v 0.625 0.25 -0.625 1 1 1 1
v 0.375 0.25 -0.625 1 1 1 1
v 0.5 0.25 -0.75 1 1 1 1
v 0.375 0.25 -0.75 1 1 1 1
v 0.5 0.25 -0.625 1 1 1 1
v 0.25 0.25 -0.625 1 1 1 1
v 0.375 0.25 -0.75 1 1 1 1
v 0.25 0.25 -0.75 1 1 1 1
v 0.375 0.25 -0.625 1 1 1 1
v 0.125 0.25 -0.625 1 1 1 1
v 0.25 0.25 -0.75 1 1 1 1
v 0.125 0.25 -0.75 1 1 1 1
v 0.25 0.25 -0.625 1 1 1 1
v 0 0.25 -0.625 1 1 1 1
v 0.125 0.25 -0.75 1 1 1 1
v 0 0.25 -0.75 1 1 1 1
v 0.125 0.25 -0.625 1 1 1 1
v -0.125 0.25 -0.625 1 1 1 1
v 0 0.25 -0.75 1 1 1 1
v -0.125 0.25 -0.75 1 1 1 1
v 0 0.25 -0.625 1 1 1 1
v -0.25 0.25 -0.625 1 1 1 1
v -0.125 0.25 -0.75 1 1 1 1
v -0.25 0.25 -0.75 1 1 1 1
v -0.125 0.25 -0.625 1 1 1 1
v -0.375 0.25 -0.625 1 1 1 1
v -0.25 0.25 -0.75 1 1 1 1
v -0.375 0.25 -0.75 1 1 1 1
v -0.25 0.25 -0.625 1 1 1 1
v -0.5 0.25 -0.625 1 1 1 1
v -0.375 0.25 -0.75 1 1 1 1
v -0.5 0.25 -0.75 1 1 1 1
v -0.375 0.25 -0.625 1 1 1 1
v -0.625 0.25 -0.625 1 1 1 1
v -0.5 0.25 -0.75 1 1 1 1
v -0.625 0.25 -0.75 1 1 1 1
v -0.5 0.25 -0.625 1 1 1 1
v -0.75 0.25 -0.625 1 1 1 1
v -0.625 0.25 -0.75 1 1 1 1
v -0.75 0.25 -0.75 1 1 1 1
v -0.625 0.25 -0.625 1 1 1 1
v -0.875 0.25 -0.625 1 1 1 1
v -0.75 0.25 -0.75 1 1 1 1
v -0.875 0.25 -0.75 1 1 1 1
v -0.75 0.25 -0.625 1 1 1 1
v -1 0.25 -0.625 1 1 1 1
v -0.875 0.25 -0.75 1 1 1 1
v -1 0.25 -0.75 1 1 1 1
v -0.875 0.25 -0.625 1 1 1 1
v -1.125 0.25 -0.625 1 1 1 1
v -1 0.25 -0.75 1 1 1 1
v -1.125 0.25 -0.75 1 1 1 1
v -1 0.25 -0.625 1 1 1 1
v -1.25 0.25 -0.625 1 1 1 1
v -1.125 0.25 -0.75 1 1 1 1
v -1.25 0.25 -0.75 1 1 1 1
v -1.125 0.25 -0.625 1 1 1 1
v -1.375 0.25 -0.625 1 1 1 1
v -1.25 0.25 -0.75 1 1 1 1
v -1.375 0.25 -0.75 1 1 1 1
v -1.25 0.25 -0.625 1 1 1 1
v -1.5 0.25 -0.625 1 1 1 1
v -1.375 0.25 -0.75 1 1 1 1
v -1.5 0.25 -0.75 1 1 1 1
v -1.375 0.25 -0.625 1 1 1 1
v -1.625 0.25 -0.625 1 1 1 1
v -1.5 0.25 -0.75 1 1 1 1
v -1.625 0.25 -0.75 1 1 1 1
v -1.5 0.25 -0.625 1 1 1 1
v -1.75 0.25 -0.625 1 1 1 1
v -1.625 0.25 -0.75 1 1 1 1
v -1.75 0.25 -0.75 1 1 1 1
v -1.625 0.25 -0.625 1 1 1 1
v 2.125 0.25 -0.75 1 1 1 1
v 2.25 0.25 -0.875 1 1 1 1
v 2.125 0.25 -0.875 1 1 1 1
v 2.25 0.25 -0.75 1 1 1 1
v 2 0.25 -0.75 1 1 1 1
v 2.125 0.25 -0.875 1 1 1 1
v 2 0.25 -0.875 1 1 1 1
v 2.125 0.25 -0.75 1 1 1 1
v 1.875 0.25 -0.75 1 1 1 1
v 2 0.25 -0.875 1 1 1 1
v 1.875 0.25 -0.875 1 1 1 1
v 2 0.25 -0.75 1 1 1 1
v 1.75 0.25 -0.75 1 1 1 1
v 1.875 0.25 -0.875 1 1 1 1
v 1.75 0.25 -0.875 1 1 1 1
v 1.875 0.25 -0.75 1 1 1 1
v 1.625 0.25 -0.75 1 1 1 1
v 1.75 0.25 -0.875 1 1 1 1
v 1.625 0.25 -0.875 1 1 1 1
v 1.75 0.25 -0.75 1 1 1 1
v 1.5 0.25 -0.75 1 1 1 1
v 1.625 0.25 -0.875 1 1 1 1
v 1.5 0.25 -0.875 1 1 1 1
v 1.625 0.25 -0.75 1 1 1 1
v 1.375 0.25 -0.75 1 1 1 1
v 1.5 0.25 -0.875 1 1 1 1
v 1.375 0.25 -0.875 1 1 1 1
v 1.5 0.25 -0.75 1 1 1 1
v 1.25 0.25 -0.75 1 1 1 1
v 1.375 0.25 -0.875 1 1 1 1
v 1.25 0.25 -0.875 1 1 1 1
v 1.375 0.25 -0.75 1 1 1 1
v 1.125 0.25 -0.75 1 1 1 1
v 1.25 0.25 -0.875 1 1 1 1
v 1.125 0.25 -0.875 1 1 1 1
v 1.25 0.25 -0.75 1 1 1 1
v 1 0.25 -0.75 1 1 1 1
v 1.125 0.25 -0.875 1 1 1 1
v 1 0.25 -0.875 1 1 1 1
v 1.125 0.25 -0.75 1 1 1 1
v 0.875 0.25 -0.75 1 1 1 1
v 1 0.25 -0.875 1 1 1 1
v 0.875 0.25 -0.875 1 1 1 1
v 1 0.25 -0.75 1 1 1 1
v 0.75 0.25 -0.75 1 1 1 1
v 0.875 0.25 -0.875 1 1 1 1
v 0.75 0.25 -0.875 1 1 1 1
v 0.875 0.25 -0.75 1 1 1 1
v 0.625 0.25 -0.75 1 1 1 1
v 0.75 0.25 -0.875 1 1 1 1
v 0.625 0.25 -0.875 1 1 1 1
v 0.75 0.25 -0.75 1 1 1 1
v 0.5 0.25 -0.75 1 1 1 1
v 0.625 0.25 -0.875 1 1 1 1
v 0.5 0.25 -0.875 1 1 1 1
v 0.625 0.25 -0.75 1 1 1 1
v 0.375 0.25 -0.75 1 1 1 1
v 0.5 0.25 -0.875 1 1 1 1
v 0.375 0.25 -0.875 1 1 1 1
v 0.5 0.25 -0.75 1 1 1 1
v 0.25 0.25 -0.75 1 1 1 1
v 0.375 0.25 -0.875 1 1 1 1
v 0.25 0.25 -0.875 1 1 1 1
v 0.375 0.25 -0.75 1 1 1 1
v 0.125 0.25 -0.75 1 1 1 1
v 0.25 0.25 -0.875 1 1 1 1
v 0.125 0.25 -0.875 1 1 1 1
v 0.25 0.25 -0.75 1 1 1 1
v 0 0.25 -0.75 1 1 1 1
v 0.125 0.25 -0.875 1 1 1 1
v 0 0.25 -0.875 1 1 1 1
v 0.125 0.25 -0.75 1 1 1 1
v -0.125 0.25 -0.75 1 1 1 1
v 0 0.25 -0.875 1 1 1 1
v -0.125 0.25 -0.875 1 1 1 1
v 0 0.25 -0.75 1 1 1 1
v -0.25 0.25 -0.75 1 1 1 1
v -0.125 0.25 -0.875 1 1 1 1
v -0.25 0.25 -0.875 1 1 1 1
v -0.125 0.25 -0.75 1 1 1 1
v -0.375 0.25 -0.75 1 1 1 1
v -0.25 0.25 -0.875 1 1 1 1
v -0.375 0.25 -0.875 1 1 1 1
v -0.25 0.25 -0.75 1 1 1 1
v -0.5 0.25 -0.75 1 1 1 1
v -0.375 0.25 -0.875 1 1 1 1
v -0.5 0.25 -0.875 1 1 1 1
v -0.375 0.25 -0.75 1 1 1 1
v -0.625 0.25 -0.75 1 1 1 1
v -0.5 0.25 -0.875 1 1 1 1
v -0.625 0.25 -0.875 1 1 1 1
v -0.5 0.25 -0.75 1 1 1 1
v -0.75 0.25 -0.75 1 1 1 1
v -0.625 0.25 -0.875 1 1 1 1
v -0.75 0.25 -0.875 1 1 1 1
v -0.625 0.25 -0.75 1 1 1 1
v -0.875 0.25 -0.75 1 1 1 1
v -0.75 0.25 -0.875 1 1 1 1
v -0.875 0.25 -0.875 1 1 1 1
v -0.75 0.25 -0.75 1 1 1 1
v -1 0.25 -0.75 1 1 1 1
v -0.875 0.25 -0.875 1 1 1 1
v -1 0.25 -0.875 1 1 1 1
v -0.875 0.25 -0.75 1 1 1 1
v -1.125 0.25 -0.75 1 1 1 1
v -1 0.25 -0.875 1 1 1 1
v -1.125 0.25 -0.875 1 1 1 1
v -1 0.25 -0.75 1 1 1 1
v -1.25 0.25 -0.75 1 1 1 1
v -1.125 0.25 -0.875 1 1 1 1
v -1.25 0.25 -0.875 1 1 1 1
v -1.125 0.25 -0.75 1 1 1 1
v -1.375 0.25 -0.75 1 1 1 1
v -1.25 0.25 -0.875 1 1 1 1
v -1.375 0.25 -0.875 1 1 1 1
v -1.25 0.25 -0.75 1 1 1 1
v -1.5 0.25 -0.75 1 1 1 1
v -1.375 0.25 -0.875 1 1 1 1
v -1.5 0.25 -0.875 1 1 1 1
v -1.375 0.25 -0.75 1 1 1 1
v -1.625 0.25 -0.75 1 1 1 1
v -1.5 0.25 -0.875 1 1 1 1
v -1.625 0.25 -0.875 1 1 1 1
v -1.5 0.25 -0.75 1 1 1 1
v -1.75 0.25 -0.75 1 1 1 1
v -1.625 0.25 -0.875 1 1 1 1
v -1.75 0.25 -0.875 1 1 1 1
v -1.625 0.25 -0.75 1 1 1 1
v 2.125 0.25 -0.875 1 1 1 1
v 2.25 0.25 -1 1 1 1 1
v 2.125 0.25 -1 1 1 1 1
v 2.25 0.25 -0.875 1 1 1 1
v 2 0.25 -0.875 1 1 1 1
v 2.125 0.25 -1 1 1 1 1
v 2 0.25 -1 1 1 1 1
v 2.125 0.25 -0.875 1 1 1 1
v 1.875 0.25 -0.875 1 1 1 1
v 2 0.25 -1 1 1 1 1
v 1.875 0.25 -1 1 1 1 1
v 2 0.25 -0.875 1 1 1 1
v 1.75 0.25 -0.875 1 1 1 1
v 1.875 0.25 -1 1 1 1 1
v 1.75 0.25 -1 1 1 1 1
v 1.875 0.25 -0.875 1 1 1 1
v 1.625 0.25 -0.875 1 1 1 1
v 1.75 0.25 -1 1 1 1 1
v 1.625 0.25 -1 1 1 1 1
v 1.75 0.25 -0.875 1 1 1 1
v 1.5 0.25 -0.875 1 1 1 1
v 1.625 0.25 -1 1 1 1 1
v 1.5 0.25 -1 1 1 1 1
v 1.625 0.25 -0.875 1 1 1 1
v 1.375 0.25 -0.875 1 1 1 1
v 1.5 0.25 -1 1 1 1 1
v 1.375 0.25 -1 1 1 1 1
v 1.5 0.25 -0.875 1 1 1 1
v 1.25 0.25 -0.875 1 1 1 1
v 1.375 0.25 -1 1 1 1 1
v 1.25 0.25 -1 1 1 1 1
v 1.375 0.25 -0.875 1 1 1 1
v 1.125 0.25 -0.875 1 1 1 1
v 1.25 0.25 -1 1 1 1 1
v 1.125 0.25 -1 1 1 1 1
v 1.25 0.25 -0.875 1 1 1 1
v 1 0.25 -0.875 1 1 1 1
v 1.125 0.25 -1 1 1 1 1
v 1 0.25 -1 1 1 1 1
v 1.125 0.25 -0.875 1 1 1 1
v 0.875 0.25 -0.875 1 1 1 1
v 1 0.25 -1 1 1 1 1
v 0.875 0.25 -1 1 1 1 1
v 1 0.25 -0.875 1 1 1 1
v 0.75 0.25 -0.875 1 1 1 1
v 0.875 0.25 -1 1 1 1 1
v 0.75 0.25 -1 1 1 1 1
v 0.875 0.25 -0.875 1 1 1 1
v 0.625 0.25 -0.875 1 1 1 1
v 0.75 0.25 -1 1 1 1 1
v 0.625 0.25 -1 1 1 1 1
v 0.75 0.25 -0.875 1 1 1 1
v 0.5 0.25 -0.875 1 1 1 1
v 0.625 0.25 -1 1 1 1 1
v 0.5 0.25 -1 1 1 1 1
v 0.625 0.25 -0.875 1 1 1 1
v 0.375 0.25 -0.875 1 1 1 1
v 0.5 0.25 -1 1 1 1 1
v 0.375 0.25 -1 1 1 1 1
v 0.5 0.25 -0.875 1 1 1 1
v 0.25 0.25 -0.875 1 1 1 1
v 0.375 0.25 -1 1 1 1 1
v 0.25 0.25 -1 1 1 1 1
v 0.375 0.25 -0.875 1 1 1 1
v 0.125 0.25 -0.875 1 1 1 1
v 0.25 0.25 -1 1 1 1 1
v 0.125 0.25 -1 1 1 1 1
v 0.25 0.25 -0.875 1 1 1 1
v 0 0.25 -0.875 1 1 1 1
v 0.125 0.25 -1 1 1 1 1
v 0 0.25 -1 1 1 1 1
v 0.125 0.25 -0.875 1 1 1 1
v -0.125 0.25 -0.875 1 1 1 1
v 0 0.25 -1 1 1 1 1
v -0.125 0.25 -1 1 1 1 1
v 0 0.25 -0.875 1 1 1 1
v -0.25 0.25 -0.875 1 1 1 1
v -0.125 0.25 -1 1 1 1 1
v -0.25 0.25 -1 1 1 1 1
v -0.125 0.25 -0.875 1 1 1 1
v -0.375 0.25 -0.875 1 1 1 1
v -0.25 0.25 -1 1 1 1 1
v -0.375 0.25 -1 1 1 1 1
v -0.25 0.25 -0.875 1 1 1 1
v -0.5 0.25 -0.875 1 1 1 1
v -0.375 0.25 -1 1 1 1 1
v -0.5 0.25 -1 1 1 1 1
v -0.375 0.25 -0.875 1 1 1 1
v -0.625 0.25 -0.875 1 1 1 1
v -0.5 0.25 -1 1 1 1 1
v -0.625 0.25 -1 1 1 1 1
v -0.5 0.25 -0.875 1 1 1 1
v -0.75 0.25 -0.875 1 1 1 1
v -0.625 0.25 -1 1 1 1 1
v -0.75 0.25 -1 1 1 1 1
v -0.625 0.25 -0.875 1 1 1 1
v -0.875 0.25 -0.875 1 1 1 1
v -0.75 0.25 -1 1 1 1 1
v -0.875 0.25 -1 1 1 1 1
v -0.75 0.25 -0.875 1 1 1 1
v -1 0.25 -0.875 1 1 1 1
v -0.875 0.25 -1 1 1 1 1
v -1 0.25 -1 1 1 1 1
v -0.875 0.25 -0.875 1 1 1 1
v -1.125 0.25 -0.875 1 1 1 1
v -1 0.25 -1 1 1 1 1
v -1.125 0.25 -1 1 1 1 1
v -1 0.25 -0.875 1 1 1 1
v -1.25 0.25 -0.875 1 1 1 1
v -1.125 0.25 -1 1 1 1 1
v -1.25 0.25 -1 1 1 1 1
v -1.125 0.25 -0.875 1 1 1 1
v -1.375 0.25 -0.875 1 1 1 1
v -1.25 0.25 -1 1 1 1 1
v -1.375 0.25 -1 1 1 1 1
v -1.25 0.25 -0.875 1 1 1 1
v -1.5 0.25 -0.875 1 1 1 1
v -1.375 0.25 -1 1 1 1 1
v -1.5 0.25 -1 1 1 1 1
v -1.375 0.25 -0.875 1 1 1 1
v -1.625 0.25 -0.875 1 1 1 1
v -1.5 0.25 -1 1 1 1 1
v -1.625 0.25 -1 1 1 1 1
v -1.5 0.25 -0.875 1 1 1 1
v -1.75 0.25 -0.875 1 1 1 1
v -1.625 0.25 -1 1 1 1 1
v -1.75 0.25 -1 1 1 1 1
v -1.625 0.25 -0.875 1 1 1 1
v 2.125 0.25 -1 1 1 1 1
v 2.25 0.25 -1.125 1 1 1 1
v 2.125 0.25 -1.125 1 1 1 1
v 2.25 0.25 -1 1 1 1 1
v 2 0.25 -1 1 1 1 1
v 2.125 0.25 -1.125 1 1 1 1
v 2 0.25 -1.125 1 1 1 1
v 2.125 0.25 -1 1 1 1 1
v 1.875 0.25 -1 1 1 1 1
v 2 0.25 -1.125 1 1 1 1
v 1.875 0.25 -1.125 1 1 1 1
v 2 0.25 -1 1 1 1 1
v 1.75 0.25 -1 1 1 1 1
v 1.875 0.25 -1.125 1 1 1 1
v 1.75 0.25 -1.125 1 1 1 1
v 1.875 0.25 -1 1 1 1 1
v 1.625 0.25 -1 1 1 1 1
v 1.75 0.25 -1.125 1 1 1 1
v 1.625 0.25 -1.125 1 1 1 1
v 1.75 0.25 -1 1 1 1 1
v 1.5 0.25 -1 1 1 1 1
v 1.625 0.25 -1.125 1 1 1 1
v 1.5 0.25 -1.125 1 1 1 1
v 1.625 0.25 -1 1 1 1 1
v 1.375 0.25 -1 1 1 1 1
v 1.5 0.25 -1.125 1 1 1 1
v 1.375 0.25 -1.125 1 1 1 1
v 1.5 0.25 -1 1 1 1 1
v 1.25 0.25 -1 1 1 1 1
v 1.375 0.25 -1.125 1 1 1 1
v 1.25 0.25 -1.125 1 1 1 1
v 1.375 0.25 -1 1 1 1 1
v 1.125 0.25 -1 1 1 1 1
v 1.25 0.25 -1.125 1 1 1 1
v 1.125 0.25 -1.125 1 1 1 1
v 1.25 0.25 -1 1 1 1 1
v 1 0.25 -1 1 1 1 1
v 1.125 0.25 -1.125 1 1 1 1
v 1 0.25 -1.125 1 1 1 1
v 1.125 0.25 -1 1 1 1 1
v 0.875 0.25 -1 1 1 1 1
v 1 0.25 -1.125 1 1 1 1
v 0.875 0.25 -1.125 1 1 1 1
v 1 0.25 -1 1 1 1 1
v 0.75 0.25 -1 1 1 1 1
v 0.875 0.25 -1.125 1 1 1 1
v 0.75 0.25 -1.125 1 1 1 1
v 0.875 0.25 -1 1 1 1 1
v 0.625 0.25 -1 1 1 1 1
v 0.75 0.25 -1.125 1 1 1 1
v 0.625 0.25 -1.125 1 1 1 1
v 0.75 0.25 -1 1 1 1 1
v 0.5 0.25 -1 1 1 1 1
v 0.625 0.25 -1.125 1 1 1 1
v 0.5 0.25 -1.125 1 1 1 1
v 0.625 0.25 -1 1 1 1 1
v 0.375 0.25 -1 1 1 1 1
v 0.5 0.25 -1.125 1 1 1 1
v 0.375 0.25 -1.125 1 1 1 1
v 0.5 0.25 -1 1 1 1 1
v 0.25 0.25 -1 1 1 1 1
v 0.375 0.25 -1.125 1 1 1 1
v 0.25 0.25 -1.125 1 1 1 1
v 0.375 0.25 -1 1 1 1 1
v 0.125 0.25 -1 1 1 1 1
v 0.25 0.25 -1.125 1 1 1 1
v 0.125 0.25 -1.125 1 1 1 1
v 0.25 0.25 -1 1 1 1 1
v 0 0.25 -1 1 1 1 1
v 0.125 0.25 -1.125 1 1 1 1
v 0 0.25 -1.125 1 1 1 1
v 0.125 0.25 -1 1 1 1 1
v -0.125 0.25 -1 1 1 1 1
v 0 0.25 -1.125 1 1 1 1
v -0.125 0.25 -1.125 1 1 1 1
v 0 0.25 -1 1 1 1 1
v -0.25 0.25 -1 1 1 1 1
v -0.125 0.25 -1.125 1 1 1 1
v -0.25 0.25 -1.125 1 1 1 1
v -0.125 0.25 -1 1 1 1 1
v -0.375 0.25 -1 1 1 1 1
v -0.25 0.25 -1.125 1 1 1 1
v -0.375 0.25 -1.125 1 1 1 1
v -0.25 0.25 -1 1 1 1 1
v -0.5 0.25 -1 1 1 1 1
v -0.375 0.25 -1.125 1 1 1 1
v -0.5 0.25 -1.125 1 1 1 1
v -0.375 0.25 -1 1 1 1 1
v -0.625 0.25 -1 1 1 1 1
v -0.5 0.25 -1.125 1 1 1 1
v -0.625 0.25 -1.125 1 1 1 1
v -0.5 0.25 -1 1 1 1 1
v -0.75 0.25 -1 1 1 1 1
v -0.625 0.25 -1.125 1 1 1 1
v -0.75 0.25 -1.125 1 1 1 1
v -0.625 0.25 -1 1 1 1 1
v -0.875 0.25 -1 1 1 1 1
v -0.75 0.25 -1.125 1 1 1 1
v -0.875 0.25 -1.125 1 1 1 1
v -0.75 0.25 -1 1 1 1 1
v -1 0.25 -1 1 1 1 1
v -0.875 0.25 -1.125 1 1 1 1
v -1 0.25 -1.125 1 1 1 1
v -0.875 0.25 -1 1 1 1 1
v -1.125 0.25 -1 1 1 1 1
v -1 0.25 -1.125 1 1 1 1
v -1.125 0.25 -1.125 1 1 1 1
v -1 0.25 -1 1 1 1 1
v -1.25 0.25 -1 1 1 1 1
v -1.125 0.25 -1.125 1 1 1 1
v -1.25 0.25 -1.125 1 1 1 1
v -1.125 0.25 -1 1 1 1 1
v -1.375 0.25 -1 1 1 1 1
v -1.25 0.25 -1.125 1 1 1 1
v -1.375 0.25 -1.125 1 1 1 1
v -1.25 0.25 -1 1 1 1 1
v -1.5 0.25 -1 1 1 1 1
v -1.375 0.25 -1.125 1 1 1 1
v -1.5 0.25 -1.125 1 1 1 1
v -1.375 0.25 -1 1 1 1 1
v -1.625 0.25 -1 1 1 1 1
v -1.5 0.25 -1.125 1 1 1 1
v -1.625 0.25 -1.125 1 1 1 1
v -1.5 0.25 -1 1 1 1 1
v -1.75 0.25 -1 1 1 1 1
v -1.625 0.25 -1.125 1 1 1 1
v -1.75 0.25 -1.125 1 1 1 1
v -1.625 0.25 -1 1 1 1 1
v 2.125 0.25 -1.125 1 1 1 1
v 2.25 0.25 -1.25 1 1 1 1
v 2.125 0.25 -1.25 1 1 1 1
v 2.25 0.25 -1.125 1 1 1 1
v 2 0.25 -1.125 1 1 1 1
v 2.125 0.25 -1.25 1 1 1 1
v 2 0.25 -1.25 1 1 1 1
v 2.125 0.25 -1.125 1 1 1 1
v 1.875 0.25 -1.125 1 1 1 1
v 2 0.25 -1.25 1 1 1 1
v 1.875 0.25 -1.25 1 1 1 1
v 2 0.25 -1.125 1 1 1 1
v 1.75 0.25 -1.125 1 1 1 1
v 1.875 0.25 -1.25 1 1 1 1
v 1.75 0.25 -1.25 1 1 1 1
v 1.875 0.25 -1.125 1 1 1 1
v 1.625 0.25 -1.125 1 1 1 1
v 1.75 0.25 -1.25 1 1 1 1
v 1.625 0.25 -1.25 1 1 1 1
v 1.75 0.25 -1.125 1 1 1 1
v 1.5 0.25 -1.125 1 1 1 1
v 1.625 0.25 -1.25 1 1 1 1
v 1.5 0.25 -1.25 1 1 1 1
v 1.625 0.25 -1.125 1 1 1 1
v 1.375 0.25 -1.125 1 1 1 1
v 1.5 0.25 -1.25 1 1 1 1
v 1.375 0.25 -1.25 1 1 1 1
v 1.5 0.25 -1.125 1 1 1 1
v 1.25 0.25 -1.125 1 1 1 1
v 1.375 0.25 -1.25 1 1 1 1
v 1.25 0.25 -1.25 1 1 1 1
v 1.375 0.25 -1.125 1 1 1 1
v 1.125 0.25 -1.125 1 1 1 1
v 1.25 0.25 -1.25 1 1 1 1
v 1.125 0.25 -1.25 1 1 1 1
v 1.25 0.25 -1.125 1 1 1 1
v 1 0.25 -1.125 1 1 1 1
v 1.125 0.25 -1.25 1 1 1 1
v 1 0.25 -1.25 1 1 1 1
v 1.125 0.25 -1.125 1 1 1 1
v 0.875 0.25 -1.125 1 1 1 1
v 1 0.25 -1.25 1 1 1 1
v 0.875 0.25 -1.25 1 1 1 1
v 1 0.25 -1.125 1 1 1 1
v 0.75 0.25 -1.125 1 1 1 1
v 0.875 0.25 -1.25 1 1 1 1
v 0.75 0.25 -1.25 1 1 1 1
v 0.875 0.25 -1.125 1 1 1 1
v 0.625 0.25 -1.125 1 1 1 1
v 0.75 0.25 -1.25 1 1 1 1
v 0.625 0.25 -1.25 1 1 1 1
v 0.75 0.25 -1.125 1 1 1 1
v 0.5 0.25 -1.125 1 1 1 1
v 0.625 0.25 -1.25 1 1 1 1
v 0.5 0.25 -1.25 1 1 1 1
v 0.625 0.25 -1.125 1 1 1 1
v 0.375 0.25 -1.125 1 1 1 1
v 0.5 0.25 -1.25 1 1 1 1
v 0.375 0.25 -1.25 1 1 1 1
v 0.5 0.25 -1.125 1 1 1 1
v 0.25 0.25 -1.125 1 1 1 1
v 0.375 0.25 -1.25 1 1 1 1
v 0.25 0.25 -1.25 1 1 1 1
v 0.375 0.25 -1.125 1 1 1 1
v 0.125 0.25 -1.125 1 1 1 1
v 0.25 0.25 -1.25 1 1 1 1
v 0.125 0.25 -1.25 1 1 1 1
v 0.25 0.25 -1.125 1 1 1 1
v 0 0.25 -1.125 1 1 1 1
v 0.125 0.25 -1.25 1 1 1 1
v 0 0.25 -1.25 1 1 1 1
v 0.125 0.25 -1.125 1 1 1 1
v -0.125 0.25 -1.125 1 1 1 1
v 0 0.25 -1.25 1 1 1 1
v -0.125 0.25 -1.25 1 1 1 1
v 0 0.25 -1.125 1 1 1 1
v -0.25 0.25 -1.125 1 1 1 1
v -0.125 0.25 -1.25 1 1 1 1
v -0.25 0.25 -1.25 1 1 1 1
v -0.125 0.25 -1.125 1 1 1 1
v -0.375 0.25 -1.125 1 1 1 1
v -0.25 0.25 -1.25 1 1 1 1
v -0.375 0.25 -1.25 1 1 1 1
v -0.25 0.25 -1.125 1 1 1 1
v -0.5 0.25 -1.125 1 1 1 1
v -0.375 0.25 -1.25 1 1 1 1
v -0.5 0.25 -1.25 1 1 1 1
v -0.375 0.25 -1.125 1 1 1 1
v -0.625 0.25 -1.125 1 1 1 1
v -0.5 0.25 -1.25 1 1 1 1
v -0.625 0.25 -1.25 1 1 1 1
v -0.5 0.25 -1.125 1 1 1 1
v -0.75 0.25 -1.125 1 1 1 1
v -0.625 0.25 -1.25 1 1 1 1
v -0.75 0.25 -1.25 1 1 1 1
v -0.625 0.25 -1.125 1 1 1 1
v -0.875 0.25 -1.125 1 1 1 1
v -0.75 0.25 -1.25 1 1 1 1
v -0.875 0.25 -1.25 1 1 1 1
v -0.75 0.25 -1.125 1 1 1 1
v -1 0.25 -1.125 1 1 1 1
v -0.875 0.25 -1.25 1 1 1 1
v -1 0.25 -1.25 1 1 1 1
v -0.875 0.25 -1.125 1 1 1 1
v -1.125 0.25 -1.125 1 1 1 1
v -1 0.25 -1.25 1 1 1 1
v -1.125 0.25 -1.25 1 1 1 1
v -1 0.25 -1.125 1 1 1 1
v -1.25 0.25 -1.125 1 1 1 1
v -1.125 0.25 -1.25 1 1 1 1
v -1.25 0.25 -1.25 1 1 1 1
v -1.125 0.25 -1.125 1 1 1 1
v -1.375 0.25 -1.125 1 1 1 1
v -1.25 0.25 -1.25 1 1 1 1
v -1.375 0.25 -1.25 1 1 1 1
v -1.25 0.25 -1.125 1 1 1 1
v -1.5 0.25 -1.125 1 1 1 1
v -1.375 0.25 -1.25 1 1 1 1
v -1.5 0.25 -1.25 1 1 1 1
v -1.375 0.25 -1.125 1 1 1 1
v -1.625 0.25 -1.125 1 1 1 1
v -1.5 0.25 -1.25 1 1 1 1
v -1.625 0.25 -1.25 1 1 1 1
v -1.5 0.25 -1.125 1 1 1 1
v -1.75 0.25 -1.125 1 1 1 1
v -1.625 0.25 -1.25 1 1 1 1
v -1.75 0.25 -1.25 1 1 1 1
v -1.625 0.25 -1.125 1 1 1 1
v 2.125 0.25 -1.25 1 1 1 1
v 2.25 0.25 -1.375 1 1 1 1
v 2.125 0.25 -1.375 1 1 1 1
v 2.25 0.25 -1.25 1 1 1 1
v 2 0.25 -1.25 1 1 1 1
v 2.125 0.25 -1.375 1 1 1 1
v 2 0.25 -1.375 1 1 1 1
v 2.125 0.25 -1.25 1 1 1 1
v 1.875 0.25 -1.25 1 1 1 1
v 2 0.25 -1.375 1 1 1 1
v 1.875 0.25 -1.375 1 1 1 1
v 2 0.25 -1.25 1 1 1 1
v 1.75 0.25 -1.25 1 1 1 1
v 1.875 0.25 -1.375 1 1 1 1
v 1.75 0.25 -1.375 1 1 1 1
v 1.875 0.25 -1.25 1 1 1 1
v 1.625 0.25 -1.25 1 1 1 1
v 1.75 0.25 -1.375 1 1 1 1
v 1.625 0.25 -1.375 1 1 1 1
v 1.75 0.25 -1.25 1 1 1 1
v 1.5 0.25 -1.25 1 1 1 1
v 1.625 0.25 -1.375 1 1 1 1
v 1.5 0.25 -1.375 1 1 1 1
v 1.625 0.25 -1.25 1 1 1 1
v 1.375 0.25 -1.25 1 1 1 1
v 1.5 0.25 -1.375 1 1 1 1
v 1.375 0.25 -1.375 1 1 1 1
v 1.5 0.25 -1.25 1 1 1 1
v 1.25 0.25 -1.25 1 1 1 1
v 1.375 0.25 -1.375 1 1 1 1
v 1.25 0.25 -1.375 1 1 1 1
v 1.375 0.25 -1.25 1 1 1 1
v 1.125 0.25 -1.25 1 1 1 1
v 1.25 0.25 -1.375 1 1 1 1
v 1.125 0.25 -1.375 1 1 1 1
v 1.25 0.25 -1.25 1 1 1 1
v 1 0.25 -1.25 1 1 1 1
v 1.125 0.25 -1.375 1 1 1 1
v 1 0.25 -1.375 1 1 1 1
v 1.125 0.25 -1.25 1 1 1 1
v 0.875 0.25 -1.25 1 1 1 1
v 1 0.25 -1.375 1 1 1 1
v 0.875 0.25 -1.375 1 1 1 1
v 1 0.25 -1.25 1 1 1 1
v 0.75 0.25 -1.25 1 1 1 1
v 0.875 0.25 -1.375 1 1 1 1
v 0.75 0.25 -1.375 1 1 1 1
v 0.875 0.25 -1.25 1 1 1 1
v 0.625 0.25 -1.25 1 1 1 1
v 0.75 0.25 -1.375 1 1 1 1
v 0.625 0.25 -1.375 1 1 1 1
v 0.75 0.25 -1.25 1 1 1 1
v 0.5 0.25 -1.25 1 1 1 1
v 0.625 0.25 -1.375 1 1 1 1
v 0.5 0.25 -1.375 1 1 1 1
v 0.625 0.25 -1.25 1 1 1 1
v 0.375 0.25 -1.25 1 1 1 1
v 0.5 0.25 -1.375 1 1 1 1
v 0.375 0.25 -1.375 1 1 1 1
v 0.5 0.25 -1.25 1 1 1 1
v 0.25 0.25 -1.25 1 1 1 1
v 0.375 0.25 -1.375 1 1 1 1
v 0.25 0.25 -1.375 1 1 1 1
v 0.375 0.25 -1.25 1 1 1 1
v 0.125 0.25 -1.25 1 1 1 1
v 0.25 0.25 -1.375 1 1 1 1
v 0.125 0.25 -1.375 1 1 1 1
v 0.25 0.25 -1.25 1 1 1 1
v 0 0.25 -1.25 1 1 1 1
v 0.125 0.25 -1.375 1 1 1 1
v 0 0.25 -1.375 1 1 1 1
v 0.125 0.25 -1.25 1 1 1 1
v -0.125 0.25 -1.25 1 1 1 1
v 0 0.25 -1.375 1 1 1 1
v -0.125 0.25 -1.375 1 1 1 1
v 0 0.25 -1.25 1 1 1 1
v -0.25 0.25 -1.25 1 1 1 1
v -0.125 0.25 -1.375 1 1 1 1
v -0.25 0.25 -1.375 1 1 1 1
v -0.125 0.25 -1.25 1 1 1 1
v -0.375 0.25 -1.25 1 1 1 1
v -0.25 0.25 -1.375 1 1 1 1
v -0.375 0.25 -1.375 1 1 1 1
v -0.25 0.25 -1.25 1 1 1 1
v -0.5 0.25 -1.25 1 1 1 1
v -0.375 0.25 -1.375 1 1 1 1
v -0.5 0.25 -1.375 1 1 1 1
v -0.375 0.25 -1.25 1 1 1 1
v -0.625 0.25 -1.25 1 1 1 1
v -0.5 0.25 -1.375 1 1 1 1
v -0.625 0.25 -1.375 1 1 1 1
v -0.5 0.25 -1.25 1 1 1 1
v -0.75 0.25 -1.25 1 1 1 1
v -0.625 0.25 -1.375 1 1 1 1
v -0.75 0.25 -1.375 1 1 1 1
v -0.625 0.25 -1.25 1 1 1 1
v -0.875 0.25 -1.25 1 1 1 1
v -0.75 0.25 -1.375 1 1 1 1
v -0.875 0.25 -1.375 1 1 1 1
v -0.75 0.25 -1.25 1 1 1 1
v -1 0.25 -1.25 1 1 1 1
v -0.875 0.25 -1.375 1 1 1 1
v -1 0.25 -1.375 1 1 1 1
v -0.875 0.25 -1.25 1 1 1 1
v -1.125 0.25 -1.25 1 1 1 1
v -1 0.25 -1.375 1 1 1 1
v -1.125 0.25 -1.375 1 1 1 1
v -1 0.25 -1.25 1 1 1 1
v -1.25 0.25 -1.25 1 1 1 1
v -1.125 0.25 -1.375 1 1 1 1
v -1.25 0.25 -1.375 1 1 1 1
v -1.125 0.25 -1.25 1 1 1 1
v -1.375 0.25 -1.25 1 1 1 1
v -1.25 0.25 -1.375 1 1 1 1
v -1.375 0.25 -1.375 1 1 1 1
v -1.25 0.25 -1.25 1 1 1 1
v -1.5 0.25 -1.25 1 1 1 1
v -1.375 0.25 -1.375 1 1 1 1
v -1.5 0.25 -1.375 1 1 1 1
v -1.375 0.25 -1.25 1 1 1 1
v -1.625 0.25 -1.25 1 1 1 1
v -1.5 0.25 -1.375 1 1 1 1
v -1.625 0.25 -1.375 1 1 1 1
v -1.5 0.25 -1.25 1 1 1 1
v -1.75 0.25 -1.25 1 1 1 1
v -1.625 0.25 -1.375 1 1 1 1
v -1.75 0.25 -1.375 1 1 1 1
v -1.625 0.25 -1.25 1 1 1 1
v 2.125 0.25 -1.375 1 1 1 1
v 2.25 0.25 -1.5 1 1 1 1
v 2.125 0.25 -1.5 1 1 1 1
v 2.25 0.25 -1.375 1 1 1 1
v 2 0.25 -1.375 1 1 1 1
v 2.125 0.25 -1.5 1 1 1 1
v 2 0.25 -1.5 1 1 1 1
v 2.125 0.25 -1.375 1 1 1 1
v 1.875 0.25 -1.375 1 1 1 1
v 2 0.25 -1.5 1 1 1 1
v 1.875 0.25 -1.5 1 1 1 1
v 2 0.25 -1.375 1 1 1 1
v 1.75 0.25 -1.375 1 1 1 1
v 1.875 0.25 -1.5 1 1 1 1
v 1.75 0.25 -1.5 1 1 1 1
v 1.875 0.25 -1.375 1 1 1 1
v 1.625 0.25 -1.375 1 1 1 1
v 1.75 0.25 -1.5 1 1 1 1
v 1.625 0.25 -1.5 1 1 1 1
v 1.75 0.25 -1.375 1 1 1 1
v 1.5 0.25 -1.375 1 1 1 1
v 1.625 0.25 -1.5 1 1 1 1
v 1.5 0.25 -1.5 1 1 1 1
v 1.625 0.25 -1.375 1 1 1 1
v 1.375 0.25 -1.375 1 1 1 1
v 1.5 0.25 -1.5 1 1 1 1
v 1.375 0.25 -1.5 1 1 1 1
v 1.5 0.25 -1.375 1 1 1 1
v 1.25 0.25 -1.375 1 1 1 1
v 1.375 0.25 -1.5 1 1 1 1
v 1.25 0.25 -1.5 1 1 1 1
v 1.375 0.25 -1.375 1 1 1 1
v 1.125 0.25 -1.375 1 1 1 1
v 1.25 0.25 -1.5 1 1 1 1
v 1.125 0.25 -1.5 1 1 1 1
v 1.25 0.25 -1.375 1 1 1 1
v 1 0.25 -1.375 1 1 1 1
v 1.125 0.25 -1.5 1 1 1 1
v 1 0.25 -1.5 1 1 1 1
v 1.125 0.25 -1.375 1 1 1 1
v 0.875 0.25 -1.375 1 1 1 1
v 1 0.25 -1.5 1 1 1 1
v 0.875 0.25 -1.5 1 1 1 1
v 1 0.25 -1.375 1 1 1 1
v 0.75 0.25 -1.375 1 1 1 1
v 0.875 0.25 -1.5 1 1 1 1
v 0.75 0.25 -1.5 1 1 1 1
v 0.875 0.25 -1.375 1 1 1 1
v 0.625 0.25 -1.375 1 1 1 1
v 0.75 0.25 -1.5 1 1 1 1
v 0.625 0.25 -1.5 1 1 1 1
v 0.75 0.25 -1.375 1 1 1 1
v 0.5 0.25 -1.375 1 1 1 1
v 0.625 0.25 -1.5 1 1 1 1
v 0.5 0.25 -1.5 1 1 1 1
v 0.625 0.25 -1.375 1 1 1 1
v 0.375 0.25 -1.375 1 1 1 1
v 0.5 0.25 -1.5 1 1 1 1
v 0.375 0.25 -1.5 1 1 1 1
v 0.5 0.25 -1.375 1 1 1 1
v 0.25 0.25 -1.375 1 1 1 1
v 0.375 0.25 -1.5 1 1 1 1
v 0.25 0.25 -1.5 1 1 1 1
v 0.375 0.25 -1.375 1 1 1 1
v 0.125 0.25 -1.375 1 1 1 1
v 0.25 0.25 -1.5 1 1 1 1
v 0.125 0.25 -1.5 1 1 1 1
v 0.25 0.25 -1.375 1 1 1 1
v 0 0.25 -1.375 1 1 1 1
v 0.125 0.25 -1.5 1 1 1 1
v 0 0.25 -1.5 1 1 1 1
v 0.125 0.25 -1.375 1 1 1 1
v -0.125 0.25 -1.375 1 1 1 1
v 0 0.25 -1.5 1 1 1 1
v -0.125 0.25 -1.5 1 1 1 1
v 0 0.25 -1.375 1 1 1 1
v -0.25 0.25 -1.375 1 1 1 1
v -0.125 0.25 -1.5 1 1 1 1
v -0.25 0.25 -1.5 1 1 1 1
v -0.125 0.25 -1.375 1 1 1 1
v -0.375 0.25 -1.375 1 1 1 1
v -0.25 0.25 -1.5 1 1 1 1
v -0.375 0.25 -1.5 1 1 1 1
v -0.25 0.25 -1.375 1 1 1 1
v -0.5 0.25 -1.375 1 1 1 1
v -0.375 0.25 -1.5 1 1 1 1
v -0.5 0.25 -1.5 1 1 1 1
v -0.375 0.25 -1.375 1 1 1 1
v -0.625 0.25 -1.375 1 1 1 1
v -0.5 0.25 -1.5 1 1 1 1
v -0.625 0.25 -1.5 1 1 1 1
v -0.5 0.25 -1.375 1 1 1 1
v -0.75 0.25 -1.375 1 1 1 1
v -0.625 0.25 -1.5 1 1 1 1
v -0.75 0.25 -1.5 1 1 1 1
v -0.625 0.25 -1.375 1 1 1 1
v -0.875 0.25 -1.375 1 1 1 1
v -0.75 0.25 -1.5 1 1 1 1
v -0.875 0.25 -1.5 1 1 1 1
v -0.75 0.25 -1.375 1 1 1 1
v -1 0.25 -1.375 1 1 1 1
v -0.875 0.25 -1.5 1 1 1 1
v -1 0.25 -1.5 1 1 1 1
v -0.875 0.25 -1.375 1 1 1 1
v -1.125 0.25 -1.375 1 1 1 1
v -1 0.25 -1.5 1 1 1 1
v -1.125 0.25 -1.5 1 1 1 1
v -1 0.25 -1.375 1 1 1 1
v -1.25 0.25 -1.375 1 1 1 1
v -1.125 0.25 -1.5 1 1 1 1
v -1.25 0.25 -1.5 1 1 1 1
v -1.125 0.25 -1.375 1 1 1 1
v -1.375 0.25 -1.375 1 1 1 1
v -1.25 0.25 -1.5 1 1 1 1
v -1.375 0.25 -1.5 1 1 1 1
v -1.25 0.25 -1.375 1 1 1 1
v -1.5 0.25 -1.375 1 1 1 1
v -1.375 0.25 -1.5 1 1 1 1
v -1.5 0.25 -1.5 1 1 1 1
v -1.375 0.25 -1.375 1 1 1 1
v -1.625 0.25 -1.375 1 1 1 1
v -1.5 0.25 -1.5 1 1 1 1
v -1.625 0.25 -1.5 1 1 1 1
v -1.5 0.25 -1.375 1 1 1 1
v -1.75 0.25 -1.375 1 1 1 1
v -1.625 0.25 -1.5 1 1 1 1
v -1.75 0.25 -1.5 1 1 1 1
v -1.625 0.25 -1.375 1 1 1 1
v 2.125 0.25 -1.5 1 1 1 1
v 2.25 0.25 -1.625 1 1 1 1
v 2.125 0.25 -1.625 1 1 1 1
v 2.25 0.25 -1.5 1 1 1 1
v 2 0.25 -1.5 1 1 1 1
v 2.125 0.25 -1.625 1 1 1 1
v 2 0.25 -1.625 1 1 1 1
v 2.125 0.25 -1.5 1 1 1 1
v 1.875 0.25 -1.5 1 1 1 1
v 2 0.25 -1.625 1 1 1 1
v 1.875 0.25 -1.625 1 1 1 1
v 2 0.25 -1.5 1 1 1 1
v 1.75 0.25 -1.5 1 1 1 1
v 1.875 0.25 -1.625 1 1 1 1
v 1.75 0.25 -1.625 1 1 1 1
v 1.875 0.25 -1.5 1 1 1 1
v 1.625 0.25 -1.5 1 1 1 1
v 1.75 0.25 -1.625 1 1 1 1
v 1.625 0.25 -1.625 1 1 1 1
v 1.75 0.25 -1.5 1 1 1 1
v 1.5 0.25 -1.5 1 1 1 1
v 1.625 0.25 -1.625 1 1 1 1
v 1.5 0.25 -1.625 1 1 1 1
v 1.625 0.25 -1.5 1 1 1 1
v 1.375 0.25 -1.5 1 1 1 1
v 1.5 0.25 -1.625 1 1 1 1
v 1.375 0.25 -1.625 1 1 1 1
v 1.5 0.25 -1.5 1 1 1 1
v 1.25 0.25 -1.5 1 1 1 1
v 1.375 0.25 -1.625 1 1 1 1
v 1.25 0.25 -1.625 1 1 1 1
v 1.375 0.25 -1.5 1 1 1 1
v 1.125 0.25 -1.5 1 1 1 1
v 1.25 0.25 -1.625 1 1 1 1
v 1.125 0.25 -1.625 1 1 1 1
v 1.25 0.25 -1.5 1 1 1 1
v 1 0.25 -1.5 1 1 1 1
v 1.125 0.25 -1.625 1 1 1 1
v 1 0.25 -1.625 1 1 1 1
v 1.125 0.25 -1.5 1 1 1 1
v 0.875 0.25 -1.5 1 1 1 1
v 1 0.25 -1.625 1 1 1 1
v 0.875 0.25 -1.625 1 1 1 1
v 1 0.25 -1.5 1 1 1 1
v 0.75 0.25 -1.5 1 1 1 1
v 0.875 0.25 -1.625 1 1 1 1
v 0.75 0.25 -1.625 1 1 1 1
v 0.875 0.25 -1.5 1 1 1 1
v 0.625 0.25 -1.5 1 1 1 1
v 0.75 0.25 -1.625 1 1 1 1
v 0.625 0.25 -1.625 1 1 1 1
v 0.75 0.25 -1.5 1 1 1 1
v 0.5 0.25 -1.5 1 1 1 1
v 0.625 0.25 -1.625 1 1 1 1
v 0.5 0.25 -1.625 1 1 1 1
v 0.625 0.25 -1.5 1 1 1 1
v 0.375 0.25 -1.5 1 1 1 1
v 0.5 0.25 -1.625 1 1 1 1
v 0.375 0.25 -1.625 1 1 1 1
v 0.5 0.25 -1.5 1 1 1 1
v 0.25 0.25 -1.5 1 1 1 1
v 0.375 0.25 -1.625 1 1 1 1
v 0.25 0.25 -1.625 1 1 1 1
v 0.375 0.25 -1.5 1 1 1 1
v 0.125 0.25 -1.5 1 1 1 1
v 0.25 0.25 -1.625 1 1 1 1
v 0.125 0.25 -1.625 1 1 1 1
v 0.25 0.25 -1.5 1 1 1 1
v 0 0.25 -1.5 1 1 1 1
v 0.125 0.25 -1.625 1 1 1 1
v 0 0.25 -1.625 1 1 1 1
v 0.125 0.25 -1.5 1 1 1 1
v -0.125 0.25 -1.5 1 1 1 1
v 0 0.25 -1.625 1 1 1 1
v -0.125 0.25 -1.625 1 1 1 1
v 0 0.25 -1.5 1 1 1 1
v -0.25 0.25 -1.5 1 1 1 1
v -0.125 0.25 -1.625 1 1 1 1
v -0.25 0.25 -1.625 1 1 1 1
v -0.125 0.25 -1.5 1 1 1 1
v -0.375 0.25 -1.5 1 1 1 1
v -0.25 0.25 -1.625 1 1 1 1
v -0.375 0.25 -1.625 1 1 1 1
v -0.25 0.25 -1.5 1 1 1 1
v -0.5 0.25 -1.5 1 1 1 1
v -0.375 0.25 -1.625 1 1 1 1
v -0.5 0.25 -1.625 1 1 1 1
v -0.375 0.25 -1.5 1 1 1 1
v -0.625 0.25 -1.5 1 1 1 1
v -0.5 0.25 -1.625 1 1 1 1
v -0.625 0.25 -1.625 1 1 1 1
v -0.5 0.25 -1.5 1 1 1 1
v -0.75 0.25 -1.5 1 1 1 1
v -0.625 0.25 -1.625 1 1 1 1
v -0.75 0.25 -1.625 1 1 1 1
v -0.625 0.25 -1.5 1 1 1 1
v -0.875 0.25 -1.5 1 1 1 1
v -0.75 0.25 -1.625 1 1 1 1
v -0.875 0.25 -1.625 1 1 1 1
v -0.75 0.25 -1.5 1 1 1 1
v -1 0.25 -1.5 1 1 1 1
v -0.875 0.25 -1.625 1 1 1 1
v -1 0.25 -1.625 1 1 1 1
v -0.875 0.25 -1.5 1 1 1 1
v -1.125 0.25 -1.5 1 1 1 1
v -1 0.25 -1.625 1 1 1 1
v -1.125 0.25 -1.625 1 1 1 1
v -1 0.25 -1.5 1 1 1 1
v -1.25 0.25 -1.5 1 1 1 1
v -1.125 0.25 -1.625 1 1 1 1
v -1.25 0.25 -1.625 1 1 1 1
v -1.125 0.25 -1.5 1 1 1 1
v -1.375 0.25 -1.5 1 1 1 1
v -1.25 0.25 -1.625 1 1 1 1
v -1.375 0.25 -1.625 1 1 1 1
v -1.25 0.25 -1.5 1 1 1 1
v -1.5 0.25 -1.5 1 1 1 1
v -1.375 0.25 -1.625 1 1 1 1
v -1.5 0.25 -1.625 1 1 1 1
v -1.375 0.25 -1.5 1 1 1 1
v -1.625 0.25 -1.5 1 1 1 1
v -1.5 0.25 -1.625 1 1 1 1
v -1.625 0.25 -1.625 1 1 1 1
v -1.5 0.25 -1.5 1 1 1 1
v -1.75 0.25 -1.5 1 1 1 1
v -1.625 0.25 -1.625 1 1 1 1
v -1.75 0.25 -1.625 1 1 1 1
v -1.625 0.25 -1.5 1 1 1 1
v 2.125 0.25 -1.625 1 1 1 1
v 2.25 0.25 -1.75 1 1 1 1
v 2.125 0.25 -1.75 1 1 1 1
v 2.25 0.25 -1.625 1 1 1 1
v 2 0.25 -1.625 1 1 1 1
v 2.125 0.25 -1.75 1 1 1 1
v 2 0.25 -1.75 1 1 1 1
v 2.125 0.25 -1.625 1 1 1 1
v 1.875 0.25 -1.625 1 1 1 1
v 2 0.25 -1.75 1 1 1 1
v 1.875 0.25 -1.75 1 1 1 1
v 2 0.25 -1.625 1 1 1 1
v 1.75 0.25 -1.625 1 1 1 1
v 1.875 0.25 -1.75 1 1 1 1
v 1.75 0.25 -1.75 1 1 1 1
v 1.875 0.25 -1.625 1 1 1 1
v 1.625 0.25 -1.625 1 1 1 1
v 1.75 0.25 -1.75 1 1 1 1
v 1.625 0.25 -1.75 1 1 1 1
v 1.75 0.25 -1.625 1 1 1 1
v 1.5 0.25 -1.625 1 1 1 1
v 1.625 0.25 -1.75 1 1 1 1
v 1.5 0.25 -1.75 1 1 1 1
v 1.625 0.25 -1.625 1 1 1 1
v 1.375 0.25 -1.625 1 1 1 1
v 1.5 0.25 -1.75 1 1 1 1
v 1.375 0.25 -1.75 1 1 1 1
v 1.5 0.25 -1.625 1 1 1 1
v 1.25 0.25 -1.625 1 1 1 1
v 1.375 0.25 -1.75 1 1 1 1
v 1.25 0.25 -1.75 1 1 1 1
v 1.375 0.25 -1.625 1 1 1 1
v 1.125 0.25 -1.625 1 1 1 1
v 1.25 0.25 -1.75 1 1 1 1
v 1.125 0.25 -1.75 1 1 1 1
v 1.25 0.25 -1.625 1 1 1 1
v 1 0.25 -1.625 1 1 1 1
v 1.125 0.25 -1.75 1 1 1 1
v 1 0.25 -1.75 1 1 1 1
v 1.125 0.25 -1.625 1 1 1 1
v 0.875 0.25 -1.625 1 1 1 1
v 1 0.25 -1.75 1 1 1 1
v 0.875 0.25 -1.75 1 1 1 1
v 1 0.25 -1.625 1 1 1 1
v 0.75 0.25 -1.625 1 1 1 1
v 0.875 0.25 -1.75 1 1 1 1
v 0.75 0.25 -1.75 1 1 1 1
v 0.875 0.25 -1.625 1 1 1 1
v 0.625 0.25 -1.625 1 1 1 1
v 0.75 0.25 -1.75 1 1 1 1
v 0.625 0.25 -1.75 1 1 1 1
v 0.75 0.25 -1.625 1 1 1 1
v 0.5 0.25 -1.625 1 1 1 1
v 0.625 0.25 -1.75 1 1 1 1
v 0.5 0.25 -1.75 1 1 1 1
v 0.625 0.25 -1.625 1 1 1 1
v 0.375 0.25 -1.625 1 1 1 1
v 0.5 0.25 -1.75 1 1 1 1
v 0.375 0.25 -1.75 1 1 1 1
v 0.5 0.25 -1.625 1 1 1 1
v 0.25 0.25 -1.625 1 1 1 1
v 0.375 0.25 -1.75 1 1 1 1
v 0.25 0.25 -1.75 1 1 1 1
v 0.375 0.25 -1.625 1 1 1 1
v 0.125 0.25 -1.625 1 1 1 1
v 0.25 0.25 -1.75 1 1 1 1
v 0.125 0.25 -1.75 1 1 1 1
v 0.25 0.25 -1.625 1 1 1 1
v 0 0.25 -1.625 1 1 1 1
v 0.125 0.25 -1.75 1 1 1 1
v 0 0.25 -1.75 1 1 1 1
v 0.125 0.25 -1.625 1 1 1 1
v -0.125 0.25 -1.625 1 1 1 1
v 0 0.25 -1.75 1 1 1 1
v -0.125 0.25 -1.75 1 1 1 1
v 0 0.25 -1.625 1 1 1 1
v -0.25 0.25 -1.625 1 1 1 1
v -0.125 0.25 -1.75 1 1 1 1
v -0.25 0.25 -1.75 1 1 1 1
v -0.125 0.25 -1.625 1 1 1 1
v -0.375 0.25 -1.625 1 1 1 1
v -0.25 0.25 -1.75 1 1 1 1
v -0.375 0.25 -1.75 1 1 1 1
v -0.25 0.25 -1.625 1 1 1 1
v -0.5 0.25 -1.625 1 1 1 1
v -0.375 0.25 -1.75 1 1 1 1
v -0.5 0.25 -1.75 1 1 1 1
v -0.375 0.25 -1.625 1 1 1 1
v -0.625 0.25 -1.625 1 1 1 1
v -0.5 0.25 -1.75 1 1 1 1
v -0.625 0.25 -1.75 1 1 1 1
v -0.5 0.25 -1.625 1 1 1 1
v -0.75 0.25 -1.625 1 1 1 1
v -0.625 0.25 -1.75 1 1 1 1
v -0.75 0.25 -1.75 1 1 1 1
v -0.625 0.25 -1.625 1 1 1 1
v -0.875 0.25 -1.625 1 1 1 1
v -0.75 0.25 -1.75 1 1 1 1
v -0.875 0.25 -1.75 1 1 1 1
v -0.75 0.25 -1.625 1 1 1 1
v -1 0.25 -1.625 1 1 1 1
v -0.875 0.25 -1.75 1 1 1 1
v -1 0.25 -1.75 1 1 1 1
v -0.875 0.25 -1.625 1 1 1 1
v -1.125 0.25 -1.625 1 1 1 1
v -1 0.25 -1.75 1 1 1 1
v -1.125 0.25 -1.75 1 1 1 1
v -1 0.25 -1.625 1 1 1 1
v -1.25 0.25 -1.625 1 1 1 1
v -1.125 0.25 -1.75 1 1 1 1
v -1.25 0.25 -1.75 1 1 1 1
v -1.125 0.25 -1.625 1 1 1 1
v -1.375 0.25 -1.625 1 1 1 1
v -1.25 0.25 -1.75 1 1 1 1
v -1.375 0.25 -1.75 1 1 1 1
v -1.25 0.25 -1.625 1 1 1 1
v -1.5 0.25 -1.625 1 1 1 1
v -1.375 0.25 -1.75 1 1 1 1
v -1.5 0.25 -1.75 1 1 1 1
v -1.375 0.25 -1.625 1 1 1 1
v -1.625 0.25 -1.625 1 1 1 1
v -1.5 0.25 -1.75 1 1 1 1
v -1.625 0.25 -1.75 1 1 1 1
v -1.5 0.25 -1.625 1 1 1 1
v -1.75 0.25 -1.625 1 1 1 1
v -1.625 0.25 -1.75 1 1 1 1
v -1.75 0.25 -1.75 1 1 1 1
v -1.625 0.25 -1.625 1 1 1 1
v 2.125 0.25 -1.75 1 1 1 1
v 2.25 0.25 -1.875 1 1 1 1
v 2.125 0.25 -1.875 1 1 1 1
v 2.25 0.25 -1.75 1 1 1 1
v 2 0.25 -1.75 1 1 1 1
v 2.125 0.25 -1.875 1 1 1 1
v 2 0.25 -1.875 1 1 1 1
v 2.125 0.25 -1.75 1 1 1 1
v 1.875 0.25 -1.75 1 1 1 1
v 2 0.25 -1.875 1 1 1 1
v 1.875 0.25 -1.875 1 1 1 1
v 2 0.25 -1.75 1 1 1 1
v 1.75 0.25 -1.75 1 1 1 1
v 1.875 0.25 -1.875 1 1 1 1
v 1.75 0.25 -1.875 1 1 1 1
v 1.875 0.25 -1.75 1 1 1 1
v 1.625 0.25 -1.75 1 1 1 1
v 1.75 0.25 -1.875 1 1 1 1
v 1.625 0.25 -1.875 1 1 1 1
v 1.75 0.25 -1.75 1 1 1 1
v 1.5 0.25 -1.75 1 1 1 1
v 1.625 0.25 -1.875 1 1 1 1
v 1.5 0.25 -1.875 1 1 1 1
v 1.625 0.25 -1.75 1 1 1 1
v 1.375 0.25 -1.75 1 1 1 1
v 1.5 0.25 -1.875 1 1 1 1
v 1.375 0.25 -1.875 1 1 1 1
v 1.5 0.25 -1.75 1 1 1 1
v 1.25 0.25 -1.75 1 1 1 1
v 1.375 0.25 -1.875 1 1 1 1
v 1.25 0.25 -1.875 1 1 1 1
v 1.375 0.25 -1.75 1 1 1 1
v 1.125 0.25 -1.75 1 1 1 1
v 1.25 0.25 -1.875 1 1 1 1
v 1.125 0.25 -1.875 1 1 1 1
v 1.25 0.25 -1.75 1 1 1 1
v 1 0.25 -1.75 1 1 1 1
v 1.125 0.25 -1.875 1 1 1 1
v 1 0.25 -1.875 1 1 1 1
v 1.125 0.25 -1.75 1 1 1 1
v 0.875 0.25 -1.75 1 1 1 1
v 1 0.25 -1.875 1 1 1 1
v 0.875 0.25 -1.875 1 1 1 1
v 1 0.25 -1.75 1 1 1 1
v 0.75 0.25 -1.75 1 1 1 1
v 0.875 0.25 -1.875 1 1 1 1
v 0.75 0.25 -1.875 1 1 1 1
v 0.875 0.25 -1.75 1 1 1 1
v 0.625 0.25 -1.75 1 1 1 1
v 0.75 0.25 -1.875 1 1 1 1
v 0.625 0.25 -1.875 1 1 1 1
v 0.75 0.25 -1.75 1 1 1 1
v 0.5 0.25 -1.75 1 1 1 1
v 0.625 0.25 -1.875 1 1 1 1
v 0.5 0.25 -1.875 1 1 1 1
v 0.625 0.25 -1.75 1 1 1 1
v 0.375 0.25 -1.75 1 1 1 1
v 0.5 0.25 -1.875 1 1 1 1
v 0.375 0.25 -1.875 1 1 1 1
v 0.5 0.25 -1.75 1 1 1 1
v 0.25 0.25 -1.75 1 1 1 1
v 0.375 0.25 -1.875 1 1 1 1
v 0.25 0.25 -1.875 1 1 1 1
v 0.375 0.25 -1.75 1 1 1 1
v 0.125 0.25 -1.75 1 1 1 1
v 0.25 0.25 -1.875 1 1 1 1
v 0.125 0.25 -1.875 1 1 1 1
v 0.25 0.25 -1.75 1 1 1 1
v 0 0.25 -1.75 1 1 1 1
v 0.125 0.25 -1.875 1 1 1 1
v 0 0.25 -1.875 1 1 1 1
v 0.125 0.25 -1.75 1 1 1 1
v -0.125 0.25 -1.75 1 1 1 1
v 0 0.25 -1.875 1 1 1 1
v -0.125 0.25 -1.875 1 1 1 1
v 0 0.25 -1.75 1 1 1 1
v -0.25 0.25 -1.75 1 1 1 1
v -0.125 0.25 -1.875 1 1 1 1
v -0.25 0.25 -1.875 1 1 1 1
v -0.125 0.25 -1.75 1 1 1 1
v -0.375 0.25 -1.75 1 1 1 1
v -0.25 0.25 -1.875 1 1 1 1
v -0.375 0.25 -1.875 1 1 1 1
v -0.25 0.25 -1.75 1 1 1 1
v -0.5 0.25 -1.75 1 1 1 1
v -0.375 0.25 -1.875 1 1 1 1
v -0.5 0.25 -1.875 1 1 1 1
v -0.375 0.25 -1.75 1 1 1 1
v -0.625 0.25 -1.75 1 1 1 1
v -0.5 0.25 -1.875 1 1 1 1
v -0.625 0.25 -1.875 1 1 1 1
v -0.5 0.25 -1.75 1 1 1 1
v -0.75 0.25 -1.75 1 1 1 1
v -0.625 0.25 -1.875 1 1 1 1
v -0.75 0.25 -1.875 1 1 1 1
v -0.625 0.25 -1.75 1 1 1 1
v -0.875 0.25 -1.75 1 1 1 1
v -0.75 0.25 -1.875 1 1 1 1
v -0.875 0.25 -1.875 1 1 1 1
v -0.75 0.25 -1.75 1 1 1 1
v -1 0.25 -1.75 1 1 1 1
v -0.875 0.25 -1.875 1 1 1 1
v -1 0.25 -1.875 1 1 1 1
v -0.875 0.25 -1.75 1 1 1 1
v -1.125 0.25 -1.75 1 1 1 1
v -1 0.25 -1.875 1 1 1 1
v -1.125 0.25 -1.875 1 1 1 1
v -1 0.25 -1.75 1 1 1 1
v -1.25 0.25 -1.75 1 1 1 1
v -1.125 0.25 -1.875 1 1 1 1
v -1.25 0.25 -1.875 1 1 1 1
v -1.125 0.25 -1.75 1 1 1 1
v -1.375 0.25 -1.75 1 1 1 1
v -1.25 0.25 -1.875 1 1 1 1
v -1.375 0.25 -1.875 1 1 1 1
v -1.25 0.25 -1.75 1 1 1 1
v -1.5 0.25 -1.75 1 1 1 1
v -1.375 0.25 -1.875 1 1 1 1
v -1.5 0.25 -1.875 1 1 1 1
v -1.375 0.25 -1.75 1 1 1 1
v -1.625 0.25 -1.75 1 1 1 1
v -1.5 0.25 -1.875 1 1 1 1
v -1.625 0.25 -1.875 1 1 1 1
v -1.5 0.25 -1.75 1 1 1 1
v -1.75 0.25 -1.75 1 1 1 1
v -1.625 0.25 -1.875 1 1 1 1
v -1.75 0.25 -1.875 1 1 1 1
v -1.625 0.25 -1.75 1 1 1 1
v 2.125 0.25 -1.875 1 1 1 1
v 2.25 0.25 -2 1 1 1 1
v 2.125 0.25 -2 1 1 1 1
v 2.25 0.25 -1.875 1 1 1 1
v 2 0.25 -1.875 1 1 1 1
v 2.125 0.25 -2 1 1 1 1
v 2 0.25 -2 1 1 1 1
v 2.125 0.25 -1.875 1 1 1 1
v 1.875 0.25 -1.875 1 1 1 1
v 2 0.25 -2 1 1 1 1
v 1.875 0.25 -2 1 1 1 1
v 2 0.25 -1.875 1 1 1 1
v 1.75 0.25 -1.875 1 1 1 1
v 1.875 0.25 -2 1 1 1 1
v 1.75 0.25 -2 1 1 1 1
v 1.875 0.25 -1.875 1 1 1 1
v 1.625 0.25 -1.875 1 1 1 1
v 1.75 0.25 -2 1 1 1 1
v 1.625 0.25 -2 1 1 1 1
v 1.75 0.25 -1.875 1 1 1 1
v 1.5 0.25 -1.875 1 1 1 1
v 1.625 0.25 -2 1 1 1 1
v 1.5 0.25 -2 1 1 1 1
v 1.625 0.25 -1.875 1 1 1 1
v 1.375 0.25 -1.875 1 1 1 1
v 1.5 0.25 -2 1 1 1 1
v 1.375 0.25 -2 1 1 1 1
v 1.5 0.25 -1.875 1 1 1 1
v 1.25 0.25 -1.875 1 1 1 1
v 1.375 0.25 -2 1 1 1 1
v 1.25 0.25 -2 1 1 1 1
v 1.375 0.25 -1.875 1 1 1 1
v 1.125 0.25 -1.875 1 1 1 1
v 1.25 0.25 -2 1 1 1 1
v 1.125 0.25 -2 1 1 1 1
v 1.25 0.25 -1.875 1 1 1 1
v 1 0.25 -1.875 1 1 1 1
v 1.125 0.25 -2 1 1 1 1
v 1 0.25 -2 1 1 1 1
v 1.125 0.25 -1.875 1 1 1 1
v 0.875 0.25 -1.875 1 1 1 1
v 1 0.25 -2 1 1 1 1
v 0.875 0.25 -2 1 1 1 1
v 1 0.25 -1.875 1 1 1 1
v 0.75 0.25 -1.875 1 1 1 1
v 0.875 0.25 -2 1 1 1 1
v 0.75 0.25 -2 1 1 1 1
v 0.875 0.25 -1.875 1 1 1 1
v 0.625 0.25 -1.875 1 1 1 1
v 0.75 0.25 -2 1 1 1 1
v 0.625 0.25 -2 1 1 1 1
v 0.75 0.25 -1.875 1 1 1 1
v 0.5 0.25 -1.875 1 1 1 1
v 0.625 0.25 -2 1 1 1 1
v 0.5 0.25 -2 1 1 1 1
v 0.625 0.25 -1.875 1 1 1 1
v 0.375 0.25 -1.875 1 1 1 1
v 0.5 0.25 -2 1 1 1 1
v 0.375 0.25 -2 1 1 1 1
v 0.5 0.25 -1.875 1 1 1 1
v 0.25 0.25 -1.875 1 1 1 1
v 0.375 0.25 -2 1 1 1 1
v 0.25 0.25 -2 1 1 1 1
v 0.375 0.25 -1.875 1 1 1 1
v 0.125 0.25 -1.875 1 1 1 1
v 0.25 0.25 -2 1 1 1 1
v 0.125 0.25 -2 1 1 1 1
v 0.25 0.25 -1.875 1 1 1 1
v 0 0.25 -1.875 1 1 1 1
v 0.125 0.25 -2 1 1 1 1
v 0 0.25 -2 1 1 1 1
v 0.125 0.25 -1.875 1 1 1 1
v -0.125 0.25 -1.875 1 1 1 1
v 0 0.25 -2 1 1 1 1
v -0.125 0.25 -2 1 1 1 1
v 0 0.25 -1.875 1 1 1 1
v -0.25 0.25 -1.875 1 1 1 1
v -0.125 0.25 -2 1 1 1 1
v -0.25 0.25 -2 1 1 1 1
v -0.125 0.25 -1.875 1 1 1 1
v -0.375 0.25 -1.875 1 1 1 1
v -0.25 0.25 -2 1 1 1 1
v -0.375 0.25 -2 1 1 1 1
v -0.25 0.25 -1.875 1 1 1 1
v -0.5 0.25 -1.875 1 1 1 1
v -0.375 0.25 -2 1 1 1 1
v -0.5 0.25 -2 1 1 1 1
v -0.375 0.25 -1.875 1 1 1 1
v -0.625 0.25 -1.875 1 1 1 1
v -0.5 0.25 -2 1 1 1 1
v -0.625 0.25 -2 1 1 1 1
v -0.5 0.25 -1.875 1 1 1 1
v -0.75 0.25 -1.875 1 1 1 1
v -0.625 0.25 -2 1 1 1 1
v -0.75 0.25 -2 1 1 1 1
v -0.625 0.25 -1.875 1 1 1 1
v -0.875 0.25 -1.875 1 1 1 1
v -0.75 0.25 -2 1 1 1 1
v -0.875 0.25 -2 1 1 1 1
v -0.75 0.25 -1.875 1 1 1 1
v -1 0.25 -1.875 1 1 1 1
v -0.875 0.25 -2 1 1 1 1
v -1 0.25 -2 1 1 1 1
v -0.875 0.25 -1.875 1 1 1 1
v -1.125 0.25 -1.875 1 1 1 1
v -1 0.25 -2 1 1 1 1
v -1.125 0.25 -2 1 1 1 1
v -1 0.25 -1.875 1 1 1 1
v -1.25 0.25 -1.875 1 1 1 1
v -1.125 0.25 -2 1 1 1 1
v -1.25 0.25 -2 1 1 1 1
v -1.125 0.25 -1.875 1 1 1 1
v -1.375 0.25 -1.875 1 1 1 1
v -1.25 0.25 -2 1 1 1 1
v -1.375 0.25 -2 1 1 1 1
v -1.25 0.25 -1.875 1 1 1 1
v -1.5 0.25 -1.875 1 1 1 1
v -1.375 0.25 -2 1 1 1 1
v -1.5 0.25 -2 1 1 1 1
v -1.375 0.25 -1.875 1 1 1 1
v -1.625 0.25 -1.875 1 1 1 1
v -1.5 0.25 -2 1 1 1 1
v -1.625 0.25 -2 1 1 1 1
v -1.5 0.25 -1.875 1 1 1 1
v -1.75 0.25 -1.875 1 1 1 1
v -1.625 0.25 -2 1 1 1 1
v -1.75 0.25 -2 1 1 1 1
v -1.625 0.25 -1.875 1 1 1 1
v 2.125 0.25 -2 1 1 1 1
v 2.25 0.25 -2.125 1 1 1 1
v 2.125 0.25 -2.125 1 1 1 1
v 2.25 0.25 -2 1 1 1 1
v 2 0.25 -2 1 1 1 1
v 2.125 0.25 -2.125 1 1 1 1
v 2 0.25 -2.125 1 1 1 1
v 2.125 0.25 -2 1 1 1 1
v 1.875 0.25 -2 1 1 1 1
v 2 0.25 -2.125 1 1 1 1
v 1.875 0.25 -2.125 1 1 1 1
v 2 0.25 -2 1 1 1 1
v 1.75 0.25 -2 1 1 1 1
v 1.875 0.25 -2.125 1 1 1 1
v 1.75 0.25 -2.125 1 1 1 1
v 1.875 0.25 -2 1 1 1 1
v 1.625 0.25 -2 1 1 1 1
v 1.75 0.25 -2.125 1 1 1 1
v 1.625 0.25 -2.125 1 1 1 1
v 1.75 0.25 -2 1 1 1 1
v 1.5 0.25 -2 1 1 1 1
v 1.625 0.25 -2.125 1 1 1 1
v 1.5 0.25 -2.125 1 1 1 1
v 1.625 0.25 -2 1 1 1 1
v 1.375 0.25 -2 1 1 1 1
v 1.5 0.25 -2.125 1 1 1 1
v 1.375 0.25 -2.125 1 1 1 1
v 1.5 0.25 -2 1 1 1 1
v 1.25 0.25 -2 1 1 1 1
v 1.375 0.25 -2.125 1 1 1 1
v 1.25 0.25 -2.125 1 1 1 1
v 1.375 0.25 -2 1 1 1 1
v 1.125 0.25 -2 1 1 1 1
v 1.25 0.25 -2.125 1 1 1 1
v 1.125 0.25 -2.125 1 1 1 1
v 1.25 0.25 -2 1 1 1 1
v 1 0.25 -2 1 1 1 1
v 1.125 0.25 -2.125 1 1 1 1
v 1 0.25 -2.125 1 1 1 1
v 1.125 0.25 -2 1 1 1 1
v 0.875 0.25 -2 1 1 1 1
v 1 0.25 -2.125 1 1 1 1
v 0.875 0.25 -2.125 1 1 1 1
v 1 0.25 -2 1 1 1 1
v 0.75 0.25 -2 1 1 1 1
v 0.875 0.25 -2.125 1 1 1 1
v 0.75 0.25 -2.125 1 1 1 1
v 0.875 0.25 -2 1 1 1 1
v 0.625 0.25 -2 1 1 1 1
v 0.75 0.25 -2.125 1 1 1 1
v 0.625 0.25 -2.125 1 1 1 1
v 0.75 0.25 -2 1 1 1 1
v 0.5 0.25 -2 1 1 1 1
v 0.625 0.25 -2.125 1 1 1 1
v 0.5 0.25 -2.125 1 1 1 1
v 0.625 0.25 -2 1 1 1 1
v 0.375 0.25 -2 1 1 1 1
v 0.5 0.25 -2.125 1 1 1 1
v 0.375 0.25 -2.125 1 1 1 1
v 0.5 0.25 -2 1 1 1 1
v 0.25 0.25 -2 1 1 1 1
v 0.375 0.25 -2.125 1 1 1 1
v 0.25 0.25 -2.125 1 1 1 1
v 0.375 0.25 -2 1 1 1 1
v 0.125 0.25 -2 1 1 1 1
v 0.25 0.25 -2.125 1 1 1 1
v 0.125 0.25 -2.125 1 1 1 1
v 0.25 0.25 -2 1 1 1 1
v 0 0.25 -2 1 1 1 1
v 0.125 0.25 -2.125 1 1 1 1
v 0 0.25 -2.125 1 1 1 1
v 0.125 0.25 -2 1 1 1 1
v -0.125 0.25 -2 1 1 1 1
v 0 0.25 -2.125 1 1 1 1
v -0.125 0.25 -2.125 1 1 1 1
v 0 0.25 -2 1 1 1 1
v -0.25 0.25 -2 1 1 1 1
v -0.125 0.25 -2.125 1 1 1 1
v -0.25 0.25 -2.125 1 1 1 1
v -0.125 0.25 -2 1 1 1 1
v -0.375 0.25 -2 1 1 1 1
v -0.25 0.25 -2.125 1 1 1 1
v -0.375 0.25 -2.125 1 1 1 1
v -0.25 0.25 -2 1 1 1 1
v -0.5 0.25 -2 1 1 1 1
v -0.375 0.25 -2.125 1 1 1 1
v -0.5 0.25 -2.125 1 1 1 1
v -0.375 0.25 -2 1 1 1 1
v -0.625 0.25 -2 1 1 1 1
v -0.5 0.25 -2.125 1 1 1 1
v -0.625 0.25 -2.125 1 1 1 1
v -0.5 0.25 -2 1 1 1 1
v -0.75 0.25 -2 1 1 1 1
v -0.625 0.25 -2.125 1 1 1 1
v -0.75 0.25 -2.125 1 1 1 1
v -0.625 0.25 -2 1 1 1 1
v -0.875 0.25 -2 1 1 1 1
v -0.75 0.25 -2.125 1 1 1 1
v -0.875 0.25 -2.125 1 1 1 1
v -0.75 0.25 -2 1 1 1 1
v -1 0.25 -2 1 1 1 1
v -0.875 0.25 -2.125 1 1 1 1
v -1 0.25 -2.125 1 1 1 1
v -0.875 0.25 -2 1 1 1 1
v -1.125 0.25 -2 1 1 1 1
v -1 0.25 -2.125 1 1 1 1
v -1.125 0.25 -2.125 1 1 1 1
v -1 0.25 -2 1 1 1 1
v -1.25 0.25 -2 1 1 1 1
v -1.125 0.25 -2.125 1 1 1 1
v -1.25 0.25 -2.125 1 1 1 1
v -1.125 0.25 -2 1 1 1 1
v -1.375 0.25 -2 1 1 1 1
v -1.25 0.25 -2.125 1 1 1 1
v -1.375 0.25 -2.125 1 1 1 1
v -1.25 0.25 -2 1 1 1 1
v -1.5 0.25 -2 1 1 1 1
v -1.375 0.25 -2.125 1 1 1 1
v -1.5 0.25 -2.125 1 1 1 1
v -1.375 0.25 -2 1 1 1 1
v -1.625 0.25 -2 1 1 1 1
v -1.5 0.25 -2.125 1 1 1 1
v -1.625 0.25 -2.125 1 1 1 1
v -1.5 0.25 -2 1 1 1 1
v -1.75 0.25 -2 1 1 1 1
v -1.625 0.25 -2.125 1 1 1 1
v -1.75 0.25 -2.125 1 1 1 1
v -1.625 0.25 -2 1 1 1 1
v 2.125 0.25 -2.125 1 1 1 1
v 2.25 0.25 -2.25 1 1 1 1
v 2.125 0.25 -2.25 1 1 1 1
v 2.25 0.25 -2.125 1 1 1 1
v 2 0.25 -2.125 1 1 1 1
v 2.125 0.25 -2.25 1 1 1 1
v 2 0.25 -2.25 1 1 1 1
v 2.125 0.25 -2.125 1 1 1 1
v 1.875 0.25 -2.125 1 1 1 1
v 2 0.25 -2.25 1 1 1 1
v 1.875 0.25 -2.25 1 1 1 1
v 2 0.25 -2.125 1 1 1 1
v 1.75 0.25 -2.125 1 1 1 1
v 1.875 0.25 -2.25 1 1 1 1
v 1.75 0.25 -2.25 1 1 1 1
v 1.875 0.25 -2.125 1 1 1 1
v 1.625 0.25 -2.125 1 1 1 1
v 1.75 0.25 -2.25 1 1 1 1
v 1.625 0.25 -2.25 1 1 1 1
v 1.75 0.25 -2.125 1 1 1 1
v 1.5 0.25 -2.125 1 1 1 1
v 1.625 0.25 -2.25 1 1 1 1
v 1.5 0.25 -2.25 1 1 1 1
v 1.625 0.25 -2.125 1 1 1 1
v 1.375 0.25 -2.125 1 1 1 1
v 1.5 0.25 -2.25 1 1 1 1
v 1.375 0.25 -2.25 1 1 1 1
v 1.5 0.25 -2.125 1 1 1 1
v 1.25 0.25 -2.125 1 1 1 1
v 1.375 0.25 -2.25 1 1 1 1
v 1.25 0.25 -2.25 1 1 1 1
v 1.375 0.25 -2.125 1 1 1 1
v 1.125 0.25 -2.125 1 1 1 1
v 1.25 0.25 -2.25 1 1 1 1
v 1.125 0.25 -2.25 1 1 1 1
v 1.25 0.25 -2.125 1 1 1 1
v 1 0.25 -2.125 1 1 1 1
v 1.125 0.25 -2.25 1 1 1 1
v 1 0.25 -2.25 1 1 1 1
v 1.125 0.25 -2.125 1 1 1 1
v 0.875 0.25 -2.125 1 1 1 1
v 1 0.25 -2.25 1 1 1 1
v 0.875 0.25 -2.25 1 1 1 1
v 1 0.25 -2.125 1 1 1 1
v 0.75 0.25 -2.125 1 1 1 1
v 0.875 0.25 -2.25 1 1 1 1
v 0.75 0.25 -2.25 1 1 1 1
v 0.875 0.25 -2.125 1 1 1 1
v 0.625 0.25 -2.125 1 1 1 1
v 0.75 0.25 -2.25 1 1 1 1
v 0.625 0.25 -2.25 1 1 1 1
v 0.75 0.25 -2.125 1 1 1 1
v 0.5 0.25 -2.125 1 1 1 1
v 0.625 0.25 -2.25 1 1 1 1
v 0.5 0.25 -2.25 1 1 1 1
v 0.625 0.25 -2.125 1 1 1 1
v 0.375 0.25 -2.125 1 1 1 1
v 0.5 0.25 -2.25 1 1 1 1
v 0.375 0.25 -2.25 1 1 1 1
v 0.5 0.25 -2.125 1 1 1 1
v 0.25 0.25 -2.125 1 1 1 1
v 0.375 0.25 -2.25 1 1 1 1
v 0.25 0.25 -2.25 1 1 1 1
v 0.375 0.25 -2.125 1 1 1 1
v 0.125 0.25 -2.125 1 1 1 1
v 0.25 0.25 -2.25 1 1 1 1
v 0.125 0.25 -2.25 1 1 1 1
v 0.25 0.25 -2.125 1 1 1 1
v 0 0.25 -2.125 1 1 1 1
v 0.125 0.25 -2.25 1 1 1 1
v 0 0.25 -2.25 1 1 1 1
v 0.125 0.25 -2.125 1 1 1 1
v -0.125 0.25 -2.125 1 1 1 1
v 0 0.25 -2.25 1 1 1 1
v -0.125 0.25 -2.25 1 1 1 1
v 0 0.25 -2.125 1 1 1 1
v -0.25 0.25 -2.125 1 1 1 1
v -0.125 0.25 -2.25 1 1 1 1
v -0.25 0.25 -2.25 1 1 1 1
v -0.125 0.25 -2.125 1 1 1 1
v -0.375 0.25 -2.125 1 1 1 1
v -0.25 0.25 -2.25 1 1 1 1
v -0.375 0.25 -2.25 1 1 1 1
v -0.25 0.25 -2.125 1 1 1 1
v -0.5 0.25 -2.125 1 1 1 1
v -0.375 0.25 -2.25 1 1 1 1
v -0.5 0.25 -2.25 1 1 1 1
v -0.375 0.25 -2.125 1 1 1 1
v -0.625 0.25 -2.125 1 1 1 1
v -0.5 0.25 -2.25 1 1 1 1
v -0.625 0.25 -2.25 1 1 1 1
v -0.5 0.25 -2.125 1 1 1 1
v -0.75 0.25 -2.125 1 1 1 1
v -0.625 0.25 -2.25 1 1 1 1
v -0.75 0.25 -2.25 1 1 1 1
v -0.625 0.25 -2.125 1 1 1 1
v -0.875 0.25 -2.125 1 1 1 1
v -0.75 0.25 -2.25 1 1 1 1
v -0.875 0.25 -2.25 1 1 1 1
v -0.75 0.25 -2.125 1 1 1 1
v -1 0.25 -2.125 1 1 1 1
v -0.875 0.25 -2.25 1 1 1 1
v -1 0.25 -2.25 1 1 1 1
v -0.875 0.25 -2.125 1 1 1 1
v -1.125 0.25 -2.125 1 1 1 1
v -1 0.25 -2.25 1 1 1 1
v -1.125 0.25 -2.25 1 1 1 1
v -1 0.25 -2.125 1 1 1 1
v -1.25 0.25 -2.125 1 1 1 1
v -1.125 0.25 -2.25 1 1 1 1
v -1.25 0.25 -2.25 1 1 1 1
v -1.125 0.25 -2.125 1 1 1 1
v -1.375 0.25 -2.125 1 1 1 1
v -1.25 0.25 -2.25 1 1 1 1
v -1.375 0.25 -2.25 1 1 1 1
v -1.25 0.25 -2.125 1 1 1 1
v -1.5 0.25 -2.125 1 1 1 1
v -1.375 0.25 -2.25 1 1 1 1
v -1.5 0.25 -2.25 1 1 1 1
v -1.375 0.25 -2.125 1 1 1 1
v -1.625 0.25 -2.125 1 1 1 1
v -1.5 0.25 -2.25 1 1 1 1
v -1.625 0.25 -2.25 1 1 1 1
v -1.5 0.25 -2.125 1 1 1 1
v -1.75 0.25 -2.125 1 1 1 1
v -1.625 0.25 -2.25 1 1 1 1
v -1.75 0.25 -2.25 1 1 1 1
v -1.625 0.25 -2.125 1 1 1 1
v 2.125 0.25 -2.25 1 1 1 1
v 2.25 0.25 -2.375 1 1 1 1
v 2.125 0.25 -2.375 1 1 1 1
v 2.25 0.25 -2.25 1 1 1 1
v 2 0.25 -2.25 1 1 1 1
v 2.125 0.25 -2.375 1 1 1 1
v 2 0.25 -2.375 1 1 1 1
v 2.125 0.25 -2.25 1 1 1 1
v 1.875 0.25 -2.25 1 1 1 1
v 2 0.25 -2.375 1 1 1 1
v 1.875 0.25 -2.375 1 1 1 1
v 2 0.25 -2.25 1 1 1 1
v 1.75 0.25 -2.25 1 1 1 1
v 1.875 0.25 -2.375 1 1 1 1
v 1.75 0.25 -2.375 1 1 1 1
v 1.875 0.25 -2.25 1 1 1 1
v 1.625 0.25 -2.25 1 1 1 1
v 1.75 0.25 -2.375 1 1 1 1
v 1.625 0.25 -2.375 1 1 1 1
v 1.75 0.25 -2.25 1 1 1 1
v 1.5 0.25 -2.25 1 1 1 1
v 1.625 0.25 -2.375 1 1 1 1
v 1.5 0.25 -2.375 1 1 1 1
v 1.625 0.25 -2.25 1 1 1 1
v 1.375 0.25 -2.25 1 1 1 1
v 1.5 0.25 -2.375 1 1 1 1
v 1.375 0.25 -2.375 1 1 1 1
v 1.5 0.25 -2.25 1 1 1 1
v 1.25 0.25 -2.25 1 1 1 1
v 1.375 0.25 -2.375 1 1 1 1
v 1.25 0.25 -2.375 1 1 1 1
v 1.375 0.25 -2.25 1 1 1 1
v 1.125 0.25 -2.25 1 1 1 1
v 1.25 0.25 -2.375 1 1 1 1
v 1.125 0.25 -2.375 1 1 1 1
v 1.25 0.25 -2.25 1 1 1 1
v 1 0.25 -2.25 1 1 1 1
v 1.125 0.25 -2.375 1 1 1 1
v 1 0.25 -2.375 1 1 1 1
v 1.125 0.25 -2.25 1 1 1 1
v 0.875 0.25 -2.25 1 1 1 1
v 1 0.25 -2.375 1 1 1 1
v 0.875 0.25 -2.375 1 1 1 1
v 1 0.25 -2.25 1 1 1 1
v 0.75 0.25 -2.25 1 1 1 1
v 0.875 0.25 -2.375 1 1 1 1
v 0.75 0.25 -2.375 1 1 1 1
v 0.875 0.25 -2.25 1 1 1 1
v 0.625 0.25 -2.25 1 1 1 1
v 0.75 0.25 -2.375 1 1 1 1
v 0.625 0.25 -2.375 1 1 1 1
v 0.75 0.25 -2.25 1 1 1 1
v 0.5 0.25 -2.25 1 1 1 1
v 0.625 0.25 -2.375 1 1 1 1
v 0.5 0.25 -2.375 1 1 1 1
v 0.625 0.25 -2.25 1 1 1 1
v 0.375 0.25 -2.25 1 1 1 1
v 0.5 0.25 -2.375 1 1 1 1
v 0.375 0.25 -2.375 1 1 1 1
v 0.5 0.25 -2.25 1 1 1 1
v 0.25 0.25 -2.25 1 1 1 1
v 0.375 0.25 -2.375 1 1 1 1
v 0.25 0.25 -2.375 1 1 1 1
v 0.375 0.25 -2.25 1 1 1 1
v 0.125 0.25 -2.25 1 1 1 1
v 0.25 0.25 -2.375 1 1 1 1
v 0.125 0.25 -2.375 1 1 1 1
v 0.25 0.25 -2.25 1 1 1 1
v 0 0.25 -2.25 1 1 1 1
v 0.125 0.25 -2.375 1 1 1 1
v 0 0.25 -2.375 1 1 1 1
v 0.125 0.25 -2.25 1 1 1 1
v -0.125 0.25 -2.25 1 1 1 1
v 0 0.25 -2.375 1 1 1 1
v -0.125 0.25 -2.375 1 1 1 1
v 0 0.25 -2.25 1 1 1 1
v -0.25 0.25 -2.25 1 1 1 1
v -0.125 0.25 -2.375 1 1 1 1
v -0.25 0.25 -2.375 1 1 1 1
v -0.125 0.25 -2.25 1 1 1 1
v -0.375 0.25 -2.25 1 1 1 1
v -0.25 0.25 -2.375 1 1 1 1
v -0.375 0.25 -2.375 1 1 1 1
v -0.25 0.25 -2.25 1 1 1 1
v -0.5 0.25 -2.25 1 1 1 1
v -0.375 0.25 -2.375 1 1 1 1
v -0.5 0.25 -2.375 1 1 1 1
v -0.375 0.25 -2.25 1 1 1 1
v -0.625 0.25 -2.25 1 1 1 1
v -0.5 0.25 -2.375 1 1 1 1
v -0.625 0.25 -2.375 1 1 1 1
v -0.5 0.25 -2.25 1 1 1 1
v -0.75 0.25 -2.25 1 1 1 1
v -0.625 0.25 -2.375 1 1 1 1
v -0.75 0.25 -2.375 1 1 1 1
v -0.625 0.25 -2.25 1 1 1 1
v -0.875 0.25 -2.25 1 1 1 1
v -0.75 0.25 -2.375 1 1 1 1
v -0.875 0.25 -2.375 1 1 1 1
v -0.75 0.25 -2.25 1 1 1 1
v -1 0.25 -2.25 1 1 1 1
v -0.875 0.25 -2.375 1 1 1 1
v -1 0.25 -2.375 1 1 1 1
v -0.875 0.25 -2.25 1 1 1 1
v -1.125 0.25 -2.25 1 1 1 1
v -1 0.25 -2.375 1 1 1 1
v -1.125 0.25 -2.375 1 1 1 1
v -1 0.25 -2.25 1 1 1 1
v -1.25 0.25 -2.25 1 1 1 1
v -1.125 0.25 -2.375 1 1 1 1
v -1.25 0.25 -2.375 1 1 1 1
v -1.125 0.25 -2.25 1 1 1 1
v -1.375 0.25 -2.25 1 1 1 1
v -1.25 0.25 -2.375 1 1 1 1
v -1.375 0.25 -2.375 1 1 1 1
v -1.25 0.25 -2.25 1 1 1 1
v -1.5 0.25 -2.25 1 1 1 1
v -1.375 0.25 -2.375 1 1 1 1
v -1.5 0.25 -2.375 1 1 1 1
v -1.375 0.25 -2.25 1 1 1 1
v -1.625 0.25 -2.25 1 1 1 1
v -1.5 0.25 -2.375 1 1 1 1
v -1.625 0.25 -2.375 1 1 1 1
v -1.5 0.25 -2.25 1 1 1 1
v -1.75 0.25 -2.25 1 1 1 1
v -1.625 0.25 -2.375 1 1 1 1
v -1.75 0.25 -2.375 1 1 1 1
v -1.625 0.25 -2.25 1 1 1 1
v 2.125 0.25 -2.375 1 1 1 1
v 2.25 0.25 -2.5 1 1 1 1
v 2.125 0.25 -2.5 1 1 1 1
v 2.25 0.25 -2.375 1 1 1 1
v 2 0.25 -2.375 1 1 1 1
v 2.125 0.25 -2.5 1 1 1 1
v 2 0.25 -2.5 1 1 1 1
v 2.125 0.25 -2.375 1 1 1 1
v 1.875 0.25 -2.375 1 1 1 1
v 2 0.25 -2.5 1 1 1 1
v 1.875 0.25 -2.5 1 1 1 1
v 2 0.25 -2.375 1 1 1 1
v 1.75 0.25 -2.375 1 1 1 1
v 1.875 0.25 -2.5 1 1 1 1
v 1.75 0.25 -2.5 1 1 1 1
v 1.875 0.25 -2.375 1 1 1 1
v 1.625 0.25 -2.375 1 1 1 1
v 1.75 0.25 -2.5 1 1 1 1
v 1.625 0.25 -2.5 1 1 1 1
v 1.75 0.25 -2.375 1 1 1 1
v 1.5 0.25 -2.375 1 1 1 1
v 1.625 0.25 -2.5 1 1 1 1
v 1.5 0.25 -2.5 1 1 1 1
v 1.625 0.25 -2.375 1 1 1 1
v 1.375 0.25 -2.375 1 1 1 1
v 1.5 0.25 -2.5 1 1 1 1
v 1.375 0.25 -2.5 1 1 1 1
v 1.5 0.25 -2.375 1 1 1 1
v 1.25 0.25 -2.375 1 1 1 1
v 1.375 0.25 -2.5 1 1 1 1
v 1.25 0.25 -2.5 1 1 1 1
v 1.375 0.25 -2.375 1 1 1 1
v 1.125 0.25 -2.375 1 1 1 1
v 1.25 0.25 -2.5 1 1 1 1
v 1.125 0.25 -2.5 1 1 1 1
v 1.25 0.25 -2.375 1 1 1 1
v 1 0.25 -2.375 1 1 1 1
v 1.125 0.25 -2.5 1 1 1 1
v 1 0.25 -2.5 1 1 1 1
v 1.125 0.25 -2.375 1 1 1 1
v 0.875 0.25 -2.375 1 1 1 1
v 1 0.25 -2.5 1 1 1 1
v 0.875 0.25 -2.5 1 1 1 1
v 1 0.25 -2.375 1 1 1 1
v 0.75 0.25 -2.375 1 1 1 1
v 0.875 0.25 -2.5 1 1 1 1
v 0.75 0.25 -2.5 1 1 1 1
v 0.875 0.25 -2.375 1 1 1 1
v 0.625 0.25 -2.375 1 1 1 1
v 0.75 0.25 -2.5 1 1 1 1
v 0.625 0.25 -2.5 1 1 1 1
v 0.75 0.25 -2.375 1 1 1 1
v 0.5 0.25 -2.375 1 1 1 1
v 0.625 0.25 -2.5 1 1 1 1
v 0.5 0.25 -2.5 1 1 1 1
v 0.625 0.25 -2.375 1 1 1 1
v 0.375 0.25 -2.375 1 1 1 1
v 0.5 0.25 -2.5 1 1 1 1
v 0.375 0.25 -2.5 1 1 1 1
v 0.5 0.25 -2.375 1 1 1 1
v 0.25 0.25 -2.375 1 1 1 1
v 0.375 0.25 -2.5 1 1 1 1
v 0.25 0.25 -2.5 1 1 1 1
v 0.375 0.25 -2.375 1 1 1 1
v 0.125 0.25 -2.375 1 1 1 1
v 0.25 0.25 -2.5 1 1 1 1
v 0.125 0.25 -2.5 1 1 1 1
v 0.25 0.25 -2.375 1 1 1 1
v 0 0.25 -2.375 1 1 1 1
v 0.125 0.25 -2.5 1 1 1 1
v 0 0.25 -2.5 1 1 1 1
v 0.125 0.25 -2.375 1 1 1 1
v -0.125 0.25 -2.375 1 1 1 1
v 0 0.25 -2.5 1 1 1 1
v -0.125 0.25 -2.5 1 1 1 1
v 0 0.25 -2.375 1 1 1 1
v -0.25 0.25 -2.375 1 1 1 1
v -0.125 0.25 -2.5 1 1 1 1
v -0.25 0.25 -2.5 1 1 1 1
v -0.125 0.25 -2.375 1 1 1 1
v -0.375 0.25 -2.375 1 1 1 1
v -0.25 0.25 -2.5 1 1 1 1
v -0.375 0.25 -2.5 1 1 1 1
v -0.25 0.25 -2.375 1 1 1 1
v -0.5 0.25 -2.375 1 1 1 1
v -0.375 0.25 -2.5 1 1 1 1
v -0.5 0.25 -2.5 1 1 1 1
v -0.375 0.25 -2.375 1 1 1 1
v -0.625 0.25 -2.375 1 1 1 1
v -0.5 0.25 -2.5 1 1 1 1
v -0.625 0.25 -2.5 1 1 1 1
v -0.5 0.25 -2.375 1 1 1 1
v -0.75 0.25 -2.375 1 1 1 1
v -0.625 0.25 -2.5 1 1 1 1
v -0.75 0.25 -2.5 1 1 1 1
v -0.625 0.25 -2.375 1 1 1 1
v -0.875 0.25 -2.375 1 1 1 1
v -0.75 0.25 -2.5 1 1 1 1
v -0.875 0.25 -2.5 1 1 1 1
v -0.75 0.25 -2.375 1 1 1 1
v -1 0.25 -2.375 1 1 1 1
v -0.875 0.25 -2.5 1 1 1 1
v -1 0.25 -2.5 1 1 1 1
v -0.875 0.25 -2.375 1 1 1 1
v -1.125 0.25 -2.375 1 1 1 1
v -1 0.25 -2.5 1 1 1 1
v -1.125 0.25 -2.5 1 1 1 1
v -1 0.25 -2.375 1 1 1 1
v -1.25 0.25 -2.375 1 1 1 1
v -1.125 0.25 -2.5 1 1 1 1
v -1.25 0.25 -2.5 1 1 1 1
v -1.125 0.25 -2.375 1 1 1 1
v -1.375 0.25 -2.375 1 1 1 1
v -1.25 0.25 -2.5 1 1 1 1
v -1.375 0.25 -2.5 1 1 1 1
v -1.25 0.25 -2.375 1 1 1 1
v -1.5 0.25 -2.375 1 1 1 1
v -1.375 0.25 -2.5 1 1 1 1
v -1.5 0.25 -2.5 1 1 1 1
v -1.375 0.25 -2.375 1 1 1 1
v -1.625 0.25 -2.375 1 1 1 1
v -1.5 0.25 -2.5 1 1 1 1
v -1.625 0.25 -2.5 1 1 1 1
v -1.5 0.25 -2.375 1 1 1 1
v -1.75 0.25 -2.375 1 1 1 1
v -1.625 0.25 -2.5 1 1 1 1
v -1.75 0.25 -2.5 1 1 1 1
v -1.625 0.25 -2.375 1 1 1 1
v 2.125 0.25 -2.5 1 1 1 1
v 2.25 0.25 -2.625 1 1 1 1
v 2.125 0.25 -2.625 1 1 1 1
v 2.25 0.25 -2.5 1 1 1 1
v 2 0.25 -2.5 1 1 1 1
v 2.125 0.25 -2.625 1 1 1 1
v 2 0.25 -2.625 1 1 1 1
v 2.125 0.25 -2.5 1 1 1 1
v 1.875 0.25 -2.5 1 1 1 1
v 2 0.25 -2.625 1 1 1 1
v 1.875 0.25 -2.625 1 1 1 1
v 2 0.25 -2.5 1 1 1 1
v 1.75 0.25 -2.5 1 1 1 1
v 1.875 0.25 -2.625 1 1 1 1
v 1.75 0.25 -2.625 1 1 1 1
v 1.875 0.25 -2.5 1 1 1 1
v 1.625 0.25 -2.5 1 1 1 1
v 1.75 0.25 -2.625 1 1 1 1
v 1.625 0.25 -2.625 1 1 1 1
v 1.75 0.25 -2.5 1 1 1 1
v 1.5 0.25 -2.5 1 1 1 1
v 1.625 0.25 -2.625 1 1 1 1
v 1.5 0.25 -2.625 1 1 1 1
v 1.625 0.25 -2.5 1 1 1 1
v 1.375 0.25 -2.5 1 1 1 1
v 1.5 0.25 -2.625 1 1 1 1
v 1.375 0.25 -2.625 1 1 1 1
v 1.5 0.25 -2.5 1 1 1 1
v 1.25 0.25 -2.5 1 1 1 1
v 1.375 0.25 -2.625 1 1 1 1
v 1.25 0.25 -2.625 1 1 1 1
v 1.375 0.25 -2.5 1 1 1 1
v 1.125 0.25 -2.5 1 1 1 1
v 1.25 0.25 -2.625 1 1 1 1
v 1.125 0.25 -2.625 1 1 1 1
v 1.25 0.25 -2.5 1 1 1 1
v 1 0.25 -2.5 1 1 1 1
v 1.125 0.25 -2.625 1 1 1 1
v 1 0.25 -2.625 1 1 1 1
v 1.125 0.25 -2.5 1 1 1 1
v 0.875 0.25 -2.5 1 1 1 1
v 1 0.25 -2.625 1 1 1 1
v 0.875 0.25 -2.625 1 1 1 1
v 1 0.25 -2.5 1 1 1 1
v 0.75 0.25 -2.5 1 1 1 1
v 0.875 0.25 -2.625 1 1 1 1
v 0.75 0.25 -2.625 1 1 1 1
v 0.875 0.25 -2.5 1 1 1 1
v 0.625 0.25 -2.5 1 1 1 1
v 0.75 0.25 -2.625 1 1 1 1
v 0.625 0.25 -2.625 1 1 1 1
v 0.75 0.25 -2.5 1 1 1 1
v 0.5 0.25 -2.5 1 1 1 1
v 0.625 0.25 -2.625 1 1 1 1
v 0.5 0.25 -2.625 1 1 1 1
v 0.625 0.25 -2.5 1 1 1 1
v 0.375 0.25 -2.5 1 1 1 1
v 0.5 0.25 -2.625 1 1 1 1
v 0.375 0.25 -2.625 1 1 1 1
v 0.5 0.25 -2.5 1 1 1 1
v 0.25 0.25 -2.5 1 1 1 1
v 0.375 0.25 -2.625 1 1 1 1
v 0.25 0.25 -2.625 1 1 1 1
v 0.375 0.25 -2.5 1 1 1 1
v 0.125 0.25 -2.5 1 1 1 1
v 0.25 0.25 -2.625 1 1 1 1
v 0.125 0.25 -2.625 1 1 1 1
v 0.25 0.25 -2.5 1 1 1 1
v 0 0.25 -2.5 1 1 1 1
v 0.125 0.25 -2.625 1 1 1 1
v 0 0.25 -2.625 1 1 1 1
v 0.125 0.25 -2.5 1 1 1 1
v -0.125 0.25 -2.5 1 1 1 1
v 0 0.25 -2.625 1 1 1 1
v -0.125 0.25 -2.625 1 1 1 1
v 0 0.25 -2.5 1 1 1 1
v -0.25 0.25 -2.5 1 1 1 1
v -0.125 0.25 -2.625 1 1 1 1
v -0.25 0.25 -2.625 1 1 1 1
v -0.125 0.25 -2.5 1 1 1 1
v -0.375 0.25 -2.5 1 1 1 1
v -0.25 0.25 -2.625 1 1 1 1
v -0.375 0.25 -2.625 1 1 1 1
v -0.25 0.25 -2.5 1 1 1 1
v -0.5 0.25 -2.5 1 1 1 1
v -0.375 0.25 -2.625 1 1 1 1
v -0.5 0.25 -2.625 1 1 1 1
v -0.375 0.25 -2.5 1 1 1 1
v -0.625 0.25 -2.5 1 1 1 1
v -0.5 0.25 -2.625 1 1 1 1
v -0.625 0.25 -2.625 1 1 1 1
v -0.5 0.25 -2.5 1 1 1 1
v -0.75 0.25 -2.5 1 1 1 1
v -0.625 0.25 -2.625 1 1 1 1
v -0.75 0.25 -2.625 1 1 1 1
v -0.625 0.25 -2.5 1 1 1 1
v -0.875 0.25 -2.5 1 1 1 1
v -0.75 0.25 -2.625 1 1 1 1
v -0.875 0.25 -2.625 1 1 1 1
v -0.75 0.25 -2.5 1 1 1 1
v -1 0.25 -2.5 1 1 1 1
v -0.875 0.25 -2.625 1 1 1 1
v -1 0.25 -2.625 1 1 1 1
v -0.875 0.25 -2.5 1 1 1 1
v -1.125 0.25 -2.5 1 1 1 1
v -1 0.25 -2.625 1 1 1 1
v -1.125 0.25 -2.625 1 1 1 1
v -1 0.25 -2.5 1 1 1 1
v -1.25 0.25 -2.5 1 1 1 1
v -1.125 0.25 -2.625 1 1 1 1
v -1.25 0.25 -2.625 1 1 1 1
v -1.125 0.25 -2.5 1 1 1 1
v -1.375 0.25 -2.5 1 1 1 1
v -1.25 0.25 -2.625 1 1 1 1
v -1.375 0.25 -2.625 1 1 1 1
v -1.25 0.25 -2.5 1 1 1 1
v -1.5 0.25 -2.5 1 1 1 1
v -1.375 0.25 -2.625 1 1 1 1
v -1.5 0.25 -2.625 1 1 1 1
v -1.375 0.25 -2.5 1 1 1 1
v -1.625 0.25 -2.5 1 1 1 1
v -1.5 0.25 -2.625 1 1 1 1
v -1.625 0.25 -2.625 1 1 1 1
v -1.5 0.25 -2.5 1 1 1 1
v -1.75 0.25 -2.5 1 1 1 1
v -1.625 0.25 -2.625 1 1 1 1
v -1.75 0.25 -2.625 1 1 1 1
v -1.625 0.25 -2.5 1 1 1 1
v 2.125 0.25 -2.625 1 1 1 1
v 2.25 0.25 -2.75 1 1 1 1
v 2.125 0.25 -2.75 1 1 1 1
v 2.25 0.25 -2.625 1 1 1 1
v 2 0.25 -2.625 1 1 1 1
v 2.125 0.25 -2.75 1 1 1 1
v 2 0.25 -2.75 1 1 1 1
v 2.125 0.25 -2.625 1 1 1 1
v 1.875 0.25 -2.625 1 1 1 1
v 2 0.25 -2.75 1 1 1 1
v 1.875 0.25 -2.75 1 1 1 1
v 2 0.25 -2.625 1 1 1 1
v 1.75 0.25 -2.625 1 1 1 1
v 1.875 0.25 -2.75 1 1 1 1
v 1.75 0.25 -2.75 1 1 1 1
v 1.875 0.25 -2.625 1 1 1 1
v 1.625 0.25 -2.625 1 1 1 1
v 1.75 0.25 -2.75 1 1 1 1
v 1.625 0.25 -2.75 1 1 1 1
v 1.75 0.25 -2.625 1 1 1 1
v 1.5 0.25 -2.625 1 1 1 1
v 1.625 0.25 -2.75 1 1 1 1
v 1.5 0.25 -2.75 1 1 1 1
v 1.625 0.25 -2.625 1 1 1 1
v 1.375 0.25 -2.625 1 1 1 1
v 1.5 0.25 -2.75 1 1 1 1
v 1.375 0.25 -2.75 1 1 1 1
v 1.5 0.25 -2.625 1 1 1 1
v 1.25 0.25 -2.625 1 1 1 1
v 1.375 0.25 -2.75 1 1 1 1
v 1.25 0.25 -2.75 1 1 1 1
v 1.375 0.25 -2.625 1 1 1 1
v 1.125 0.25 -2.625 1 1 1 1
v 1.25 0.25 -2.75 1 1 1 1
v 1.125 0.25 -2.75 1 1 1 1
v 1.25 0.25 -2.625 1 1 1 1
v 1 0.25 -2.625 1 1 1 1
v 1.125 0.25 -2.75 1 1 1 1
v 1 0.25 -2.75 1 1 1 1
v 1.125 0.25 -2.625 1 1 1 1
v 0.875 0.25 -2.625 1 1 1 1
v 1 0.25 -2.75 1 1 1 1
v 0.875 0.25 -2.75 1 1 1 1
v 1 0.25 -2.625 1 1 1 1
v 0.75 0.25 -2.625 1 1 1 1
v 0.875 0.25 -2.75 1 1 1 1
v 0.75 0.25 -2.75 1 1 1 1
v 0.875 0.25 -2.625 1 1 1 1
v 0.625 0.25 -2.625 1 1 1 1
v 0.75 0.25 -2.75 1 1 1 1
v 0.625 0.25 -2.75 1 1 1 1
v 0.75 0.25 -2.625 1 1 1 1
v 0.5 0.25 -2.625 1 1 1 1
v 0.625 0.25 -2.75 1 1 1 1
v 0.5 0.25 -2.75 1 1 1 1
v 0.625 0.25 -2.625 1 1 1 1
v 0.375 0.25 -2.625 1 1 1 1
v 0.5 0.25 -2.75 1 1 1 1
v 0.375 0.25 -2.75 1 1 1 1
v 0.5 0.25 -2.625 1 1 1 1
v 0.25 0.25 -2.625 1 1 1 1
v 0.375 0.25 -2.75 1 1 1 1
v 0.25 0.25 -2.75 1 1 1 1
v 0.375 0.25 -2.625 1 1 1 1
v 0.125 0.25 -2.625 1 1 1 1
v 0.25 0.25 -2.75 1 1 1 1
v 0.125 0.25 -2.75 1 1 1 1
v 0.25 0.25 -2.625 1 1 1 1
v 0 0.25 -2.625 1 1 1 1
v 0.125 0.25 -2.75 1 1 1 1
v 0 0.25 -2.75 1 1 1 1
v 0.125 0.25 -2.625 1 1 1 1
v -0.125 0.25 -2.625 1 1 1 1
v 0 0.25 -2.75 1 1 1 1
v -0.125 0.25 -2.75 1 1 1 1
v 0 0.25 -2.625 1 1 1 1
v -0.25 0.25 -2.625 1 1 1 1
v -0.125 0.25 -2.75 1 1 1 1
v -0.25 0.25 -2.75 1 1 1 1
v -0.125 0.25 -2.625 1 1 1 1
v -0.375 0.25 -2.625 1 1 1 1
v -0.25 0.25 -2.75 1 1 1 1
v -0.375 0.25 -2.75 1 1 1 1
v -0.25 0.25 -2.625 1 1 1 1
v -0.5 0.25 -2.625 1 1 1 1
v -0.375 0.25 -2.75 1 1 1 1
v -0.5 0.25 -2.75 1 1 1 1
v -0.375 0.25 -2.625 1 1 1 1
v -0.625 0.25 -2.625 1 1 1 1
v -0.5 0.25 -2.75 1 1 1 1
v -0.625 0.25 -2.75 1 1 1 1
v -0.5 0.25 -2.625 1 1 1 1
v -0.75 0.25 -2.625 1 1 1 1
v -0.625 0.25 -2.75 1 1 1 1
v -0.75 0.25 -2.75 1 1 1 1
v -0.625 0.25 -2.625 1 1 1 1
v -0.875 0.25 -2.625 1 1 1 1
v -0.75 0.25 -2.75 1 1 1 1
v -0.875 0.25 -2.75 1 1 1 1
v -0.75 0.25 -2.625 1 1 1 1
v -1 0.25 -2.625 1 1 1 1
v -0.875 0.25 -2.75 1 1 1 1
v -1 0.25 -2.75 1 1 1 1
v -0.875 0.25 -2.625 1 1 1 1
v -1.125 0.25 -2.625 1 1 1 1
v -1 0.25 -2.75 1 1 1 1
v -1.125 0.25 -2.75 1 1 1 1
v -1 0.25 -2.625 1 1 1 1
v -1.25 0.25 -2.625 1 1 1 1
v -1.125 0.25 -2.75 1 1 1 1
v -1.25 0.25 -2.75 1 1 1 1
v -1.125 0.25 -2.625 1 1 1 1
v -1.375 0.25 -2.625 1 1 1 1
v -1.25 0.25 -2.75 1 1 1 1
v -1.375 0.25 -2.75 1 1 1 1
v -1.25 0.25 -2.625 1 1 1 1
v -1.5 0.25 -2.625 1 1 1 1
v -1.375 0.25 -2.75 1 1 1 1
v -1.5 0.25 -2.75 1 1 1 1
v -1.375 0.25 -2.625 1 1 1 1
v -1.625 0.25 -2.625 1 1 1 1
v -1.5 0.25 -2.75 1 1 1 1
v -1.625 0.25 -2.75 1 1 1 1
v -1.5 0.25 -2.625 1 1 1 1
v -1.75 0.25 -2.625 1 1 1 1
v -1.625 0.25 -2.75 1 1 1 1
v -1.75 0.25 -2.75 1 1 1 1
v -1.625 0.25 -2.625 1 1 1 1
v 2.125 0.25 -2.75 1 1 1 1
v 2.25 0.25 -2.875 1 1 1 1
v 2.125 0.25 -2.875 1 1 1 1
v 2.25 0.25 -2.75 1 1 1 1
v 2 0.25 -2.75 1 1 1 1
v 2.125 0.25 -2.875 1 1 1 1
v 2 0.25 -2.875 1 1 1 1
v 2.125 0.25 -2.75 1 1 1 1
v 1.875 0.25 -2.75 1 1 1 1
v 2 0.25 -2.875 1 1 1 1
v 1.875 0.25 -2.875 1 1 1 1
v 2 0.25 -2.75 1 1 1 1
v 1.75 0.25 -2.75 1 1 1 1
v 1.875 0.25 -2.875 1 1 1 1
v 1.75 0.25 -2.875 1 1 1 1
v 1.875 0.25 -2.75 1 1 1 1
v 1.625 0.25 -2.75 1 1 1 1
v 1.75 0.25 -2.875 1 1 1 1
v 1.625 0.25 -2.875 1 1 1 1
v 1.75 0.25 -2.75 1 1 1 1
v 1.5 0.25 -2.75 1 1 1 1
v 1.625 0.25 -2.875 1 1 1 1
v 1.5 0.25 -2.875 1 1 1 1
v 1.625 0.25 -2.75 1 1 1 1
v 1.375 0.25 -2.75 1 1 1 1
v 1.5 0.25 -2.875 1 1 1 1
v 1.375 0.25 -2.875 1 1 1 1
v 1.5 0.25 -2.75 1 1 1 1
v 1.25 0.25 -2.75 1 1 1 1
v 1.375 0.25 -2.875 1 1 1 1
v 1.25 0.25 -2.875 1 1 1 1
v 1.375 0.25 -2.75 1 1 1 1
v 1.125 0.25 -2.75 1 1 1 1
v 1.25 0.25 -2.875 1 1 1 1
v 1.125 0.25 -2.875 1 1 1 1
v 1.25 0.25 -2.75 1 1 1 1
v 1 0.25 -2.75 1 1 1 1
v 1.125 0.25 -2.875 1 1 1 1
v 1 0.25 -2.875 1 1 1 1
v 1.125 0.25 -2.75 1 1 1 1
v 0.875 0.25 -2.75 1 1 1 1
v 1 0.25 -2.875 1 1 1 1
v 0.875 0.25 -2.875 1 1 1 1
v 1 0.25 -2.75 1 1 1 1
v 0.75 0.25 -2.75 1 1 1 1
v 0.875 0.25 -2.875 1 1 1 1
v 0.75 0.25 -2.875 1 1 1 1
v 0.875 0.25 -2.75 1 1 1 1
v 0.625 0.25 -2.75 1 1 1 1
v 0.75 0.25 -2.875 1 1 1 1
v 0.625 0.25 -2.875 1 1 1 1
v 0.75 0.25 -2.75 1 1 1 1
v 0.5 0.25 -2.75 1 1 1 1
v 0.625 0.25 -2.875 1 1 1 1
v 0.5 0.25 -2.875 1 1 1 1
v 0.625 0.25 -2.75 1 1 1 1
v 0.375 0.25 -2.75 1 1 1 1
v 0.5 0.25 -2.875 1 1 1 1
v 0.375 0.25 -2.875 1 1 1 1
v 0.5 0.25 -2.75 1 1 1 1
v 0.25 0.25 -2.75 1 1 1 1
v 0.375 0.25 -2.875 1 1 1 1
v 0.25 0.25 -2.875 1 1 1 1
v 0.375 0.25 -2.75 1 1 1 1
v 0.125 0.25 -2.75 1 1 1 1
v 0.25 0.25 -2.875 1 1 1 1
v 0.125 0.25 -2.875 1 1 1 1
v 0.25 0.25 -2.75 1 1 1 1
v 0 0.25 -2.75 1 1 1 1
v 0.125 0.25 -2.875 1 1 1 1
v 0 0.25 -2.875 1 1 1 1
v 0.125 0.25 -2.75 1 1 1 1
v -0.125 0.25 -2.75 1 1 1 1
v 0 0.25 -2.875 1 1 1 1
v -0.125 0.25 -2.875 1 1 1 1
v 0 0.25 -2.75 1 1 1 1
v -0.25 0.25 -2.75 1 1 1 1
v -0.125 0.25 -2.875 1 1 1 1
v -0.25 0.25 -2.875 1 1 1 1
v -0.125 0.25 -2.75 1 1 1 1
v -0.375 0.25 -2.75 1 1 1 1
v -0.25 0.25 -2.875 1 1 1 1
v -0.375 0.25 -2.875 1 1 1 1
v -0.25 0.25 -2.75 1 1 1 1
v -0.5 0.25 -2.75 1 1 1 1
v -0.375 0.25 -2.875 1 1 1 1
v -0.5 0.25 -2.875 1 1 1 1
v -0.375 0.25 -2.75 1 1 1 1
v -0.625 0.25 -2.75 1 1 1 1
v -0.5 0.25 -2.875 1 1 1 1
v -0.625 0.25 -2.875 1 1 1 1
v -0.5 0.25 -2.75 1 1 1 1
v -0.75 0.25 -2.75 1 1 1 1
v -0.625 0.25 -2.875 1 1 1 1
v -0.75 0.25 -2.875 1 1 1 1
v -0.625 0.25 -2.75 1 1 1 1
v -0.875 0.25 -2.75 1 1 1 1
v -0.75 0.25 -2.875 1 1 1 1
v -0.875 0.25 -2.875 1 1 1 1
v -0.75 0.25 -2.75 1 1 1 1
v -1 0.25 -2.75 1 1 1 1
v -0.875 0.25 -2.875 1 1 1 1
v -1 0.25 -2.875 1 1 1 1
v -0.875 0.25 -2.75 1 1 1 1
v -1.125 0.25 -2.75 1 1 1 1
v -1 0.25 -2.875 1 1 1 1
v -1.125 0.25 -2.875 1 1 1 1
v -1 0.25 -2.75 1 1 1 1
v -1.25 0.25 -2.75 1 1 1 1
v -1.125 0.25 -2.875 1 1 1 1
v -1.25 0.25 -2.875 1 1 1 1
v -1.125 0.25 -2.75 1 1 1 1
v -1.375 0.25 -2.75 1 1 1 1
v -1.25 0.25 -2.875 1 1 1 1
v -1.375 0.25 -2.875 1 1 1 1
v -1.25 0.25 -2.75 1 1 1 1
v -1.5 0.25 -2.75 1 1 1 1
v -1.375 0.25 -2.875 1 1 1 1
v -1.5 0.25 -2.875 1 1 1 1
v -1.375 0.25 -2.75 1 1 1 1
v -1.625 0.25 -2.75 1 1 1 1
v -1.5 0.25 -2.875 1 1 1 1
v -1.625 0.25 -2.875 1 1 1 1
v -1.5 0.25 -2.75 1 1 1 1
v -1.75 0.25 -2.75 1 1 1 1
v -1.625 0.25 -2.875 1 1 1 1
v -1.75 0.25 -2.875 1 1 1 1
v -1.625 0.25 -2.75 1 1 1 1
v 2.125 0.25 -2.875 1 1 1 1
v 2.25 0.25 -3 1 1 1 1
v 2.125 0.25 -3 1 1 1 1
v 2.25 0.25 -2.875 1 1 1 1
v 2 0.25 -2.875 1 1 1 1
v 2.125 0.25 -3 1 1 1 1
v 2 0.25 -3 1 1 1 1
v 2.125 0.25 -2.875 1 1 1 1
v 1.875 0.25 -2.875 1 1 1 1
v 2 0.25 -3 1 1 1 1
v 1.875 0.25 -3 1 1 1 1
v 2 0.25 -2.875 1 1 1 1
v 1.75 0.25 -2.875 1 1 1 1
v 1.875 0.25 -3 1 1 1 1
v 1.75 0.25 -3 1 1 1 1
v 1.875 0.25 -2.875 1 1 1 1
v 1.625 0.25 -2.875 1 1 1 1
v 1.75 0.25 -3 1 1 1 1
v 1.625 0.25 -3 1 1 1 1
v 1.75 0.25 -2.875 1 1 1 1
v 1.5 0.25 -2.875 1 1 1 1
v 1.625 0.25 -3 1 1 1 1
v 1.5 0.25 -3 1 1 1 1
v 1.625 0.25 -2.875 1 1 1 1
v 1.375 0.25 -2.875 1 1 1 1
v 1.5 0.25 -3 1 1 1 1
v 1.375 0.25 -3 1 1 1 1
v 1.5 0.25 -2.875 1 1 1 1
v 1.25 0.25 -2.875 1 1 1 1
v 1.375 0.25 -3 1 1 1 1
v 1.25 0.25 -3 1 1 1 1
v 1.375 0.25 -2.875 1 1 1 1
v 1.125 0.25 -2.875 1 1 1 1
v 1.25 0.25 -3 1 1 1 1
v 1.125 0.25 -3 1 1 1 1
v 1.25 0.25 -2.875 1 1 1 1
v 1 0.25 -2.875 1 1 1 1
v 1.125 0.25 -3 1 1 1 1
v 1 0.25 -3 1 1 1 1
v 1.125 0.25 -2.875 1 1 1 1
v 0.875 0.25 -2.875 1 1 1 1
v 1 0.25 -3 1 1 1 1
v 0.875 0.25 -3 1 1 1 1
v 1 0.25 -2.875 1 1 1 1
v 0.75 0.25 -2.875 1 1 1 1
v 0.875 0.25 -3 1 1 1 1
v 0.75 0.25 -3 1 1 1 1
v 0.875 0.25 -2.875 1 1 1 1
v 0.625 0.25 -2.875 1 1 1 1
v 0.75 0.25 -3 1 1 1 1
v 0.625 0.25 -3 1 1 1 1
v 0.75 0.25 -2.875 1 1 1 1
v 0.5 0.25 -2.875 1 1 1 1
v 0.625 0.25 -3 1 1 1 1
v 0.5 0.25 -3 1 1 1 1
v 0.625 0.25 -2.875 1 1 1 1
v 0.375 0.25 -2.875 1 1 1 1
v 0.5 0.25 -3 1 1 1 1
v 0.375 0.25 -3 1 1 1 1
v 0.5 0.25 -2.875 1 1 1 1
v 0.25 0.25 -2.875 1 1 1 1
v 0.375 0.25 -3 1 1 1 1
v 0.25 0.25 -3 1 1 1 1
v 0.375 0.25 -2.875 1 1 1 1
v 0.125 0.25 -2.875 1 1 1 1
v 0.25 0.25 -3 1 1 1 1
v 0.125 0.25 -3 1 1 1 1
v 0.25 0.25 -2.875 1 1 1 1
v 0 0.25 -2.875 1 1 1 1
v 0.125 0.25 -3 1 1 1 1
v 0 0.25 -3 1 1 1 1
v 0.125 0.25 -2.875 1 1 1 1
v -0.125 0.25 -2.875 1 1 1 1
v 0 0.25 -3 1 1 1 1
v -0.125 0.25 -3 1 1 1 1
v 0 0.25 -2.875 1 1 1 1
v -0.25 0.25 -2.875 1 1 1 1
v -0.125 0.25 -3 1 1 1 1
v -0.25 0.25 -3 1 1 1 1
v -0.125 0.25 -2.875 1 1 1 1
v -0.375 0.25 -2.875 1 1 1 1
v -0.25 0.25 -3 1 1 1 1
v -0.375 0.25 -3 1 1 1 1
v -0.25 0.25 -2.875 1 1 1 1
v -0.5 0.25 -2.875 1 1 1 1
v -0.375 0.25 -3 1 1 1 1
v -0.5 0.25 -3 1 1 1 1
v -0.375 0.25 -2.875 1 1 1 1
v -0.625 0.25 -2.875 1 1 1 1
v -0.5 0.25 -3 1 1 1 1
v -0.625 0.25 -3 1 1 1 1
v -0.5 0.25 -2.875 1 1 1 1
v -0.75 0.25 -2.875 1 1 1 1
v -0.625 0.25 -3 1 1 1 1
v -0.75 0.25 -3 1 1 1 1
v -0.625 0.25 -2.875 1 1 1 1
v -0.875 0.25 -2.875 1 1 1 1
v -0.75 0.25 -3 1 1 1 1
v -0.875 0.25 -3 1 1 1 1
v -0.75 0.25 -2.875 1 1 1 1
v -1 0.25 -2.875 1 1 1 1
v -0.875 0.25 -3 1 1 1 1
v -1 0.25 -3 1 1 1 1
v -0.875 0.25 -2.875 1 1 1 1
v -1.125 0.25 -2.875 1 1 1 1
v -1 0.25 -3 1 1 1 1
v -1.125 0.25 -3 1 1 1 1
v -1 0.25 -2.875 1 1 1 1
v -1.25 0.25 -2.875 1 1 1 1
v -1.125 0.25 -3 1 1 1 1
v -1.25 0.25 -3 1 1 1 1
v -1.125 0.25 -2.875 1 1 1 1
v -1.375 0.25 -2.875 1 1 1 1
v -1.25 0.25 -3 1 1 1 1
v -1.375 0.25 -3 1 1 1 1
v -1.25 0.25 -2.875 1 1 1 1
v -1.5 0.25 -2.875 1 1 1 1
v -1.375 0.25 -3 1 1 1 1
v -1.5 0.25 -3 1 1 1 1
v -1.375 0.25 -2.875 1 1 1 1
v -1.625 0.25 -2.875 1 1 1 1
v -1.5 0.25 -3 1 1 1 1
v -1.625 0.25 -3 1 1 1 1
v -1.5 0.25 -2.875 1 1 1 1
v -1.75 0.25 -2.875 1 1 1 1
v -1.625 0.25 -3 1 1 1 1
v -1.75 0.25 -3 1 1 1 1
v -1.625 0.25 -2.875 1 1 1 1
v 2.125 0.25 -3 1 1 1 1
v 2.25 0.25 -3.125 1 1 1 1
v 2.125 0.25 -3.125 1 1 1 1
v 2.25 0.25 -3 1 1 1 1
v 2 0.25 -3 1 1 1 1
v 2.125 0.25 -3.125 1 1 1 1
v 2 0.25 -3.125 1 1 1 1
v 2.125 0.25 -3 1 1 1 1
v 1.875 0.25 -3 1 1 1 1
v 2 0.25 -3.125 1 1 1 1
v 1.875 0.25 -3.125 1 1 1 1
v 2 0.25 -3 1 1 1 1
v 1.75 0.25 -3 1 1 1 1
v 1.875 0.25 -3.125 1 1 1 1
v 1.75 0.25 -3.125 1 1 1 1
v 1.875 0.25 -3 1 1 1 1
v 1.625 0.25 -3 1 1 1 1
v 1.75 0.25 -3.125 1 1 1 1
v 1.625 0.25 -3.125 1 1 1 1
v 1.75 0.25 -3 1 1 1 1
v 1.5 0.25 -3 1 1 1 1
v 1.625 0.25 -3.125 1 1 1 1
v 1.5 0.25 -3.125 1 1 1 1
v 1.625 0.25 -3 1 1 1 1
v 1.375 0.25 -3 1 1 1 1
v 1.5 0.25 -3.125 1 1 1 1
v 1.375 0.25 -3.125 1 1 1 1
v 1.5 0.25 -3 1 1 1 1
v 1.25 0.25 -3 1 1 1 1
v 1.375 0.25 -3.125 1 1 1 1
v 1.25 0.25 -3.125 1 1 1 1
v 1.375 0.25 -3 1 1 1 1
v 1.125 0.25 -3 1 1 1 1
v 1.25 0.25 -3.125 1 1 1 1
v 1.125 0.25 -3.125 1 1 1 1
v 1.25 0.25 -3 1 1 1 1
v 1 0.25 -3 1 1 1 1
v 1.125 0.25 -3.125 1 1 1 1
v 1 0.25 -3.125 1 1 1 1
v 1.125 0.25 -3 1 1 1 1
v 0.875 0.25 -3 1 1 1 1
v 1 0.25 -3.125 1 1 1 1
v 0.875 0.25 -3.125 1 1 1 1
v 1 0.25 -3 1 1 1 1
v 0.75 0.25 -3 1 1 1 1
v 0.875 0.25 -3.125 1 1 1 1
v 0.75 0.25 -3.125 1 1 1 1
v 0.875 0.25 -3 1 1 1 1
v 0.625 0.25 -3 1 1 1 1
v 0.75 0.25 -3.125 1 1 1 1
v 0.625 0.25 -3.125 1 1 1 1
v 0.75 0.25 -3 1 1 1 1
v 0.5 0.25 -3 1 1 1 1
v 0.625 0.25 -3.125 1 1 1 1
v 0.5 0.25 -3.125 1 1 1 1
v 0.625 0.25 -3 1 1 1 1
v 0.375 0.25 -3 1 1 1 1
v 0.5 0.25 -3.125 1 1 1 1
v 0.375 0.25 -3.125 1 1 1 1
v 0.5 0.25 -3 1 1 1 1
v 0.25 0.25 -3 1 1 1 1
v 0.375 0.25 -3.125 1 1 1 1
v 0.25 0.25 -3.125 1 1 1 1
v 0.375 0.25 -3 1 1 1 1
v 0.125 0.25 -3 1 1 1 1
v 0.25 0.25 -3.125 1 1 1 1
v 0.125 0.25 -3.125 1 1 1 1
v 0.25 0.25 -3 1 1 1 1
v 0 0.25 -3 1 1 1 1
v 0.125 0.25 -3.125 1 1 1 1
v 0 0.25 -3.125 1 1 1 1
v 0.125 0.25 -3 1 1 1 1
v -0.125 0.25 -3 1 1 1 1
v 0 0.25 -3.125 1 1 1 1
v -0.125 0.25 -3.125 1 1 1 1
v 0 0.25 -3 1 1 1 1
v -0.25 0.25 -3 1 1 1 1
v -0.125 0.25 -3.125 1 1 1 1
v -0.25 0.25 -3.125 1 1 1 1
v -0.125 0.25 -3 1 1 1 1
v -0.375 0.25 -3 1 1 1 1
v -0.25 0.25 -3.125 1 1 1 1
v -0.375 0.25 -3.125 1 1 1 1
v -0.25 0.25 -3 1 1 1 1
v -0.5 0.25 -3 1 1 1 1
v -0.375 0.25 -3.125 1 1 1 1
v -0.5 0.25 -3.125 1 1 1 1
v -0.375 0.25 -3 1 1 1 1
v -0.625 0.25 -3 1 1 1 1
v -0.5 0.25 -3.125 1 1 1 1
v -0.625 0.25 -3.125 1 1 1 1
v -0.5 0.25 -3 1 1 1 1
v -0.75 0.25 -3 1 1 1 1
v -0.625 0.25 -3.125 1 1 1 1
v -0.75 0.25 -3.125 1 1 1 1
v -0.625 0.25 -3 1 1 1 1
v -0.875 0.25 -3 1 1 1 1
v -0.75 0.25 -3.125 1 1 1 1
v -0.875 0.25 -3.125 1 1 1 1
v -0.75 0.25 -3 1 1 1 1
v -1 0.25 -3 1 1 1 1
v -0.875 0.25 -3.125 1 1 1 1
v -1 0.25 -3.125 1 1 1 1
v -0.875 0.25 -3 1 1 1 1
v -1.125 0.25 -3 1 1 1 1
v -1 0.25 -3.125 1 1 1 1
v -1.125 0.25 -3.125 1 1 1 1
v -1 0.25 -3 1 1 1 1
v -1.25 0.25 -3 1 1 1 1
v -1.125 0.25 -3.125 1 1 1 1
v -1.25 0.25 -3.125 1 1 1 1
v -1.125 0.25 -3 1 1 1 1
v -1.375 0.25 -3 1 1 1 1
v -1.25 0.25 -3.125 1 1 1 1
v -1.375 0.25 -3.125 1 1 1 1
v -1.25 0.25 -3 1 1 1 1
v -1.5 0.25 -3 1 1 1 1
v -1.375 0.25 -3.125 1 1 1 1
v -1.5 0.25 -3.125 1 1 1 1
v -1.375 0.25 -3 1 1 1 1
v -1.625 0.25 -3 1 1 1 1
v -1.5 0.25 -3.125 1 1 1 1
v -1.625 0.25 -3.125 1 1 1 1
v -1.5 0.25 -3 1 1 1 1
v -1.75 0.25 -3 1 1 1 1
v -1.625 0.25 -3.125 1 1 1 1
v -1.75 0.25 -3.125 1 1 1 1
v -1.625 0.25 -3 1 1 1 1
v 2.125 0.25 -3.125 1 1 1 1
v 2.25 0.25 -3.25 1 1 1 1
v 2.125 0.25 -3.25 1 1 1 1
v 2.25 0.25 -3.125 1 1 1 1
v 2 0.25 -3.125 1 1 1 1
v 2.125 0.25 -3.25 1 1 1 1
v 2 0.25 -3.25 1 1 1 1
v 2.125 0.25 -3.125 1 1 1 1
v 1.875 0.25 -3.125 1 1 1 1
v 2 0.25 -3.25 1 1 1 1
v 1.875 0.25 -3.25 1 1 1 1
v 2 0.25 -3.125 1 1 1 1
v 1.75 0.25 -3.125 1 1 1 1
v 1.875 0.25 -3.25 1 1 1 1
v 1.75 0.25 -3.25 1 1 1 1
v 1.875 0.25 -3.125 1 1 1 1
v 1.625 0.25 -3.125 1 1 1 1
v 1.75 0.25 -3.25 1 1 1 1
v 1.625 0.25 -3.25 1 1 1 1
v 1.75 0.25 -3.125 1 1 1 1
v 1.5 0.25 -3.125 1 1 1 1
v 1.625 0.25 -3.25 1 1 1 1
v 1.5 0.25 -3.25 1 1 1 1
v 1.625 0.25 -3.125 1 1 1 1
v 1.375 0.25 -3.125 1 1 1 1
v 1.5 0.25 -3.25 1 1 1 1
v 1.375 0.25 -3.25 1 1 1 1
v 1.5 0.25 -3.125 1 1 1 1
v 1.25 0.25 -3.125 1 1 1 1
v 1.375 0.25 -3.25 1 1 1 1
v 1.25 0.25 -3.25 1 1 1 1
v 1.375 0.25 -3.125 1 1 1 1
v 1.125 0.25 -3.125 1 1 1 1
v 1.25 0.25 -3.25 1 1 1 1
v 1.125 0.25 -3.25 1 1 1 1
v 1.25 0.25 -3.125 1 1 1 1
v 1 0.25 -3.125 1 1 1 1
v 1.125 0.25 -3.25 1 1 1 1
v 1 0.25 -3.25 1 1 1 1
v 1.125 0.25 -3.125 1 1 1 1
v 0.875 0.25 -3.125 1 1 1 1
v 1 0.25 -3.25 1 1 1 1
v 0.875 0.25 -3.25 1 1 1 1
v 1 0.25 -3.125 1 1 1 1
v 0.75 0.25 -3.125 1 1 1 1
v 0.875 0.25 -3.25 1 1 1 1
v 0.75 0.25 -3.25 1 1 1 1
v 0.875 0.25 -3.125 1 1 1 1
v 0.625 0.25 -3.125 1 1 1 1
v 0.75 0.25 -3.25 1 1 1 1
v 0.625 0.25 -3.25 1 1 1 1
v 0.75 0.25 -3.125 1 1 1 1
v 0.5 0.25 -3.125 1 1 1 1
v 0.625 0.25 -3.25 1 1 1 1
v 0.5 0.25 -3.25 1 1 1 1
v 0.625 0.25 -3.125 1 1 1 1
v 0.375 0.25 -3.125 1 1 1 1
v 0.5 0.25 -3.25 1 1 1 1
v 0.375 0.25 -3.25 1 1 1 1
v 0.5 0.25 -3.125 1 1 1 1
v 0.25 0.25 -3.125 1 1 1 1
v 0.375 0.25 -3.25 1 1 1 1
v 0.25 0.25 -3.25 1 1 1 1
v 0.375 0.25 -3.125 1 1 1 1
v 0.125 0.25 -3.125 1 1 1 1
v 0.25 0.25 -3.25 1 1 1 1
v 0.125 0.25 -3.25 1 1 1 1
v 0.25 0.25 -3.125 1 1 1 1
v 0 0.25 -3.125 1 1 1 1
v 0.125 0.25 -3.25 1 1 1 1
v 0 0.25 -3.25 1 1 1 1
v 0.125 0.25 -3.125 1 1 1 1
v -0.125 0.25 -3.125 1 1 1 1
v 0 0.25 -3.25 1 1 1 1
v -0.125 0.25 -3.25 1 1 1 1
v 0 0.25 -3.125 1 1 1 1
v -0.25 0.25 -3.125 1 1 1 1
v -0.125 0.25 -3.25 1 1 1 1
v -0.25 0.25 -3.25 1 1 1 1
v -0.125 0.25 -3.125 1 1 1 1
v -0.375 0.25 -3.125 1 1 1 1
v -0.25 0.25 -3.25 1 1 1 1
v -0.375 0.25 -3.25 1 1 1 1
v -0.25 0.25 -3.125 1 1 1 1
v -0.5 0.25 -3.125 1 1 1 1
v -0.375 0.25 -3.25 1 1 1 1
v -0.5 0.25 -3.25 1 1 1 1
v -0.375 0.25 -3.125 1 1 1 1
v -0.625 0.25 -3.125 1 1 1 1
v -0.5 0.25 -3.25 1 1 1 1
v -0.625 0.25 -3.25 1 1 1 1
v -0.5 0.25 -3.125 1 1 1 1
v -0.75 0.25 -3.125 1 1 1 1
v -0.625 0.25 -3.25 1 1 1 1
v -0.75 0.25 -3.25 1 1 1 1
v -0.625 0.25 -3.125 1 1 1 1
v -0.875 0.25 -3.125 1 1 1 1
v -0.75 0.25 -3.25 1 1 1 1
v -0.875 0.25 -3.25 1 1 1 1
v -0.75 0.25 -3.125 1 1 1 1
v -1 0.25 -3.125 1 1 1 1
v -0.875 0.25 -3.25 1 1 1 1
v -1 0.25 -3.25 1 1 1 1
v -0.875 0.25 -3.125 1 1 1 1
v -1.125 0.25 -3.125 1 1 1 1
v -1 0.25 -3.25 1 1 1 1
v -1.125 0.25 -3.25 1 1 1 1
v -1 0.25 -3.125 1 1 1 1
v -1.25 0.25 -3.125 1 1 1 1
v -1.125 0.25 -3.25 1 1 1 1
v -1.25 0.25 -3.25 1 1 1 1
v -1.125 0.25 -3.125 1 1 1 1
v -1.375 0.25 -3.125 1 1 1 1
v -1.25 0.25 -3.25 1 1 1 1
v -1.375 0.25 -3.25 1 1 1 1
v -1.25 0.25 -3.125 1 1 1 1
v -1.5 0.25 -3.125 1 1 1 1
v -1.375 0.25 -3.25 1 1 1 1
v -1.5 0.25 -3.25 1 1 1 1
v -1.375 0.25 -3.125 1 1 1 1
v -1.625 0.25 -3.125 1 1 1 1
v -1.5 0.25 -3.25 1 1 1 1
v -1.625 0.25 -3.25 1 1 1 1
v -1.5 0.25 -3.125 1 1 1 1
v -1.75 0.25 -3.125 1 1 1 1
v -1.625 0.25 -3.25 1 1 1 1
v -1.75 0.25 -3.25 1 1 1 1
v -1.625 0.25 -3.125 1 1 1 1
v 2.125 0.25 -3.25 1 1 1 1
v 2.25 0.25 -3.375 1 1 1 1
v 2.125 0.25 -3.375 1 1 1 1
v 2.25 0.25 -3.25 1 1 1 1
v 2 0.25 -3.25 1 1 1 1
v 2.125 0.25 -3.375 1 1 1 1
v 2 0.25 -3.375 1 1 1 1
v 2.125 0.25 -3.25 1 1 1 1
v 1.875 0.25 -3.25 1 1 1 1
v 2 0.25 -3.375 1 1 1 1
v 1.875 0.25 -3.375 1 1 1 1
v 2 0.25 -3.25 1 1 1 1
v 1.75 0.25 -3.25 1 1 1 1
v 1.875 0.25 -3.375 1 1 1 1
v 1.75 0.25 -3.375 1 1 1 1
v 1.875 0.25 -3.25 1 1 1 1
v 1.625 0.25 -3.25 1 1 1 1
v 1.75 0.25 -3.375 1 1 1 1
v 1.625 0.25 -3.375 1 1 1 1
v 1.75 0.25 -3.25 1 1 1 1
v 1.5 0.25 -3.25 1 1 1 1
v 1.625 0.25 -3.375 1 1 1 1
v 1.5 0.25 -3.375 1 1 1 1
v 1.625 0.25 -3.25 1 1 1 1
v 1.375 0.25 -3.25 1 1 1 1
v 1.5 0.25 -3.375 1 1 1 1
v 1.375 0.25 -3.375 1 1 1 1
v 1.5 0.25 -3.25 1 1 1 1
v 1.25 0.25 -3.25 1 1 1 1
v 1.375 0.25 -3.375 1 1 1 1
v 1.25 0.25 -3.375 1 1 1 1
v 1.375 0.25 -3.25 1 1 1 1
v 1.125 0.25 -3.25 1 1 1 1
v 1.25 0.25 -3.375 1 1 1 1
v 1.125 0.25 -3.375 1 1 1 1
v 1.25 0.25 -3.25 1 1 1 1
v 1 0.25 -3.25 1 1 1 1
v 1.125 0.25 -3.375 1 1 1 1
v 1 0.25 -3.375 1 1 1 1
v 1.125 0.25 -3.25 1 1 1 1
v 0.875 0.25 -3.25 1 1 1 1
v 1 0.25 -3.375 1 1 1 1
v 0.875 0.25 -3.375 1 1 1 1
v 1 0.25 -3.25 1 1 1 1
v 0.75 0.25 -3.25 1 1 1 1
v 0.875 0.25 -3.375 1 1 1 1
v 0.75 0.25 -3.375 1 1 1 1
v 0.875 0.25 -3.25 1 1 1 1
v 0.625 0.25 -3.25 1 1 1 1
v 0.75 0.25 -3.375 1 1 1 1
v 0.625 0.25 -3.375 1 1 1 1
v 0.75 0.25 -3.25 1 1 1 1
v 0.5 0.25 -3.25 1 1 1 1
v 0.625 0.25 -3.375 1 1 1 1
v 0.5 0.25 -3.375 1 1 1 1
v 0.625 0.25 -3.25 1 1 1 1
v 0.375 0.25 -3.25 1 1 1 1
v 0.5 0.25 -3.375 1 1 1 1
v 0.375 0.25 -3.375 1 1 1 1
v 0.5 0.25 -3.25 1 1 1 1
v 0.25 0.25 -3.25 1 1 1 1
v 0.375 0.25 -3.375 1 1 1 1
v 0.25 0.25 -3.375 1 1 1 1
v 0.375 0.25 -3.25 1 1 1 1
v 0.125 0.25 -3.25 1 1 1 1
v 0.25 0.25 -3.375 1 1 1 1
v 0.125 0.25 -3.375 1 1 1 1
v 0.25 0.25 -3.25 1 1 1 1
v 0 0.25 -3.25 1 1 1 1
v 0.125 0.25 -3.375 1 1 1 1
v 0 0.25 -3.375 1 1 1 1
v 0.125 0.25 -3.25 1 1 1 1
v -0.125 0.25 -3.25 1 1 1 1
v 0 0.25 -3.375 1 1 1 1
v -0.125 0.25 -3.375 1 1 1 1
v 0 0.25 -3.25 1 1 1 1
v -0.25 0.25 -3.25 1 1 1 1
v -0.125 0.25 -3.375 1 1 1 1
v -0.25 0.25 -3.375 1 1 1 1
v -0.125 0.25 -3.25 1 1 1 1
v -0.375 0.25 -3.25 1 1 1 1
v -0.25 0.25 -3.375 1 1 1 1
v -0.375 0.25 -3.375 1 1 1 1
v -0.25 0.25 -3.25 1 1 1 1
v -0.5 0.25 -3.25 1 1 1 1
v -0.375 0.25 -3.375 1 1 1 1
v -0.5 0.25 -3.375 1 1 1 1
v -0.375 0.25 -3.25 1 1 1 1
v -0.625 0.25 -3.25 1 1 1 1
v -0.5 0.25 -3.375 1 1 1 1
v -0.625 0.25 -3.375 1 1 1 1
v -0.5 0.25 -3.25 1 1 1 1
v -0.75 0.25 -3.25 1 1 1 1
v -0.625 0.25 -3.375 1 1 1 1
v -0.75 0.25 -3.375 1 1 1 1
v -0.625 0.25 -3.25 1 1 1 1
v -0.875 0.25 -3.25 1 1 1 1
v -0.75 0.25 -3.375 1 1 1 1
v -0.875 0.25 -3.375 1 1 1 1
v -0.75 0.25 -3.25 1 1 1 1
v -1 0.25 -3.25 1 1 1 1
v -0.875 0.25 -3.375 1 1 1 1
v -1 0.25 -3.375 1 1 1 1
v -0.875 0.25 -3.25 1 1 1 1
v -1.125 0.25 -3.25 1 1 1 1
v -1 0.25 -3.375 1 1 1 1
v -1.125 0.25 -3.375 1 1 1 1
v -1 0.25 -3.25 1 1 1 1
v -1.25 0.25 -3.25 1 1 1 1
v -1.125 0.25 -3.375 1 1 1 1
v -1.25 0.25 -3.375 1 1 1 1
v -1.125 0.25 -3.25 1 1 1 1
v -1.375 0.25 -3.25 1 1 1 1
v -1.25 0.25 -3.375 1 1 1 1
v -1.375 0.25 -3.375 1 1 1 1
v -1.25 0.25 -3.25 1 1 1 1
v -1.5 0.25 -3.25 1 1 1 1
v -1.375 0.25 -3.375 1 1 1 1
v -1.5 0.25 -3.375 1 1 1 1
v -1.375 0.25 -3.25 1 1 1 1
v -1.625 0.25 -3.25 1 1 1 1
v -1.5 0.25 -3.375 1 1 1 1
v -1.625 0.25 -3.375 1 1 1 1
v -1.5 0.25 -3.25 1 1 1 1
v -1.75 0.25 -3.25 1 1 1 1
v -1.625 0.25 -3.375 1 1 1 1
v -1.75 0.25 -3.375 1 1 1 1
v -1.625 0.25 -3.25 1 1 1 1
v 2.125 0.25 -3.375 1 1 1 1
v 2.25 0.25 -3.5 1 1 1 1
v 2.125 0.25 -3.5 1 1 1 1
v 2.25 0.25 -3.375 1 1 1 1
v 2 0.25 -3.375 1 1 1 1
v 2.125 0.25 -3.5 1 1 1 1
v 2 0.25 -3.5 1 1 1 1
v 2.125 0.25 -3.375 1 1 1 1
v 1.875 0.25 -3.375 1 1 1 1
v 2 0.25 -3.5 1 1 1 1
v 1.875 0.25 -3.5 1 1 1 1
v 2 0.25 -3.375 1 1 1 1
v 1.75 0.25 -3.375 1 1 1 1
v 1.875 0.25 -3.5 1 1 1 1
v 1.75 0.25 -3.5 1 1 1 1
v 1.875 0.25 -3.375 1 1 1 1
v 1.625 0.25 -3.375 1 1 1 1
v 1.75 0.25 -3.5 1 1 1 1
v 1.625 0.25 -3.5 1 1 1 1
v 1.75 0.25 -3.375 1 1 1 1
v 1.5 0.25 -3.375 1 1 1 1
v 1.625 0.25 -3.5 1 1 1 1
v 1.5 0.25 -3.5 1 1 1 1
v 1.625 0.25 -3.375 1 1 1 1
v 1.375 0.25 -3.375 1 1 1 1
v 1.5 0.25 -3.5 1 1 1 1
v 1.375 0.25 -3.5 1 1 1 1
v 1.5 0.25 -3.375 1 1 1 1
v 1.25 0.25 -3.375 1 1 1 1
v 1.375 0.25 -3.5 1 1 1 1
v 1.25 0.25 -3.5 1 1 1 1
v 1.375 0.25 -3.375 1 1 1 1
v 1.125 0.25 -3.375 1 1 1 1
v 1.25 0.25 -3.5 1 1 1 1
v 1.125 0.25 -3.5 1 1 1 1
v 1.25 0.25 -3.375 1 1 1 1
v 1 0.25 -3.375 1 1 1 1
v 1.125 0.25 -3.5 1 1 1 1
v 1 0.25 -3.5 1 1 1 1
v 1.125 0.25 -3.375 1 1 1 1
v 0.875 0.25 -3.375 1 1 1 1
v 1 0.25 -3.5 1 1 1 1
v 0.875 0.25 -3.5 1 1 1 1
v 1 0.25 -3.375 1 1 1 1
v 0.75 0.25 -3.375 1 1 1 1
v 0.875 0.25 -3.5 1 1 1 1
v 0.75 0.25 -3.5 1 1 1 1
v 0.875 0.25 -3.375 1 1 1 1
v 0.625 0.25 -3.375 1 1 1 1
v 0.75 0.25 -3.5 1 1 1 1
v 0.625 0.25 -3.5 1 1 1 1
v 0.75 0.25 -3.375 1 1 1 1
v 0.5 0.25 -3.375 1 1 1 1
v 0.625 0.25 -3.5 1 1 1 1
v 0.5 0.25 -3.5 1 1 1 1
v 0.625 0.25 -3.375 1 1 1 1
v 0.375 0.25 -3.375 1 1 1 1
v 0.5 0.25 -3.5 1 1 1 1
v 0.375 0.25 -3.5 1 1 1 1
v 0.5 0.25 -3.375 1 1 1 1
v 0.25 0.25 -3.375 1 1 1 1
v 0.375 0.25 -3.5 1 1 1 1
v 0.25 0.25 -3.5 1 1 1 1
v 0.375 0.25 -3.375 1 1 1 1
v 0.125 0.25 -3.375 1 1 1 1
v 0.25 0.25 -3.5 1 1 1 1
v 0.125 0.25 -3.5 1 1 1 1
v 0.25 0.25 -3.375 1 1 1 1
v 0 0.25 -3.375 1 1 1 1
v 0.125 0.25 -3.5 1 1 1 1
v 0 0.25 -3.5 1 1 1 1
v 0.125 0.25 -3.375 1 1 1 1
v -0.125 0.25 -3.375 1 1 1 1
v 0 0.25 -3.5 1 1 1 1
v -0.125 0.25 -3.5 1 1 1 1
v 0 0.25 -3.375 1 1 1 1
v -0.25 0.25 -3.375 1 1 1 1
v -0.125 0.25 -3.5 1 1 1 1
v -0.25 0.25 -3.5 1 1 1 1
v -0.125 0.25 -3.375 1 1 1 1
v -0.375 0.25 -3.375 1 1 1 1
v -0.25 0.25 -3.5 1 1 1 1
v -0.375 0.25 -3.5 1 1 1 1
v -0.25 0.25 -3.375 1 1 1 1
v -0.5 0.25 -3.375 1 1 1 1
v -0.375 0.25 -3.5 1 1 1 1
v -0.5 0.25 -3.5 1 1 1 1
v -0.375 0.25 -3.375 1 1 1 1
v -0.625 0.25 -3.375 1 1 1 1
v -0.5 0.25 -3.5 1 1 1 1
v -0.625 0.25 -3.5 1 1 1 1
v -0.5 0.25 -3.375 1 1 1 1
v -0.75 0.25 -3.375 1 1 1 1
v -0.625 0.25 -3.5 1 1 1 1
v -0.75 0.25 -3.5 1 1 1 1
v -0.625 0.25 -3.375 1 1 1 1
v -0.875 0.25 -3.375 1 1 1 1
v -0.75 0.25 -3.5 1 1 1 1
v -0.875 0.25 -3.5 1 1 1 1
v -0.75 0.25 -3.375 1 1 1 1
v -1 0.25 -3.375 1 1 1 1
v -0.875 0.25 -3.5 1 1 1 1
v -1 0.25 -3.5 1 1 1 1
v -0.875 0.25 -3.375 1 1 1 1
v -1.125 0.25 -3.375 1 1 1 1
v -1 0.25 -3.5 1 1 1 1
v -1.125 0.25 -3.5 1 1 1 1
v -1 0.25 -3.375 1 1 1 1
v -1.25 0.25 -3.375 1 1 1 1
v -1.125 0.25 -3.5 1 1 1 1
v -1.25 0.25 -3.5 1 1 1 1
v -1.125 0.25 -3.375 1 1 1 1
v -1.375 0.25 -3.375 1 1 1 1
v -1.25 0.25 -3.5 1 1 1 1
v -1.375 0.25 -3.5 1 1 1 1
v -1.25 0.25 -3.375 1 1 1 1
v -1.5 0.25 -3.375 1 1 1 1
v -1.375 0.25 -3.5 1 1 1 1
v -1.5 0.25 -3.5 1 1 1 1
v -1.375 0.25 -3.375 1 1 1 1
v -1.625 0.25 -3.375 1 1 1 1
v -1.5 0.25 -3.5 1 1 1 1
v -1.625 0.25 -3.5 1 1 1 1
v -1.5 0.25 -3.375 1 1 1 1
v -1.75 0.25 -3.375 1 1 1 1
v -1.625 0.25 -3.5 1 1 1 1
v -1.75 0.25 -3.5 1 1 1 1
v -1.625 0.25 -3.375 1 1 1 1
v 1.75 0.25 -3.875 1 1 1 1
v 1.875 0.25 -3.875 1 1 1 1
v 1.75 0.25 -4 1 1 1 1
v 1.875 0.25 -3.875 1 1 1 1
v 2 0.25 -3.5 1 1 1 1
v 2.125 0.25 -3.625 1 1 1 1
v 2 0.25 -3.625 1 1 1 1
v 2.125 0.25 -3.5 1 1 1 1
v 1.875 0.25 -3.5 1 1 1 1
v 2 0.25 -3.625 1 1 1 1
v 1.875 0.25 -3.625 1 1 1 1
v 2 0.25 -3.5 1 1 1 1
v 1.75 0.25 -3.5 1 1 1 1
v 1.875 0.25 -3.625 1 1 1 1
v 1.75 0.25 -3.625 1 1 1 1
v 1.875 0.25 -3.5 1 1 1 1
v 1.625 0.25 -3.5 1 1 1 1
v 1.75 0.25 -3.625 1 1 1 1
v 1.625 0.25 -3.625 1 1 1 1
v 1.75 0.25 -3.5 1 1 1 1
v 1.5 0.25 -3.5 1 1 1 1
v 1.625 0.25 -3.625 1 1 1 1
v 1.5 0.25 -3.625 1 1 1 1
v 1.625 0.25 -3.5 1 1 1 1
v 1.375 0.25 -3.5 1 1 1 1
v 1.5 0.25 -3.625 1 1 1 1
v 1.375 0.25 -3.625 1 1 1 1
v 1.5 0.25 -3.5 1 1 1 1
v 1.25 0.25 -3.5 1 1 1 1
v 1.375 0.25 -3.625 1 1 1 1
v 1.25 0.25 -3.625 1 1 1 1
v 1.375 0.25 -3.5 1 1 1 1
v 1.125 0.25 -3.5 1 1 1 1
v 1.25 0.25 -3.625 1 1 1 1
v 1.125 0.25 -3.625 1 1 1 1
v 1.25 0.25 -3.5 1 1 1 1
v 1 0.25 -3.5 1 1 1 1
v 1.125 0.25 -3.625 1 1 1 1
v 1 0.25 -3.625 1 1 1 1
v 1.125 0.25 -3.5 1 1 1 1
v 0.875 0.25 -3.5 1 1 1 1
v 1 0.25 -3.625 1 1 1 1
v 0.875 0.25 -3.625 1 1 1 1
v 1 0.25 -3.5 1 1 1 1
v 0.75 0.25 -3.5 1 1 1 1
v 0.875 0.25 -3.625 1 1 1 1
v 0.75 0.25 -3.625 1 1 1 1
v 0.875 0.25 -3.5 1 1 1 1
v 0.625 0.25 -3.5 1 1 1 1
v 0.75 0.25 -3.625 1 1 1 1
v 0.625 0.25 -3.625 1 1 1 1
v 0.75 0.25 -3.5 1 1 1 1
v 0.5 0.25 -3.5 1 1 1 1
v 0.625 0.25 -3.625 1 1 1 1
v 0.5 0.25 -3.625 1 1 1 1
v 0.625 0.25 -3.5 1 1 1 1
v 0.375 0.25 -3.5 1 1 1 1
v 0.5 0.25 -3.625 1 1 1 1
v 0.375 0.25 -3.625 1 1 1 1
v 0.5 0.25 -3.5 1 1 1 1
v 0.25 0.25 -3.5 1 1 1 1
v 0.375 0.25 -3.625 1 1 1 1
v 0.25 0.25 -3.625 1 1 1 1
v 0.375 0.25 -3.5 1 1 1 1
v 0.125 0.25 -3.5 1 1 1 1
v 0.25 0.25 -3.625 1 1 1 1
v 0.125 0.25 -3.625 1 1 1 1
v 0.25 0.25 -3.5 1 1 1 1
v 0 0.25 -3.5 1 1 1 1
v 0.125 0.25 -3.625 1 1 1 1
v 0 0.25 -3.625 1 1 1 1
v 0.125 0.25 -3.5 1 1 1 1
v -0.125 0.25 -3.5 1 1 1 1
v 0 0.25 -3.625 1 1 1 1
v -0.125 0.25 -3.625 1 1 1 1
v 0 0.25 -3.5 1 1 1 1
v -0.25 0.25 -3.5 1 1 1 1
v -0.125 0.25 -3.625 1 1 1 1
v -0.25 0.25 -3.625 1 1 1 1
v -0.125 0.25 -3.5 1 1 1 1
v -0.375 0.25 -3.5 1 1 1 1
v -0.25 0.25 -3.625 1 1 1 1
v -0.375 0.25 -3.625 1 1 1 1
v -0.25 0.25 -3.5 1 1 1 1
v -0.5 0.25 -3.5 1 1 1 1
v -0.375 0.25 -3.625 1 1 1 1
v -0.5 0.25 -3.625 1 1 1 1
v -0.375 0.25 -3.5 1 1 1 1
v -0.625 0.25 -3.5 1 1 1 1
v -0.5 0.25 -3.625 1 1 1 1
v -0.625 0.25 -3.625 1 1 1 1
v -0.5 0.25 -3.5 1 1 1 1
v -0.75 0.25 -3.5 1 1 1 1
v -0.625 0.25 -3.625 1 1 1 1
v -0.75 0.25 -3.625 1 1 1 1
v -0.625 0.25 -3.5 1 1 1 1
v -0.875 0.25 -3.5 1 1 1 1
v -0.75 0.25 -3.625 1 1 1 1
v -0.875 0.25 -3.625 1 1 1 1
v -0.75 0.25 -3.5 1 1 1 1
v -1 0.25 -3.5 1 1 1 1
v -0.875 0.25 -3.625 1 1 1 1
v -1 0.25 -3.625 1 1 1 1
v -0.875 0.25 -3.5 1 1 1 1
v -1.125 0.25 -3.5 1 1 1 1
v -1 0.25 -3.625 1 1 1 1
v -1.125 0.25 -3.625 1 1 1 1
v -1 0.25 -3.5 1 1 1 1
v -1.25 0.25 -3.5 1 1 1 1
v -1.125 0.25 -3.625 1 1 1 1
v -1.25 0.25 -3.625 1 1 1 1
v -1.125 0.25 -3.5 1 1 1 1
v -1.375 0.25 -3.5 1 1 1 1
v -1.25 0.25 -3.625 1 1 1 1
v -1.375 0.25 -3.625 1 1 1 1
v -1.25 0.25 -3.5 1 1 1 1
v -1.5 0.25 -3.5 1 1 1 1
v -1.375 0.25 -3.625 1 1 1 1
v -1.5 0.25 -3.625 1 1 1 1
v -1.375 0.25 -3.5 1 1 1 1
v -1.625 0.25 -3.5 1 1 1 1
v -1.5 0.25 -3.625 1 1 1 1
v -1.625 0.25 -3.625 1 1 1 1
v -1.5 0.25 -3.5 1 1 1 1
v -1.75 0.25 -3.5 1 1 1 1
v -1.625 0.25 -3.625 1 1 1 1
v -1.75 0.25 -3.5 1 1 1 1
v -1.625 0.25 -3.5 1 1 1 1
v -0.25 0.25 0 1 1 1 1
v -0.125 0.25 -0.125 1 1 1 1
v -0.25 0.25 -0.125 1 1 1 1
v -0.125 0.25 0 1 1 1 1
v 2.125 0.25 -3.5 1 1 1 1
v 2.25 0.25 -3.5 1 1 1 1
v 2.125 0.25 -3.625 1 1 1 1
v 2.25 0.25 -3.5 1 1 1 1
v 1.875 0.25 -3.625 1 1 1 1
v 2 0.25 -3.75 1 1 1 1
v 1.875 0.25 -3.75 1 1 1 1
v 2 0.25 -3.625 1 1 1 1
v 1.75 0.25 -3.625 1 1 1 1
v 1.875 0.25 -3.75 1 1 1 1
v 1.75 0.25 -3.75 1 1 1 1
v 1.875 0.25 -3.625 1 1 1 1
v 1.625 0.25 -3.625 1 1 1 1
v 1.75 0.25 -3.75 1 1 1 1
v 1.625 0.25 -3.75 1 1 1 1
v 1.75 0.25 -3.625 1 1 1 1
v 1.5 0.25 -3.625 1 1 1 1
v 1.625 0.25 -3.75 1 1 1 1
v 1.5 0.25 -3.75 1 1 1 1
v 1.625 0.25 -3.625 1 1 1 1
v 1.375 0.25 -3.625 1 1 1 1
v 1.5 0.25 -3.75 1 1 1 1
v 1.375 0.25 -3.75 1 1 1 1
v 1.5 0.25 -3.625 1 1 1 1
v 1.25 0.25 -3.625 1 1 1 1
v 1.375 0.25 -3.75 1 1 1 1
v 1.25 0.25 -3.75 1 1 1 1
v 1.375 0.25 -3.625 1 1 1 1
v 1.125 0.25 -3.625 1 1 1 1
v 1.25 0.25 -3.75 1 1 1 1
v 1.125 0.25 -3.75 1 1 1 1
v 1.25 0.25 -3.625 1 1 1 1
v 1 0.25 -3.625 1 1 1 1
v 1.125 0.25 -3.75 1 1 1 1
v 1 0.25 -3.75 1 1 1 1
v 1.125 0.25 -3.625 1 1 1 1
v 0.875 0.25 -3.625 1 1 1 1
v 1 0.25 -3.75 1 1 1 1
v 0.875 0.25 -3.75 1 1 1 1
v 1 0.25 -3.625 1 1 1 1
v 0.75 0.25 -3.625 1 1 1 1
v 0.875 0.25 -3.75 1 1 1 1
v 0.75 0.25 -3.75 1 1 1 1
v 0.875 0.25 -3.625 1 1 1 1
v 0.625 0.25 -3.625 1 1 1 1
v 0.75 0.25 -3.75 1 1 1 1
v 0.625 0.25 -3.75 1 1 1 1
v 0.75 0.25 -3.625 1 1 1 1
v 0.5 0.25 -3.625 1 1 1 1
v 0.625 0.25 -3.75 1 1 1 1
v 0.5 0.25 -3.75 1 1 1 1
v 0.625 0.25 -3.625 1 1 1 1
v 0.375 0.25 -3.625 1 1 1 1
v 0.5 0.25 -3.75 1 1 1 1
v 0.375 0.25 -3.75 1 1 1 1
v 0.5 0.25 -3.625 1 1 1 1
v 0.25 0.25 -3.625 1 1 1 1
v 0.375 0.25 -3.75 1 1 1 1
v 0.25 0.25 -3.75 1 1 1 1
v 0.375 0.25 -3.625 1 1 1 1
v 0.125 0.25 -3.625 1 1 1 1
v 0.25 0.25 -3.75 1 1 1 1
v 0.125 0.25 -3.75 1 1 1 1
v 0.25 0.25 -3.625 1 1 1 1
v 0 0.25 -3.625 1 1 1 1
v 0.125 0.25 -3.75 1 1 1 1
v 0 0.25 -3.75 1 1 1 1
v 0.125 0.25 -3.625 1 1 1 1
v -0.125 0.25 -3.625 1 1 1 1
v 0 0.25 -3.75 1 1 1 1
v -0.125 0.25 -3.75 1 1 1 1
v 0 0.25 -3.625 1 1 1 1
v -0.25 0.25 -3.625 1 1 1 1
v -0.125 0.25 -3.75 1 1 1 1
v -0.25 0.25 -3.75 1 1 1 1
v -0.125 0.25 -3.625 1 1 1 1
v -0.375 0.25 -3.625 1 1 1 1
v -0.25 0.25 -3.75 1 1 1 1
v -0.375 0.25 -3.75 1 1 1 1
v -0.25 0.25 -3.625 1 1 1 1
v -0.5 0.25 -3.625 1 1 1 1
v -0.375 0.25 -3.75 1 1 1 1
v -0.5 0.25 -3.75 1 1 1 1
v -0.375 0.25 -3.625 1 1 1 1
v -0.625 0.25 -3.625 1 1 1 1
v -0.5 0.25 -3.75 1 1 1 1
v -0.625 0.25 -3.75 1 1 1 1
v -0.5 0.25 -3.625 1 1 1 1
v -0.75 0.25 -3.625 1 1 1 1
v -0.625 0.25 -3.75 1 1 1 1
v -0.75 0.25 -3.75 1 1 1 1
v -0.625 0.25 -3.625 1 1 1 1
v -0.875 0.25 -3.625 1 1 1 1
v -0.75 0.25 -3.75 1 1 1 1
v -0.875 0.25 -3.75 1 1 1 1
v -0.75 0.25 -3.625 1 1 1 1
v -1 0.25 -3.625 1 1 1 1
v -0.875 0.25 -3.75 1 1 1 1
v -1 0.25 -3.75 1 1 1 1
v -0.875 0.25 -3.625 1 1 1 1
v -1.125 0.25 -3.625 1 1 1 1
v -1 0.25 -3.75 1 1 1 1
v -1.125 0.25 -3.75 1 1 1 1
v -1 0.25 -3.625 1 1 1 1
v -1.25 0.25 -3.625 1 1 1 1
v -1.125 0.25 -3.75 1 1 1 1
v -1.25 0.25 -3.75 1 1 1 1
v -1.125 0.25 -3.625 1 1 1 1
v -1.375 0.25 -3.625 1 1 1 1
v -1.25 0.25 -3.75 1 1 1 1
v -1.375 0.25 -3.75 1 1 1 1
v -1.25 0.25 -3.625 1 1 1 1
v -1.5 0.25 -3.625 1 1 1 1
v -1.375 0.25 -3.75 1 1 1 1
v -1.5 0.25 -3.75 1 1 1 1
v -1.375 0.25 -3.625 1 1 1 1
v -1.5 0.25 -3.75 1 1 1 1
v -1.375 0.25 -3.875 1 1 1 1
v -1.5 0.25 -3.75 1 1 1 1
v -1.375 0.25 -3.75 1 1 1 1
v 0.125 0.25 0 1 1 1 1
v 0.25 0.25 -0.125 1 1 1 1
v 0.125 0.25 -0.125 1 1 1 1
v 0.25 0.25 0 1 1 1 1
v -0.375 0.25 0 1 1 1 1
v -0.25 0.25 -0.125 1 1 1 1
v -0.375 0.25 -0.125 1 1 1 1
v -0.25 0.25 0 1 1 1 1
v -0.5 0.25 0 1 1 1 1
v -0.375 0.25 -0.125 1 1 1 1
v -0.5 0.25 -0.125 1 1 1 1
v -0.375 0.25 0 1 1 1 1
v 1.875 0.25 -3.75 1 1 1 1
v 2 0.25 -3.75 1 1 1 1
v 1.875 0.25 -3.875 1 1 1 1
v 2 0.25 -3.75 1 1 1 1
v 1.75 0.25 -3.75 1 1 1 1
v 1.875 0.25 -3.875 1 1 1 1
v 1.75 0.25 -3.875 1 1 1 1
v 1.875 0.25 -3.75 1 1 1 1
v 1.625 0.25 -3.75 1 1 1 1
v 1.75 0.25 -3.875 1 1 1 1
v 1.625 0.25 -3.875 1 1 1 1
v 1.75 0.25 -3.75 1 1 1 1
v 1.5 0.25 -3.75 1 1 1 1
v 1.625 0.25 -3.875 1 1 1 1
v 1.5 0.25 -3.875 1 1 1 1
v 1.625 0.25 -3.75 1 1 1 1
v 1.375 0.25 -3.75 1 1 1 1
v 1.5 0.25 -3.875 1 1 1 1
v 1.375 0.25 -3.875 1 1 1 1
v 1.5 0.25 -3.75 1 1 1 1
v 1.25 0.25 -3.75 1 1 1 1
v 1.375 0.25 -3.875 1 1 1 1
v 1.25 0.25 -3.875 1 1 1 1
v 1.375 0.25 -3.75 1 1 1 1
v 1.125 0.25 -3.75 1 1 1 1
v 1.25 0.25 -3.875 1 1 1 1
v 1.125 0.25 -3.875 1 1 1 1
v 1.25 0.25 -3.75 1 1 1 1
v 1 0.25 -3.75 1 1 1 1
v 1.125 0.25 -3.875 1 1 1 1
v 1 0.25 -3.875 1 1 1 1
v 1.125 0.25 -3.75 1 1 1 1
v 0.875 0.25 -3.75 1 1 1 1
v 1 0.25 -3.875 1 1 1 1
v 0.875 0.25 -3.875 1 1 1 1
v 1 0.25 -3.75 1 1 1 1
v 0.75 0.25 -3.75 1 1 1 1
v 0.875 0.25 -3.875 1 1 1 1
v 0.75 0.25 -3.875 1 1 1 1
v 0.875 0.25 -3.75 1 1 1 1
v 0.625 0.25 -3.75 1 1 1 1
v 0.75 0.25 -3.875 1 1 1 1
v 0.625 0.25 -3.875 1 1 1 1
v 0.75 0.25 -3.75 1 1 1 1
v 0.5 0.25 -3.75 1 1 1 1
v 0.625 0.25 -3.875 1 1 1 1
v 0.5 0.25 -3.875 1 1 1 1
v 0.625 0.25 -3.75 1 1 1 1
v 0.375 0.25 -3.75 1 1 1 1
v 0.5 0.25 -3.875 1 1 1 1
v 0.375 0.25 -3.875 1 1 1 1
v 0.5 0.25 -3.75 1 1 1 1
v 0.25 0.25 -3.75 1 1 1 1
v 0.375 0.25 -3.875 1 1 1 1
v 0.25 0.25 -3.875 1 1 1 1
v 0.375 0.25 -3.75 1 1 1 1
v 0.125 0.25 -3.75 1 1 1 1
v 0.25 0.25 -3.875 1 1 1 1
v 0.125 0.25 -3.875 1 1 1 1
v 0.25 0.25 -3.75 1 1 1 1
v 0 0.25 -3.75 1 1 1 1
v 0.125 0.25 -3.875 1 1 1 1
v 0 0.25 -3.875 1 1 1 1
v 0.125 0.25 -3.75 1 1 1 1
v -0.125 0.25 -3.75 1 1 1 1
v 0 0.25 -3.875 1 1 1 1
v -0.125 0.25 -3.875 1 1 1 1
v 0 0.25 -3.75 1 1 1 1
v -0.25 0.25 -3.75 1 1 1 1
v -0.125 0.25 -3.875 1 1 1 1
v -0.25 0.25 -3.875 1 1 1 1
v -0.125 0.25 -3.75 1 1 1 1
v -0.375 0.25 -3.75 1 1 1 1
v -0.25 0.25 -3.875 1 1 1 1
v -0.375 0.25 -3.875 1 1 1 1
v -0.25 0.25 -3.75 1 1 1 1
v -0.5 0.25 -3.75 1 1 1 1
v -0.375 0.25 -3.875 1 1 1 1
v -0.5 0.25 -3.875 1 1 1 1
v -0.375 0.25 -3.75 1 1 1 1
v -0.625 0.25 -3.75 1 1 1 1
v -0.5 0.25 -3.875 1 1 1 1
v -0.625 0.25 -3.875 1 1 1 1
v -0.5 0.25 -3.75 1 1 1 1
v -0.75 0.25 -3.75 1 1 1 1
v -0.625 0.25 -3.875 1 1 1 1
v -0.75 0.25 -3.875 1 1 1 1
v -0.625 0.25 -3.75 1 1 1 1
v -0.875 0.25 -3.75 1 1 1 1
v -0.75 0.25 -3.875 1 1 1 1
v -0.875 0.25 -3.875 1 1 1 1
v -0.75 0.25 -3.75 1 1 1 1
v -1 0.25 -3.75 1 1 1 1
v -0.875 0.25 -3.875 1 1 1 1
v -1 0.25 -3.875 1 1 1 1
v -0.875 0.25 -3.75 1 1 1 1
v -1.125 0.25 -3.75 1 1 1 1
v -1 0.25 -3.875 1 1 1 1
v -1.125 0.25 -3.875 1 1 1 1
v -1 0.25 -3.75 1 1 1 1
v -1.25 0.25 -3.75 1 1 1 1
v -1.125 0.25 -3.875 1 1 1 1
v -1.25 0.25 -3.875 1 1 1 1
v -1.125 0.25 -3.75 1 1 1 1
v -1.375 0.25 -3.75 1 1 1 1
v -1.25 0.25 -3.875 1 1 1 1
v -1.375 0.25 -3.875 1 1 1 1
v -1.25 0.25 -3.75 1 1 1 1
v -1.625 0.25 -3.625 1 1 1 1
v -1.5 0.25 -3.75 1 1 1 1
v -1.625 0.25 -3.625 1 1 1 1
v -1.5 0.25 -3.625 1 1 1 1
v 0 0.25 0 1 1 1 1
v 0.125 0.25 -0.125 1 1 1 1
v 0 0.25 -0.125 1 1 1 1
v 0.125 0.25 0 1 1 1 1
v 2 0.25 -0.25 1 1 1 1
v 2.125 0.25 -0.375 1 1 1 1
v 2 0.25 -0.375 1 1 1 1
v 2 0.25 -0.25 1 1 1 1
v -0.625 0.25 0 1 1 1 1
v -0.5 0.25 -0.125 1 1 1 1
v -0.625 0.25 -0.125 1 1 1 1
v -0.5 0.25 0 1 1 1 1
v -0.75 0.25 0 1 1 1 1
v -0.625 0.25 -0.125 1 1 1 1
v -0.75 0.25 -0.125 1 1 1 1
v -0.625 0.25 0 1 1 1 1
v -0.875 0.25 0 1 1 1 1
v -0.75 0.25 -0.125 1 1 1 1
v -0.875 0.25 -0.125 1 1 1 1
v -0.75 0.25 0 1 1 1 1
v 2 0.25 -3.625 1 1 1 1
v 2.125 0.25 -3.625 1 1 1 1
v 2 0.25 -3.75 1 1 1 1
v 2.125 0.25 -3.625 1 1 1 1
v 1.625 0.25 -3.875 1 1 1 1
v 1.75 0.25 -4 1 1 1 1
v 1.625 0.25 -4 1 1 1 1
v 1.75 0.25 -3.875 1 1 1 1
v 1.5 0.25 -3.875 1 1 1 1
v 1.625 0.25 -4 1 1 1 1
v 1.5 0.25 -4 1 1 1 1
v 1.625 0.25 -3.875 1 1 1 1
v 1.375 0.25 -3.875 1 1 1 1
v 1.5 0.25 -4 1 1 1 1
v 1.375 0.25 -4 1 1 1 1
v 1.5 0.25 -3.875 1 1 1 1
v 1.25 0.25 -3.875 1 1 1 1
v 1.375 0.25 -4 1 1 1 1
v 1.25 0.25 -4 1 1 1 1
v 1.375 0.25 -3.875 1 1 1 1
v 1.125 0.25 -3.875 1 1 1 1
v 1.25 0.25 -4 1 1 1 1
v 1.125 0.25 -4 1 1 1 1
v 1.25 0.25 -3.875 1 1 1 1
v 1 0.25 -3.875 1 1 1 1
v 1.125 0.25 -4 1 1 1 1
v 1 0.25 -4 1 1 1 1
v 1.125 0.25 -3.875 1 1 1 1
v 0.875 0.25 -3.875 1 1 1 1
v 1 0.25 -4 1 1 1 1
v 0.875 0.25 -4 1 1 1 1
v 1 0.25 -3.875 1 1 1 1
v 0.75 0.25 -3.875 1 1 1 1
v 0.875 0.25 -4 1 1 1 1
v 0.75 0.25 -4 1 1 1 1
v 0.875 0.25 -3.875 1 1 1 1
v 0.625 0.25 -3.875 1 1 1 1
v 0.75 0.25 -4 1 1 1 1
v 0.625 0.25 -4 1 1 1 1
v 0.75 0.25 -3.875 1 1 1 1
v 0.5 0.25 -3.875 1 1 1 1
v 0.625 0.25 -4 1 1 1 1
v 0.5 0.25 -4 1 1 1 1
v 0.625 0.25 -3.875 1 1 1 1
v 0.375 0.25 -3.875 1 1 1 1
v 0.5 0.25 -4 1 1 1 1
v 0.375 0.25 -4 1 1 1 1
v 0.5 0.25 -3.875 1 1 1 1
v 0.25 0.25 -3.875 1 1 1 1
v 0.375 0.25 -4 1 1 1 1
v 0.25 0.25 -4 1 1 1 1
v 0.375 0.25 -3.875 1 1 1 1
v 0.125 0.25 -3.875 1 1 1 1
v 0.25 0.25 -4 1 1 1 1
v 0.125 0.25 -4 1 1 1 1
v 0.25 0.25 -3.875 1 1 1 1
v 0 0.25 -3.875 1 1 1 1
v 0.125 0.25 -4 1 1 1 1
v 0 0.25 -4 1 1 1 1
v 0.125 0.25 -3.875 1 1 1 1
v -0.125 0.25 -3.875 1 1 1 1
v 0 0.25 -4 1 1 1 1
v -0.125 0.25 -4 1 1 1 1
v 0 0.25 -3.875 1 1 1 1
v -0.25 0.25 -3.875 1 1 1 1
v -0.125 0.25 -4 1 1 1 1
v -0.25 0.25 -4 1 1 1 1
v -0.125 0.25 -3.875 1 1 1 1
v -0.375 0.25 -3.875 1 1 1 1
v -0.25 0.25 -4 1 1 1 1
v -0.375 0.25 -4 1 1 1 1
v -0.25 0.25 -3.875 1 1 1 1
v -0.5 0.25 -3.875 1 1 1 1
v -0.375 0.25 -4 1 1 1 1
v -0.5 0.25 -4 1 1 1 1
v -0.375 0.25 -3.875 1 1 1 1
v -0.625 0.25 -3.875 1 1 1 1
v -0.5 0.25 -4 1 1 1 1
v -0.625 0.25 -4 1 1 1 1
v -0.5 0.25 -3.875 1 1 1 1
v -0.75 0.25 -3.875 1 1 1 1
v -0.625 0.25 -4 1 1 1 1
v -0.75 0.25 -4 1 1 1 1
v -0.625 0.25 -3.875 1 1 1 1
v -0.875 0.25 -3.875 1 1 1 1
v -0.75 0.25 -4 1 1 1 1
v -0.875 0.25 -4 1 1 1 1
v -0.75 0.25 -3.875 1 1 1 1
v -1 0.25 -3.875 1 1 1 1
v -0.875 0.25 -4 1 1 1 1
v -1 0.25 -4 1 1 1 1
v -0.875 0.25 -3.875 1 1 1 1
v -1.125 0.25 -3.875 1 1 1 1
v -1 0.25 -4 1 1 1 1
v -1.125 0.25 -4 1 1 1 1
v -1 0.25 -3.875 1 1 1 1
v -1.25 0.25 -3.875 1 1 1 1
v -1.125 0.25 -4 1 1 1 1
v -1.25 0.25 -4 1 1 1 1
v -1.125 0.25 -3.875 1 1 1 1
v -1.375 0.25 -3.875 1 1 1 1
v -1.25 0.25 -4 1 1 1 1
v -1.375 0.25 -3.875 1 1 1 1
v -1.25 0.25 -3.875 1 1 1 1
v 1.625 0.25 0 1 1 1 1
v 1.75 0.25 -0.125 1 1 1 1
v 1.625 0.25 -0.125 1 1 1 1
v 1.75 0.25 0 1 1 1 1
v 1.5 0.25 0 1 1 1 1
v 1.625 0.25 -0.125 1 1 1 1
v 1.5 0.25 -0.125 1 1 1 1
v 1.625 0.25 0 1 1 1 1
v 1.375 0.25 0 1 1 1 1
v 1.5 0.25 -0.125 1 1 1 1
v 1.375 0.25 -0.125 1 1 1 1
v 1.5 0.25 0 1 1 1 1
v -0.125 0.25 0 1 1 1 1
v 0 0.25 -0.125 1 1 1 1
v -0.125 0.25 -0.125 1 1 1 1
v 0 0.25 0 1 1 1 1
v 1.25 0.125 -0.125 1 1 1 1
v 1.125 0.625 -0.125 1 1 1 1
v 1.125 0.125 -0.125 1 1 1 1
v 1.25 0.625 -0.125 1 1 1 1
v 1.125 0.125 -0.25 1 1 1 1
v 1.25 0.625 -0.25 1 1 1 1
v 1.25 0.125 -0.25 1 1 1 1
v 1.125 0.625 -0.25 1 1 1 1
v 0.5 0.125 -0.125 1 1 1 1
v 0.375 0.625 -0.125 1 1 1 1
v 0.375 0.125 -0.125 1 1 1 1
v 0.5 0.625 -0.125 1 1 1 1
v 0.375 0.125 -0.25 1 1 1 1
v 0.5 0.625 -0.25 1 1 1 1
v 0.5 0.125 -0.25 1 1 1 1
v 0.375 0.625 -0.25 1 1 1 1
v 0.625 0.125 -0.125 1 1 1 1
v 0.5 0.625 -0.125 1 1 1 1
v 0.5 0.125 -0.125 1 1 1 1
v 0.625 0.625 -0.125 1 1 1 1
v 0.5 0.125 -0.25 1 1 1 1
v 0.625 0.625 -0.25 1 1 1 1
v 0.625 0.125 -0.25 1 1 1 1
v 0.5 0.625 -0.25 1 1 1 1
v 1.625 0.125 -0.125 1 1 1 1
v 1.5 0.625 -0.125 1 1 1 1
v 1.5 0.125 -0.125 1 1 1 1
v 1.625 0.625 -0.125 1 1 1 1
v 1.5 0.125 -0.25 1 1 1 1
v 1.625 0.625 -0.25 1 1 1 1
v 1.625 0.125 -0.25 1 1 1 1
v 1.5 0.625 -0.25 1 1 1 1
v 0.75 0.125 -0.125 1 1 1 1
v 0.625 0.625 -0.125 1 1 1 1
v 0.625 0.125 -0.125 1 1 1 1
v 0.75 0.625 -0.125 1 1 1 1
v 0.625 0.125 -0.25 1 1 1 1
v 0.75 0.625 -0.25 1 1 1 1
v 0.75 0.125 -0.25 1 1 1 1
v 0.625 0.625 -0.25 1 1 1 1
v 0.375 0.125 -0.125 1 1 1 1
v 0.25 0.625 -0.125 1 1 1 1
v 0.25 0.125 -0.125 1 1 1 1
v 0.375 0.625 -0.125 1 1 1 1
v 0.25 0.125 -0.25 1 1 1 1
v 0.375 0.625 -0.25 1 1 1 1
v 0.375 0.125 -0.25 1 1 1 1
v 0.25 0.625 -0.25 1 1 1 1
v 1.75 0.125 -0.25 1 1 1 1
v 1.625 0.625 -0.125 1 1 1 1
v 1.625 0.125 -0.125 1 1 1 1
v 1.75 0.625 -0.25 1 1 1 1
v 0.875 0.125 -0.125 1 1 1 1
v 0.75 0.625 -0.125 1 1 1 1
v 0.75 0.125 -0.125 1 1 1 1
v 0.875 0.625 -0.125 1 1 1 1
v 0.75 0.125 -0.25 1 1 1 1
v 0.875 0.625 -0.25 1 1 1 1
v 0.875 0.125 -0.25 1 1 1 1
v 0.75 0.625 -0.25 1 1 1 1
v -1.25 0.125 -0.125 1 1 1 1
v -1.375 0.625 -0.25 1 1 1 1
v -1.375 0.125 -0.25 1 1 1 1
v -1.25 0.625 -0.125 1 1 1 1
v 0.25 0.125 -0.125 1 1 1 1
v 0.125 0.625 -0.125 1 1 1 1
v 0.125 0.125 -0.125 1 1 1 1
v 0.25 0.625 -0.125 1 1 1 1
v 0.125 0.125 -0.25 1 1 1 1
v 0.25 0.625 -0.25 1 1 1 1
v 0.25 0.125 -0.25 1 1 1 1
v 0.125 0.625 -0.25 1 1 1 1
v 1.375 0.125 -0.125 1 1 1 1
v 1.25 0.625 -0.125 1 1 1 1
v 1.25 0.125 -0.125 1 1 1 1
v 1.375 0.625 -0.125 1 1 1 1
v 1.25 0.125 -0.25 1 1 1 1
v 1.375 0.625 -0.25 1 1 1 1
v 1.375 0.125 -0.25 1 1 1 1
v 1.25 0.625 -0.25 1 1 1 1
v -0.375 0.125 -0.125 1 1 1 1
v -0.5 0.625 -0.125 1 1 1 1
v -0.5 0.125 -0.125 1 1 1 1
v -0.375 0.625 -0.125 1 1 1 1
v -0.5 0.125 -0.25 1 1 1 1
v -0.375 0.625 -0.25 1 1 1 1
v -0.375 0.125 -0.25 1 1 1 1
v -0.5 0.625 -0.25 1 1 1 1
v -0.25 0.125 -0.125 1 1 1 1
v -0.375 0.625 -0.125 1 1 1 1
v -0.375 0.125 -0.125 1 1 1 1
v -0.25 0.625 -0.125 1 1 1 1
v -0.375 0.125 -0.25 1 1 1 1
v -0.25 0.625 -0.25 1 1 1 1
v -0.25 0.125 -0.25 1 1 1 1
v -0.375 0.625 -0.25 1 1 1 1
v -0.75 0.125 -0.125 1 1 1 1
v -0.875 0.625 -0.125 1 1 1 1
v -0.875 0.125 -0.125 1 1 1 1
v -0.75 0.625 -0.125 1 1 1 1
v -0.875 0.125 -0.25 1 1 1 1
v -0.75 0.625 -0.25 1 1 1 1
v -0.75 0.125 -0.25 1 1 1 1
v -0.875 0.625 -0.25 1 1 1 1
v -0.625 0.125 -0.125 1 1 1 1
v -0.75 0.625 -0.125 1 1 1 1
v -0.75 0.125 -0.125 1 1 1 1
v -0.625 0.625 -0.125 1 1 1 1
v -0.75 0.125 -0.25 1 1 1 1
v -0.625 0.625 -0.25 1 1 1 1
v -0.625 0.125 -0.25 1 1 1 1
v -0.75 0.625 -0.25 1 1 1 1
v -0.5 0.125 -0.125 1 1 1 1
v -0.625 0.625 -0.125 1 1 1 1
v -0.625 0.125 -0.125 1 1 1 1
v -0.5 0.625 -0.125 1 1 1 1
v -0.625 0.125 -0.25 1 1 1 1
v -0.5 0.625 -0.25 1 1 1 1
v -0.5 0.125 -0.25 1 1 1 1
v -0.625 0.625 -0.25 1 1 1 1
v 1.5 0.125 -0.125 1 1 1 1
v 1.375 0.625 -0.125 1 1 1 1
v 1.375 0.125 -0.125 1 1 1 1
v 1.5 0.625 -0.125 1 1 1 1
v 1.375 0.125 -0.25 1 1 1 1
v 1.5 0.625 -0.25 1 1 1 1
v 1.5 0.125 -0.25 1 1 1 1
v 1.375 0.625 -0.25 1 1 1 1
v -0.125 0.125 -0.125 1 1 1 1
v -0.25 0.625 -0.125 1 1 1 1
v -0.25 0.125 -0.125 1 1 1 1
v -0.125 0.625 -0.125 1 1 1 1
v -0.25 0.125 -0.25 1 1 1 1
v -0.125 0.625 -0.25 1 1 1 1
v -0.125 0.125 -0.25 1 1 1 1
v -0.25 0.625 -0.25 1 1 1 1
v 0 0.125 -0.125 1 1 1 1
v -0.125 0.625 -0.125 1 1 1 1
v -0.125 0.125 -0.125 1 1 1 1
v 0 0.625 -0.125 1 1 1 1
v -0.125 0.125 -0.25 1 1 1 1
v 0 0.625 -0.25 1 1 1 1
v 0 0.125 -0.25 1 1 1 1
v -0.125 0.625 -0.25 1 1 1 1
v 0.125 0.125 -0.125 1 1 1 1
v 0 0.625 -0.125 1 1 1 1
v 0 0.125 -0.125 1 1 1 1
v 0.125 0.625 -0.125 1 1 1 1
v 0 0.125 -0.25 1 1 1 1
v 0.125 0.625 -0.25 1 1 1 1
v 0.125 0.125 -0.25 1 1 1 1
v 0 0.625 -0.25 1 1 1 1
v 1 0.125 -0.125 1 1 1 1
v 0.875 0.625 -0.125 1 1 1 1
v 0.875 0.125 -0.125 1 1 1 1
v 1 0.625 -0.125 1 1 1 1
v 0.875 0.125 -0.25 1 1 1 1
v 1 0.625 -0.25 1 1 1 1
v 1 0.125 -0.25 1 1 1 1
v 0.875 0.625 -0.25 1 1 1 1
v 1.125 0.125 -0.125 1 1 1 1
v 1 0.625 -0.125 1 1 1 1
v 1 0.125 -0.125 1 1 1 1
v 1.125 0.625 -0.125 1 1 1 1
v 1 0.125 -0.25 1 1 1 1
v 1.125 0.625 -0.25 1 1 1 1
v 1.125 0.125 -0.25 1 1 1 1
v 1 0.625 -0.25 1 1 1 1
v -1.125 0.125 -0.125 1 1 1 1
v -1.25 0.625 -0.125 1 1 1 1
v -1.25 0.125 -0.125 1 1 1 1
v -1.125 0.625 -0.125 1 1 1 1
v -1.25 0.125 -0.25 1 1 1 1
v -1.125 0.625 -0.25 1 1 1 1
v -1.125 0.125 -0.25 1 1 1 1
v -1.25 0.625 -0.25 1 1 1 1
v -1 0.125 -0.125 1 1 1 1
v -1.125 0.625 -0.125 1 1 1 1
v -1.125 0.125 -0.125 1 1 1 1
v -1 0.625 -0.125 1 1 1 1
v -1.125 0.125 -0.25 1 1 1 1
v -1 0.625 -0.25 1 1 1 1
v -1 0.125 -0.25 1 1 1 1
v -1.125 0.625 -0.25 1 1 1 1
v -0.875 0.125 -0.125 1 1 1 1
v -1 0.625 -0.125 1 1 1 1
v -1 0.125 -0.125 1 1 1 1
v -0.875 0.625 -0.125 1 1 1 1
v -1 0.125 -0.25 1 1 1 1
v -0.875 0.625 -0.25 1 1 1 1
v -0.875 0.125 -0.25 1 1 1 1
v -1 0.625 -0.25 1 1 1 1
v -1.625 0.125 -3.375 1 1 1 1
v -1.5 0.625 -3.5 1 1 1 1
v -1.5 0.125 -3.5 1 1 1 1
v -1.625 0.625 -3.375 1 1 1 1
v -1.125 0.125 -3.625 1 1 1 1
v -1.25 0.625 -3.625 1 1 1 1
v -1.25 0.125 -3.625 1 1 1 1
v -1.125 0.625 -3.625 1 1 1 1
v -1.25 0.125 -3.75 1 1 1 1
v -1.125 0.625 -3.75 1 1 1 1
v -1.125 0.125 -3.75 1 1 1 1
v -1.25 0.625 -3.75 1 1 1 1
v -1 0.125 -3.625 1 1 1 1
v -1.125 0.625 -3.625 1 1 1 1
v -1.125 0.125 -3.625 1 1 1 1
v -1 0.625 -3.625 1 1 1 1
v -1.125 0.125 -3.75 1 1 1 1
v -1 0.625 -3.75 1 1 1 1
v -1 0.125 -3.75 1 1 1 1
v -1.125 0.625 -3.75 1 1 1 1
v -0.875 0.125 -3.625 1 1 1 1
v -1 0.625 -3.625 1 1 1 1
v -1 0.125 -3.625 1 1 1 1
v -0.875 0.625 -3.625 1 1 1 1
v -1 0.125 -3.75 1 1 1 1
v -0.875 0.625 -3.75 1 1 1 1
v -0.875 0.125 -3.75 1 1 1 1
v -1 0.625 -3.75 1 1 1 1
v -0.75 0.125 -3.625 1 1 1 1
v -0.875 0.625 -3.625 1 1 1 1
v -0.875 0.125 -3.625 1 1 1 1
v -0.75 0.625 -3.625 1 1 1 1
v -0.875 0.125 -3.75 1 1 1 1
v -0.75 0.625 -3.75 1 1 1 1
v -0.75 0.125 -3.75 1 1 1 1
v -0.875 0.625 -3.75 1 1 1 1
v -0.625 0.125 -3.625 1 1 1 1
v -0.75 0.625 -3.625 1 1 1 1
v -0.75 0.125 -3.625 1 1 1 1
v -0.625 0.625 -3.625 1 1 1 1
v -0.75 0.125 -3.75 1 1 1 1
v -0.625 0.625 -3.75 1 1 1 1
v -0.625 0.125 -3.75 1 1 1 1
v -0.75 0.625 -3.75 1 1 1 1
v -0.5 0.125 -3.625 1 1 1 1
v -0.625 0.625 -3.625 1 1 1 1
v -0.625 0.125 -3.625 1 1 1 1
v -0.5 0.625 -3.625 1 1 1 1
v -0.625 0.125 -3.75 1 1 1 1
v -0.5 0.625 -3.75 1 1 1 1
v -0.5 0.125 -3.75 1 1 1 1
v -0.625 0.625 -3.75 1 1 1 1
v -0.375 0.125 -3.625 1 1 1 1
v -0.5 0.625 -3.625 1 1 1 1
v -0.5 0.125 -3.625 1 1 1 1
v -0.375 0.625 -3.625 1 1 1 1
v -0.5 0.125 -3.75 1 1 1 1
v -0.375 0.625 -3.75 1 1 1 1
v -0.375 0.125 -3.75 1 1 1 1
v -0.5 0.625 -3.75 1 1 1 1
v -0.25 0.125 -3.625 1 1 1 1
v -0.375 0.625 -3.625 1 1 1 1
v -0.375 0.125 -3.625 1 1 1 1
v -0.25 0.625 -3.625 1 1 1 1
v -0.375 0.125 -3.75 1 1 1 1
v -0.25 0.625 -3.75 1 1 1 1
v -0.25 0.125 -3.75 1 1 1 1
v -0.375 0.625 -3.75 1 1 1 1
v -0.125 0.125 -3.625 1 1 1 1
v -0.25 0.625 -3.625 1 1 1 1
v -0.25 0.125 -3.625 1 1 1 1
v -0.125 0.625 -3.625 1 1 1 1
v -0.25 0.125 -3.75 1 1 1 1
v -0.125 0.625 -3.75 1 1 1 1
v -0.125 0.125 -3.75 1 1 1 1
v -0.25 0.625 -3.75 1 1 1 1
v 0 0.125 -3.625 1 1 1 1
v -0.125 0.625 -3.625 1 1 1 1
v -0.125 0.125 -3.625 1 1 1 1
v 0 0.625 -3.625 1 1 1 1
v -0.125 0.125 -3.75 1 1 1 1
v 0 0.625 -3.75 1 1 1 1
v 0 0.125 -3.75 1 1 1 1
v -0.125 0.625 -3.75 1 1 1 1
v 0.125 0.125 -3.625 1 1 1 1
v 0 0.625 -3.625 1 1 1 1
v 0 0.125 -3.625 1 1 1 1
v 0.125 0.625 -3.625 1 1 1 1
v 0 0.125 -3.75 1 1 1 1
v 0.125 0.625 -3.75 1 1 1 1
v 0.125 0.125 -3.75 1 1 1 1
v 0 0.625 -3.75 1 1 1 1
v 0.25 0.125 -3.625 1 1 1 1
v 0.125 0.625 -3.625 1 1 1 1
v 0.125 0.125 -3.625 1 1 1 1
v 0.25 0.625 -3.625 1 1 1 1
v 0.125 0.125 -3.75 1 1 1 1
v 0.25 0.625 -3.75 1 1 1 1
v 0.25 0.125 -3.75 1 1 1 1
v 0.125 0.625 -3.75 1 1 1 1
v 0.375 0.125 -3.625 1 1 1 1
v 0.25 0.625 -3.625 1 1 1 1
v 0.25 0.125 -3.625 1 1 1 1
v 0.375 0.625 -3.625 1 1 1 1
v 0.25 0.125 -3.75 1 1 1 1
v 0.375 0.625 -3.75 1 1 1 1
v 0.375 0.125 -3.75 1 1 1 1
v 0.25 0.625 -3.75 1 1 1 1
v 0.5 0.125 -3.625 1 1 1 1
v 0.375 0.625 -3.625 1 1 1 1
v 0.375 0.125 -3.625 1 1 1 1
v 0.5 0.625 -3.625 1 1 1 1
v 0.375 0.125 -3.75 1 1 1 1
v 0.5 0.625 -3.75 1 1 1 1
v 0.5 0.125 -3.75 1 1 1 1
v 0.375 0.625 -3.75 1 1 1 1
v 0.625 0.125 -3.625 1 1 1 1
v 0.5 0.625 -3.625 1 1 1 1
v 0.5 0.125 -3.625 1 1 1 1
v 0.625 0.625 -3.625 1 1 1 1
v 0.5 0.125 -3.75 1 1 1 1
v 0.625 0.625 -3.75 1 1 1 1
v 0.625 0.125 -3.75 1 1 1 1
v 0.5 0.625 -3.75 1 1 1 1
v 0.75 0.125 -3.625 1 1 1 1
v 0.625 0.625 -3.625 1 1 1 1
v 0.625 0.125 -3.625 1 1 1 1
v 0.75 0.625 -3.625 1 1 1 1
v 0.625 0.125 -3.75 1 1 1 1
v 0.75 0.625 -3.75 1 1 1 1
v 0.75 0.125 -3.75 1 1 1 1
v 0.625 0.625 -3.75 1 1 1 1
v 0.875 0.125 -3.625 1 1 1 1
v 0.75 0.625 -3.625 1 1 1 1
v 0.75 0.125 -3.625 1 1 1 1
v 0.875 0.625 -3.625 1 1 1 1
v 0.75 0.125 -3.75 1 1 1 1
v 0.875 0.625 -3.75 1 1 1 1
v 0.875 0.125 -3.75 1 1 1 1
v 0.75 0.625 -3.75 1 1 1 1
v 1 0.125 -3.625 1 1 1 1
v 0.875 0.625 -3.625 1 1 1 1
v 0.875 0.125 -3.625 1 1 1 1
v 1 0.625 -3.625 1 1 1 1
v 0.875 0.125 -3.75 1 1 1 1
v 1 0.625 -3.75 1 1 1 1
v 1 0.125 -3.75 1 1 1 1
v 0.875 0.625 -3.75 1 1 1 1
v 1.125 0.125 -3.625 1 1 1 1
v 1 0.625 -3.625 1 1 1 1
v 1 0.125 -3.625 1 1 1 1
v 1.125 0.625 -3.625 1 1 1 1
v 1 0.125 -3.75 1 1 1 1
v 1.125 0.625 -3.75 1 1 1 1
v 1.125 0.125 -3.75 1 1 1 1
v 1 0.625 -3.75 1 1 1 1
v 1.25 0.125 -3.625 1 1 1 1
v 1.125 0.625 -3.625 1 1 1 1
v 1.125 0.125 -3.625 1 1 1 1
v 1.25 0.625 -3.625 1 1 1 1
v 1.125 0.125 -3.75 1 1 1 1
v 1.25 0.625 -3.75 1 1 1 1
v 1.25 0.125 -3.75 1 1 1 1
v 1.125 0.625 -3.75 1 1 1 1
v 1.375 0.125 -3.625 1 1 1 1
v 1.25 0.625 -3.625 1 1 1 1
v 1.25 0.125 -3.625 1 1 1 1
v 1.375 0.625 -3.625 1 1 1 1
v 1.25 0.125 -3.75 1 1 1 1
v 1.375 0.625 -3.75 1 1 1 1
v 1.375 0.125 -3.75 1 1 1 1
v 1.25 0.625 -3.75 1 1 1 1
v 1.5 0.125 -3.625 1 1 1 1
v 1.375 0.625 -3.625 1 1 1 1
v 1.375 0.125 -3.625 1 1 1 1
v 1.5 0.625 -3.625 1 1 1 1
v 1.375 0.125 -3.75 1 1 1 1
v 1.5 0.625 -3.75 1 1 1 1
v 1.5 0.125 -3.75 1 1 1 1
v 1.375 0.625 -3.75 1 1 1 1
v 1.625 0.125 -3.625 1 1 1 1
v 1.5 0.625 -3.625 1 1 1 1
v 1.5 0.125 -3.625 1 1 1 1
v 1.625 0.625 -3.625 1 1 1 1
v 1.5 0.125 -3.75 1 1 1 1
v 1.625 0.625 -3.75 1 1 1 1
v 1.625 0.125 -3.75 1 1 1 1
v 1.5 0.625 -3.75 1 1 1 1
v 1.75 0.125 -3.625 1 1 1 1
v 1.875 0.625 -3.5 1 1 1 1
v 1.875 0.125 -3.5 1 1 1 1
v 1.75 0.625 -3.625 1 1 1 1
v 2 0.125 -0.5 1 1 1 1
v 1.875 0.625 -0.375 1 1 1 1
v 1.875 0.125 -0.375 1 1 1 1
v 2 0.625 -0.5 1 1 1 1
v -1.375 0.125 -3.625 1 1 1 1
v -1.25 0.625 -3.75 1 1 1 1
v -1.25 0.125 -3.75 1 1 1 1
v -1.375 0.625 -3.625 1 1 1 1
v -1.25 0.125 -3.625 1 1 1 1
v -1.375 0.625 -3.5 1 1 1 1
v -1.375 0.125 -3.5 1 1 1 1
v -1.25 0.625 -3.625 1 1 1 1
v -1.5 0.125 -2.125 1 1 1 1
v -1.5 0.625 -2 1 1 1 1
v -1.5 0.125 -2 1 1 1 1
v -1.5 0.625 -2.125 1 1 1 1
v -1.625 0.125 -2 1 1 1 1
v -1.625 0.625 -2.125 1 1 1 1
v -1.625 0.125 -2.125 1 1 1 1
v -1.625 0.625 -2 1 1 1 1
v -1.5 0.125 -1.875 1 1 1 1
v -1.5 0.625 -1.75 1 1 1 1
v -1.5 0.125 -1.75 1 1 1 1
v -1.5 0.625 -1.875 1 1 1 1
v -1.625 0.125 -1.75 1 1 1 1
v -1.625 0.625 -1.875 1 1 1 1
v -1.625 0.125 -1.875 1 1 1 1
v -1.625 0.625 -1.75 1 1 1 1
v -1.5 0.125 -2.875 1 1 1 1
v -1.5 0.625 -2.75 1 1 1 1
v -1.5 0.125 -2.75 1 1 1 1
v -1.5 0.625 -2.875 1 1 1 1
v -1.625 0.125 -2.75 1 1 1 1
v -1.625 0.625 -2.875 1 1 1 1
v -1.625 0.125 -2.875 1 1 1 1
v -1.625 0.625 -2.75 1 1 1 1
v 2 0.125 -2.375 1 1 1 1
v 2 0.625 -2.25 1 1 1 1
v 2 0.125 -2.25 1 1 1 1
v 2 0.625 -2.375 1 1 1 1
v 1.875 0.125 -2.25 1 1 1 1
v 1.875 0.625 -2.375 1 1 1 1
v 1.875 0.125 -2.375 1 1 1 1
v 1.875 0.625 -2.25 1 1 1 1
v 2 0.125 -3.375 1 1 1 1
v 2 0.625 -3.25 1 1 1 1
v 2 0.125 -3.25 1 1 1 1
v 2 0.625 -3.375 1 1 1 1
v 1.875 0.125 -3.25 1 1 1 1
v 1.875 0.625 -3.375 1 1 1 1
v 1.875 0.125 -3.375 1 1 1 1
v 1.875 0.625 -3.25 1 1 1 1
v -1.5 0.125 -3.25 1 1 1 1
v -1.5 0.625 -3.125 1 1 1 1
v -1.5 0.125 -3.125 1 1 1 1
v -1.5 0.625 -3.25 1 1 1 1
v -1.625 0.125 -3.125 1 1 1 1
v -1.625 0.625 -3.25 1 1 1 1
v -1.625 0.125 -3.25 1 1 1 1
v -1.625 0.625 -3.125 1 1 1 1
v -1.5 0.125 -2.25 1 1 1 1
v -1.5 0.625 -2.125 1 1 1 1
v -1.5 0.125 -2.125 1 1 1 1
v -1.5 0.625 -2.25 1 1 1 1
v -1.625 0.125 -2.125 1 1 1 1
v -1.625 0.625 -2.25 1 1 1 1
v -1.625 0.125 -2.25 1 1 1 1
v -1.625 0.625 -2.125 1 1 1 1
v 2 0.125 -2.5 1 1 1 1
v 2 0.625 -2.375 1 1 1 1
v 2 0.125 -2.375 1 1 1 1
v 2 0.625 -2.5 1 1 1 1
v 1.875 0.125 -2.375 1 1 1 1
v 1.875 0.625 -2.5 1 1 1 1
v 1.875 0.125 -2.5 1 1 1 1
v 1.875 0.625 -2.375 1 1 1 1
v -1.5 0.125 -2.375 1 1 1 1
v -1.5 0.625 -2.25 1 1 1 1
v -1.5 0.125 -2.25 1 1 1 1
v -1.5 0.625 -2.375 1 1 1 1
v -1.625 0.125 -2.25 1 1 1 1
v -1.625 0.625 -2.375 1 1 1 1
v -1.625 0.125 -2.375 1 1 1 1
v -1.625 0.625 -2.25 1 1 1 1
v 2 0.125 -3 1 1 1 1
v 2 0.625 -2.875 1 1 1 1
v 2 0.125 -2.875 1 1 1 1
v 2 0.625 -3 1 1 1 1
v 1.875 0.125 -2.875 1 1 1 1
v 1.875 0.625 -3 1 1 1 1
v 1.875 0.125 -3 1 1 1 1
v 1.875 0.625 -2.875 1 1 1 1
v 2 0.125 -1.25 1 1 1 1
v 2 0.625 -1.125 1 1 1 1
v 2 0.125 -1.125 1 1 1 1
v 2 0.625 -1.25 1 1 1 1
v 1.875 0.125 -1.125 1 1 1 1
v 1.875 0.625 -1.25 1 1 1 1
v 1.875 0.125 -1.25 1 1 1 1
v 1.875 0.625 -1.125 1 1 1 1
v 2 0.125 -1.125 1 1 1 1
v 2 0.625 -1 1 1 1 1
v 2 0.125 -1 1 1 1 1
v 2 0.625 -1.125 1 1 1 1
v 1.875 0.125 -1 1 1 1 1
v 1.875 0.625 -1.125 1 1 1 1
v 1.875 0.125 -1.125 1 1 1 1
v 1.875 0.625 -1 1 1 1 1
v -1.5 0.125 -1 1 1 1 1
v -1.5 0.625 -0.875 1 1 1 1
v -1.5 0.125 -0.875 1 1 1 1
v -1.5 0.625 -1 1 1 1 1
v -1.625 0.125 -0.875 1 1 1 1
v -1.625 0.625 -1 1 1 1 1
v -1.625 0.125 -1 1 1 1 1
v -1.625 0.625 -0.875 1 1 1 1
v 2 0.125 -3.125 1 1 1 1
v 2 0.625 -3 1 1 1 1
v 2 0.125 -3 1 1 1 1
v 2 0.625 -3.125 1 1 1 1
v 1.875 0.125 -3 1 1 1 1
v 1.875 0.625 -3.125 1 1 1 1
v 1.875 0.125 -3.125 1 1 1 1
v 1.875 0.625 -3 1 1 1 1
v 2 0.125 -1.375 1 1 1 1
v 2 0.625 -1.25 1 1 1 1
v 2 0.125 -1.25 1 1 1 1
v 2 0.625 -1.375 1 1 1 1
v 1.875 0.125 -1.25 1 1 1 1
v 1.875 0.625 -1.375 1 1 1 1
v 1.875 0.125 -1.375 1 1 1 1
v 1.875 0.625 -1.25 1 1 1 1
v -1.5 0.125 -1.25 1 1 1 1
v -1.5 0.625 -1.125 1 1 1 1
v -1.5 0.125 -1.125 1 1 1 1
v -1.5 0.625 -1.25 1 1 1 1
v -1.625 0.125 -1.125 1 1 1 1
v -1.625 0.625 -1.25 1 1 1 1
v -1.625 0.125 -1.25 1 1 1 1
v -1.625 0.625 -1.125 1 1 1 1
v -1.5 0.125 -3 1 1 1 1
v -1.5 0.625 -2.875 1 1 1 1
v -1.5 0.125 -2.875 1 1 1 1
v -1.5 0.625 -3 1 1 1 1
v -1.625 0.125 -2.875 1 1 1 1
v -1.625 0.625 -3 1 1 1 1
v -1.625 0.125 -3 1 1 1 1
v -1.625 0.625 -2.875 1 1 1 1
v -1.375 0.125 -0.375 1 1 1 1
v -1.25 0.625 -0.25 1 1 1 1
v -1.25 0.125 -0.25 1 1 1 1
v -1.375 0.625 -0.375 1 1 1 1
v 1.75 0.125 -3.5 1 1 1 1
v 1.625 0.625 -3.625 1 1 1 1
v 1.625 0.125 -3.625 1 1 1 1
v 1.75 0.625 -3.5 1 1 1 1
v 1.625 0.125 -3.75 1 1 1 1
v 1.75 0.625 -3.625 1 1 1 1
v 1.75 0.125 -3.625 1 1 1 1
v 1.625 0.625 -3.75 1 1 1 1
v -1.5 0.125 -3.5 1 1 1 1
v -1.375 0.625 -3.625 1 1 1 1
v -1.375 0.125 -3.625 1 1 1 1
v -1.5 0.625 -3.5 1 1 1 1
v -1.375 0.125 -3.5 1 1 1 1
v -1.5 0.625 -3.375 1 1 1 1
v -1.5 0.125 -3.375 1 1 1 1
v -1.375 0.625 -3.5 1 1 1 1
v -1.5 0.125 -1.75 1 1 1 1
v -1.5 0.625 -1.625 1 1 1 1
v -1.5 0.125 -1.625 1 1 1 1
v -1.5 0.625 -1.75 1 1 1 1
v -1.625 0.125 -1.625 1 1 1 1
v -1.625 0.625 -1.75 1 1 1 1
v -1.625 0.125 -1.75 1 1 1 1
v -1.625 0.625 -1.625 1 1 1 1
v 2 0.125 -1.875 1 1 1 1
v 2 0.625 -1.75 1 1 1 1
v 2 0.125 -1.75 1 1 1 1
v 2 0.625 -1.875 1 1 1 1
v 1.875 0.125 -1.75 1 1 1 1
v 1.875 0.625 -1.875 1 1 1 1
v 1.875 0.125 -1.875 1 1 1 1
v 1.875 0.625 -1.75 1 1 1 1
v 2 0.125 -2.875 1 1 1 1
v 2 0.625 -2.75 1 1 1 1
v 2 0.125 -2.75 1 1 1 1
v 2 0.625 -2.875 1 1 1 1
v 1.875 0.125 -2.75 1 1 1 1
v 1.875 0.625 -2.875 1 1 1 1
v 1.875 0.125 -2.875 1 1 1 1
v 1.875 0.625 -2.75 1 1 1 1
v -1.5 0.125 -2.75 1 1 1 1
v -1.5 0.625 -2.625 1 1 1 1
v -1.5 0.125 -2.625 1 1 1 1
v -1.5 0.625 -2.75 1 1 1 1
v -1.625 0.125 -2.625 1 1 1 1
v -1.625 0.625 -2.75 1 1 1 1
v -1.625 0.125 -2.75 1 1 1 1
v -1.625 0.625 -2.625 1 1 1 1
v -1.5 0.125 -1.5 1 1 1 1
v -1.5 0.625 -1.375 1 1 1 1
v -1.5 0.125 -1.375 1 1 1 1
v -1.5 0.625 -1.5 1 1 1 1
v -1.625 0.125 -1.375 1 1 1 1
v -1.625 0.625 -1.5 1 1 1 1
v -1.625 0.125 -1.5 1 1 1 1
v -1.625 0.625 -1.375 1 1 1 1
v 2 0.125 -0.875 1 1 1 1
v 2 0.625 -0.75 1 1 1 1
v 2 0.125 -0.75 1 1 1 1
v 2 0.625 -0.875 1 1 1 1
v 1.875 0.125 -0.75 1 1 1 1
v 1.875 0.625 -0.875 1 1 1 1
v 1.875 0.125 -0.875 1 1 1 1
v 1.875 0.625 -0.75 1 1 1 1
v 1.75 0.125 -0.375 1 1 1 1
v 1.875 0.625 -0.5 1 1 1 1
v 1.875 0.125 -0.5 1 1 1 1
v 1.75 0.625 -0.375 1 1 1 1
v -1.5 0.125 -1.625 1 1 1 1
v -1.5 0.625 -1.5 1 1 1 1
v -1.5 0.125 -1.5 1 1 1 1
v -1.5 0.625 -1.625 1 1 1 1
v -1.625 0.125 -1.5 1 1 1 1
v -1.625 0.625 -1.625 1 1 1 1
v -1.625 0.125 -1.625 1 1 1 1
v -1.625 0.625 -1.5 1 1 1 1
v 2 0.125 -1.625 1 1 1 1
v 2 0.625 -1.5 1 1 1 1
v 2 0.125 -1.5 1 1 1 1
v 2 0.625 -1.625 1 1 1 1
v 1.875 0.125 -1.5 1 1 1 1
v 1.875 0.625 -1.625 1 1 1 1
v 1.875 0.125 -1.625 1 1 1 1
v 1.875 0.625 -1.5 1 1 1 1
v 2 0.125 -2.75 1 1 1 1
v 2 0.625 -2.625 1 1 1 1
v 2 0.125 -2.625 1 1 1 1
v 2 0.625 -2.75 1 1 1 1
v 1.875 0.125 -2.625 1 1 1 1
v 1.875 0.625 -2.75 1 1 1 1
v 1.875 0.125 -2.75 1 1 1 1
v 1.875 0.625 -2.625 1 1 1 1
v -1.5 0.125 -2.625 1 1 1 1
v -1.5 0.625 -2.5 1 1 1 1
v -1.5 0.125 -2.5 1 1 1 1
v -1.5 0.625 -2.625 1 1 1 1
v -1.625 0.125 -2.5 1 1 1 1
v -1.625 0.625 -2.625 1 1 1 1
v -1.625 0.125 -2.625 1 1 1 1
v -1.625 0.625 -2.5 1 1 1 1
v 2 0.125 -0.75 1 1 1 1
v 2 0.625 -0.625 1 1 1 1
v 2 0.125 -0.625 1 1 1 1
v 2 0.625 -0.75 1 1 1 1
v 1.875 0.125 -0.625 1 1 1 1
v 1.875 0.625 -0.75 1 1 1 1
v 1.875 0.125 -0.75 1 1 1 1
v 1.875 0.625 -0.625 1 1 1 1
v 2 0.125 -3.25 1 1 1 1
v 2 0.625 -3.125 1 1 1 1
v 2 0.125 -3.125 1 1 1 1
v 2 0.625 -3.25 1 1 1 1
v 1.875 0.125 -3.125 1 1 1 1
v 1.875 0.625 -3.25 1 1 1 1
v 1.875 0.125 -3.25 1 1 1 1
v 1.875 0.625 -3.125 1 1 1 1
v -1.5 0.125 -3.125 1 1 1 1
v -1.5 0.625 -3 1 1 1 1
v -1.5 0.125 -3 1 1 1 1
v -1.5 0.625 -3.125 1 1 1 1
v -1.625 0.125 -3 1 1 1 1
v -1.625 0.625 -3.125 1 1 1 1
v -1.625 0.125 -3.125 1 1 1 1
v -1.625 0.625 -3 1 1 1 1
v -1.5 0.125 -0.625 1 1 1 1
v -1.5 0.625 -0.5 1 1 1 1
v -1.5 0.125 -0.5 1 1 1 1
v -1.5 0.625 -0.625 1 1 1 1
v -1.625 0.125 -0.5 1 1 1 1
v -1.625 0.625 -0.625 1 1 1 1
v -1.625 0.125 -0.625 1 1 1 1
v -1.625 0.625 -0.5 1 1 1 1
v -1.5 0.125 -1.125 1 1 1 1
v -1.5 0.625 -1 1 1 1 1
v -1.5 0.125 -1 1 1 1 1
v -1.5 0.625 -1.125 1 1 1 1
v -1.625 0.125 -1 1 1 1 1
v -1.625 0.625 -1.125 1 1 1 1
v -1.625 0.125 -1.125 1 1 1 1
v -1.625 0.625 -1 1 1 1 1
v 1.875 0.125 -0.375 1 1 1 1
v 1.75 0.625 -0.25 1 1 1 1
v 1.75 0.125 -0.25 1 1 1 1
v 1.875 0.625 -0.375 1 1 1 1
v 2 0.125 -1.75 1 1 1 1
v 2 0.625 -1.625 1 1 1 1
v 2 0.125 -1.625 1 1 1 1
v 2 0.625 -1.75 1 1 1 1
v 1.875 0.125 -1.625 1 1 1 1
v 1.875 0.625 -1.75 1 1 1 1
v 1.875 0.125 -1.75 1 1 1 1
v 1.875 0.625 -1.625 1 1 1 1
v 2 0.125 -2.125 1 1 1 1
v 2 0.625 -2 1 1 1 1
v 2 0.125 -2 1 1 1 1
v 2 0.625 -2.125 1 1 1 1
v 1.875 0.125 -2 1 1 1 1
v 1.875 0.625 -2.125 1 1 1 1
v 1.875 0.125 -2.125 1 1 1 1
v 1.875 0.625 -2 1 1 1 1
v -1.5 0.125 -2 1 1 1 1
v -1.5 0.625 -1.875 1 1 1 1
v -1.5 0.125 -1.875 1 1 1 1
v -1.5 0.625 -2 1 1 1 1
v -1.625 0.125 -1.875 1 1 1 1
v -1.625 0.625 -2 1 1 1 1
v -1.625 0.125 -2 1 1 1 1
v -1.625 0.625 -1.875 1 1 1 1
v 1.875 0.125 -3.375 1 1 1 1
v 1.75 0.625 -3.5 1 1 1 1
v 1.75 0.125 -3.5 1 1 1 1
v 1.875 0.625 -3.375 1 1 1 1
v 1.875 0.125 -3.5 1 1 1 1
v 2 0.625 -3.375 1 1 1 1
v 2 0.125 -3.375 1 1 1 1
v 1.875 0.625 -3.5 1 1 1 1
v -1.5 0.125 -3.375 1 1 1 1
v -1.5 0.625 -3.25 1 1 1 1
v -1.5 0.125 -3.25 1 1 1 1
v -1.5 0.625 -3.375 1 1 1 1
v -1.625 0.125 -3.25 1 1 1 1
v -1.625 0.625 -3.375 1 1 1 1
v -1.625 0.125 -3.375 1 1 1 1
v -1.625 0.625 -3.25 1 1 1 1
v 2 0.125 -2 1 1 1 1
v 2 0.625 -1.875 1 1 1 1
v 2 0.125 -1.875 1 1 1 1
v 2 0.625 -2 1 1 1 1
v 1.875 0.125 -1.875 1 1 1 1
v 1.875 0.625 -2 1 1 1 1
v 1.875 0.125 -2 1 1 1 1
v 1.875 0.625 -1.875 1 1 1 1
v 2 0.125 -1 1 1 1 1
v 2 0.625 -0.875 1 1 1 1
v 2 0.125 -0.875 1 1 1 1
v 2 0.625 -1 1 1 1 1
v 1.875 0.125 -0.875 1 1 1 1
v 1.875 0.625 -1 1 1 1 1
v 1.875 0.125 -1 1 1 1 1
v 1.875 0.625 -0.875 1 1 1 1
v 2 0.125 -0.625 1 1 1 1
v 2 0.625 -0.5 1 1 1 1
v 2 0.125 -0.5 1 1 1 1
v 2 0.625 -0.625 1 1 1 1
v 1.875 0.125 -0.5 1 1 1 1
v 1.875 0.625 -0.625 1 1 1 1
v 1.875 0.125 -0.625 1 1 1 1
v 1.875 0.625 -0.5 1 1 1 1
v -1.5 0.125 -0.375 1 1 1 1
v -1.625 0.625 -0.5 1 1 1 1
v -1.625 0.125 -0.5 1 1 1 1
v -1.5 0.625 -0.375 1 1 1 1
v -1.5 0.125 -0.5 1 1 1 1
v -1.375 0.625 -0.375 1 1 1 1
v -1.375 0.125 -0.375 1 1 1 1
v -1.5 0.625 -0.5 1 1 1 1
v -1.5 0.125 -0.75 1 1 1 1
v -1.5 0.625 -0.625 1 1 1 1
v -1.5 0.125 -0.625 1 1 1 1
v -1.5 0.625 -0.75 1 1 1 1
v -1.625 0.125 -0.625 1 1 1 1
v -1.625 0.625 -0.75 1 1 1 1
v -1.625 0.125 -0.75 1 1 1 1
v -1.625 0.625 -0.625 1 1 1 1
v -1.5 0.125 -0.875 1 1 1 1
v -1.5 0.625 -0.75 1 1 1 1
v -1.5 0.125 -0.75 1 1 1 1
v -1.5 0.625 -0.875 1 1 1 1
v -1.625 0.125 -0.75 1 1 1 1
v -1.625 0.625 -0.875 1 1 1 1
v -1.625 0.125 -0.875 1 1 1 1
v -1.625 0.625 -0.75 1 1 1 1
v 2 0.125 -2.625 1 1 1 1
v 2 0.625 -2.5 1 1 1 1
v 2 0.125 -2.5 1 1 1 1
v 2 0.625 -2.625 1 1 1 1
v 1.875 0.125 -2.5 1 1 1 1
v 1.875 0.625 -2.625 1 1 1 1
v 1.875 0.125 -2.625 1 1 1 1
v 1.875 0.625 -2.5 1 1 1 1
v -1.5 0.125 -2.5 1 1 1 1
v -1.5 0.625 -2.375 1 1 1 1
v -1.5 0.125 -2.375 1 1 1 1
v -1.5 0.625 -2.5 1 1 1 1
v -1.625 0.125 -2.375 1 1 1 1
v -1.625 0.625 -2.5 1 1 1 1
v -1.625 0.125 -2.5 1 1 1 1
v -1.625 0.625 -2.375 1 1 1 1
v 1.625 0.125 -0.25 1 1 1 1
v 1.75 0.625 -0.375 1 1 1 1
v 1.75 0.125 -0.375 1 1 1 1
v 1.625 0.625 -0.25 1 1 1 1
v -1.5 0.125 -1.375 1 1 1 1
v -1.5 0.625 -1.25 1 1 1 1
v -1.5 0.125 -1.25 1 1 1 1
v -1.5 0.625 -1.375 1 1 1 1
v -1.625 0.125 -1.25 1 1 1 1
v -1.625 0.625 -1.375 1 1 1 1
v -1.625 0.125 -1.375 1 1 1 1
v -1.625 0.625 -1.25 1 1 1 1
v -1.375 0.125 -0.25 1 1 1 1
v -1.5 0.625 -0.375 1 1 1 1
v -1.5 0.125 -0.375 1 1 1 1
v -1.375 0.625 -0.25 1 1 1 1
v 2 0.125 -1.5 1 1 1 1
v 2 0.625 -1.375 1 1 1 1
v 2 0.125 -1.375 1 1 1 1
v 2 0.625 -1.5 1 1 1 1
v 1.875 0.125 -1.375 1 1 1 1
v 1.875 0.625 -1.5 1 1 1 1
v 1.875 0.125 -1.5 1 1 1 1
v 1.875 0.625 -1.375 1 1 1 1
v 2 0.125 -2.25 1 1 1 1
v 2 0.625 -2.125 1 1 1 1
v 2 0.125 -2.125 1 1 1 1
v 2 0.625 -2.25 1 1 1 1
v 1.875 0.125 -2.125 1 1 1 1
v 1.875 0.625 -2.25 1 1 1 1
v 1.875 0.125 -2.25 1 1 1 1
v 1.875 0.625 -2.125 1 1 1 1
v 1.875 0.625 -2.125 1 1 1 1
v 2 0.625 -2.25 1 1 1 1
v 1.875 0.625 -2.25 1 1 1 1
v 2 0.625 -2.125 1 1 1 1
v 1.875 0.625 -1.375 1 1 1 1
v 2 0.625 -1.5 1 1 1 1
v 1.875 0.625 -1.5 1 1 1 1
v 2 0.625 -1.375 1 1 1 1
v -1 0.625 -0.125 1 1 1 1
v -0.875 0.625 -0.25 1 1 1 1
v -1 0.625 -0.25 1 1 1 1
v -0.875 0.625 -0.125 1 1 1 1
v -1.125 0.625 -0.125 1 1 1 1
v -1 0.625 -0.25 1 1 1 1
v -1.125 0.625 -0.25 1 1 1 1
v -1 0.625 -0.125 1 1 1 1
v -1.25 0.625 -0.125 1 1 1 1
v -1.125 0.625 -0.25 1 1 1 1
v -1.25 0.625 -0.25 1 1 1 1
v -1.125 0.625 -0.125 1 1 1 1
v -1.375 0.625 -0.25 1 1 1 1
v -1.375 0.625 -0.25 1 1 1 1
v -1.5 0.625 -0.375 1 1 1 1
v -1.375 0.625 -0.375 1 1 1 1
v 1 0.625 -0.125 1 1 1 1
v 1.125 0.625 -0.25 1 1 1 1
v 1 0.625 -0.25 1 1 1 1
v 1.125 0.625 -0.125 1 1 1 1
v 0.875 0.625 -0.125 1 1 1 1
v 1 0.625 -0.25 1 1 1 1
v 0.875 0.625 -0.25 1 1 1 1
v 1 0.625 -0.125 1 1 1 1
v -1.625 0.625 -1.25 1 1 1 1
v -1.5 0.625 -1.375 1 1 1 1
v -1.625 0.625 -1.375 1 1 1 1
v -1.5 0.625 -1.25 1 1 1 1
v 0 0.625 -0.125 1 1 1 1
v 0.125 0.625 -0.25 1 1 1 1
v 0 0.625 -0.25 1 1 1 1
v 0.125 0.625 -0.125 1 1 1 1
v -0.125 0.625 -0.125 1 1 1 1
v 0 0.625 -0.25 1 1 1 1
v -0.125 0.625 -0.25 1 1 1 1
v 0 0.625 -0.125 1 1 1 1
v 1.625 0.625 -0.25 1 1 1 1
v 1.75 0.625 -0.375 1 1 1 1
v 1.625 0.625 -0.25 1 1 1 1
v 1.75 0.625 -0.25 1 1 1 1
v -0.25 0.625 -0.125 1 1 1 1
v -0.125 0.625 -0.25 1 1 1 1
v -0.25 0.625 -0.25 1 1 1 1
v -0.125 0.625 -0.125 1 1 1 1
v -1.625 0.625 -2.375 1 1 1 1
v -1.5 0.625 -2.5 1 1 1 1
v -1.625 0.625 -2.5 1 1 1 1
v -1.5 0.625 -2.375 1 1 1 1
v 1.875 0.625 -2.5 1 1 1 1
v 2 0.625 -2.625 1 1 1 1
v 1.875 0.625 -2.625 1 1 1 1
v 2 0.625 -2.5 1 1 1 1
v -1.625 0.625 -0.75 1 1 1 1
v -1.5 0.625 -0.875 1 1 1 1
v -1.625 0.625 -0.875 1 1 1 1
v -1.5 0.625 -0.75 1 1 1 1
v 1.375 0.625 -0.125 1 1 1 1
v 1.5 0.625 -0.25 1 1 1 1
v 1.375 0.625 -0.25 1 1 1 1
v 1.5 0.625 -0.125 1 1 1 1
v -1.625 0.625 -0.625 1 1 1 1
v -1.5 0.625 -0.75 1 1 1 1
v -1.625 0.625 -0.75 1 1 1 1
v -1.5 0.625 -0.625 1 1 1 1
v -1.5 0.625 -0.375 1 1 1 1
v -1.375 0.625 -0.375 1 1 1 1
v -1.5 0.625 -0.5 1 1 1 1
v -1.375 0.625 -0.375 1 1 1 1
v -1.5 0.625 -0.375 1 1 1 1
v -1.5 0.625 -0.375 1 1 1 1
v -1.625 0.625 -0.5 1 1 1 1
v -1.5 0.625 -0.5 1 1 1 1
v 1.875 0.625 -0.5 1 1 1 1
v 2 0.625 -0.625 1 1 1 1
v 1.875 0.625 -0.625 1 1 1 1
v 2 0.625 -0.5 1 1 1 1
v 1.875 0.625 -0.875 1 1 1 1
v 2 0.625 -1 1 1 1 1
v 1.875 0.625 -1 1 1 1 1
v 2 0.625 -0.875 1 1 1 1
v 1.875 0.625 -1.875 1 1 1 1
v 2 0.625 -2 1 1 1 1
v 1.875 0.625 -2 1 1 1 1
v 2 0.625 -1.875 1 1 1 1
v -1.625 0.625 -3.25 1 1 1 1
v -1.5 0.625 -3.375 1 1 1 1
v -1.625 0.625 -3.375 1 1 1 1
v -1.5 0.625 -3.25 1 1 1 1
v 1.875 0.625 -3.375 1 1 1 1
v 2 0.625 -3.375 1 1 1 1
v 1.875 0.625 -3.5 1 1 1 1
v 2 0.625 -3.375 1 1 1 1
v 1.875 0.625 -3.375 1 1 1 1
v 1.875 0.625 -3.375 1 1 1 1
v 1.75 0.625 -3.5 1 1 1 1
v 1.875 0.625 -3.5 1 1 1 1
v -0.625 0.625 -0.125 1 1 1 1
v -0.5 0.625 -0.25 1 1 1 1
v -0.625 0.625 -0.25 1 1 1 1
v -0.5 0.625 -0.125 1 1 1 1
v -0.75 0.625 -0.125 1 1 1 1
v -0.625 0.625 -0.25 1 1 1 1
v -0.75 0.625 -0.25 1 1 1 1
v -0.625 0.625 -0.125 1 1 1 1
v -1.625 0.625 -1.875 1 1 1 1
v -1.5 0.625 -2 1 1 1 1
v -1.625 0.625 -2 1 1 1 1
v -1.5 0.625 -1.875 1 1 1 1
v 1.875 0.625 -2 1 1 1 1
v 2 0.625 -2.125 1 1 1 1
v 1.875 0.625 -2.125 1 1 1 1
v 2 0.625 -2 1 1 1 1
v -0.875 0.625 -0.125 1 1 1 1
v -0.75 0.625 -0.25 1 1 1 1
v -0.875 0.625 -0.25 1 1 1 1
v -0.75 0.625 -0.125 1 1 1 1
v -0.375 0.625 -0.125 1 1 1 1
v -0.25 0.625 -0.25 1 1 1 1
v -0.375 0.625 -0.25 1 1 1 1
v -0.25 0.625 -0.125 1 1 1 1
v -0.5 0.625 -0.125 1 1 1 1
v -0.375 0.625 -0.25 1 1 1 1
v -0.5 0.625 -0.25 1 1 1 1
v -0.375 0.625 -0.125 1 1 1 1
v 1.875 0.625 -1.625 1 1 1 1
v 2 0.625 -1.75 1 1 1 1
v 1.875 0.625 -1.75 1 1 1 1
v 2 0.625 -1.625 1 1 1 1
v 1.75 0.625 -0.25 1 1 1 1
v 1.875 0.625 -0.375 1 1 1 1
v 1.75 0.625 -0.375 1 1 1 1
v 1.75 0.625 -0.25 1 1 1 1
v -1.625 0.625 -1 1 1 1 1
v -1.5 0.625 -1.125 1 1 1 1
v -1.625 0.625 -1.125 1 1 1 1
v -1.5 0.625 -1 1 1 1 1
v -1.625 0.625 -0.5 1 1 1 1
v -1.5 0.625 -0.625 1 1 1 1
v -1.625 0.625 -0.625 1 1 1 1
v -1.5 0.625 -0.5 1 1 1 1
v -1.625 0.625 -3 1 1 1 1
v -1.5 0.625 -3.125 1 1 1 1
v -1.625 0.625 -3.125 1 1 1 1
v -1.5 0.625 -3 1 1 1 1
v 1.875 0.625 -3.125 1 1 1 1
v 2 0.625 -3.25 1 1 1 1
v 1.875 0.625 -3.25 1 1 1 1
v 2 0.625 -3.125 1 1 1 1
v 1.875 0.625 -0.625 1 1 1 1
v 2 0.625 -0.75 1 1 1 1
v 1.875 0.625 -0.75 1 1 1 1
v 2 0.625 -0.625 1 1 1 1
v -1.625 0.625 -2.5 1 1 1 1
v -1.5 0.625 -2.625 1 1 1 1
v -1.625 0.625 -2.625 1 1 1 1
v -1.5 0.625 -2.5 1 1 1 1
v 1.875 0.625 -2.625 1 1 1 1
v 2 0.625 -2.75 1 1 1 1
v 1.875 0.625 -2.75 1 1 1 1
v 2 0.625 -2.625 1 1 1 1
v 1.875 0.625 -1.5 1 1 1 1
v 2 0.625 -1.625 1 1 1 1
v 1.875 0.625 -1.625 1 1 1 1
v 2 0.625 -1.5 1 1 1 1
v -1.625 0.625 -1.5 1 1 1 1
v -1.5 0.625 -1.625 1 1 1 1
v -1.625 0.625 -1.625 1 1 1 1
v -1.5 0.625 -1.5 1 1 1 1
v 1.75 0.625 -0.375 1 1 1 1
v 1.875 0.625 -0.5 1 1 1 1
v 1.75 0.625 -0.375 1 1 1 1
v 1.875 0.625 -0.375 1 1 1 1
v 1.875 0.625 -0.75 1 1 1 1
v 2 0.625 -0.875 1 1 1 1
v 1.875 0.625 -0.875 1 1 1 1
v 2 0.625 -0.75 1 1 1 1
v -1.625 0.625 -1.375 1 1 1 1
v -1.5 0.625 -1.5 1 1 1 1
v -1.625 0.625 -1.5 1 1 1 1
v -1.5 0.625 -1.375 1 1 1 1
v -1.625 0.625 -2.625 1 1 1 1
v -1.5 0.625 -2.75 1 1 1 1
v -1.625 0.625 -2.75 1 1 1 1
v -1.5 0.625 -2.625 1 1 1 1
v 1.875 0.625 -2.75 1 1 1 1
v 2 0.625 -2.875 1 1 1 1
v 1.875 0.625 -2.875 1 1 1 1
v 2 0.625 -2.75 1 1 1 1
v 1.875 0.625 -1.75 1 1 1 1
v 2 0.625 -1.875 1 1 1 1
v 1.875 0.625 -1.875 1 1 1 1
v 2 0.625 -1.75 1 1 1 1
v -1.625 0.625 -1.625 1 1 1 1
v -1.5 0.625 -1.75 1 1 1 1
v -1.625 0.625 -1.75 1 1 1 1
v -1.5 0.625 -1.625 1 1 1 1
v -1.5 0.625 -3.375 1 1 1 1
v -1.375 0.625 -3.5 1 1 1 1
v -1.5 0.625 -3.5 1 1 1 1
v -1.5 0.625 -3.375 1 1 1 1
v -1.5 0.625 -3.5 1 1 1 1
v -1.375 0.625 -3.625 1 1 1 1
v -1.5 0.625 -3.5 1 1 1 1
v -1.375 0.625 -3.5 1 1 1 1
v 1.25 0.625 -0.125 1 1 1 1
v 1.375 0.625 -0.25 1 1 1 1
v 1.25 0.625 -0.25 1 1 1 1
v 1.375 0.625 -0.125 1 1 1 1
v 1.625 0.625 -3.625 1 1 1 1
v 1.75 0.625 -3.625 1 1 1 1
v 1.625 0.625 -3.75 1 1 1 1
v 1.75 0.625 -3.625 1 1 1 1
v 1.75 0.625 -3.5 1 1 1 1
v 1.75 0.625 -3.5 1 1 1 1
v 1.625 0.625 -3.625 1 1 1 1
v 1.75 0.625 -3.625 1 1 1 1
v 0.125 0.625 -0.125 1 1 1 1
v 0.25 0.625 -0.25 1 1 1 1
v 0.125 0.625 -0.25 1 1 1 1
v 0.25 0.625 -0.125 1 1 1 1
v -1.375 0.625 -0.25 1 1 1 1
v -1.25 0.625 -0.25 1 1 1 1
v -1.375 0.625 -0.375 1 1 1 1
v -1.25 0.625 -0.25 1 1 1 1
v -1.25 0.625 -0.125 1 1 1 1
v -1.25 0.625 -0.125 1 1 1 1
v -1.375 0.625 -0.25 1 1 1 1
v -1.25 0.625 -0.25 1 1 1 1
v 0.75 0.625 -0.125 1 1 1 1
v 0.875 0.625 -0.25 1 1 1 1
v 0.75 0.625 -0.25 1 1 1 1
v 0.875 0.625 -0.125 1 1 1 1
v 1.625 0.625 -0.125 1 1 1 1
v 1.75 0.625 -0.25 1 1 1 1
v 1.625 0.625 -0.25 1 1 1 1
v 1.625 0.625 -0.125 1 1 1 1
v -1.625 0.625 -2.875 1 1 1 1
v -1.5 0.625 -3 1 1 1 1
v -1.625 0.625 -3 1 1 1 1
v -1.5 0.625 -2.875 1 1 1 1
v -1.625 0.625 -1.125 1 1 1 1
v -1.5 0.625 -1.25 1 1 1 1
v -1.625 0.625 -1.25 1 1 1 1
v -1.5 0.625 -1.125 1 1 1 1
v 1.875 0.625 -1.25 1 1 1 1
v 2 0.625 -1.375 1 1 1 1
v 1.875 0.625 -1.375 1 1 1 1
v 2 0.625 -1.25 1 1 1 1
v 1.875 0.625 -3 1 1 1 1
v 2 0.625 -3.125 1 1 1 1
v 1.875 0.625 -3.125 1 1 1 1
v 2 0.625 -3 1 1 1 1
v -1.625 0.625 -0.875 1 1 1 1
v -1.5 0.625 -1 1 1 1 1
v -1.625 0.625 -1 1 1 1 1
v -1.5 0.625 -0.875 1 1 1 1
v 1.875 0.625 -1 1 1 1 1
v 2 0.625 -1.125 1 1 1 1
v 1.875 0.625 -1.125 1 1 1 1
v 2 0.625 -1 1 1 1 1
v 1.875 0.625 -1.125 1 1 1 1
v 2 0.625 -1.25 1 1 1 1
v 1.875 0.625 -1.25 1 1 1 1
v 2 0.625 -1.125 1 1 1 1
v 1.875 0.625 -2.875 1 1 1 1
v 2 0.625 -3 1 1 1 1
v 1.875 0.625 -3 1 1 1 1
v 2 0.625 -2.875 1 1 1 1
v -1.625 0.625 -2.25 1 1 1 1
v -1.5 0.625 -2.375 1 1 1 1
v -1.625 0.625 -2.375 1 1 1 1
v -1.5 0.625 -2.25 1 1 1 1
v 1.875 0.625 -2.375 1 1 1 1
v 2 0.625 -2.5 1 1 1 1
v 1.875 0.625 -2.5 1 1 1 1
v 2 0.625 -2.375 1 1 1 1
v -1.625 0.625 -2.125 1 1 1 1
v -1.5 0.625 -2.25 1 1 1 1
v -1.625 0.625 -2.25 1 1 1 1
v -1.5 0.625 -2.125 1 1 1 1
v -1.625 0.625 -3.125 1 1 1 1
v -1.5 0.625 -3.25 1 1 1 1
v -1.625 0.625 -3.25 1 1 1 1
v -1.5 0.625 -3.125 1 1 1 1
v 1.875 0.625 -3.25 1 1 1 1
v 2 0.625 -3.375 1 1 1 1
v 1.875 0.625 -3.375 1 1 1 1
v 2 0.625 -3.25 1 1 1 1
v 1.875 0.625 -2.25 1 1 1 1
v 2 0.625 -2.375 1 1 1 1
v 1.875 0.625 -2.375 1 1 1 1
v 2 0.625 -2.25 1 1 1 1
v -1.625 0.625 -2.75 1 1 1 1
v -1.5 0.625 -2.875 1 1 1 1
v -1.625 0.625 -2.875 1 1 1 1
v -1.5 0.625 -2.75 1 1 1 1
v -1.625 0.625 -1.75 1 1 1 1
v -1.5 0.625 -1.875 1 1 1 1
v -1.625 0.625 -1.875 1 1 1 1
v -1.5 0.625 -1.75 1 1 1 1
v -1.625 0.625 -2 1 1 1 1
v -1.5 0.625 -2.125 1 1 1 1
v -1.625 0.625 -2.125 1 1 1 1
v -1.5 0.625 -2 1 1 1 1
v 0.25 0.625 -0.125 1 1 1 1
v 0.375 0.625 -0.25 1 1 1 1
v 0.25 0.625 -0.25 1 1 1 1
v 0.375 0.625 -0.125 1 1 1 1
v -1.375 0.625 -3.5 1 1 1 1
v -1.25 0.625 -3.625 1 1 1 1
v -1.375 0.625 -3.625 1 1 1 1
v -1.375 0.625 -3.5 1 1 1 1
v -1.375 0.625 -3.625 1 1 1 1
v -1.25 0.625 -3.75 1 1 1 1
v -1.375 0.625 -3.625 1 1 1 1
v -1.25 0.625 -3.625 1 1 1 1
v 0.625 0.625 -0.125 1 1 1 1
v 0.75 0.625 -0.25 1 1 1 1
v 0.625 0.625 -0.25 1 1 1 1
v 0.75 0.625 -0.125 1 1 1 1
v 1.875 0.625 -0.375 1 1 1 1
v 2 0.625 -0.5 1 1 1 1
v 1.875 0.625 -0.5 1 1 1 1
v 1.875 0.625 -0.375 1 1 1 1
v 1.5 0.625 -0.125 1 1 1 1
v 1.625 0.625 -0.25 1 1 1 1
v 1.5 0.625 -0.25 1 1 1 1
v 1.625 0.625 -0.125 1 1 1 1
v 1.75 0.625 -3.5 1 1 1 1
v 1.875 0.625 -3.5 1 1 1 1
v 1.75 0.625 -3.625 1 1 1 1
v 1.875 0.625 -3.5 1 1 1 1
v 1.5 0.625 -3.625 1 1 1 1
v 1.625 0.625 -3.75 1 1 1 1
v 1.5 0.625 -3.75 1 1 1 1
v 1.625 0.625 -3.625 1 1 1 1
v 1.375 0.625 -3.625 1 1 1 1
v 1.5 0.625 -3.75 1 1 1 1
v 1.375 0.625 -3.75 1 1 1 1
v 1.5 0.625 -3.625 1 1 1 1
v 1.25 0.625 -3.625 1 1 1 1
v 1.375 0.625 -3.75 1 1 1 1
v 1.25 0.625 -3.75 1 1 1 1
v 1.375 0.625 -3.625 1 1 1 1
v 1.125 0.625 -3.625 1 1 1 1
v 1.25 0.625 -3.75 1 1 1 1
v 1.125 0.625 -3.75 1 1 1 1
v 1.25 0.625 -3.625 1 1 1 1
v 1 0.625 -3.625 1 1 1 1
v 1.125 0.625 -3.75 1 1 1 1
v 1 0.625 -3.75 1 1 1 1
v 1.125 0.625 -3.625 1 1 1 1
v 0.875 0.625 -3.625 1 1 1 1
v 1 0.625 -3.75 1 1 1 1
v 0.875 0.625 -3.75 1 1 1 1
v 1 0.625 -3.625 1 1 1 1
v 0.75 0.625 -3.625 1 1 1 1
v 0.875 0.625 -3.75 1 1 1 1
v 0.75 0.625 -3.75 1 1 1 1
v 0.875 0.625 -3.625 1 1 1 1
v 0.625 0.625 -3.625 1 1 1 1
v 0.75 0.625 -3.75 1 1 1 1
v 0.625 0.625 -3.75 1 1 1 1
v 0.75 0.625 -3.625 1 1 1 1
v 0.5 0.625 -3.625 1 1 1 1
v 0.625 0.625 -3.75 1 1 1 1
v 0.5 0.625 -3.75 1 1 1 1
v 0.625 0.625 -3.625 1 1 1 1
v 0.375 0.625 -3.625 1 1 1 1
v 0.5 0.625 -3.75 1 1 1 1
v 0.375 0.625 -3.75 1 1 1 1
v 0.5 0.625 -3.625 1 1 1 1
v 0.25 0.625 -3.625 1 1 1 1
v 0.375 0.625 -3.75 1 1 1 1
v 0.25 0.625 -3.75 1 1 1 1
v 0.375 0.625 -3.625 1 1 1 1
v 0.125 0.625 -3.625 1 1 1 1
v 0.25 0.625 -3.75 1 1 1 1
v 0.125 0.625 -3.75 1 1 1 1
v 0.25 0.625 -3.625 1 1 1 1
v 0 0.625 -3.625 1 1 1 1
v 0.125 0.625 -3.75 1 1 1 1
v 0 0.625 -3.75 1 1 1 1
v 0.125 0.625 -3.625 1 1 1 1
v -0.125 0.625 -3.625 1 1 1 1
v 0 0.625 -3.75 1 1 1 1
v -0.125 0.625 -3.75 1 1 1 1
v 0 0.625 -3.625 1 1 1 1
v -0.25 0.625 -3.625 1 1 1 1
v -0.125 0.625 -3.75 1 1 1 1
v -0.25 0.625 -3.75 1 1 1 1
v -0.125 0.625 -3.625 1 1 1 1
v -0.375 0.625 -3.625 1 1 1 1
v -0.25 0.625 -3.75 1 1 1 1
v -0.375 0.625 -3.75 1 1 1 1
v -0.25 0.625 -3.625 1 1 1 1
v -0.5 0.625 -3.625 1 1 1 1
v -0.375 0.625 -3.75 1 1 1 1
v -0.5 0.625 -3.75 1 1 1 1
v -0.375 0.625 -3.625 1 1 1 1
v -0.625 0.625 -3.625 1 1 1 1
v -0.5 0.625 -3.75 1 1 1 1
v -0.625 0.625 -3.75 1 1 1 1
v -0.5 0.625 -3.625 1 1 1 1
v -0.75 0.625 -3.625 1 1 1 1
v -0.625 0.625 -3.75 1 1 1 1
v -0.75 0.625 -3.75 1 1 1 1
v -0.625 0.625 -3.625 1 1 1 1
v -0.875 0.625 -3.625 1 1 1 1
v -0.75 0.625 -3.75 1 1 1 1
v -0.875 0.625 -3.75 1 1 1 1
v -0.75 0.625 -3.625 1 1 1 1
v -1 0.625 -3.625 1 1 1 1
v -0.875 0.625 -3.75 1 1 1 1
v -1 0.625 -3.75 1 1 1 1
v -0.875 0.625 -3.625 1 1 1 1
v -1.125 0.625 -3.625 1 1 1 1
v -1 0.625 -3.75 1 1 1 1
v -1.125 0.625 -3.75 1 1 1 1
v -1 0.625 -3.625 1 1 1 1
v -1.25 0.625 -3.625 1 1 1 1
v -1.125 0.625 -3.75 1 1 1 1
v -1.25 0.625 -3.75 1 1 1 1
v -1.125 0.625 -3.625 1 1 1 1
v -1.625 0.625 -3.375 1 1 1 1
v -1.5 0.625 -3.5 1 1 1 1
v -1.625 0.625 -3.375 1 1 1 1
v -1.5 0.625 -3.375 1 1 1 1
v 0.5 0.625 -0.125 1 1 1 1
v 0.625 0.625 -0.25 1 1 1 1
v 0.5 0.625 -0.25 1 1 1 1
v 0.625 0.625 -0.125 1 1 1 1
v 0.375 0.625 -0.125 1 1 1 1
v 0.5 0.625 -0.25 1 1 1 1
v 0.375 0.625 -0.25 1 1 1 1
v 0.5 0.625 -0.125 1 1 1 1
v 1.125 0.625 -0.125 1 1 1 1
v 1.25 0.625 -0.25 1 1 1 1
v 1.125 0.625 -0.25 1 1 1 1
v 1.25 0.625 -0.125 1 1 1 1
v 1.4375 -1.625 -0.9375 1 1 1 1
v 1.4375 0.125 -2.9375 1 1 1 1
v 1.4375 0.125 -0.9375 1 1 1 1
v 1.4375 -1.625 -2.9375 1 1 1 1
v 1.1875 -1.625 -0.6875 1 1 1 1
v 1.4375 0.125 -0.9375 1 1 1 1
v 1.1875 0.125 -0.6875 1 1 1 1
v 1.4375 -1.625 -0.9375 1 1 1 1
v 1.4375 -1.625 -2.9375 1 1 1 1
v 1.1875 0.125 -3.1875 1 1 1 1
v 1.4375 0.125 -2.9375 1 1 1 1
v 1.1875 -1.625 -3.1875 1 1 1 1
v -1.0625 -1.625 -0.9375 1 1 1 1
v -0.8125 0.125 -0.6875 1 1 1 1
v -1.0625 0.125 -0.9375 1 1 1 1
v -0.8125 -1.625 -0.6875 1 1 1 1
v -0.8125 -1.625 -0.6875 1 1 1 1
v 1.1875 0.125 -0.6875 1 1 1 1
v -0.8125 0.125 -0.6875 1 1 1 1
v 1.1875 -1.625 -0.6875 1 1 1 1
v -0.8125 -1.625 -3.1875 1 1 1 1
v -1.0625 0.125 -2.9375 1 1 1 1
v -0.8125 0.125 -3.1875 1 1 1 1
v -1.0625 -1.625 -2.9375 1 1 1 1
v -1.0625 -1.625 -2.9375 1 1 1 1
v -1.0625 0.125 -0.9375 1 1 1 1
v -1.0625 0.125 -2.9375 1 1 1 1
v -1.0625 -1.625 -0.9375 1 1 1 1
v 1.1875 -1.625 -3.1875 1 1 1 1
v -0.8125 0.125 -3.1875 1 1 1 1
v 1.1875 0.125 -3.1875 1 1 1 1
v -0.8125 -1.625 -3.1875 1 1 1 1
vt 0 0.09375
vt 0.015625 0.1015625
vt 0 0.1015625
vt 0.015625 0.09375
vt 0.0234375 0
vt 0.0390625 0.0078125
vt 0.0234375 0.0078125
vt 0.0390625 0
vt 0 0.203125
vt 0.015625 0.2109375
vt 0 0.2109375
vt 0.015625 0.203125
vt 0 0.03125
vt 0.015625 0.0390625
vt 0 0.0390625
vt 0.015625 0.03125
vt 0.25 0.0859375
vt 0.234375 0.078125
vt 0.25 0.078125
vt 0.234375 0.0859375
vt 0.234375 0.0703125
vt 0.25 0.0703125
vt 0.234375 0.0625
vt 0.25 0.0625
vt 0.234375 0.0546875
vt 0.25 0.0546875
vt 0.234375 0.046875
vt 0.25 0.046875
vt 0.234375 0.0390625
vt 0.25 0.0390625
vt 0.234375 0.03125
vt 0.25 0.03125
vt 0.2265625 0.0078125
vt 0.2109375 0
vt 0.2265625 0
vt 0.2109375 0.0078125
vt 0.15625 0
vt 0.1484375 0.015625
vt 0.1484375 0
vt 0.15625 0.015625
vt 0.234375 0.0234375
vt 0.25 0.0234375
vt 0.1328125 0
vt 0.125 0.015625
vt 0.125 0
vt 0.1328125 0.015625
vt 0.015625 0.2421875
vt 0.0234375 0.2265625
vt 0.0234375 0.2421875
vt 0.015625 0.2265625
vt 0.1875 0.25
vt 0.1953125 0.234375
vt 0.1953125 0.25
vt 0.1875 0.234375
vt 0.25 0.21875
vt 0.234375 0.2109375
vt 0.25 0.2109375
vt 0.234375 0.21875
vt 0.015625 0.21875
vt 0 0.21875
vt 0.03125 0.015625
vt 0.03125 0
vt 0.0390625 0.015625
vt 0 0.1796875
vt 0.015625 0.1875
vt 0 0.1875
vt 0.015625 0.1796875
vt 0 0.171875
vt 0.015625 0.171875
vt 0.015625 0.046875
vt 0 0.046875
vt 0 0.0859375
vt 0.015625 0.0859375
vt 0.0546875 0
vt 0.046875 0.015625
vt 0.046875 0
vt 0.0546875 0.015625
vt 0.21875 0
vt 0.2109375 0.015625
vt 0.21875 0.015625
vt 0.078125 0
vt 0.0703125 0.015625
vt 0.0703125 0
vt 0.078125 0.015625
vt 0.2421875 0.0234375
vt 0.2265625 0.015625
vt 0.2421875 0.015625
vt 0.2265625 0.0234375
vt 0.1171875 0
vt 0.109375 0.015625
vt 0.109375 0
vt 0.1171875 0.015625
vt 0.0078125 0.234375
vt 0.015625 0.234375
vt 0.0078125 0.21875
vt 0.0859375 0
vt 0.0859375 0.015625
vt 0.09375 0
vt 0.09375 0.015625
vt 0.03125 0.25
vt 0.0390625 0.234375
vt 0.0390625 0.25
vt 0.03125 0.234375
vt 0.1015625 0
vt 0.1015625 0.015625
vt 0.25 0.203125
vt 0.234375 0.1953125
vt 0.25 0.1953125
vt 0.234375 0.203125
vt 0.2265625 0.2421875
vt 0.234375 0.2265625
vt 0.234375 0.2421875
vt 0.2265625 0.2265625
vt 0.1640625 0
vt 0.1640625 0.015625
vt 0.171875 0
vt 0.171875 0.015625
vt 0.234375 0.015625
vt 0.21875 0.0078125
vt 0.234375 0.0078125
vt 0.140625 0
vt 0.140625 0.015625
vt 0.1796875 0
vt 0.1796875 0.015625
vt 0.1875 0
vt 0.1875 0.015625
vt 0.1953125 0
vt 0.1953125 0.015625
vt 0.0703125 0.25
vt 0.078125 0.234375
vt 0.078125 0.25
vt 0.0703125 0.234375
vt 0.0859375 0.234375
vt 0.0859375 0.25
vt 0.09375 0.234375
vt 0.09375 0.25
vt 0.1015625 0.234375
vt 0.1015625 0.25
vt 0.2421875 0.2265625
vt 0.25 0.2265625
vt 0.2421875 0.2109375
vt 0.203125 0.234375
vt 0.203125 0.25
vt 0.234375 0.1875
vt 0.25 0.1875
vt 0.234375 0.1796875
vt 0.25 0.1796875
vt 0.234375 0.171875
vt 0.25 0.171875
vt 0.234375 0.1640625
vt 0.25 0.1640625
vt 0.234375 0.15625
vt 0.25 0.15625
vt 0.234375 0.1484375
vt 0.25 0.1484375
vt 0.234375 0.140625
vt 0.25 0.140625
vt 0.2109375 0.234375
vt 0.2109375 0.25
vt 0 0.0703125
vt 0.015625 0.078125
vt 0 0.078125
vt 0.015625 0.0703125
vt 0.109375 0.234375
vt 0.109375 0.25
vt 0.1171875 0.234375
vt 0.1171875 0.25
vt 0.125 0.234375
vt 0.125 0.25
vt 0.1328125 0.234375
vt 0.1328125 0.25
vt 0.140625 0.234375
vt 0.140625 0.25
vt 0 0.0625
vt 0.015625 0.0625
vt 0 0.0546875
vt 0.015625 0.0546875
vt 0.234375 0.1328125
vt 0.25 0.1328125
vt 0 0.1640625
vt 0.015625 0.1640625
vt 0 0.15625
vt 0.015625 0.15625
vt 0 0.1484375
vt 0.015625 0.1484375
vt 0 0.140625
vt 0.015625 0.140625
vt 0.0546875 0.25
vt 0.0625 0.234375
vt 0.0625 0.25
vt 0.0546875 0.234375
vt 0.1484375 0.25
vt 0.15625 0.234375
vt 0.15625 0.25
vt 0.1484375 0.234375
vt 0 0.0234375
vt 0.015625 0.0234375
vt 0.015625 0.0078125
vt 0.015625 0.015625
vt 0.03125 0.0078125
vt 0 0.1328125
vt 0.015625 0.1328125
vt 0 0.125
vt 0.015625 0.125
vt 0.234375 0.234375
vt 0.2421875 0.21875
vt 0.2421875 0.234375
vt 0.203125 0
vt 0.203125 0.015625
vt 0 0.1171875
vt 0.015625 0.1171875
vt 0 0.109375
vt 0.015625 0.109375
vt 0.1640625 0.25
vt 0.171875 0.234375
vt 0.171875 0.25
vt 0.1640625 0.234375
vt 0.1796875 0.234375
vt 0.1796875 0.25
vt 0.0625 0.015625
vt 0.0625 0
vt 0 0.2265625
vt 0.0078125 0.2109375
vt 0.0078125 0.2265625
vt 0 0.1953125
vt 0.015625 0.1953125
vt 0.0078125 0.015625
vt 0.0234375 0.0234375
vt 0.0078125 0.0234375
vt 0.0234375 0.015625
vt 0.234375 0.125
vt 0.25 0.125
vt 0.234375 0.1171875
vt 0.25 0.1171875
vt 0.234375 0.109375
vt 0.25 0.109375
vt 0.234375 0.1015625
vt 0.25 0.1015625
vt 0.234375 0.09375
vt 0.25 0.09375
vt 0.0234375 0.25
vt 0.0234375 0.234375
vt 0.046875 0.25
vt 0.046875 0.234375
vt 0.21875 0.25
vt 0.2265625 0.234375
vt 0.2265625 0.25
vt 0.21875 0.234375
vt 0.0546875 0.0078125
vt 0.046875 0.0078125
vt 0.1953125 0.0078125
vt 0.1875 0.0078125
vt 0.1796875 0.0078125
vt 0.171875 0.0078125
vt 0.1484375 0.0078125
vt 0.140625 0.0078125
vt 0.1328125 0.0078125
vt 0.203125 0.0078125
vt 0.1640625 0.0078125
vt 0.15625 0.0078125
vt 0.125 0.0078125
vt 0.1171875 0.0078125
vt 0.109375 0.0078125
vt 0.1015625 0.0078125
vt 0.09375 0.0078125
vt 0.0859375 0.0078125
vt 0.078125 0.0078125
vt 0.0703125 0.0078125
vt 0.0625 0.0078125
vt 0.0078125 0.03125
vt 0.2421875 0.03125
vt 0.21875 0.0234375
vt 0.2109375 0.0234375
vt 0.203125 0.0234375
vt 0.1953125 0.0234375
vt 0.1875 0.0234375
vt 0.1796875 0.0234375
vt 0.171875 0.0234375
vt 0.1640625 0.0234375
vt 0.15625 0.0234375
vt 0.1484375 0.0234375
vt 0.140625 0.0234375
vt 0.1328125 0.0234375
vt 0.125 0.0234375
vt 0.1171875 0.0234375
vt 0.109375 0.0234375
vt 0.1015625 0.0234375
vt 0.09375 0.0234375
vt 0.0859375 0.0234375
vt 0.078125 0.0234375
vt 0.0703125 0.0234375
vt 0.0625 0.0234375
vt 0.0546875 0.0234375
vt 0.046875 0.0234375
vt 0.0390625 0.0234375
vt 0.03125 0.0234375
vt 0.2265625 0.03125
vt 0.21875 0.03125
vt 0.2109375 0.03125
vt 0.203125 0.03125
vt 0.1953125 0.03125
vt 0.1875 0.03125
vt 0.1796875 0.03125
vt 0.171875 0.03125
vt 0.1640625 0.03125
vt 0.15625 0.03125
vt 0.1484375 0.03125
vt 0.140625 0.03125
vt 0.1328125 0.03125
vt 0.125 0.03125
vt 0.1171875 0.03125
vt 0.109375 0.03125
vt 0.1015625 0.03125
vt 0.09375 0.03125
vt 0.0859375 0.03125
vt 0.078125 0.03125
vt 0.0703125 0.03125
vt 0.0625 0.03125
vt 0.0546875 0.03125
vt 0.046875 0.03125
vt 0.0390625 0.03125
vt 0.03125 0.03125
vt 0.0234375 0.03125
vt 0.2421875 0.0390625
vt 0.2265625 0.0390625
vt 0.21875 0.0390625
vt 0.2109375 0.0390625
vt 0.203125 0.0390625
vt 0.1953125 0.0390625
vt 0.1875 0.0390625
vt 0.1796875 0.0390625
vt 0.171875 0.0390625
vt 0.1640625 0.0390625
vt 0.15625 0.0390625
vt 0.1484375 0.0390625
vt 0.140625 0.0390625
vt 0.1328125 0.0390625
vt 0.125 0.0390625
vt 0.1171875 0.0390625
vt 0.109375 0.0390625
vt 0.1015625 0.0390625
vt 0.09375 0.0390625
vt 0.0859375 0.0390625
vt 0.078125 0.0390625
vt 0.0703125 0.0390625
vt 0.0625 0.0390625
vt 0.0546875 0.0390625
vt 0.046875 0.0390625
vt 0.0390625 0.0390625
vt 0.03125 0.0390625
vt 0.0234375 0.0390625
vt 0.0078125 0.0390625
vt 0.2421875 0.046875
vt 0.2265625 0.046875
vt 0.21875 0.046875
vt 0.2109375 0.046875
vt 0.203125 0.046875
vt 0.1953125 0.046875
vt 0.1875 0.046875
vt 0.1796875 0.046875
vt 0.171875 0.046875
vt 0.1640625 0.046875
vt 0.15625 0.046875
vt 0.1484375 0.046875
vt 0.140625 0.046875
vt 0.1328125 0.046875
vt 0.125 0.046875
vt 0.1171875 0.046875
vt 0.109375 0.046875
vt 0.1015625 0.046875
vt 0.09375 0.046875
vt 0.0859375 0.046875
vt 0.078125 0.046875
vt 0.0703125 0.046875
vt 0.0625 0.046875
vt 0.0546875 0.046875
vt 0.046875 0.046875
vt 0.0390625 0.046875
vt 0.03125 0.046875
vt 0.0234375 0.046875
vt 0.0078125 0.046875
vt 0.2421875 0.0546875
vt 0.2265625 0.0546875
vt 0.21875 0.0546875
vt 0.2109375 0.0546875
vt 0.203125 0.0546875
vt 0.1953125 0.0546875
vt 0.1875 0.0546875
vt 0.1796875 0.0546875
vt 0.171875 0.0546875
vt 0.1640625 0.0546875
vt 0.15625 0.0546875
vt 0.1484375 0.0546875
vt 0.140625 0.0546875
vt 0.1328125 0.0546875
vt 0.125 0.0546875
vt 0.1171875 0.0546875
vt 0.109375 0.0546875
vt 0.1015625 0.0546875
vt 0.09375 0.0546875
vt 0.0859375 0.0546875
vt 0.078125 0.0546875
vt 0.0703125 0.0546875
vt 0.0625 0.0546875
vt 0.0546875 0.0546875
vt 0.046875 0.0546875
vt 0.0390625 0.0546875
vt 0.03125 0.0546875
vt 0.0234375 0.0546875
vt 0.0078125 0.0546875
vt 0.2421875 0.0625
vt 0.2265625 0.0625
vt 0.21875 0.0625
vt 0.2109375 0.0625
vt 0.203125 0.0625
vt 0.1953125 0.0625
vt 0.1875 0.0625
vt 0.1796875 0.0625
vt 0.171875 0.0625
vt 0.1640625 0.0625
vt 0.15625 0.0625
vt 0.1484375 0.0625
vt 0.140625 0.0625
vt 0.1328125 0.0625
vt 0.125 0.0625
vt 0.1171875 0.0625
vt 0.109375 0.0625
vt 0.1015625 0.0625
vt 0.09375 0.0625
vt 0.0859375 0.0625
vt 0.078125 0.0625
vt 0.0703125 0.0625
vt 0.0625 0.0625
vt 0.0546875 0.0625
vt 0.046875 0.0625
vt 0.0390625 0.0625
vt 0.03125 0.0625
vt 0.0234375 0.0625
vt 0.0078125 0.0625
vt 0.2421875 0.0703125
vt 0.2265625 0.0703125
vt 0.21875 0.0703125
vt 0.2109375 0.0703125
vt 0.203125 0.0703125
vt 0.1953125 0.0703125
vt 0.1875 0.0703125
vt 0.1796875 0.0703125
vt 0.171875 0.0703125
vt 0.1640625 0.0703125
vt 0.15625 0.0703125
vt 0.1484375 0.0703125
vt 0.140625 0.0703125
vt 0.1328125 0.0703125
vt 0.125 0.0703125
vt 0.1171875 0.0703125
vt 0.109375 0.0703125
vt 0.1015625 0.0703125
vt 0.09375 0.0703125
vt 0.0859375 0.0703125
vt 0.078125 0.0703125
vt 0.0703125 0.0703125
vt 0.0625 0.0703125
vt 0.0546875 0.0703125
vt 0.046875 0.0703125
vt 0.0390625 0.0703125
vt 0.03125 0.0703125
vt 0.0234375 0.0703125
vt 0.0078125 0.0703125
vt 0.2421875 0.078125
vt 0.2265625 0.078125
vt 0.21875 0.078125
vt 0.2109375 0.078125
vt 0.203125 0.078125
vt 0.1953125 0.078125
vt 0.1875 0.078125
vt 0.1796875 0.078125
vt 0.171875 0.078125
vt 0.1640625 0.078125
vt 0.15625 0.078125
vt 0.1484375 0.078125
vt 0.140625 0.078125
vt 0.1328125 0.078125
vt 0.125 0.078125
vt 0.1171875 0.078125
vt 0.109375 0.078125
vt 0.1015625 0.078125
vt 0.09375 0.078125
vt 0.0859375 0.078125
vt 0.078125 0.078125
vt 0.0703125 0.078125
vt 0.0625 0.078125
vt 0.0546875 0.078125
vt 0.046875 0.078125
vt 0.0390625 0.078125
vt 0.03125 0.078125
vt 0.0234375 0.078125
vt 0.0078125 0.078125
vt 0.2421875 0.0859375
vt 0.2265625 0.0859375
vt 0.21875 0.0859375
vt 0.2109375 0.0859375
vt 0.203125 0.0859375
vt 0.1953125 0.0859375
vt 0.1875 0.0859375
vt 0.1796875 0.0859375
vt 0.171875 0.0859375
vt 0.1640625 0.0859375
vt 0.15625 0.0859375
vt 0.1484375 0.0859375
vt 0.140625 0.0859375
vt 0.1328125 0.0859375
vt 0.125 0.0859375
vt 0.1171875 0.0859375
vt 0.109375 0.0859375
vt 0.1015625 0.0859375
vt 0.09375 0.0859375
vt 0.0859375 0.0859375
vt 0.078125 0.0859375
vt 0.0703125 0.0859375
vt 0.0625 0.0859375
vt 0.0546875 0.0859375
vt 0.046875 0.0859375
vt 0.0390625 0.0859375
vt 0.03125 0.0859375
vt 0.0234375 0.0859375
vt 0.0078125 0.0859375
vt 0.2421875 0.09375
vt 0.2265625 0.09375
vt 0.21875 0.09375
vt 0.2109375 0.09375
vt 0.203125 0.09375
vt 0.1953125 0.09375
vt 0.1875 0.09375
vt 0.1796875 0.09375
vt 0.171875 0.09375
vt 0.1640625 0.09375
vt 0.15625 0.09375
vt 0.1484375 0.09375
vt 0.140625 0.09375
vt 0.1328125 0.09375
vt 0.125 0.09375
vt 0.1171875 0.09375
vt 0.109375 0.09375
vt 0.1015625 0.09375
vt 0.09375 0.09375
vt 0.0859375 0.09375
vt 0.078125 0.09375
vt 0.0703125 0.09375
vt 0.0625 0.09375
vt 0.0546875 0.09375
vt 0.046875 0.09375
vt 0.0390625 0.09375
vt 0.03125 0.09375
vt 0.0234375 0.09375
vt 0.0078125 0.09375
vt 0.2421875 0.1015625
vt 0.2265625 0.1015625
vt 0.21875 0.1015625
vt 0.2109375 0.1015625
vt 0.203125 0.1015625
vt 0.1953125 0.1015625
vt 0.1875 0.1015625
vt 0.1796875 0.1015625
vt 0.171875 0.1015625
vt 0.1640625 0.1015625
vt 0.15625 0.1015625
vt 0.1484375 0.1015625
vt 0.140625 0.1015625
vt 0.1328125 0.1015625
vt 0.125 0.1015625
vt 0.1171875 0.1015625
vt 0.109375 0.1015625
vt 0.1015625 0.1015625
vt 0.09375 0.1015625
vt 0.0859375 0.1015625
vt 0.078125 0.1015625
vt 0.0703125 0.1015625
vt 0.0625 0.1015625
vt 0.0546875 0.1015625
vt 0.046875 0.1015625
vt 0.0390625 0.1015625
vt 0.03125 0.1015625
vt 0.0234375 0.1015625
vt 0.0078125 0.1015625
vt 0.2421875 0.109375
vt 0.2265625 0.109375
vt 0.21875 0.109375
vt 0.2109375 0.109375
vt 0.203125 0.109375
vt 0.1953125 0.109375
vt 0.1875 0.109375
vt 0.1796875 0.109375
vt 0.171875 0.109375
vt 0.1640625 0.109375
vt 0.15625 0.109375
vt 0.1484375 0.109375
vt 0.140625 0.109375
vt 0.1328125 0.109375
vt 0.125 0.109375
vt 0.1171875 0.109375
vt 0.109375 0.109375
vt 0.1015625 0.109375
vt 0.09375 0.109375
vt 0.0859375 0.109375
vt 0.078125 0.109375
vt 0.0703125 0.109375
vt 0.0625 0.109375
vt 0.0546875 0.109375
vt 0.046875 0.109375
vt 0.0390625 0.109375
vt 0.03125 0.109375
vt 0.0234375 0.109375
vt 0.0078125 0.109375
vt 0.2421875 0.1171875
vt 0.2265625 0.1171875
vt 0.21875 0.1171875
vt 0.2109375 0.1171875
vt 0.203125 0.1171875
vt 0.1953125 0.1171875
vt 0.1875 0.1171875
vt 0.1796875 0.1171875
vt 0.171875 0.1171875
vt 0.1640625 0.1171875
vt 0.15625 0.1171875
vt 0.1484375 0.1171875
vt 0.140625 0.1171875
vt 0.1328125 0.1171875
vt 0.125 0.1171875
vt 0.1171875 0.1171875
vt 0.109375 0.1171875
vt 0.1015625 0.1171875
vt 0.09375 0.1171875
vt 0.0859375 0.1171875
vt 0.078125 0.1171875
vt 0.0703125 0.1171875
vt 0.0625 0.1171875
vt 0.0546875 0.1171875
vt 0.046875 0.1171875
vt 0.0390625 0.1171875
vt 0.03125 0.1171875
vt 0.0234375 0.1171875
vt 0.0078125 0.1171875
vt 0.2421875 0.125
vt 0.2265625 0.125
vt 0.21875 0.125
vt 0.2109375 0.125
vt 0.203125 0.125
vt 0.1953125 0.125
vt 0.1875 0.125
vt 0.1796875 0.125
vt 0.171875 0.125
vt 0.1640625 0.125
vt 0.15625 0.125
vt 0.1484375 0.125
vt 0.140625 0.125
vt 0.1328125 0.125
vt 0.125 0.125
vt 0.1171875 0.125
vt 0.109375 0.125
vt 0.1015625 0.125
vt 0.09375 0.125
vt 0.0859375 0.125
vt 0.078125 0.125
vt 0.0703125 0.125
vt 0.0625 0.125
vt 0.0546875 0.125
vt 0.046875 0.125
vt 0.0390625 0.125
vt 0.03125 0.125
vt 0.0234375 0.125
vt 0.0078125 0.125
vt 0.2421875 0.1328125
vt 0.2265625 0.1328125
vt 0.21875 0.1328125
vt 0.2109375 0.1328125
vt 0.203125 0.1328125
vt 0.1953125 0.1328125
vt 0.1875 0.1328125
vt 0.1796875 0.1328125
vt 0.171875 0.1328125
vt 0.1640625 0.1328125
vt 0.15625 0.1328125
vt 0.1484375 0.1328125
vt 0.140625 0.1328125
vt 0.1328125 0.1328125
vt 0.125 0.1328125
vt 0.1171875 0.1328125
vt 0.109375 0.1328125
vt 0.1015625 0.1328125
vt 0.09375 0.1328125
vt 0.0859375 0.1328125
vt 0.078125 0.1328125
vt 0.0703125 0.1328125
vt 0.0625 0.1328125
vt 0.0546875 0.1328125
vt 0.046875 0.1328125
vt 0.0390625 0.1328125
vt 0.03125 0.1328125
vt 0.0234375 0.1328125
vt 0.0078125 0.1328125
vt 0.2421875 0.140625
vt 0.2265625 0.140625
vt 0.21875 0.140625
vt 0.2109375 0.140625
vt 0.203125 0.140625
vt 0.1953125 0.140625
vt 0.1875 0.140625
vt 0.1796875 0.140625
vt 0.171875 0.140625
vt 0.1640625 0.140625
vt 0.15625 0.140625
vt 0.1484375 0.140625
vt 0.140625 0.140625
vt 0.1328125 0.140625
vt 0.125 0.140625
vt 0.1171875 0.140625
vt 0.109375 0.140625
vt 0.1015625 0.140625
vt 0.09375 0.140625
vt 0.0859375 0.140625
vt 0.078125 0.140625
vt 0.0703125 0.140625
vt 0.0625 0.140625
vt 0.0546875 0.140625
vt 0.046875 0.140625
vt 0.0390625 0.140625
vt 0.03125 0.140625
vt 0.0234375 0.140625
vt 0.0078125 0.140625
vt 0.2421875 0.1484375
vt 0.2265625 0.1484375
vt 0.21875 0.1484375
vt 0.2109375 0.1484375
vt 0.203125 0.1484375
vt 0.1953125 0.1484375
vt 0.1875 0.1484375
vt 0.1796875 0.1484375
vt 0.171875 0.1484375
vt 0.1640625 0.1484375
vt 0.15625 0.1484375
vt 0.1484375 0.1484375
vt 0.140625 0.1484375
vt 0.1328125 0.1484375
vt 0.125 0.1484375
vt 0.1171875 0.1484375
vt 0.109375 0.1484375
vt 0.1015625 0.1484375
vt 0.09375 0.1484375
vt 0.0859375 0.1484375
vt 0.078125 0.1484375
vt 0.0703125 0.1484375
vt 0.0625 0.1484375
vt 0.0546875 0.1484375
vt 0.046875 0.1484375
vt 0.0390625 0.1484375
vt 0.03125 0.1484375
vt 0.0234375 0.1484375
vt 0.0078125 0.1484375
vt 0.2421875 0.15625
vt 0.2265625 0.15625
vt 0.21875 0.15625
vt 0.2109375 0.15625
vt 0.203125 0.15625
vt 0.1953125 0.15625
vt 0.1875 0.15625
vt 0.1796875 0.15625
vt 0.171875 0.15625
vt 0.1640625 0.15625
vt 0.15625 0.15625
vt 0.1484375 0.15625
vt 0.140625 0.15625
vt 0.1328125 0.15625
vt 0.125 0.15625
vt 0.1171875 0.15625
vt 0.109375 0.15625
vt 0.1015625 0.15625
vt 0.09375 0.15625
vt 0.0859375 0.15625
vt 0.078125 0.15625
vt 0.0703125 0.15625
vt 0.0625 0.15625
vt 0.0546875 0.15625
vt 0.046875 0.15625
vt 0.0390625 0.15625
vt 0.03125 0.15625
vt 0.0234375 0.15625
vt 0.0078125 0.15625
vt 0.2421875 0.1640625
vt 0.2265625 0.1640625
vt 0.21875 0.1640625
vt 0.2109375 0.1640625
vt 0.203125 0.1640625
vt 0.1953125 0.1640625
vt 0.1875 0.1640625
vt 0.1796875 0.1640625
vt 0.171875 0.1640625
vt 0.1640625 0.1640625
vt 0.15625 0.1640625
vt 0.1484375 0.1640625
vt 0.140625 0.1640625
vt 0.1328125 0.1640625
vt 0.125 0.1640625
vt 0.1171875 0.1640625
vt 0.109375 0.1640625
vt 0.1015625 0.1640625
vt 0.09375 0.1640625
vt 0.0859375 0.1640625
vt 0.078125 0.1640625
vt 0.0703125 0.1640625
vt 0.0625 0.1640625
vt 0.0546875 0.1640625
vt 0.046875 0.1640625
vt 0.0390625 0.1640625
vt 0.03125 0.1640625
vt 0.0234375 0.1640625
vt 0.0078125 0.1640625
vt 0.2421875 0.171875
vt 0.2265625 0.171875
vt 0.21875 0.171875
vt 0.2109375 0.171875
vt 0.203125 0.171875
vt 0.1953125 0.171875
vt 0.1875 0.171875
vt 0.1796875 0.171875
vt 0.171875 0.171875
vt 0.1640625 0.171875
vt 0.15625 0.171875
vt 0.1484375 0.171875
vt 0.140625 0.171875
vt 0.1328125 0.171875
vt 0.125 0.171875
vt 0.1171875 0.171875
vt 0.109375 0.171875
vt 0.1015625 0.171875
vt 0.09375 0.171875
vt 0.0859375 0.171875
vt 0.078125 0.171875
vt 0.0703125 0.171875
vt 0.0625 0.171875
vt 0.0546875 0.171875
vt 0.046875 0.171875
vt 0.0390625 0.171875
vt 0.03125 0.171875
vt 0.0234375 0.171875
vt 0.0078125 0.171875
vt 0.2421875 0.1796875
vt 0.2265625 0.1796875
vt 0.21875 0.1796875
vt 0.2109375 0.1796875
vt 0.203125 0.1796875
vt 0.1953125 0.1796875
vt 0.1875 0.1796875
vt 0.1796875 0.1796875
vt 0.171875 0.1796875
vt 0.1640625 0.1796875
vt 0.15625 0.1796875
vt 0.1484375 0.1796875
vt 0.140625 0.1796875
vt 0.1328125 0.1796875
vt 0.125 0.1796875
vt 0.1171875 0.1796875
vt 0.109375 0.1796875
vt 0.1015625 0.1796875
vt 0.09375 0.1796875
vt 0.0859375 0.1796875
vt 0.078125 0.1796875
vt 0.0703125 0.1796875
vt 0.0625 0.1796875
vt 0.0546875 0.1796875
vt 0.046875 0.1796875
vt 0.0390625 0.1796875
vt 0.03125 0.1796875
vt 0.0234375 0.1796875
vt 0.0078125 0.1796875
vt 0.2421875 0.1875
vt 0.2265625 0.1875
vt 0.21875 0.1875
vt 0.2109375 0.1875
vt 0.203125 0.1875
vt 0.1953125 0.1875
vt 0.1875 0.1875
vt 0.1796875 0.1875
vt 0.171875 0.1875
vt 0.1640625 0.1875
vt 0.15625 0.1875
vt 0.1484375 0.1875
vt 0.140625 0.1875
vt 0.1328125 0.1875
vt 0.125 0.1875
vt 0.1171875 0.1875
vt 0.109375 0.1875
vt 0.1015625 0.1875
vt 0.09375 0.1875
vt 0.0859375 0.1875
vt 0.078125 0.1875
vt 0.0703125 0.1875
vt 0.0625 0.1875
vt 0.0546875 0.1875
vt 0.046875 0.1875
vt 0.0390625 0.1875
vt 0.03125 0.1875
vt 0.0234375 0.1875
vt 0.0078125 0.1875
vt 0.2421875 0.1953125
vt 0.2265625 0.1953125
vt 0.21875 0.1953125
vt 0.2109375 0.1953125
vt 0.203125 0.1953125
vt 0.1953125 0.1953125
vt 0.1875 0.1953125
vt 0.1796875 0.1953125
vt 0.171875 0.1953125
vt 0.1640625 0.1953125
vt 0.15625 0.1953125
vt 0.1484375 0.1953125
vt 0.140625 0.1953125
vt 0.1328125 0.1953125
vt 0.125 0.1953125
vt 0.1171875 0.1953125
vt 0.109375 0.1953125
vt 0.1015625 0.1953125
vt 0.09375 0.1953125
vt 0.0859375 0.1953125
vt 0.078125 0.1953125
vt 0.0703125 0.1953125
vt 0.0625 0.1953125
vt 0.0546875 0.1953125
vt 0.046875 0.1953125
vt 0.0390625 0.1953125
vt 0.03125 0.1953125
vt 0.0234375 0.1953125
vt 0.0078125 0.1953125
vt 0.2421875 0.203125
vt 0.2265625 0.203125
vt 0.21875 0.203125
vt 0.2109375 0.203125
vt 0.203125 0.203125
vt 0.1953125 0.203125
vt 0.1875 0.203125
vt 0.1796875 0.203125
vt 0.171875 0.203125
vt 0.1640625 0.203125
vt 0.15625 0.203125
vt 0.1484375 0.203125
vt 0.140625 0.203125
vt 0.1328125 0.203125
vt 0.125 0.203125
vt 0.1171875 0.203125
vt 0.109375 0.203125
vt 0.1015625 0.203125
vt 0.09375 0.203125
vt 0.0859375 0.203125
vt 0.078125 0.203125
vt 0.0703125 0.203125
vt 0.0625 0.203125
vt 0.0546875 0.203125
vt 0.046875 0.203125
vt 0.0390625 0.203125
vt 0.03125 0.203125
vt 0.0234375 0.203125
vt 0.0078125 0.203125
vt 0.2265625 0.2109375
vt 0.21875 0.2109375
vt 0.2109375 0.2109375
vt 0.203125 0.2109375
vt 0.1953125 0.2109375
vt 0.1875 0.2109375
vt 0.1796875 0.2109375
vt 0.171875 0.2109375
vt 0.1640625 0.2109375
vt 0.15625 0.2109375
vt 0.1484375 0.2109375
vt 0.140625 0.2109375
vt 0.1328125 0.2109375
vt 0.125 0.2109375
vt 0.1171875 0.2109375
vt 0.109375 0.2109375
vt 0.1015625 0.2109375
vt 0.09375 0.2109375
vt 0.0859375 0.2109375
vt 0.078125 0.2109375
vt 0.0703125 0.2109375
vt 0.0625 0.2109375
vt 0.0546875 0.2109375
vt 0.046875 0.2109375
vt 0.0390625 0.2109375
vt 0.03125 0.2109375
vt 0.0234375 0.2109375
vt 0.2265625 0.21875
vt 0.21875 0.21875
vt 0.2109375 0.21875
vt 0.203125 0.21875
vt 0.1953125 0.21875
vt 0.1875 0.21875
vt 0.1796875 0.21875
vt 0.171875 0.21875
vt 0.1640625 0.21875
vt 0.15625 0.21875
vt 0.1484375 0.21875
vt 0.140625 0.21875
vt 0.1328125 0.21875
vt 0.125 0.21875
vt 0.1171875 0.21875
vt 0.109375 0.21875
vt 0.1015625 0.21875
vt 0.09375 0.21875
vt 0.0859375 0.21875
vt 0.078125 0.21875
vt 0.0703125 0.21875
vt 0.0625 0.21875
vt 0.0546875 0.21875
vt 0.046875 0.21875
vt 0.0390625 0.21875
vt 0.03125 0.21875
vt 0.0234375 0.21875
vt 0.21875 0.2421875
vt 0.21875 0.2265625
vt 0.2109375 0.2265625
vt 0.203125 0.2265625
vt 0.1953125 0.2265625
vt 0.1875 0.2265625
vt 0.1796875 0.2265625
vt 0.171875 0.2265625
vt 0.1640625 0.2265625
vt 0.15625 0.2265625
vt 0.1484375 0.2265625
vt 0.140625 0.2265625
vt 0.1328125 0.2265625
vt 0.125 0.2265625
vt 0.1171875 0.2265625
vt 0.109375 0.2265625
vt 0.1015625 0.2265625
vt 0.09375 0.2265625
vt 0.0859375 0.2265625
vt 0.078125 0.2265625
vt 0.0703125 0.2265625
vt 0.0625 0.2265625
vt 0.0546875 0.2265625
vt 0.046875 0.2265625
vt 0.0390625 0.2265625
vt 0.03125 0.2265625
vt 0.2109375 0.2421875
vt 0.203125 0.2421875
vt 0.1953125 0.2421875
vt 0.1875 0.2421875
vt 0.1796875 0.2421875
vt 0.171875 0.2421875
vt 0.1640625 0.2421875
vt 0.15625 0.2421875
vt 0.1484375 0.2421875
vt 0.140625 0.2421875
vt 0.1328125 0.2421875
vt 0.125 0.2421875
vt 0.1171875 0.2421875
vt 0.109375 0.2421875
vt 0.1015625 0.2421875
vt 0.09375 0.2421875
vt 0.0859375 0.2421875
vt 0.078125 0.2421875
vt 0.0703125 0.2421875
vt 0.0625 0.2421875
vt 0.0546875 0.2421875
vt 0.046875 0.2421875
vt 0.0390625 0.2421875
vt 0.03125 0.2421875
vt 0.2109375 0.3203125
vt 0.203125 0.3515625
vt 0.203125 0.3203125
vt 0.2109375 0.3515625
vt 0.203125 0.328125
vt 0.2109375 0.296875
vt 0.2109375 0.328125
vt 0.203125 0.296875
vt 0.1640625 0.3203125
vt 0.15625 0.3515625
vt 0.15625 0.3203125
vt 0.1640625 0.3515625
vt 0.15625 0.328125
vt 0.1640625 0.296875
vt 0.1640625 0.328125
vt 0.15625 0.296875
vt 0.171875 0.3203125
vt 0.171875 0.3515625
vt 0.171875 0.296875
vt 0.171875 0.328125
vt 0.234375 0.3203125
vt 0.2265625 0.3515625
vt 0.2265625 0.3203125
vt 0.234375 0.3515625
vt 0.2265625 0.328125
vt 0.234375 0.296875
vt 0.234375 0.328125
vt 0.2265625 0.296875
vt 0.1796875 0.3203125
vt 0.1796875 0.3515625
vt 0.1796875 0.296875
vt 0.1796875 0.328125
vt 0.1484375 0.3515625
vt 0.1484375 0.3203125
vt 0.1484375 0.328125
vt 0.1484375 0.296875
vt 0.2421875 0.328125
vt 0.2421875 0.3203125
vt 0.1875 0.3203125
vt 0.1875 0.3515625
vt 0.1875 0.296875
vt 0.1875 0.328125
vt 0.046875 0.3203125
vt 0.078125 0.328125
vt 0.046875 0.328125
vt 0.078125 0.3203125
vt 0.140625 0.3515625
vt 0.140625 0.3203125
vt 0.140625 0.328125
vt 0.140625 0.296875
vt 0.21875 0.3203125
vt 0.21875 0.3515625
vt 0.21875 0.296875
vt 0.21875 0.328125
vt 0.109375 0.3203125
vt 0.1015625 0.3515625
vt 0.1015625 0.3203125
vt 0.109375 0.3515625
vt 0.1015625 0.328125
vt 0.109375 0.296875
vt 0.109375 0.328125
vt 0.1015625 0.296875
vt 0.1171875 0.3203125
vt 0.1171875 0.3515625
vt 0.1171875 0.296875
vt 0.1171875 0.328125
vt 0.0859375 0.3203125
vt 0.078125 0.3515625
vt 0.0859375 0.3515625
vt 0.0859375 0.296875
vt 0.0859375 0.328125
vt 0.078125 0.296875
vt 0.09375 0.3203125
vt 0.09375 0.3515625
vt 0.09375 0.296875
vt 0.09375 0.328125
vt 0.125 0.3203125
vt 0.125 0.3515625
vt 0.125 0.296875
vt 0.125 0.328125
vt 0.1328125 0.3203125
vt 0.1328125 0.3515625
vt 0.1328125 0.296875
vt 0.1328125 0.328125
vt 0.1953125 0.3203125
vt 0.1953125 0.3515625
vt 0.1953125 0.296875
vt 0.1953125 0.328125
vt 0.0625 0.3203125
vt 0.0546875 0.3515625
vt 0.0546875 0.3203125
vt 0.0625 0.3515625
vt 0.0546875 0.328125
vt 0.0625 0.296875
vt 0.0625 0.328125
vt 0.0546875 0.296875
vt 0.0703125 0.3203125
vt 0.0703125 0.3515625
vt 0.0703125 0.296875
vt 0.0703125 0.328125
vt 0.03125 0.53125
vt 0.0390625 0.5
vt 0.0390625 0.53125
vt 0.03125 0.5
vt 0.0625 0.5390625
vt 0.0546875 0.5703125
vt 0.0546875 0.5390625
vt 0.0625 0.5703125
vt 0.0546875 0.546875
vt 0.0625 0.515625
vt 0.0625 0.546875
vt 0.0546875 0.515625
vt 0.0703125 0.5390625
vt 0.0703125 0.5703125
vt 0.0703125 0.515625
vt 0.0703125 0.546875
vt 0.078125 0.5390625
vt 0.078125 0.5703125
vt 0.078125 0.515625
vt 0.078125 0.546875
vt 0.0859375 0.5390625
vt 0.0859375 0.5703125
vt 0.0859375 0.515625
vt 0.0859375 0.546875
vt 0.09375 0.5390625
vt 0.09375 0.5703125
vt 0.09375 0.515625
vt 0.09375 0.546875
vt 0.1015625 0.5390625
vt 0.1015625 0.5703125
vt 0.1015625 0.515625
vt 0.1015625 0.546875
vt 0.109375 0.5390625
vt 0.109375 0.5703125
vt 0.109375 0.515625
vt 0.109375 0.546875
vt 0.1171875 0.5390625
vt 0.1171875 0.5703125
vt 0.1171875 0.515625
vt 0.1171875 0.546875
vt 0.125 0.5390625
vt 0.125 0.5703125
vt 0.125 0.515625
vt 0.125 0.546875
vt 0.1328125 0.5390625
vt 0.1328125 0.5703125
vt 0.1328125 0.515625
vt 0.1328125 0.546875
vt 0.140625 0.5390625
vt 0.140625 0.5703125
vt 0.140625 0.515625
vt 0.140625 0.546875
vt 0.1484375 0.5390625
vt 0.1484375 0.5703125
vt 0.1484375 0.515625
vt 0.1484375 0.546875
vt 0.15625 0.5390625
vt 0.15625 0.5703125
vt 0.15625 0.515625
vt 0.15625 0.546875
vt 0.1640625 0.5390625
vt 0.1640625 0.5703125
vt 0.1640625 0.515625
vt 0.1640625 0.546875
vt 0.171875 0.5390625
vt 0.171875 0.5703125
vt 0.171875 0.515625
vt 0.171875 0.546875
vt 0.1796875 0.5390625
vt 0.1796875 0.5703125
vt 0.1796875 0.515625
vt 0.1796875 0.546875
vt 0.1875 0.5390625
vt 0.1875 0.5703125
vt 0.1875 0.515625
vt 0.1875 0.546875
vt 0.1953125 0.5390625
vt 0.1953125 0.5703125
vt 0.1953125 0.515625
vt 0.1953125 0.546875
vt 0.203125 0.5390625
vt 0.203125 0.5703125
vt 0.203125 0.515625
vt 0.203125 0.546875
vt 0.2109375 0.5390625
vt 0.2109375 0.5703125
vt 0.2109375 0.515625
vt 0.2109375 0.546875
vt 0.21875 0.5390625
vt 0.21875 0.5703125
vt 0.21875 0.515625
vt 0.21875 0.546875
vt 0.2265625 0.5390625
vt 0.2265625 0.5703125
vt 0.2265625 0.515625
vt 0.2265625 0.546875
vt 0.234375 0.5390625
vt 0.234375 0.5703125
vt 0.234375 0.515625
vt 0.234375 0.546875
vt 0.2421875 0.5390625
vt 0.25 0.5078125
vt 0.25 0.5390625
vt 0.2421875 0.5078125
vt 0.2578125 0.34375
vt 0.2265625 0.3359375
vt 0.2578125 0.3359375
vt 0.2265625 0.34375
vt 0.046875 0.546875
vt 0.046875 0.515625
vt 0.0234375 0.53125
vt 0.0546875 0.53125
vt 0.0234375 0.5390625
vt 0.0390625 0.4453125
vt 0.0078125 0.4375
vt 0.0390625 0.4375
vt 0.0078125 0.4453125
vt 0.03125 0.4375
vt 0.0625 0.4453125
vt 0.03125 0.4453125
vt 0.0625 0.4375
vt 0.0390625 0.4296875
vt 0.0078125 0.421875
vt 0.0390625 0.421875
vt 0.0078125 0.4296875
vt 0.03125 0.421875
vt 0.0625 0.4296875
vt 0.03125 0.4296875
vt 0.0625 0.421875
vt 0.0390625 0.4921875
vt 0.0078125 0.484375
vt 0.0390625 0.484375
vt 0.0078125 0.4921875
vt 0.03125 0.484375
vt 0.0625 0.4921875
vt 0.03125 0.4921875
vt 0.0625 0.484375
vt 0.2578125 0.4609375
vt 0.2265625 0.453125
vt 0.2578125 0.453125
vt 0.2265625 0.4609375
vt 0.25 0.453125
vt 0.28125 0.4609375
vt 0.25 0.4609375
vt 0.28125 0.453125
vt 0.2578125 0.5234375
vt 0.2578125 0.515625
vt 0.2265625 0.5234375
vt 0.25 0.515625
vt 0.28125 0.5234375
vt 0.25 0.5234375
vt 0.28125 0.515625
vt 0.0390625 0.515625
vt 0.0078125 0.5078125
vt 0.0390625 0.5078125
vt 0.0078125 0.515625
vt 0.03125 0.5078125
vt 0.03125 0.515625
vt 0.0625 0.5078125
vt 0.0390625 0.453125
vt 0.0078125 0.453125
vt 0.0625 0.453125
vt 0.03125 0.453125
vt 0.2578125 0.46875
vt 0.2265625 0.46875
vt 0.28125 0.46875
vt 0.25 0.46875
vt 0.0390625 0.4609375
vt 0.0078125 0.4609375
vt 0.0625 0.4609375
vt 0.03125 0.4609375
vt 0.2578125 0.5
vt 0.2265625 0.4921875
vt 0.2578125 0.4921875
vt 0.2265625 0.5
vt 0.25 0.4921875
vt 0.28125 0.5
vt 0.25 0.5
vt 0.28125 0.4921875
vt 0.2578125 0.390625
vt 0.2265625 0.3828125
vt 0.2578125 0.3828125
vt 0.2265625 0.390625
vt 0.25 0.3828125
vt 0.28125 0.390625
vt 0.25 0.390625
vt 0.28125 0.3828125
vt 0.2265625 0.375
vt 0.2578125 0.375
vt 0.25 0.375
vt 0.28125 0.375
vt 0.0390625 0.375
vt 0.0078125 0.3671875
vt 0.0390625 0.3671875
vt 0.0078125 0.375
vt 0.03125 0.3671875
vt 0.0625 0.375
vt 0.03125 0.375
vt 0.0625 0.3671875
vt 0.2578125 0.5078125
vt 0.2265625 0.5078125
vt 0.28125 0.5078125
vt 0.2578125 0.3984375
vt 0.2265625 0.3984375
vt 0.28125 0.3984375
vt 0.25 0.3984375
vt 0.0390625 0.390625
vt 0.0078125 0.3828125
vt 0.0390625 0.3828125
vt 0.0078125 0.390625
vt 0.03125 0.3828125
vt 0.0625 0.390625
vt 0.03125 0.390625
vt 0.0625 0.3828125
vt 0.0078125 0.5
vt 0.0625 0.5
vt 0.046875 0.3359375
vt 0.0546875 0.3046875
vt 0.0546875 0.3359375
vt 0.046875 0.3046875
vt 0.234375 0.53125
vt 0.265625 0.5390625
vt 0.265625 0.53125
vt 0.2421875 0.515625
vt 0.2421875 0.546875
vt 0.0390625 0.5390625
vt 0.046875 0.5078125
vt 0.046875 0.5390625
vt 0.046875 0.53125
vt 0.015625 0.5234375
vt 0.046875 0.5234375
vt 0.015625 0.53125
vt 0.0078125 0.4140625
vt 0.0390625 0.4140625
vt 0.03125 0.4140625
vt 0.0625 0.4140625
vt 0.2578125 0.4296875
vt 0.2265625 0.421875
vt 0.2578125 0.421875
vt 0.2265625 0.4296875
vt 0.25 0.421875
vt 0.28125 0.4296875
vt 0.25 0.4296875
vt 0.28125 0.421875
vt 0.2265625 0.484375
vt 0.2578125 0.484375
vt 0.25 0.484375
vt 0.28125 0.484375
vt 0.0078125 0.4765625
vt 0.0390625 0.4765625
vt 0.03125 0.4765625
vt 0.0625 0.4765625
vt 0.0390625 0.40625
vt 0.0078125 0.3984375
vt 0.0390625 0.3984375
vt 0.0078125 0.40625
vt 0.03125 0.3984375
vt 0.0625 0.40625
vt 0.03125 0.40625
vt 0.0625 0.3984375
vt 0.2578125 0.3671875
vt 0.2265625 0.359375
vt 0.2578125 0.359375
vt 0.2265625 0.3671875
vt 0.25 0.359375
vt 0.28125 0.3671875
vt 0.25 0.3671875
vt 0.28125 0.359375
vt 0.2421875 0.34375
vt 0.25 0.3125
vt 0.25 0.34375
vt 0.2421875 0.3125
vt 0.2578125 0.4140625
vt 0.2265625 0.40625
vt 0.2578125 0.40625
vt 0.2265625 0.4140625
vt 0.25 0.40625
vt 0.28125 0.4140625
vt 0.25 0.4140625
vt 0.28125 0.40625
vt 0.2265625 0.4765625
vt 0.2578125 0.4765625
vt 0.25 0.4765625
vt 0.28125 0.4765625
vt 0.0078125 0.46875
vt 0.0390625 0.46875
vt 0.03125 0.46875
vt 0.0625 0.46875
vt 0.2578125 0.3515625
vt 0.25 0.3515625
vt 0.28125 0.3515625
vt 0.0390625 0.3515625
vt 0.0078125 0.34375
vt 0.0390625 0.34375
vt 0.0078125 0.3515625
vt 0.03125 0.34375
vt 0.03125 0.3515625
vt 0.0625 0.34375
vt 0.25 0.3359375
vt 0.25 0.328125
vt 0.21875 0.3359375
vt 0.2578125 0.4453125
vt 0.2265625 0.4375
vt 0.2578125 0.4375
vt 0.2265625 0.4453125
vt 0.25 0.4375
vt 0.28125 0.4453125
vt 0.25 0.4453125
vt 0.28125 0.4375
vt 0.2421875 0.5234375
vt 0.2734375 0.53125
vt 0.2421875 0.53125
vt 0.2734375 0.5234375
vt 0.25 0.53125
vt 0.2578125 0.53125
vt 0.0390625 0.5234375
vt 0.0078125 0.5234375
vt 0.0625 0.5234375
vt 0.03125 0.5234375
vt 0.28125 0.34375
vt 0.03125 0.3359375
vt 0.0625 0.3359375
vt 0.046875 0.3125
vt 0.046875 0.34375
vt 0.0390625 0.3125
vt 0.0390625 0.359375
vt 0.0078125 0.359375
vt 0.0625 0.359375
vt 0.03125 0.359375
vt 0.234375 0.3359375
vt 0.2421875 0.3046875
vt 0.2421875 0.3359375
vt 0.234375 0.3046875
vt 0.0390625 0.328125
vt 0.0703125 0.3359375
vt 0.0390625 0.3359375
vt 0.875 0
vt 1 0.109375
vt 0.875 0.109375
vt 1 0
vt 0.84375 0
vt 0.84375 0.109375
vn -1 0 0
vn -0.70710678 0 0.70710678
vn 1 0 0
vn 0.70710678 0 0.70710678
vn 0 0 1
vn -0.70710678 0 -0.70710678
vn 0 0 -1
vn 0.70710678 0 -0.70710678
vn 0 1 0
vn 0 0 0
g Scene
usemtl 0
f 1/1/1 3/2/1 2/3/1
f 1/1/1 4/4/1 3/2/1
f 5/5/2 6/6/2 7/7/2
f 5/5/2 8/8/2 6/6/2
f 9/9/1 10/10/1 11/11/1
f 9/9/1 12/12/1 10/10/1
f 13/13/1 14/14/1 15/15/1
f 13/13/1 16/16/1 14/14/1
f 17/17/3 18/18/3 19/19/3
f 17/17/3 20/20/3 18/18/3
f 21/19/3 22/21/3 23/22/3
f 21/19/3 24/18/3 22/21/3
f 25/22/3 26/23/3 27/24/3
f 25/22/3 28/21/3 26/23/3
f 29/24/3 30/25/3 31/26/3
f 29/24/3 32/23/3 30/25/3
f 33/26/3 34/27/3 35/28/3
f 33/26/3 36/25/3 34/27/3
f 37/28/3 38/29/3 39/30/3
f 37/28/3 40/27/3 38/29/3
f 41/30/3 42/31/3 43/32/3
f 41/30/3 44/29/3 42/31/3
f 45/33/4 46/34/4 47/35/4
f 45/33/4 48/36/4 46/34/4
f 49/37/5 50/38/5 51/39/5
f 49/37/5 52/40/5 50/38/5
f 53/32/4 54/41/4 55/42/4
f 53/32/4 56/31/4 54/41/4
f 57/43/5 58/44/5 59/45/5
f 57/43/5 60/46/5 58/44/5
f 61/47/6 62/48/6 63/49/6
f 61/47/6 64/50/6 62/48/6
f 65/51/7 66/52/7 67/53/7
f 65/51/7 68/54/7 66/52/7
f 69/55/3 70/56/3 71/57/3
f 69/55/3 72/58/3 70/56/3
f 73/11/1 74/59/1 75/60/1
f 73/11/1 76/10/1 74/59/1
f 77/8/5 78/61/5 79/62/5
f 77/8/5 80/63/5 78/61/5
f 81/64/1 82/65/1 83/66/1
f 81/64/1 84/67/1 82/65/1
f 85/68/1 86/67/1 87/64/1
f 85/68/1 88/69/1 86/67/1
f 89/15/1 90/70/1 91/71/1
f 89/15/1 92/14/1 90/70/1
f 93/72/1 94/4/1 95/1/1
f 93/72/1 96/73/1 94/4/1
f 97/74/5 98/75/5 99/76/5
f 97/74/5 100/77/5 98/75/5
f 101/78/5 102/79/5 103/34/5
f 101/78/5 104/80/5 102/79/5
f 105/81/5 106/82/5 107/83/5
f 105/81/5 108/84/5 106/82/5
f 109/85/4 110/86/4 111/87/4
f 109/85/4 112/88/4 110/86/4
f 113/89/5 114/90/5 115/91/5
f 113/89/5 116/92/5 114/90/5
f 117/93/6 118/59/6 119/94/6
f 117/93/6 120/95/6 118/59/6
f 121/96/5 122/84/5 123/81/5
f 121/96/5 124/97/5 122/84/5
f 125/98/5 126/97/5 127/96/5
f 125/98/5 128/99/5 126/97/5
f 129/45/5 130/92/5 131/89/5
f 129/45/5 132/44/5 130/92/5
f 133/100/7 134/101/7 135/102/7
f 133/100/7 136/103/7 134/101/7
f 137/104/5 138/99/5 139/98/5
f 137/104/5 140/105/5 138/99/5
f 141/106/3 142/107/3 143/108/3
f 141/106/3 144/109/3 142/107/3
f 145/110/8 146/111/8 147/112/8
f 145/110/8 148/113/8 146/111/8
f 149/114/5 150/40/5 151/37/5
f 149/114/5 152/115/5 150/40/5
f 153/116/5 154/115/5 155/114/5
f 153/116/5 156/117/5 154/115/5
f 157/118/4 158/119/4 159/120/4
f 157/118/4 160/80/4 158/119/4
f 161/121/5 162/46/5 163/43/5
f 161/121/5 164/122/5 162/46/5
f 165/39/5 166/122/5 167/121/5
f 165/39/5 168/38/5 166/122/5
f 169/123/5 170/117/5 171/116/5
f 169/123/5 172/124/5 170/117/5
f 173/125/5 174/124/5 175/123/5
f 173/125/5 176/126/5 174/124/5
f 177/127/5 178/126/5 179/125/5
f 177/127/5 180/128/5 178/126/5
f 181/129/7 182/130/7 183/131/7
f 181/129/7 184/132/7 182/130/7
f 185/131/7 186/133/7 187/134/7
f 185/131/7 188/130/7 186/133/7
f 189/134/7 190/135/7 191/136/7
f 189/134/7 192/133/7 190/135/7
f 193/136/7 194/137/7 195/138/7
f 193/136/7 196/135/7 194/137/7
f 197/139/8 198/57/8 199/140/8
f 197/139/8 200/141/8 198/57/8
f 201/53/7 202/142/7 203/143/7
f 201/53/7 204/52/7 202/142/7
f 205/108/3 206/144/3 207/145/3
f 205/108/3 208/107/3 206/144/3
f 209/145/3 210/146/3 211/147/3
f 209/145/3 212/144/3 210/146/3
f 213/147/3 214/148/3 215/149/3
f 213/147/3 216/146/3 214/148/3
f 217/149/3 218/150/3 219/151/3
f 217/149/3 220/148/3 218/150/3
f 221/151/3 222/152/3 223/153/3
f 221/151/3 224/150/3 222/152/3
f 225/153/3 226/154/3 227/155/3
f 225/153/3 228/152/3 226/154/3
f 229/155/3 230/156/3 231/157/3
f 229/155/3 232/154/3 230/156/3
f 233/143/7 234/158/7 235/159/7
f 233/143/7 236/142/7 234/158/7
f 237/160/1 238/161/1 239/162/1
f 237/160/1 240/163/1 238/161/1
f 241/138/7 242/164/7 243/165/7
f 241/138/7 244/137/7 242/164/7
f 245/165/7 246/166/7 247/167/7
f 245/165/7 248/164/7 246/166/7
f 249/167/7 250/168/7 251/169/7
f 249/167/7 252/166/7 250/168/7
f 253/169/7 254/170/7 255/171/7
f 253/169/7 256/168/7 254/170/7
f 257/171/7 258/172/7 259/173/7
f 257/171/7 260/170/7 258/172/7
f 261/174/1 262/163/1 263/160/1
f 261/174/1 264/175/1 262/163/1
f 265/176/1 266/175/1 267/174/1
f 265/176/1 268/177/1 266/175/1
f 269/157/3 270/178/3 271/179/3
f 269/157/3 272/156/3 270/178/3
f 273/180/1 274/69/1 275/68/1
f 273/180/1 276/181/1 274/69/1
f 277/182/1 278/181/1 279/180/1
f 277/182/1 280/183/1 278/181/1
f 281/184/1 282/183/1 283/182/1
f 281/184/1 284/185/1 282/183/1
f 285/186/1 286/185/1 287/184/1
f 285/186/1 288/187/1 286/185/1
f 289/188/7 290/189/7 291/190/7
f 289/188/7 292/191/7 290/189/7
f 293/190/7 294/132/7 295/129/7
f 293/190/7 296/189/7 294/132/7
f 297/71/1 298/177/1 299/176/1
f 297/71/1 300/70/1 298/177/1
f 301/192/7 302/193/7 303/194/7
f 301/192/7 304/195/7 302/193/7
f 305/173/7 306/195/7 307/192/7
f 305/173/7 308/172/7 306/195/7
f 309/196/2 310/16/2 311/13/2
f 309/196/2 312/197/2 310/16/2
f 313/198/2 314/61/2 315/199/2
f 313/198/2 316/200/2 314/61/2
f 317/201/1 318/187/1 319/186/1
f 317/201/1 320/202/1 318/187/1
f 321/203/1 322/202/1 323/201/1
f 321/203/1 324/204/1 322/202/1
f 325/205/8 326/206/8 327/207/8
f 325/205/8 328/58/8 326/206/8
f 329/208/5 330/128/5 331/127/5
f 329/208/5 332/209/5 330/128/5
f 333/210/1 334/204/1 335/203/1
f 333/210/1 336/211/1 334/204/1
f 337/212/1 338/211/1 339/210/1
f 337/212/1 340/213/1 338/211/1
f 341/214/7 342/215/7 343/216/7
f 341/214/7 344/217/7 342/215/7
f 345/216/7 346/218/7 347/219/7
f 345/216/7 348/215/7 346/218/7
f 349/76/5 350/63/5 351/8/5
f 349/76/5 352/75/5 350/63/5
f 353/83/5 354/220/5 355/221/5
f 353/83/5 356/82/5 354/220/5
f 357/194/7 358/217/7 359/214/7
f 357/194/7 360/193/7 358/217/7
f 361/222/6 362/223/6 363/224/6
f 361/222/6 364/11/6 362/223/6
f 365/225/1 366/12/1 367/9/1
f 365/225/1 368/226/1 366/12/1
f 369/66/1 370/226/1 371/225/1
f 369/66/1 372/65/1 370/226/1
f 373/57/3 374/109/3 375/106/3
f 373/57/3 376/56/3 374/109/3
f 377/227/2 378/228/2 379/229/2
f 377/227/2 380/230/2 378/228/2
f 381/162/1 382/73/1 383/72/1
f 381/162/1 384/161/1 382/73/1
f 385/219/7 386/54/7 387/51/7
f 385/219/7 388/218/7 386/54/7
f 389/179/3 390/231/3 391/232/3
f 389/179/3 392/178/3 390/231/3
f 393/232/3 394/233/3 395/234/3
f 393/232/3 396/231/3 394/233/3
f 397/234/3 398/235/3 399/236/3
f 397/234/3 400/233/3 398/235/3
f 401/236/3 402/237/3 403/238/3
f 401/236/3 404/235/3 402/237/3
f 405/238/3 406/239/3 407/240/3
f 405/238/3 408/237/3 406/239/3
f 409/240/3 410/20/3 411/17/3
f 409/240/3 412/239/3 410/20/3
f 413/241/6 414/103/6 415/100/6
f 413/241/6 416/242/6 414/103/6
f 417/243/7 418/191/7 419/188/7
f 417/243/7 420/244/7 418/191/7
f 421/3/1 422/213/1 423/212/1
f 421/3/1 424/2/1 422/213/1
f 425/245/8 426/246/8 427/247/8
f 425/245/8 428/248/8 426/246/8
f 429/221/5 430/77/5 431/74/5
f 429/221/5 432/220/5 430/77/5
f 433/102/7 434/244/7 435/243/7
f 433/102/7 436/101/7 434/244/7
f 437/34/5 438/209/5 439/208/5
f 437/34/5 440/79/5 438/209/5
f 441/91/5 442/105/5 443/104/5
f 441/91/5 444/90/5 442/105/5
f 445/159/7 446/248/7 447/245/7
f 445/159/7 448/158/7 446/248/7
f 449/76/9 450/249/9 451/250/9
f 449/76/9 452/74/9 450/249/9
f 453/8/9 454/250/9 455/6/9
f 453/8/9 456/76/9 454/250/9
f 457/62/9 458/6/9 459/200/9
f 457/62/9 460/8/9 458/6/9
f 461/198/10 462/7/10 463/199/10
f 462/7/9 464/230/9 463/199/9
f 465/125/9 466/251/9 467/252/9
f 465/125/9 468/127/9 466/251/9
f 469/123/9 470/252/9 471/253/9
f 469/123/9 472/125/9 470/252/9
f 473/116/9 474/253/9 475/254/9
f 473/116/9 476/123/9 474/253/9
f 477/121/9 478/255/9 479/256/9
f 477/121/9 480/39/9 478/255/9
f 481/43/9 482/256/9 483/257/9
f 481/43/9 484/121/9 482/256/9
f 485/33/9 486/118/9 487/86/9
f 485/33/10 488/120/10 486/118/10
f 489/119/9 490/86/9 491/80/9
f 489/119/9 492/33/9 490/86/9
f 493/36/9 494/80/9 495/79/9
f 493/36/9 496/119/9 494/80/9
f 497/258/9 498/79/9 499/209/9
f 497/258/9 500/36/9 498/79/9
f 501/251/9 502/209/9 503/128/9
f 501/251/9 504/258/9 502/209/9
f 505/252/9 506/128/9 507/126/9
f 505/252/9 508/251/9 506/128/9
f 509/253/9 510/126/9 511/124/9
f 509/253/9 512/252/9 510/126/9
f 513/254/9 514/124/9 515/117/9
f 513/254/9 516/253/9 514/124/9
f 517/259/9 518/117/9 519/115/9
f 517/259/9 520/254/9 518/117/9
f 521/260/9 522/115/9 523/40/9
f 521/260/9 524/259/9 522/115/9
f 525/255/9 526/40/9 527/38/9
f 525/255/9 528/260/9 526/40/9
f 529/256/9 530/38/9 531/122/9
f 529/256/9 532/255/9 530/38/9
f 533/257/9 534/122/9 535/46/9
f 533/257/9 536/256/9 534/122/9
f 537/261/9 538/46/9 539/44/9
f 537/261/9 540/257/9 538/46/9
f 541/262/9 542/44/9 543/92/9
f 541/262/9 544/261/9 542/44/9
f 545/263/9 546/92/9 547/90/9
f 545/263/9 548/262/9 546/92/9
f 549/264/9 550/90/9 551/105/9
f 549/264/9 552/263/9 550/90/9
f 553/265/9 554/105/9 555/99/9
f 553/265/9 556/264/9 554/105/9
f 557/266/9 558/99/9 559/97/9
f 557/266/9 560/265/9 558/99/9
f 561/267/9 562/97/9 563/84/9
f 561/267/9 564/266/9 562/97/9
f 565/268/9 566/84/9 567/82/9
f 565/268/9 568/267/9 566/84/9
f 569/269/9 570/82/9 571/220/9
f 569/269/9 572/268/9 570/82/9
f 573/249/9 574/220/9 575/77/9
f 573/249/9 576/269/9 574/220/9
f 577/250/9 578/77/9 579/75/9
f 577/250/9 580/249/9 578/77/9
f 581/6/9 582/75/9 583/63/9
f 581/6/9 584/250/9 582/75/9
f 585/200/9 586/63/9 587/61/9
f 585/200/9 588/6/9 586/63/9
f 589/7/9 590/61/9 591/230/9
f 589/7/9 592/200/9 590/61/9
f 593/196/10 594/229/10 595/13/10
f 594/229/9 596/270/9 595/13/9
f 597/114/9 598/254/9 599/259/9
f 597/114/9 600/116/9 598/254/9
f 601/37/9 602/259/9 603/260/9
f 601/37/9 604/114/9 602/259/9
f 605/45/9 606/257/9 607/261/9
f 605/45/9 608/43/9 606/257/9
f 609/85/9 610/32/9 611/271/9
f 609/85/10 612/42/10 610/32/10
f 613/86/9 614/41/9 615/88/9
f 613/86/9 616/118/9 614/41/9
f 617/80/9 618/88/9 619/272/9
f 617/80/9 620/86/9 618/88/9
f 621/79/9 622/272/9 623/273/9
f 621/79/9 624/80/9 622/272/9
f 625/209/9 626/273/9 627/274/9
f 625/209/9 628/79/9 626/273/9
f 629/128/9 630/274/9 631/275/9
f 629/128/9 632/209/9 630/274/9
f 633/126/9 634/275/9 635/276/9
f 633/126/9 636/128/9 634/275/9
f 637/124/9 638/276/9 639/277/9
f 637/124/9 640/126/9 638/276/9
f 641/117/9 642/277/9 643/278/9
f 641/117/9 644/124/9 642/277/9
f 645/115/9 646/278/9 647/279/9
f 645/115/9 648/117/9 646/278/9
f 649/40/9 650/279/9 651/280/9
f 649/40/9 652/115/9 650/279/9
f 653/38/9 654/280/9 655/281/9
f 653/38/9 656/40/9 654/280/9
f 657/122/9 658/281/9 659/282/9
f 657/122/9 660/38/9 658/281/9
f 661/46/9 662/282/9 663/283/9
f 661/46/9 664/122/9 662/282/9
f 665/44/9 666/283/9 667/284/9
f 665/44/9 668/46/9 666/283/9
f 669/92/9 670/284/9 671/285/9
f 669/92/9 672/44/9 670/284/9
f 673/90/9 674/285/9 675/286/9
f 673/90/9 676/92/9 674/285/9
f 677/105/9 678/286/9 679/287/9
f 677/105/9 680/90/9 678/286/9
f 681/99/9 682/287/9 683/288/9
f 681/99/9 684/105/9 682/287/9
f 685/97/9 686/288/9 687/289/9
f 685/97/9 688/99/9 686/288/9
f 689/84/9 690/289/9 691/290/9
f 689/84/9 692/97/9 690/289/9
f 693/82/9 694/290/9 695/291/9
f 693/82/9 696/84/9 694/290/9
f 697/220/9 698/291/9 699/292/9
f 697/220/9 700/82/9 698/291/9
f 701/77/9 702/292/9 703/293/9
f 701/77/9 704/220/9 702/292/9
f 705/75/9 706/293/9 707/294/9
f 705/75/9 708/77/9 706/293/9
f 709/63/9 710/294/9 711/295/9
f 709/63/9 712/75/9 710/294/9
f 713/61/9 714/295/9 715/296/9
f 713/61/9 716/63/9 714/295/9
f 717/230/9 718/296/9 719/228/9
f 717/230/9 720/61/9 718/296/9
f 721/199/9 722/228/9 723/197/9
f 721/199/9 724/230/9 722/228/9
f 725/5/10 726/62/10 727/7/10
f 726/62/9 728/200/9 727/7/9
f 729/39/9 730/260/9 731/255/9
f 729/39/9 732/37/9 730/260/9
f 733/78/9 734/33/9 735/119/9
f 733/78/10 736/35/10 734/33/10
f 737/41/9 738/271/9 739/31/9
f 737/41/9 740/85/9 738/271/9
f 741/88/9 742/31/9 743/297/9
f 741/88/9 744/41/9 742/31/9
f 745/272/9 746/297/9 747/298/9
f 745/272/9 748/88/9 746/297/9
f 749/273/9 750/298/9 751/299/9
f 749/273/9 752/272/9 750/298/9
f 753/274/9 754/299/9 755/300/9
f 753/274/9 756/273/9 754/299/9
f 757/275/9 758/300/9 759/301/9
f 757/275/9 760/274/9 758/300/9
f 761/276/9 762/301/9 763/302/9
f 761/276/9 764/275/9 762/301/9
f 765/277/9 766/302/9 767/303/9
f 765/277/9 768/276/9 766/302/9
f 769/278/9 770/303/9 771/304/9
f 769/278/9 772/277/9 770/303/9
f 773/279/9 774/304/9 775/305/9
f 773/279/9 776/278/9 774/304/9
f 777/280/9 778/305/9 779/306/9
f 777/280/9 780/279/9 778/305/9
f 781/281/9 782/306/9 783/307/9
f 781/281/9 784/280/9 782/306/9
f 785/282/9 786/307/9 787/308/9
f 785/282/9 788/281/9 786/307/9
f 789/283/9 790/308/9 791/309/9
f 789/283/9 792/282/9 790/308/9
f 793/284/9 794/309/9 795/310/9
f 793/284/9 796/283/9 794/309/9
f 797/285/9 798/310/9 799/311/9
f 797/285/9 800/284/9 798/310/9
f 801/286/9 802/311/9 803/312/9
f 801/286/9 804/285/9 802/311/9
f 805/287/9 806/312/9 807/313/9
f 805/287/9 808/286/9 806/312/9
f 809/288/9 810/313/9 811/314/9
f 809/288/9 812/287/9 810/313/9
f 813/289/9 814/314/9 815/315/9
f 813/289/9 816/288/9 814/314/9
f 817/290/9 818/315/9 819/316/9
f 817/290/9 820/289/9 818/315/9
f 821/291/9 822/316/9 823/317/9
f 821/291/9 824/290/9 822/316/9
f 825/292/9 826/317/9 827/318/9
f 825/292/9 828/291/9 826/317/9
f 829/293/9 830/318/9 831/319/9
f 829/293/9 832/292/9 830/318/9
f 833/294/9 834/319/9 835/320/9
f 833/294/9 836/293/9 834/319/9
f 837/295/9 838/320/9 839/321/9
f 837/295/9 840/294/9 838/320/9
f 841/296/9 842/321/9 843/322/9
f 841/296/9 844/295/9 842/321/9
f 845/228/9 846/322/9 847/323/9
f 845/228/9 848/296/9 846/322/9
f 849/197/9 850/323/9 851/16/9
f 849/197/9 852/228/9 850/323/9
f 853/229/9 854/16/9 855/270/9
f 853/229/9 856/197/9 854/16/9
f 857/227/10 858/199/10 859/229/10
f 858/199/9 860/197/9 859/229/9
f 861/271/9 862/30/9 863/324/9
f 861/271/9 864/32/9 862/30/9
f 865/31/9 866/324/9 867/29/9
f 865/31/9 868/271/9 866/324/9
f 869/297/9 870/29/9 871/325/9
f 869/297/9 872/31/9 870/29/9
f 873/298/9 874/325/9 875/326/9
f 873/298/9 876/297/9 874/325/9
f 877/299/9 878/326/9 879/327/9
f 877/299/9 880/298/9 878/326/9
f 881/300/9 882/327/9 883/328/9
f 881/300/9 884/299/9 882/327/9
f 885/301/9 886/328/9 887/329/9
f 885/301/9 888/300/9 886/328/9
f 889/302/9 890/329/9 891/330/9
f 889/302/9 892/301/9 890/329/9
f 893/303/9 894/330/9 895/331/9
f 893/303/9 896/302/9 894/330/9
f 897/304/9 898/331/9 899/332/9
f 897/304/9 900/303/9 898/331/9
f 901/305/9 902/332/9 903/333/9
f 901/305/9 904/304/9 902/332/9
f 905/306/9 906/333/9 907/334/9
f 905/306/9 908/305/9 906/333/9
f 909/307/9 910/334/9 911/335/9
f 909/307/9 912/306/9 910/334/9
f 913/308/9 914/335/9 915/336/9
f 913/308/9 916/307/9 914/335/9
f 917/309/9 918/336/9 919/337/9
f 917/309/9 920/308/9 918/336/9
f 921/310/9 922/337/9 923/338/9
f 921/310/9 924/309/9 922/337/9
f 925/311/9 926/338/9 927/339/9
f 925/311/9 928/310/9 926/338/9
f 929/312/9 930/339/9 931/340/9
f 929/312/9 932/311/9 930/339/9
f 933/313/9 934/340/9 935/341/9
f 933/313/9 936/312/9 934/340/9
f 937/314/9 938/341/9 939/342/9
f 937/314/9 940/313/9 938/341/9
f 941/315/9 942/342/9 943/343/9
f 941/315/9 944/314/9 942/342/9
f 945/316/9 946/343/9 947/344/9
f 945/316/9 948/315/9 946/343/9
f 949/317/9 950/344/9 951/345/9
f 949/317/9 952/316/9 950/344/9
f 953/318/9 954/345/9 955/346/9
f 953/318/9 956/317/9 954/345/9
f 957/319/9 958/346/9 959/347/9
f 957/319/9 960/318/9 958/346/9
f 961/320/9 962/347/9 963/348/9
f 961/320/9 964/319/9 962/347/9
f 965/321/9 966/348/9 967/349/9
f 965/321/9 968/320/9 966/348/9
f 969/322/9 970/349/9 971/350/9
f 969/322/9 972/321/9 970/349/9
f 973/323/9 974/350/9 975/351/9
f 973/323/9 976/322/9 974/350/9
f 977/16/9 978/351/9 979/14/9
f 977/16/9 980/323/9 978/351/9
f 981/270/9 982/14/9 983/352/9
f 981/270/9 984/16/9 982/14/9
f 985/13/9 986/352/9 987/15/9
f 985/13/9 988/270/9 986/352/9
f 989/324/9 990/28/9 991/353/9
f 989/324/9 992/30/9 990/28/9
f 993/29/9 994/353/9 995/27/9
f 993/29/9 996/324/9 994/353/9
f 997/325/9 998/27/9 999/354/9
f 997/325/9 1000/29/9 998/27/9
f 1001/326/9 1002/354/9 1003/355/9
f 1001/326/9 1004/325/9 1002/354/9
f 1005/327/9 1006/355/9 1007/356/9
f 1005/327/9 1008/326/9 1006/355/9
f 1009/328/9 1010/356/9 1011/357/9
f 1009/328/9 1012/327/9 1010/356/9
f 1013/329/9 1014/357/9 1015/358/9
f 1013/329/9 1016/328/9 1014/357/9
f 1017/330/9 1018/358/9 1019/359/9
f 1017/330/9 1020/329/9 1018/358/9
f 1021/331/9 1022/359/9 1023/360/9
f 1021/331/9 1024/330/9 1022/359/9
f 1025/332/9 1026/360/9 1027/361/9
f 1025/332/9 1028/331/9 1026/360/9
f 1029/333/9 1030/361/9 1031/362/9
f 1029/333/9 1032/332/9 1030/361/9
f 1033/334/9 1034/362/9 1035/363/9
f 1033/334/9 1036/333/9 1034/362/9
f 1037/335/9 1038/363/9 1039/364/9
f 1037/335/9 1040/334/9 1038/363/9
f 1041/336/9 1042/364/9 1043/365/9
f 1041/336/9 1044/335/9 1042/364/9
f 1045/337/9 1046/365/9 1047/366/9
f 1045/337/9 1048/336/9 1046/365/9
f 1049/338/9 1050/366/9 1051/367/9
f 1049/338/9 1052/337/9 1050/366/9
f 1053/339/9 1054/367/9 1055/368/9
f 1053/339/9 1056/338/9 1054/367/9
f 1057/340/9 1058/368/9 1059/369/9
f 1057/340/9 1060/339/9 1058/368/9
f 1061/341/9 1062/369/9 1063/370/9
f 1061/341/9 1064/340/9 1062/369/9
f 1065/342/9 1066/370/9 1067/371/9
f 1065/342/9 1068/341/9 1066/370/9
f 1069/343/9 1070/371/9 1071/372/9
f 1069/343/9 1072/342/9 1070/371/9
f 1073/344/9 1074/372/9 1075/373/9
f 1073/344/9 1076/343/9 1074/372/9
f 1077/345/9 1078/373/9 1079/374/9
f 1077/345/9 1080/344/9 1078/373/9
f 1081/346/9 1082/374/9 1083/375/9
f 1081/346/9 1084/345/9 1082/374/9
f 1085/347/9 1086/375/9 1087/376/9
f 1085/347/9 1088/346/9 1086/375/9
f 1089/348/9 1090/376/9 1091/377/9
f 1089/348/9 1092/347/9 1090/376/9
f 1093/349/9 1094/377/9 1095/378/9
f 1093/349/9 1096/348/9 1094/377/9
f 1097/350/9 1098/378/9 1099/379/9
f 1097/350/9 1100/349/9 1098/378/9
f 1101/351/9 1102/379/9 1103/380/9
f 1101/351/9 1104/350/9 1102/379/9
f 1105/14/9 1106/380/9 1107/70/9
f 1105/14/9 1108/351/9 1106/380/9
f 1109/352/9 1110/70/9 1111/381/9
f 1109/352/9 1112/14/9 1110/70/9
f 1113/15/9 1114/381/9 1115/71/9
f 1113/15/9 1116/352/9 1114/381/9
f 1117/353/9 1118/26/9 1119/382/9
f 1117/353/9 1120/28/9 1118/26/9
f 1121/27/9 1122/382/9 1123/25/9
f 1121/27/9 1124/353/9 1122/382/9
f 1125/354/9 1126/25/9 1127/383/9
f 1125/354/9 1128/27/9 1126/25/9
f 1129/355/9 1130/383/9 1131/384/9
f 1129/355/9 1132/354/9 1130/383/9
f 1133/356/9 1134/384/9 1135/385/9
f 1133/356/9 1136/355/9 1134/384/9
f 1137/357/9 1138/385/9 1139/386/9
f 1137/357/9 1140/356/9 1138/385/9
f 1141/358/9 1142/386/9 1143/387/9
f 1141/358/9 1144/357/9 1142/386/9
f 1145/359/9 1146/387/9 1147/388/9
f 1145/359/9 1148/358/9 1146/387/9
f 1149/360/9 1150/388/9 1151/389/9
f 1149/360/9 1152/359/9 1150/388/9
f 1153/361/9 1154/389/9 1155/390/9
f 1153/361/9 1156/360/9 1154/389/9
f 1157/362/9 1158/390/9 1159/391/9
f 1157/362/9 1160/361/9 1158/390/9
f 1161/363/9 1162/391/9 1163/392/9
f 1161/363/9 1164/362/9 1162/391/9
f 1165/364/9 1166/392/9 1167/393/9
f 1165/364/9 1168/363/9 1166/392/9
f 1169/365/9 1170/393/9 1171/394/9
f 1169/365/9 1172/364/9 1170/393/9
f 1173/366/9 1174/394/9 1175/395/9
f 1173/366/9 1176/365/9 1174/394/9
f 1177/367/9 1178/395/9 1179/396/9
f 1177/367/9 1180/366/9 1178/395/9
f 1181/368/9 1182/396/9 1183/397/9
f 1181/368/9 1184/367/9 1182/396/9
f 1185/369/9 1186/397/9 1187/398/9
f 1185/369/9 1188/368/9 1186/397/9
f 1189/370/9 1190/398/9 1191/399/9
f 1189/370/9 1192/369/9 1190/398/9
f 1193/371/9 1194/399/9 1195/400/9
f 1193/371/9 1196/370/9 1194/399/9
f 1197/372/9 1198/400/9 1199/401/9
f 1197/372/9 1200/371/9 1198/400/9
f 1201/373/9 1202/401/9 1203/402/9
f 1201/373/9 1204/372/9 1202/401/9
f 1205/374/9 1206/402/9 1207/403/9
f 1205/374/9 1208/373/9 1206/402/9
f 1209/375/9 1210/403/9 1211/404/9
f 1209/375/9 1212/374/9 1210/403/9
f 1213/376/9 1214/404/9 1215/405/9
f 1213/376/9 1216/375/9 1214/404/9
f 1217/377/9 1218/405/9 1219/406/9
f 1217/377/9 1220/376/9 1218/405/9
f 1221/378/9 1222/406/9 1223/407/9
f 1221/378/9 1224/377/9 1222/406/9
f 1225/379/9 1226/407/9 1227/408/9
f 1225/379/9 1228/378/9 1226/407/9
f 1229/380/9 1230/408/9 1231/409/9
f 1229/380/9 1232/379/9 1230/408/9
f 1233/70/9 1234/409/9 1235/177/9
f 1233/70/9 1236/380/9 1234/409/9
f 1237/381/9 1238/177/9 1239/410/9
f 1237/381/9 1240/70/9 1238/177/9
f 1241/71/9 1242/410/9 1243/176/9
f 1241/71/9 1244/381/9 1242/410/9
f 1245/382/9 1246/24/9 1247/411/9
f 1245/382/9 1248/26/9 1246/24/9
f 1249/25/9 1250/411/9 1251/23/9
f 1249/25/9 1252/382/9 1250/411/9
f 1253/383/9 1254/23/9 1255/412/9
f 1253/383/9 1256/25/9 1254/23/9
f 1257/384/9 1258/412/9 1259/413/9
f 1257/384/9 1260/383/9 1258/412/9
f 1261/385/9 1262/413/9 1263/414/9
f 1261/385/9 1264/384/9 1262/413/9
f 1265/386/9 1266/414/9 1267/415/9
f 1265/386/9 1268/385/9 1266/414/9
f 1269/387/9 1270/415/9 1271/416/9
f 1269/387/9 1272/386/9 1270/415/9
f 1273/388/9 1274/416/9 1275/417/9
f 1273/388/9 1276/387/9 1274/416/9
f 1277/389/9 1278/417/9 1279/418/9
f 1277/389/9 1280/388/9 1278/417/9
f 1281/390/9 1282/418/9 1283/419/9
f 1281/390/9 1284/389/9 1282/418/9
f 1285/391/9 1286/419/9 1287/420/9
f 1285/391/9 1288/390/9 1286/419/9
f 1289/392/9 1290/420/9 1291/421/9
f 1289/392/9 1292/391/9 1290/420/9
f 1293/393/9 1294/421/9 1295/422/9
f 1293/393/9 1296/392/9 1294/421/9
f 1297/394/9 1298/422/9 1299/423/9
f 1297/394/9 1300/393/9 1298/422/9
f 1301/395/9 1302/423/9 1303/424/9
f 1301/395/9 1304/394/9 1302/423/9
f 1305/396/9 1306/424/9 1307/425/9
f 1305/396/9 1308/395/9 1306/424/9
f 1309/397/9 1310/425/9 1311/426/9
f 1309/397/9 1312/396/9 1310/425/9
f 1313/398/9 1314/426/9 1315/427/9
f 1313/398/9 1316/397/9 1314/426/9
f 1317/399/9 1318/427/9 1319/428/9
f 1317/399/9 1320/398/9 1318/427/9
f 1321/400/9 1322/428/9 1323/429/9
f 1321/400/9 1324/399/9 1322/428/9
f 1325/401/9 1326/429/9 1327/430/9
f 1325/401/9 1328/400/9 1326/429/9
f 1329/402/9 1330/430/9 1331/431/9
f 1329/402/9 1332/401/9 1330/430/9
f 1333/403/9 1334/431/9 1335/432/9
f 1333/403/9 1336/402/9 1334/431/9
f 1337/404/9 1338/432/9 1339/433/9
f 1337/404/9 1340/403/9 1338/432/9
f 1341/405/9 1342/433/9 1343/434/9
f 1341/405/9 1344/404/9 1342/433/9
f 1345/406/9 1346/434/9 1347/435/9
f 1345/406/9 1348/405/9 1346/434/9
f 1349/407/9 1350/435/9 1351/436/9
f 1349/407/9 1352/406/9 1350/435/9
f 1353/408/9 1354/436/9 1355/437/9
f 1353/408/9 1356/407/9 1354/436/9
f 1357/409/9 1358/437/9 1359/438/9
f 1357/409/9 1360/408/9 1358/437/9
f 1361/177/9 1362/438/9 1363/175/9
f 1361/177/9 1364/409/9 1362/438/9
f 1365/410/9 1366/175/9 1367/439/9
f 1365/410/9 1368/177/9 1366/175/9
f 1369/176/9 1370/439/9 1371/174/9
f 1369/176/9 1372/410/9 1370/439/9
f 1373/411/9 1374/22/9 1375/440/9
f 1373/411/9 1376/24/9 1374/22/9
f 1377/23/9 1378/440/9 1379/21/9
f 1377/23/9 1380/411/9 1378/440/9
f 1381/412/9 1382/21/9 1383/441/9
f 1381/412/9 1384/23/9 1382/21/9
f 1385/413/9 1386/441/9 1387/442/9
f 1385/413/9 1388/412/9 1386/441/9
f 1389/414/9 1390/442/9 1391/443/9
f 1389/414/9 1392/413/9 1390/442/9
f 1393/415/9 1394/443/9 1395/444/9
f 1393/415/9 1396/414/9 1394/443/9
f 1397/416/9 1398/444/9 1399/445/9
f 1397/416/9 1400/415/9 1398/444/9
f 1401/417/9 1402/445/9 1403/446/9
f 1401/417/9 1404/416/9 1402/445/9
f 1405/418/9 1406/446/9 1407/447/9
f 1405/418/9 1408/417/9 1406/446/9
f 1409/419/9 1410/447/9 1411/448/9
f 1409/419/9 1412/418/9 1410/447/9
f 1413/420/9 1414/448/9 1415/449/9
f 1413/420/9 1416/419/9 1414/448/9
f 1417/421/9 1418/449/9 1419/450/9
f 1417/421/9 1420/420/9 1418/449/9
f 1421/422/9 1422/450/9 1423/451/9
f 1421/422/9 1424/421/9 1422/450/9
f 1425/423/9 1426/451/9 1427/452/9
f 1425/423/9 1428/422/9 1426/451/9
f 1429/424/9 1430/452/9 1431/453/9
f 1429/424/9 1432/423/9 1430/452/9
f 1433/425/9 1434/453/9 1435/454/9
f 1433/425/9 1436/424/9 1434/453/9
f 1437/426/9 1438/454/9 1439/455/9
f 1437/426/9 1440/425/9 1438/454/9
f 1441/427/9 1442/455/9 1443/456/9
f 1441/427/9 1444/426/9 1442/455/9
f 1445/428/9 1446/456/9 1447/457/9
f 1445/428/9 1448/427/9 1446/456/9
f 1449/429/9 1450/457/9 1451/458/9
f 1449/429/9 1452/428/9 1450/457/9
f 1453/430/9 1454/458/9 1455/459/9
f 1453/430/9 1456/429/9 1454/458/9
f 1457/431/9 1458/459/9 1459/460/9
f 1457/431/9 1460/430/9 1458/459/9
f 1461/432/9 1462/460/9 1463/461/9
f 1461/432/9 1464/431/9 1462/460/9
f 1465/433/9 1466/461/9 1467/462/9
f 1465/433/9 1468/432/9 1466/461/9
f 1469/434/9 1470/462/9 1471/463/9
f 1469/434/9 1472/433/9 1470/462/9
f 1473/435/9 1474/463/9 1475/464/9
f 1473/435/9 1476/434/9 1474/463/9
f 1477/436/9 1478/464/9 1479/465/9
f 1477/436/9 1480/435/9 1478/464/9
f 1481/437/9 1482/465/9 1483/466/9
f 1481/437/9 1484/436/9 1482/465/9
f 1485/438/9 1486/466/9 1487/467/9
f 1485/438/9 1488/437/9 1486/466/9
f 1489/175/9 1490/467/9 1491/163/9
f 1489/175/9 1492/438/9 1490/467/9
f 1493/439/9 1494/163/9 1495/468/9
f 1493/439/9 1496/175/9 1494/163/9
f 1497/174/9 1498/468/9 1499/160/9
f 1497/174/9 1500/439/9 1498/468/9
f 1501/440/9 1502/19/9 1503/469/9
f 1501/440/9 1504/22/9 1502/19/9
f 1505/21/9 1506/469/9 1507/18/9
f 1505/21/9 1508/440/9 1506/469/9
f 1509/441/9 1510/18/9 1511/470/9
f 1509/441/9 1512/21/9 1510/18/9
f 1513/442/9 1514/470/9 1515/471/9
f 1513/442/9 1516/441/9 1514/470/9
f 1517/443/9 1518/471/9 1519/472/9
f 1517/443/9 1520/442/9 1518/471/9
f 1521/444/9 1522/472/9 1523/473/9
f 1521/444/9 1524/443/9 1522/472/9
f 1525/445/9 1526/473/9 1527/474/9
f 1525/445/9 1528/444/9 1526/473/9
f 1529/446/9 1530/474/9 1531/475/9
f 1529/446/9 1532/445/9 1530/474/9
f 1533/447/9 1534/475/9 1535/476/9
f 1533/447/9 1536/446/9 1534/475/9
f 1537/448/9 1538/476/9 1539/477/9
f 1537/448/9 1540/447/9 1538/476/9
f 1541/449/9 1542/477/9 1543/478/9
f 1541/449/9 1544/448/9 1542/477/9
f 1545/450/9 1546/478/9 1547/479/9
f 1545/450/9 1548/449/9 1546/478/9
f 1549/451/9 1550/479/9 1551/480/9
f 1549/451/9 1552/450/9 1550/479/9
f 1553/452/9 1554/480/9 1555/481/9
f 1553/452/9 1556/451/9 1554/480/9
f 1557/453/9 1558/481/9 1559/482/9
f 1557/453/9 1560/452/9 1558/481/9
f 1561/454/9 1562/482/9 1563/483/9
f 1561/454/9 1564/453/9 1562/482/9
f 1565/455/9 1566/483/9 1567/484/9
f 1565/455/9 1568/454/9 1566/483/9
f 1569/456/9 1570/484/9 1571/485/9
f 1569/456/9 1572/455/9 1570/484/9
f 1573/457/9 1574/485/9 1575/486/9
f 1573/457/9 1576/456/9 1574/485/9
f 1577/458/9 1578/486/9 1579/487/9
f 1577/458/9 1580/457/9 1578/486/9
f 1581/459/9 1582/487/9 1583/488/9
f 1581/459/9 1584/458/9 1582/487/9
f 1585/460/9 1586/488/9 1587/489/9
f 1585/460/9 1588/459/9 1586/488/9
f 1589/461/9 1590/489/9 1591/490/9
f 1589/461/9 1592/460/9 1590/489/9
f 1593/462/9 1594/490/9 1595/491/9
f 1593/462/9 1596/461/9 1594/490/9
f 1597/463/9 1598/491/9 1599/492/9
f 1597/463/9 1600/462/9 1598/491/9
f 1601/464/9 1602/492/9 1603/493/9
f 1601/464/9 1604/463/9 1602/492/9
f 1605/465/9 1606/493/9 1607/494/9
f 1605/465/9 1608/464/9 1606/493/9
f 1609/466/9 1610/494/9 1611/495/9
f 1609/466/9 1612/465/9 1610/494/9
f 1613/467/9 1614/495/9 1615/496/9
f 1613/467/9 1616/466/9 1614/495/9
f 1617/163/9 1618/496/9 1619/161/9
f 1617/163/9 1620/467/9 1618/496/9
f 1621/468/9 1622/161/9 1623/497/9
f 1621/468/9 1624/163/9 1622/161/9
f 1625/160/9 1626/497/9 1627/162/9
f 1625/160/9 1628/468/9 1626/497/9
f 1629/469/9 1630/17/9 1631/498/9
f 1629/469/9 1632/19/9 1630/17/9
f 1633/18/9 1634/498/9 1635/20/9
f 1633/18/9 1636/469/9 1634/498/9
f 1637/470/9 1638/20/9 1639/499/9
f 1637/470/9 1640/18/9 1638/20/9
f 1641/471/9 1642/499/9 1643/500/9
f 1641/471/9 1644/470/9 1642/499/9
f 1645/472/9 1646/500/9 1647/501/9
f 1645/472/9 1648/471/9 1646/500/9
f 1649/473/9 1650/501/9 1651/502/9
f 1649/473/9 1652/472/9 1650/501/9
f 1653/474/9 1654/502/9 1655/503/9
f 1653/474/9 1656/473/9 1654/502/9
f 1657/475/9 1658/503/9 1659/504/9
f 1657/475/9 1660/474/9 1658/503/9
f 1661/476/9 1662/504/9 1663/505/9
f 1661/476/9 1664/475/9 1662/504/9
f 1665/477/9 1666/505/9 1667/506/9
f 1665/477/9 1668/476/9 1666/505/9
f 1669/478/9 1670/506/9 1671/507/9
f 1669/478/9 1672/477/9 1670/506/9
f 1673/479/9 1674/507/9 1675/508/9
f 1673/479/9 1676/478/9 1674/507/9
f 1677/480/9 1678/508/9 1679/509/9
f 1677/480/9 1680/479/9 1678/508/9
f 1681/481/9 1682/509/9 1683/510/9
f 1681/481/9 1684/480/9 1682/509/9
f 1685/482/9 1686/510/9 1687/511/9
f 1685/482/9 1688/481/9 1686/510/9
f 1689/483/9 1690/511/9 1691/512/9
f 1689/483/9 1692/482/9 1690/511/9
f 1693/484/9 1694/512/9 1695/513/9
f 1693/484/9 1696/483/9 1694/512/9
f 1697/485/9 1698/513/9 1699/514/9
f 1697/485/9 1700/484/9 1698/513/9
f 1701/486/9 1702/514/9 1703/515/9
f 1701/486/9 1704/485/9 1702/514/9
f 1705/487/9 1706/515/9 1707/516/9
f 1705/487/9 1708/486/9 1706/515/9
f 1709/488/9 1710/516/9 1711/517/9
f 1709/488/9 1712/487/9 1710/516/9
f 1713/489/9 1714/517/9 1715/518/9
f 1713/489/9 1716/488/9 1714/517/9
f 1717/490/9 1718/518/9 1719/519/9
f 1717/490/9 1720/489/9 1718/518/9
f 1721/491/9 1722/519/9 1723/520/9
f 1721/491/9 1724/490/9 1722/519/9
f 1725/492/9 1726/520/9 1727/521/9
f 1725/492/9 1728/491/9 1726/520/9
f 1729/493/9 1730/521/9 1731/522/9
f 1729/493/9 1732/492/9 1730/521/9
f 1733/494/9 1734/522/9 1735/523/9
f 1733/494/9 1736/493/9 1734/522/9
f 1737/495/9 1738/523/9 1739/524/9
f 1737/495/9 1740/494/9 1738/523/9
f 1741/496/9 1742/524/9 1743/525/9
f 1741/496/9 1744/495/9 1742/524/9
f 1745/161/9 1746/525/9 1747/73/9
f 1745/161/9 1748/496/9 1746/525/9
f 1749/497/9 1750/73/9 1751/526/9
f 1749/497/9 1752/161/9 1750/73/9
f 1753/162/9 1754/526/9 1755/72/9
f 1753/162/9 1756/497/9 1754/526/9
f 1757/498/9 1758/240/9 1759/527/9
f 1757/498/9 1760/17/9 1758/240/9
f 1761/20/9 1762/527/9 1763/239/9
f 1761/20/9 1764/498/9 1762/527/9
f 1765/499/9 1766/239/9 1767/528/9
f 1765/499/9 1768/20/9 1766/239/9
f 1769/500/9 1770/528/9 1771/529/9
f 1769/500/9 1772/499/9 1770/528/9
f 1773/501/9 1774/529/9 1775/530/9
f 1773/501/9 1776/500/9 1774/529/9
f 1777/502/9 1778/530/9 1779/531/9
f 1777/502/9 1780/501/9 1778/530/9
f 1781/503/9 1782/531/9 1783/532/9
f 1781/503/9 1784/502/9 1782/531/9
f 1785/504/9 1786/532/9 1787/533/9
f 1785/504/9 1788/503/9 1786/532/9
f 1789/505/9 1790/533/9 1791/534/9
f 1789/505/9 1792/504/9 1790/533/9
f 1793/506/9 1794/534/9 1795/535/9
f 1793/506/9 1796/505/9 1794/534/9
f 1797/507/9 1798/535/9 1799/536/9
f 1797/507/9 1800/506/9 1798/535/9
f 1801/508/9 1802/536/9 1803/537/9
f 1801/508/9 1804/507/9 1802/536/9
f 1805/509/9 1806/537/9 1807/538/9
f 1805/509/9 1808/508/9 1806/537/9
f 1809/510/9 1810/538/9 1811/539/9
f 1809/510/9 1812/509/9 1810/538/9
f 1813/511/9 1814/539/9 1815/540/9
f 1813/511/9 1816/510/9 1814/539/9
f 1817/512/9 1818/540/9 1819/541/9
f 1817/512/9 1820/511/9 1818/540/9
f 1821/513/9 1822/541/9 1823/542/9
f 1821/513/9 1824/512/9 1822/541/9
f 1825/514/9 1826/542/9 1827/543/9
f 1825/514/9 1828/513/9 1826/542/9
f 1829/515/9 1830/543/9 1831/544/9
f 1829/515/9 1832/514/9 1830/543/9
f 1833/516/9 1834/544/9 1835/545/9
f 1833/516/9 1836/515/9 1834/544/9
f 1837/517/9 1838/545/9 1839/546/9
f 1837/517/9 1840/516/9 1838/545/9
f 1841/518/9 1842/546/9 1843/547/9
f 1841/518/9 1844/517/9 1842/546/9
f 1845/519/9 1846/547/9 1847/548/9
f 1845/519/9 1848/518/9 1846/547/9
f 1849/520/9 1850/548/9 1851/549/9
f 1849/520/9 1852/519/9 1850/548/9
f 1853/521/9 1854/549/9 1855/550/9
f 1853/521/9 1856/520/9 1854/549/9
f 1857/522/9 1858/550/9 1859/551/9
f 1857/522/9 1860/521/9 1858/550/9
f 1861/523/9 1862/551/9 1863/552/9
f 1861/523/9 1864/522/9 1862/551/9
f 1865/524/9 1866/552/9 1867/553/9
f 1865/524/9 1868/523/9 1866/552/9
f 1869/525/9 1870/553/9 1871/554/9
f 1869/525/9 1872/524/9 1870/553/9
f 1873/73/9 1874/554/9 1875/4/9
f 1873/73/9 1876/525/9 1874/554/9
f 1877/526/9 1878/4/9 1879/555/9
f 1877/526/9 1880/73/9 1878/4/9
f 1881/72/9 1882/555/9 1883/1/9
f 1881/72/9 1884/526/9 1882/555/9
f 1885/527/9 1886/238/9 1887/556/9
f 1885/527/9 1888/240/9 1886/238/9
f 1889/239/9 1890/556/9 1891/237/9
f 1889/239/9 1892/527/9 1890/556/9
f 1893/528/9 1894/237/9 1895/557/9
f 1893/528/9 1896/239/9 1894/237/9
f 1897/529/9 1898/557/9 1899/558/9
f 1897/529/9 1900/528/9 1898/557/9
f 1901/530/9 1902/558/9 1903/559/9
f 1901/530/9 1904/529/9 1902/558/9
f 1905/531/9 1906/559/9 1907/560/9
f 1905/531/9 1908/530/9 1906/559/9
f 1909/532/9 1910/560/9 1911/561/9
f 1909/532/9 1912/531/9 1910/560/9
f 1913/533/9 1914/561/9 1915/562/9
f 1913/533/9 1916/532/9 1914/561/9
f 1917/534/9 1918/562/9 1919/563/9
f 1917/534/9 1920/533/9 1918/562/9
f 1921/535/9 1922/563/9 1923/564/9
f 1921/535/9 1924/534/9 1922/563/9
f 1925/536/9 1926/564/9 1927/565/9
f 1925/536/9 1928/535/9 1926/564/9
f 1929/537/9 1930/565/9 1931/566/9
f 1929/537/9 1932/536/9 1930/565/9
f 1933/538/9 1934/566/9 1935/567/9
f 1933/538/9 1936/537/9 1934/566/9
f 1937/539/9 1938/567/9 1939/568/9
f 1937/539/9 1940/538/9 1938/567/9
f 1941/540/9 1942/568/9 1943/569/9
f 1941/540/9 1944/539/9 1942/568/9
f 1945/541/9 1946/569/9 1947/570/9
f 1945/541/9 1948/540/9 1946/569/9
f 1949/542/9 1950/570/9 1951/571/9
f 1949/542/9 1952/541/9 1950/570/9
f 1953/543/9 1954/571/9 1955/572/9
f 1953/543/9 1956/542/9 1954/571/9
f 1957/544/9 1958/572/9 1959/573/9
f 1957/544/9 1960/543/9 1958/572/9
f 1961/545/9 1962/573/9 1963/574/9
f 1961/545/9 1964/544/9 1962/573/9
f 1965/546/9 1966/574/9 1967/575/9
f 1965/546/9 1968/545/9 1966/574/9
f 1969/547/9 1970/575/9 1971/576/9
f 1969/547/9 1972/546/9 1970/575/9
f 1973/548/9 1974/576/9 1975/577/9
f 1973/548/9 1976/547/9 1974/576/9
f 1977/549/9 1978/577/9 1979/578/9
f 1977/549/9 1980/548/9 1978/577/9
f 1981/550/9 1982/578/9 1983/579/9
f 1981/550/9 1984/549/9 1982/578/9
f 1985/551/9 1986/579/9 1987/580/9
f 1985/551/9 1988/550/9 1986/579/9
f 1989/552/9 1990/580/9 1991/581/9
f 1989/552/9 1992/551/9 1990/580/9
f 1993/553/9 1994/581/9 1995/582/9
f 1993/553/9 1996/552/9 1994/581/9
f 1997/554/9 1998/582/9 1999/583/9
f 1997/554/9 2000/553/9 1998/582/9
f 2001/4/9 2002/583/9 2003/2/9
f 2001/4/9 2004/554/9 2002/583/9
f 2005/555/9 2006/2/9 2007/584/9
f 2005/555/9 2008/4/9 2006/2/9
f 2009/1/9 2010/584/9 2011/3/9
f 2009/1/9 2012/555/9 2010/584/9
f 2013/556/9 2014/236/9 2015/585/9
f 2013/556/9 2016/238/9 2014/236/9
f 2017/237/9 2018/585/9 2019/235/9
f 2017/237/9 2020/556/9 2018/585/9
f 2021/557/9 2022/235/9 2023/586/9
f 2021/557/9 2024/237/9 2022/235/9
f 2025/558/9 2026/586/9 2027/587/9
f 2025/558/9 2028/557/9 2026/586/9
f 2029/559/9 2030/587/9 2031/588/9
f 2029/559/9 2032/558/9 2030/587/9
f 2033/560/9 2034/588/9 2035/589/9
f 2033/560/9 2036/559/9 2034/588/9
f 2037/561/9 2038/589/9 2039/590/9
f 2037/561/9 2040/560/9 2038/589/9
f 2041/562/9 2042/590/9 2043/591/9
f 2041/562/9 2044/561/9 2042/590/9
f 2045/563/9 2046/591/9 2047/592/9
f 2045/563/9 2048/562/9 2046/591/9
f 2049/564/9 2050/592/9 2051/593/9
f 2049/564/9 2052/563/9 2050/592/9
f 2053/565/9 2054/593/9 2055/594/9
f 2053/565/9 2056/564/9 2054/593/9
f 2057/566/9 2058/594/9 2059/595/9
f 2057/566/9 2060/565/9 2058/594/9
f 2061/567/9 2062/595/9 2063/596/9
f 2061/567/9 2064/566/9 2062/595/9
f 2065/568/9 2066/596/9 2067/597/9
f 2065/568/9 2068/567/9 2066/596/9
f 2069/569/9 2070/597/9 2071/598/9
f 2069/569/9 2072/568/9 2070/597/9
f 2073/570/9 2074/598/9 2075/599/9
f 2073/570/9 2076/569/9 2074/598/9
f 2077/571/9 2078/599/9 2079/600/9
f 2077/571/9 2080/570/9 2078/599/9
f 2081/572/9 2082/600/9 2083/601/9
f 2081/572/9 2084/571/9 2082/600/9
f 2085/573/9 2086/601/9 2087/602/9
f 2085/573/9 2088/572/9 2086/601/9
f 2089/574/9 2090/602/9 2091/603/9
f 2089/574/9 2092/573/9 2090/602/9
f 2093/575/9 2094/603/9 2095/604/9
f 2093/575/9 2096/574/9 2094/603/9
f 2097/576/9 2098/604/9 2099/605/9
f 2097/576/9 2100/575/9 2098/604/9
f 2101/577/9 2102/605/9 2103/606/9
f 2101/577/9 2104/576/9 2102/605/9
f 2105/578/9 2106/606/9 2107/607/9
f 2105/578/9 2108/577/9 2106/606/9
f 2109/579/9 2110/607/9 2111/608/9
f 2109/579/9 2112/578/9 2110/607/9
f 2113/580/9 2114/608/9 2115/609/9
f 2113/580/9 2116/579/9 2114/608/9
f 2117/581/9 2118/609/9 2119/610/9
f 2117/581/9 2120/580/9 2118/609/9
f 2121/582/9 2122/610/9 2123/611/9
f 2121/582/9 2124/581/9 2122/610/9
f 2125/583/9 2126/611/9 2127/612/9
f 2125/583/9 2128/582/9 2126/611/9
f 2129/2/9 2130/612/9 2131/213/9
f 2129/2/9 2132/583/9 2130/612/9
f 2133/584/9 2134/213/9 2135/613/9
f 2133/584/9 2136/2/9 2134/213/9
f 2137/3/9 2138/613/9 2139/212/9
f 2137/3/9 2140/584/9 2138/613/9
f 2141/585/9 2142/234/9 2143/614/9
f 2141/585/9 2144/236/9 2142/234/9
f 2145/235/9 2146/614/9 2147/233/9
f 2145/235/9 2148/585/9 2146/614/9
f 2149/586/9 2150/233/9 2151/615/9
f 2149/586/9 2152/235/9 2150/233/9
f 2153/587/9 2154/615/9 2155/616/9
f 2153/587/9 2156/586/9 2154/615/9
f 2157/588/9 2158/616/9 2159/617/9
f 2157/588/9 2160/587/9 2158/616/9
f 2161/589/9 2162/617/9 2163/618/9
f 2161/589/9 2164/588/9 2162/617/9
f 2165/590/9 2166/618/9 2167/619/9
f 2165/590/9 2168/589/9 2166/618/9
f 2169/591/9 2170/619/9 2171/620/9
f 2169/591/9 2172/590/9 2170/619/9
f 2173/592/9 2174/620/9 2175/621/9
f 2173/592/9 2176/591/9 2174/620/9
f 2177/593/9 2178/621/9 2179/622/9
f 2177/593/9 2180/592/9 2178/621/9
f 2181/594/9 2182/622/9 2183/623/9
f 2181/594/9 2184/593/9 2182/622/9
f 2185/595/9 2186/623/9 2187/624/9
f 2185/595/9 2188/594/9 2186/623/9
f 2189/596/9 2190/624/9 2191/625/9
f 2189/596/9 2192/595/9 2190/624/9
f 2193/597/9 2194/625/9 2195/626/9
f 2193/597/9 2196/596/9 2194/625/9
f 2197/598/9 2198/626/9 2199/627/9
f 2197/598/9 2200/597/9 2198/626/9
f 2201/599/9 2202/627/9 2203/628/9
f 2201/599/9 2204/598/9 2202/627/9
f 2205/600/9 2206/628/9 2207/629/9
f 2205/600/9 2208/599/9 2206/628/9
f 2209/601/9 2210/629/9 2211/630/9
f 2209/601/9 2212/600/9 2210/629/9
f 2213/602/9 2214/630/9 2215/631/9
f 2213/602/9 2216/601/9 2214/630/9
f 2217/603/9 2218/631/9 2219/632/9
f 2217/603/9 2220/602/9 2218/631/9
f 2221/604/9 2222/632/9 2223/633/9
f 2221/604/9 2224/603/9 2222/632/9
f 2225/605/9 2226/633/9 2227/634/9
f 2225/605/9 2228/604/9 2226/633/9
f 2229/606/9 2230/634/9 2231/635/9
f 2229/606/9 2232/605/9 2230/634/9
f 2233/607/9 2234/635/9 2235/636/9
f 2233/607/9 2236/606/9 2234/635/9
f 2237/608/9 2238/636/9 2239/637/9
f 2237/608/9 2240/607/9 2238/636/9
f 2241/609/9 2242/637/9 2243/638/9
f 2241/609/9 2244/608/9 2242/637/9
f 2245/610/9 2246/638/9 2247/639/9
f 2245/610/9 2248/609/9 2246/638/9
f 2249/611/9 2250/639/9 2251/640/9
f 2249/611/9 2252/610/9 2250/639/9
f 2253/612/9 2254/640/9 2255/641/9
f 2253/612/9 2256/611/9 2254/640/9
f 2257/213/9 2258/641/9 2259/211/9
f 2257/213/9 2260/612/9 2258/641/9
f 2261/613/9 2262/211/9 2263/642/9
f 2261/613/9 2264/213/9 2262/211/9
f 2265/212/9 2266/642/9 2267/210/9
f 2265/212/9 2268/613/9 2266/642/9
f 2269/614/9 2270/232/9 2271/643/9
f 2269/614/9 2272/234/9 2270/232/9
f 2273/233/9 2274/643/9 2275/231/9
f 2273/233/9 2276/614/9 2274/643/9
f 2277/615/9 2278/231/9 2279/644/9
f 2277/615/9 2280/233/9 2278/231/9
f 2281/616/9 2282/644/9 2283/645/9
f 2281/616/9 2284/615/9 2282/644/9
f 2285/617/9 2286/645/9 2287/646/9
f 2285/617/9 2288/616/9 2286/645/9
f 2289/618/9 2290/646/9 2291/647/9
f 2289/618/9 2292/617/9 2290/646/9
f 2293/619/9 2294/647/9 2295/648/9
f 2293/619/9 2296/618/9 2294/647/9
f 2297/620/9 2298/648/9 2299/649/9
f 2297/620/9 2300/619/9 2298/648/9
f 2301/621/9 2302/649/9 2303/650/9
f 2301/621/9 2304/620/9 2302/649/9
f 2305/622/9 2306/650/9 2307/651/9
f 2305/622/9 2308/621/9 2306/650/9
f 2309/623/9 2310/651/9 2311/652/9
f 2309/623/9 2312/622/9 2310/651/9
f 2313/624/9 2314/652/9 2315/653/9
f 2313/624/9 2316/623/9 2314/652/9
f 2317/625/9 2318/653/9 2319/654/9
f 2317/625/9 2320/624/9 2318/653/9
f 2321/626/9 2322/654/9 2323/655/9
f 2321/626/9 2324/625/9 2322/654/9
f 2325/627/9 2326/655/9 2327/656/9
f 2325/627/9 2328/626/9 2326/655/9
f 2329/628/9 2330/656/9 2331/657/9
f 2329/628/9 2332/627/9 2330/656/9
f 2333/629/9 2334/657/9 2335/658/9
f 2333/629/9 2336/628/9 2334/657/9
f 2337/630/9 2338/658/9 2339/659/9
f 2337/630/9 2340/629/9 2338/658/9
f 2341/631/9 2342/659/9 2343/660/9
f 2341/631/9 2344/630/9 2342/659/9
f 2345/632/9 2346/660/9 2347/661/9
f 2345/632/9 2348/631/9 2346/660/9
f 2349/633/9 2350/661/9 2351/662/9
f 2349/633/9 2352/632/9 2350/661/9
f 2353/634/9 2354/662/9 2355/663/9
f 2353/634/9 2356/633/9 2354/662/9
f 2357/635/9 2358/663/9 2359/664/9
f 2357/635/9 2360/634/9 2358/663/9
f 2361/636/9 2362/664/9 2363/665/9
f 2361/636/9 2364/635/9 2362/664/9
f 2365/637/9 2366/665/9 2367/666/9
f 2365/637/9 2368/636/9 2366/665/9
f 2369/638/9 2370/666/9 2371/667/9
f 2369/638/9 2372/637/9 2370/666/9
f 2373/639/9 2374/667/9 2375/668/9
f 2373/639/9 2376/638/9 2374/667/9
f 2377/640/9 2378/668/9 2379/669/9
f 2377/640/9 2380/639/9 2378/668/9
f 2381/641/9 2382/669/9 2383/670/9
f 2381/641/9 2384/640/9 2382/669/9
f 2385/211/9 2386/670/9 2387/204/9
f 2385/211/9 2388/641/9 2386/670/9
f 2389/642/9 2390/204/9 2391/671/9
f 2389/642/9 2392/211/9 2390/204/9
f 2393/210/9 2394/671/9 2395/203/9
f 2393/210/9 2396/642/9 2394/671/9
f 2397/643/9 2398/179/9 2399/672/9
f 2397/643/9 2400/232/9 2398/179/9
f 2401/231/9 2402/672/9 2403/178/9
f 2401/231/9 2404/643/9 2402/672/9
f 2405/644/9 2406/178/9 2407/673/9
f 2405/644/9 2408/231/9 2406/178/9
f 2409/645/9 2410/673/9 2411/674/9
f 2409/645/9 2412/644/9 2410/673/9
f 2413/646/9 2414/674/9 2415/675/9
f 2413/646/9 2416/645/9 2414/674/9
f 2417/647/9 2418/675/9 2419/676/9
f 2417/647/9 2420/646/9 2418/675/9
f 2421/648/9 2422/676/9 2423/677/9
f 2421/648/9 2424/647/9 2422/676/9
f 2425/649/9 2426/677/9 2427/678/9
f 2425/649/9 2428/648/9 2426/677/9
f 2429/650/9 2430/678/9 2431/679/9
f 2429/650/9 2432/649/9 2430/678/9
f 2433/651/9 2434/679/9 2435/680/9
f 2433/651/9 2436/650/9 2434/679/9
f 2437/652/9 2438/680/9 2439/681/9
f 2437/652/9 2440/651/9 2438/680/9
f 2441/653/9 2442/681/9 2443/682/9
f 2441/653/9 2444/652/9 2442/681/9
f 2445/654/9 2446/682/9 2447/683/9
f 2445/654/9 2448/653/9 2446/682/9
f 2449/655/9 2450/683/9 2451/684/9
f 2449/655/9 2452/654/9 2450/683/9
f 2453/656/9 2454/684/9 2455/685/9
f 2453/656/9 2456/655/9 2454/684/9
f 2457/657/9 2458/685/9 2459/686/9
f 2457/657/9 2460/656/9 2458/685/9
f 2461/658/9 2462/686/9 2463/687/9
f 2461/658/9 2464/657/9 2462/686/9
f 2465/659/9 2466/687/9 2467/688/9
f 2465/659/9 2468/658/9 2466/687/9
f 2469/660/9 2470/688/9 2471/689/9
f 2469/660/9 2472/659/9 2470/688/9
f 2473/661/9 2474/689/9 2475/690/9
f 2473/661/9 2476/660/9 2474/689/9
f 2477/662/9 2478/690/9 2479/691/9
f 2477/662/9 2480/661/9 2478/690/9
f 2481/663/9 2482/691/9 2483/692/9
f 2481/663/9 2484/662/9 2482/691/9
f 2485/664/9 2486/692/9 2487/693/9
f 2485/664/9 2488/663/9 2486/692/9
f 2489/665/9 2490/693/9 2491/694/9
f 2489/665/9 2492/664/9 2490/693/9
f 2493/666/9 2494/694/9 2495/695/9
f 2493/666/9 2496/665/9 2494/694/9
f 2497/667/9 2498/695/9 2499/696/9
f 2497/667/9 2500/666/9 2498/695/9
f 2501/668/9 2502/696/9 2503/697/9
f 2501/668/9 2504/667/9 2502/696/9
f 2505/669/9 2506/697/9 2507/698/9
f 2505/669/9 2508/668/9 2506/697/9
f 2509/670/9 2510/698/9 2511/699/9
f 2509/670/9 2512/669/9 2510/698/9
f 2513/204/9 2514/699/9 2515/202/9
f 2513/204/9 2516/670/9 2514/699/9
f 2517/671/9 2518/202/9 2519/700/9
f 2517/671/9 2520/204/9 2518/202/9
f 2521/203/9 2522/700/9 2523/201/9
f 2521/203/9 2524/671/9 2522/700/9
f 2525/672/9 2526/157/9 2527/701/9
f 2525/672/9 2528/179/9 2526/157/9
f 2529/178/9 2530/701/9 2531/156/9
f 2529/178/9 2532/672/9 2530/701/9
f 2533/673/9 2534/156/9 2535/702/9
f 2533/673/9 2536/178/9 2534/156/9
f 2537/674/9 2538/702/9 2539/703/9
f 2537/674/9 2540/673/9 2538/702/9
f 2541/675/9 2542/703/9 2543/704/9
f 2541/675/9 2544/674/9 2542/703/9
f 2545/676/9 2546/704/9 2547/705/9
f 2545/676/9 2548/675/9 2546/704/9
f 2549/677/9 2550/705/9 2551/706/9
f 2549/677/9 2552/676/9 2550/705/9
f 2553/678/9 2554/706/9 2555/707/9
f 2553/678/9 2556/677/9 2554/706/9
f 2557/679/9 2558/707/9 2559/708/9
f 2557/679/9 2560/678/9 2558/707/9
f 2561/680/9 2562/708/9 2563/709/9
f 2561/680/9 2564/679/9 2562/708/9
f 2565/681/9 2566/709/9 2567/710/9
f 2565/681/9 2568/680/9 2566/709/9
f 2569/682/9 2570/710/9 2571/711/9
f 2569/682/9 2572/681/9 2570/710/9
f 2573/683/9 2574/711/9 2575/712/9
f 2573/683/9 2576/682/9 2574/711/9
f 2577/684/9 2578/712/9 2579/713/9
f 2577/684/9 2580/683/9 2578/712/9
f 2581/685/9 2582/713/9 2583/714/9
f 2581/685/9 2584/684/9 2582/713/9
f 2585/686/9 2586/714/9 2587/715/9
f 2585/686/9 2588/685/9 2586/714/9
f 2589/687/9 2590/715/9 2591/716/9
f 2589/687/9 2592/686/9 2590/715/9
f 2593/688/9 2594/716/9 2595/717/9
f 2593/688/9 2596/687/9 2594/716/9
f 2597/689/9 2598/717/9 2599/718/9
f 2597/689/9 2600/688/9 2598/717/9
f 2601/690/9 2602/718/9 2603/719/9
f 2601/690/9 2604/689/9 2602/718/9
f 2605/691/9 2606/719/9 2607/720/9
f 2605/691/9 2608/690/9 2606/719/9
f 2609/692/9 2610/720/9 2611/721/9
f 2609/692/9 2612/691/9 2610/720/9
f 2613/693/9 2614/721/9 2615/722/9
f 2613/693/9 2616/692/9 2614/721/9
f 2617/694/9 2618/722/9 2619/723/9
f 2617/694/9 2620/693/9 2618/722/9
f 2621/695/9 2622/723/9 2623/724/9
f 2621/695/9 2624/694/9 2622/723/9
f 2625/696/9 2626/724/9 2627/725/9
f 2625/696/9 2628/695/9 2626/724/9
f 2629/697/9 2630/725/9 2631/726/9
f 2629/697/9 2632/696/9 2630/725/9
f 2633/698/9 2634/726/9 2635/727/9
f 2633/698/9 2636/697/9 2634/726/9
f 2637/699/9 2638/727/9 2639/728/9
f 2637/699/9 2640/698/9 2638/727/9
f 2641/202/9 2642/728/9 2643/187/9
f 2641/202/9 2644/699/9 2642/728/9
f 2645/700/9 2646/187/9 2647/729/9
f 2645/700/9 2648/202/9 2646/187/9
f 2649/201/9 2650/729/9 2651/186/9
f 2649/201/9 2652/700/9 2650/729/9
f 2653/701/9 2654/155/9 2655/730/9
f 2653/701/9 2656/157/9 2654/155/9
f 2657/156/9 2658/730/9 2659/154/9
f 2657/156/9 2660/701/9 2658/730/9
f 2661/702/9 2662/154/9 2663/731/9
f 2661/702/9 2664/156/9 2662/154/9
f 2665/703/9 2666/731/9 2667/732/9
f 2665/703/9 2668/702/9 2666/731/9
f 2669/704/9 2670/732/9 2671/733/9
f 2669/704/9 2672/703/9 2670/732/9
f 2673/705/9 2674/733/9 2675/734/9
f 2673/705/9 2676/704/9 2674/733/9
f 2677/706/9 2678/734/9 2679/735/9
f 2677/706/9 2680/705/9 2678/734/9
f 2681/707/9 2682/735/9 2683/736/9
f 2681/707/9 2684/706/9 2682/735/9
f 2685/708/9 2686/736/9 2687/737/9
f 2685/708/9 2688/707/9 2686/736/9
f 2689/709/9 2690/737/9 2691/738/9
f 2689/709/9 2692/708/9 2690/737/9
f 2693/710/9 2694/738/9 2695/739/9
f 2693/710/9 2696/709/9 2694/738/9
f 2697/711/9 2698/739/9 2699/740/9
f 2697/711/9 2700/710/9 2698/739/9
f 2701/712/9 2702/740/9 2703/741/9
f 2701/712/9 2704/711/9 2702/740/9
f 2705/713/9 2706/741/9 2707/742/9
f 2705/713/9 2708/712/9 2706/741/9
f 2709/714/9 2710/742/9 2711/743/9
f 2709/714/9 2712/713/9 2710/742/9
f 2713/715/9 2714/743/9 2715/744/9
f 2713/715/9 2716/714/9 2714/743/9
f 2717/716/9 2718/744/9 2719/745/9
f 2717/716/9 2720/715/9 2718/744/9
f 2721/717/9 2722/745/9 2723/746/9
f 2721/717/9 2724/716/9 2722/745/9
f 2725/718/9 2726/746/9 2727/747/9
f 2725/718/9 2728/717/9 2726/746/9
f 2729/719/9 2730/747/9 2731/748/9
f 2729/719/9 2732/718/9 2730/747/9
f 2733/720/9 2734/748/9 2735/749/9
f 2733/720/9 2736/719/9 2734/748/9
f 2737/721/9 2738/749/9 2739/750/9
f 2737/721/9 2740/720/9 2738/749/9
f 2741/722/9 2742/750/9 2743/751/9
f 2741/722/9 2744/721/9 2742/750/9
f 2745/723/9 2746/751/9 2747/752/9
f 2745/723/9 2748/722/9 2746/751/9
f 2749/724/9 2750/752/9 2751/753/9
f 2749/724/9 2752/723/9 2750/752/9
f 2753/725/9 2754/753/9 2755/754/9
f 2753/725/9 2756/724/9 2754/753/9
f 2757/726/9 2758/754/9 2759/755/9
f 2757/726/9 2760/725/9 2758/754/9
f 2761/727/9 2762/755/9 2763/756/9
f 2761/727/9 2764/726/9 2762/755/9
f 2765/728/9 2766/756/9 2767/757/9
f 2765/728/9 2768/727/9 2766/756/9
f 2769/187/9 2770/757/9 2771/185/9
f 2769/187/9 2772/728/9 2770/757/9
f 2773/729/9 2774/185/9 2775/758/9
f 2773/729/9 2776/187/9 2774/185/9
f 2777/186/9 2778/758/9 2779/184/9
f 2777/186/9 2780/729/9 2778/758/9
f 2781/730/9 2782/153/9 2783/759/9
f 2781/730/9 2784/155/9 2782/153/9
f 2785/154/9 2786/759/9 2787/152/9
f 2785/154/9 2788/730/9 2786/759/9
f 2789/731/9 2790/152/9 2791/760/9
f 2789/731/9 2792/154/9 2790/152/9
f 2793/732/9 2794/760/9 2795/761/9
f 2793/732/9 2796/731/9 2794/760/9
f 2797/733/9 2798/761/9 2799/762/9
f 2797/733/9 2800/732/9 2798/761/9
f 2801/734/9 2802/762/9 2803/763/9
f 2801/734/9 2804/733/9 2802/762/9
f 2805/735/9 2806/763/9 2807/764/9
f 2805/735/9 2808/734/9 2806/763/9
f 2809/736/9 2810/764/9 2811/765/9
f 2809/736/9 2812/735/9 2810/764/9
f 2813/737/9 2814/765/9 2815/766/9
f 2813/737/9 2816/736/9 2814/765/9
f 2817/738/9 2818/766/9 2819/767/9
f 2817/738/9 2820/737/9 2818/766/9
f 2821/739/9 2822/767/9 2823/768/9
f 2821/739/9 2824/738/9 2822/767/9
f 2825/740/9 2826/768/9 2827/769/9
f 2825/740/9 2828/739/9 2826/768/9
f 2829/741/9 2830/769/9 2831/770/9
f 2829/741/9 2832/740/9 2830/769/9
f 2833/742/9 2834/770/9 2835/771/9
f 2833/742/9 2836/741/9 2834/770/9
f 2837/743/9 2838/771/9 2839/772/9
f 2837/743/9 2840/742/9 2838/771/9
f 2841/744/9 2842/772/9 2843/773/9
f 2841/744/9 2844/743/9 2842/772/9
f 2845/745/9 2846/773/9 2847/774/9
f 2845/745/9 2848/744/9 2846/773/9
f 2849/746/9 2850/774/9 2851/775/9
f 2849/746/9 2852/745/9 2850/774/9
f 2853/747/9 2854/775/9 2855/776/9
f 2853/747/9 2856/746/9 2854/775/9
f 2857/748/9 2858/776/9 2859/777/9
f 2857/748/9 2860/747/9 2858/776/9
f 2861/749/9 2862/777/9 2863/778/9
f 2861/749/9 2864/748/9 2862/777/9
f 2865/750/9 2866/778/9 2867/779/9
f 2865/750/9 2868/749/9 2866/778/9
f 2869/751/9 2870/779/9 2871/780/9
f 2869/751/9 2872/750/9 2870/779/9
f 2873/752/9 2874/780/9 2875/781/9
f 2873/752/9 2876/751/9 2874/780/9
f 2877/753/9 2878/781/9 2879/782/9
f 2877/753/9 2880/752/9 2878/781/9
f 2881/754/9 2882/782/9 2883/783/9
f 2881/754/9 2884/753/9 2882/782/9
f 2885/755/9 2886/783/9 2887/784/9
f 2885/755/9 2888/754/9 2886/783/9
f 2889/756/9 2890/784/9 2891/785/9
f 2889/756/9 2892/755/9 2890/784/9
f 2893/757/9 2894/785/9 2895/786/9
f 2893/757/9 2896/756/9 2894/785/9
f 2897/185/9 2898/786/9 2899/183/9
f 2897/185/9 2900/757/9 2898/786/9
f 2901/758/9 2902/183/9 2903/787/9
f 2901/758/9 2904/185/9 2902/183/9
f 2905/184/9 2906/787/9 2907/182/9
f 2905/184/9 2908/758/9 2906/787/9
f 2909/759/9 2910/151/9 2911/788/9
f 2909/759/9 2912/153/9 2910/151/9
f 2913/152/9 2914/788/9 2915/150/9
f 2913/152/9 2916/759/9 2914/788/9
f 2917/760/9 2918/150/9 2919/789/9
f 2917/760/9 2920/152/9 2918/150/9
f 2921/761/9 2922/789/9 2923/790/9
f 2921/761/9 2924/760/9 2922/789/9
f 2925/762/9 2926/790/9 2927/791/9
f 2925/762/9 2928/761/9 2926/790/9
f 2929/763/9 2930/791/9 2931/792/9
f 2929/763/9 2932/762/9 2930/791/9
f 2933/764/9 2934/792/9 2935/793/9
f 2933/764/9 2936/763/9 2934/792/9
f 2937/765/9 2938/793/9 2939/794/9
f 2937/765/9 2940/764/9 2938/793/9
f 2941/766/9 2942/794/9 2943/795/9
f 2941/766/9 2944/765/9 2942/794/9
f 2945/767/9 2946/795/9 2947/796/9
f 2945/767/9 2948/766/9 2946/795/9
f 2949/768/9 2950/796/9 2951/797/9
f 2949/768/9 2952/767/9 2950/796/9
f 2953/769/9 2954/797/9 2955/798/9
f 2953/769/9 2956/768/9 2954/797/9
f 2957/770/9 2958/798/9 2959/799/9
f 2957/770/9 2960/769/9 2958/798/9
f 2961/771/9 2962/799/9 2963/800/9
f 2961/771/9 2964/770/9 2962/799/9
f 2965/772/9 2966/800/9 2967/801/9
f 2965/772/9 2968/771/9 2966/800/9
f 2969/773/9 2970/801/9 2971/802/9
f 2969/773/9 2972/772/9 2970/801/9
f 2973/774/9 2974/802/9 2975/803/9
f 2973/774/9 2976/773/9 2974/802/9
f 2977/775/9 2978/803/9 2979/804/9
f 2977/775/9 2980/774/9 2978/803/9
f 2981/776/9 2982/804/9 2983/805/9
f 2981/776/9 2984/775/9 2982/804/9
f 2985/777/9 2986/805/9 2987/806/9
f 2985/777/9 2988/776/9 2986/805/9
f 2989/778/9 2990/806/9 2991/807/9
f 2989/778/9 2992/777/9 2990/806/9
f 2993/779/9 2994/807/9 2995/808/9
f 2993/779/9 2996/778/9 2994/807/9
f 2997/780/9 2998/808/9 2999/809/9
f 2997/780/9 3000/779/9 2998/808/9
f 3001/781/9 3002/809/9 3003/810/9
f 3001/781/9 3004/780/9 3002/809/9
f 3005/782/9 3006/810/9 3007/811/9
f 3005/782/9 3008/781/9 3006/810/9
f 3009/783/9 3010/811/9 3011/812/9
f 3009/783/9 3012/782/9 3010/811/9
f 3013/784/9 3014/812/9 3015/813/9
f 3013/784/9 3016/783/9 3014/812/9
f 3017/785/9 3018/813/9 3019/814/9
f 3017/785/9 3020/784/9 3018/813/9
f 3021/786/9 3022/814/9 3023/815/9
f 3021/786/9 3024/785/9 3022/814/9
f 3025/183/9 3026/815/9 3027/181/9
f 3025/183/9 3028/786/9 3026/815/9
f 3029/787/9 3030/181/9 3031/816/9
f 3029/787/9 3032/183/9 3030/181/9
f 3033/182/9 3034/816/9 3035/180/9
f 3033/182/9 3036/787/9 3034/816/9
f 3037/788/9 3038/149/9 3039/817/9
f 3037/788/9 3040/151/9 3038/149/9
f 3041/150/9 3042/817/9 3043/148/9
f 3041/150/9 3044/788/9 3042/817/9
f 3045/789/9 3046/148/9 3047/818/9
f 3045/789/9 3048/150/9 3046/148/9
f 3049/790/9 3050/818/9 3051/819/9
f 3049/790/9 3052/789/9 3050/818/9
f 3053/791/9 3054/819/9 3055/820/9
f 3053/791/9 3056/790/9 3054/819/9
f 3057/792/9 3058/820/9 3059/821/9
f 3057/792/9 3060/791/9 3058/820/9
f 3061/793/9 3062/821/9 3063/822/9
f 3061/793/9 3064/792/9 3062/821/9
f 3065/794/9 3066/822/9 3067/823/9
f 3065/794/9 3068/793/9 3066/822/9
f 3069/795/9 3070/823/9 3071/824/9
f 3069/795/9 3072/794/9 3070/823/9
f 3073/796/9 3074/824/9 3075/825/9
f 3073/796/9 3076/795/9 3074/824/9
f 3077/797/9 3078/825/9 3079/826/9
f 3077/797/9 3080/796/9 3078/825/9
f 3081/798/9 3082/826/9 3083/827/9
f 3081/798/9 3084/797/9 3082/826/9
f 3085/799/9 3086/827/9 3087/828/9
f 3085/799/9 3088/798/9 3086/827/9
f 3089/800/9 3090/828/9 3091/829/9
f 3089/800/9 3092/799/9 3090/828/9
f 3093/801/9 3094/829/9 3095/830/9
f 3093/801/9 3096/800/9 3094/829/9
f 3097/802/9 3098/830/9 3099/831/9
f 3097/802/9 3100/801/9 3098/830/9
f 3101/803/9 3102/831/9 3103/832/9
f 3101/803/9 3104/802/9 3102/831/9
f 3105/804/9 3106/832/9 3107/833/9
f 3105/804/9 3108/803/9 3106/832/9
f 3109/805/9 3110/833/9 3111/834/9
f 3109/805/9 3112/804/9 3110/833/9
f 3113/806/9 3114/834/9 3115/835/9
f 3113/806/9 3116/805/9 3114/834/9
f 3117/807/9 3118/835/9 3119/836/9
f 3117/807/9 3120/806/9 3118/835/9
f 3121/808/9 3122/836/9 3123/837/9
f 3121/808/9 3124/807/9 3122/836/9
f 3125/809/9 3126/837/9 3127/838/9
f 3125/809/9 3128/808/9 3126/837/9
f 3129/810/9 3130/838/9 3131/839/9
f 3129/810/9 3132/809/9 3130/838/9
f 3133/811/9 3134/839/9 3135/840/9
f 3133/811/9 3136/810/9 3134/839/9
f 3137/812/9 3138/840/9 3139/841/9
f 3137/812/9 3140/811/9 3138/840/9
f 3141/813/9 3142/841/9 3143/842/9
f 3141/813/9 3144/812/9 3142/841/9
f 3145/814/9 3146/842/9 3147/843/9
f 3145/814/9 3148/813/9 3146/842/9
f 3149/815/9 3150/843/9 3151/844/9
f 3149/815/9 3152/814/9 3150/843/9
f 3153/181/9 3154/844/9 3155/69/9
f 3153/181/9 3156/815/9 3154/844/9
f 3157/816/9 3158/69/9 3159/845/9
f 3157/816/9 3160/181/9 3158/69/9
f 3161/180/9 3162/845/9 3163/68/9
f 3161/180/9 3164/816/9 3162/845/9
f 3165/817/9 3166/147/9 3167/846/9
f 3165/817/9 3168/149/9 3166/147/9
f 3169/148/9 3170/846/9 3171/146/9
f 3169/148/9 3172/817/9 3170/846/9
f 3173/818/9 3174/146/9 3175/847/9
f 3173/818/9 3176/148/9 3174/146/9
f 3177/819/9 3178/847/9 3179/848/9
f 3177/819/9 3180/818/9 3178/847/9
f 3181/820/9 3182/848/9 3183/849/9
f 3181/820/9 3184/819/9 3182/848/9
f 3185/821/9 3186/849/9 3187/850/9
f 3185/821/9 3188/820/9 3186/849/9
f 3189/822/9 3190/850/9 3191/851/9
f 3189/822/9 3192/821/9 3190/850/9
f 3193/823/9 3194/851/9 3195/852/9
f 3193/823/9 3196/822/9 3194/851/9
f 3197/824/9 3198/852/9 3199/853/9
f 3197/824/9 3200/823/9 3198/852/9
f 3201/825/9 3202/853/9 3203/854/9
f 3201/825/9 3204/824/9 3202/853/9
f 3205/826/9 3206/854/9 3207/855/9
f 3205/826/9 3208/825/9 3206/854/9
f 3209/827/9 3210/855/9 3211/856/9
f 3209/827/9 3212/826/9 3210/855/9
f 3213/828/9 3214/856/9 3215/857/9
f 3213/828/9 3216/827/9 3214/856/9
f 3217/829/9 3218/857/9 3219/858/9
f 3217/829/9 3220/828/9 3218/857/9
f 3221/830/9 3222/858/9 3223/859/9
f 3221/830/9 3224/829/9 3222/858/9
f 3225/831/9 3226/859/9 3227/860/9
f 3225/831/9 3228/830/9 3226/859/9
f 3229/832/9 3230/860/9 3231/861/9
f 3229/832/9 3232/831/9 3230/860/9
f 3233/833/9 3234/861/9 3235/862/9
f 3233/833/9 3236/832/9 3234/861/9
f 3237/834/9 3238/862/9 3239/863/9
f 3237/834/9 3240/833/9 3238/862/9
f 3241/835/9 3242/863/9 3243/864/9
f 3241/835/9 3244/834/9 3242/863/9
f 3245/836/9 3246/864/9 3247/865/9
f 3245/836/9 3248/835/9 3246/864/9
f 3249/837/9 3250/865/9 3251/866/9
f 3249/837/9 3252/836/9 3250/865/9
f 3253/838/9 3254/866/9 3255/867/9
f 3253/838/9 3256/837/9 3254/866/9
f 3257/839/9 3258/867/9 3259/868/9
f 3257/839/9 3260/838/9 3258/867/9
f 3261/840/9 3262/868/9 3263/869/9
f 3261/840/9 3264/839/9 3262/868/9
f 3265/841/9 3266/869/9 3267/870/9
f 3265/841/9 3268/840/9 3266/869/9
f 3269/842/9 3270/870/9 3271/871/9
f 3269/842/9 3272/841/9 3270/870/9
f 3273/843/9 3274/871/9 3275/872/9
f 3273/843/9 3276/842/9 3274/871/9
f 3277/844/9 3278/872/9 3279/873/9
f 3277/844/9 3280/843/9 3278/872/9
f 3281/69/9 3282/873/9 3283/67/9
f 3281/69/9 3284/844/9 3282/873/9
f 3285/845/9 3286/67/9 3287/874/9
f 3285/845/9 3288/69/9 3286/67/9
f 3289/68/9 3290/874/9 3291/64/9
f 3289/68/9 3292/845/9 3290/874/9
f 3293/846/9 3294/145/9 3295/875/9
f 3293/846/9 3296/147/9 3294/145/9
f 3297/146/9 3298/875/9 3299/144/9
f 3297/146/9 3300/846/9 3298/875/9
f 3301/847/9 3302/144/9 3303/876/9
f 3301/847/9 3304/146/9 3302/144/9
f 3305/848/9 3306/876/9 3307/877/9
f 3305/848/9 3308/847/9 3306/876/9
f 3309/849/9 3310/877/9 3311/878/9
f 3309/849/9 3312/848/9 3310/877/9
f 3313/850/9 3314/878/9 3315/879/9
f 3313/850/9 3316/849/9 3314/878/9
f 3317/851/9 3318/879/9 3319/880/9
f 3317/851/9 3320/850/9 3318/879/9
f 3321/852/9 3322/880/9 3323/881/9
f 3321/852/9 3324/851/9 3322/880/9
f 3325/853/9 3326/881/9 3327/882/9
f 3325/853/9 3328/852/9 3326/881/9
f 3329/854/9 3330/882/9 3331/883/9
f 3329/854/9 3332/853/9 3330/882/9
f 3333/855/9 3334/883/9 3335/884/9
f 3333/855/9 3336/854/9 3334/883/9
f 3337/856/9 3338/884/9 3339/885/9
f 3337/856/9 3340/855/9 3338/884/9
f 3341/857/9 3342/885/9 3343/886/9
f 3341/857/9 3344/856/9 3342/885/9
f 3345/858/9 3346/886/9 3347/887/9
f 3345/858/9 3348/857/9 3346/886/9
f 3349/859/9 3350/887/9 3351/888/9
f 3349/859/9 3352/858/9 3350/887/9
f 3353/860/9 3354/888/9 3355/889/9
f 3353/860/9 3356/859/9 3354/888/9
f 3357/861/9 3358/889/9 3359/890/9
f 3357/861/9 3360/860/9 3358/889/9
f 3361/862/9 3362/890/9 3363/891/9
f 3361/862/9 3364/861/9 3362/890/9
f 3365/863/9 3366/891/9 3367/892/9
f 3365/863/9 3368/862/9 3366/891/9
f 3369/864/9 3370/892/9 3371/893/9
f 3369/864/9 3372/863/9 3370/892/9
f 3373/865/9 3374/893/9 3375/894/9
f 3373/865/9 3376/864/9 3374/893/9
f 3377/866/9 3378/894/9 3379/895/9
f 3377/866/9 3380/865/9 3378/894/9
f 3381/867/9 3382/895/9 3383/896/9
f 3381/867/9 3384/866/9 3382/895/9
f 3385/868/9 3386/896/9 3387/897/9
f 3385/868/9 3388/867/9 3386/896/9
f 3389/869/9 3390/897/9 3391/898/9
f 3389/869/9 3392/868/9 3390/897/9
f 3393/870/9 3394/898/9 3395/899/9
f 3393/870/9 3396/869/9 3394/898/9
f 3397/871/9 3398/899/9 3399/900/9
f 3397/871/9 3400/870/9 3398/899/9
f 3401/872/9 3402/900/9 3403/901/9
f 3401/872/9 3404/871/9 3402/900/9
f 3405/873/9 3406/901/9 3407/902/9
f 3405/873/9 3408/872/9 3406/901/9
f 3409/67/9 3410/902/9 3411/65/9
f 3409/67/9 3412/873/9 3410/902/9
f 3413/874/9 3414/65/9 3415/903/9
f 3413/874/9 3416/67/9 3414/65/9
f 3417/64/9 3418/903/9 3419/66/9
f 3417/64/9 3420/874/9 3418/903/9
f 3421/875/9 3422/108/9 3423/904/9
f 3421/875/9 3424/145/9 3422/108/9
f 3425/144/9 3426/904/9 3427/107/9
f 3425/144/9 3428/875/9 3426/904/9
f 3429/876/9 3430/107/9 3431/905/9
f 3429/876/9 3432/144/9 3430/107/9
f 3433/877/9 3434/905/9 3435/906/9
f 3433/877/9 3436/876/9 3434/905/9
f 3437/878/9 3438/906/9 3439/907/9
f 3437/878/9 3440/877/9 3438/906/9
f 3441/879/9 3442/907/9 3443/908/9
f 3441/879/9 3444/878/9 3442/907/9
f 3445/880/9 3446/908/9 3447/909/9
f 3445/880/9 3448/879/9 3446/908/9
f 3449/881/9 3450/909/9 3451/910/9
f 3449/881/9 3452/880/9 3450/909/9
f 3453/882/9 3454/910/9 3455/911/9
f 3453/882/9 3456/881/9 3454/910/9
f 3457/883/9 3458/911/9 3459/912/9
f 3457/883/9 3460/882/9 3458/911/9
f 3461/884/9 3462/912/9 3463/913/9
f 3461/884/9 3464/883/9 3462/912/9
f 3465/885/9 3466/913/9 3467/914/9
f 3465/885/9 3468/884/9 3466/913/9
f 3469/886/9 3470/914/9 3471/915/9
f 3469/886/9 3472/885/9 3470/914/9
f 3473/887/9 3474/915/9 3475/916/9
f 3473/887/9 3476/886/9 3474/915/9
f 3477/888/9 3478/916/9 3479/917/9
f 3477/888/9 3480/887/9 3478/916/9
f 3481/889/9 3482/917/9 3483/918/9
f 3481/889/9 3484/888/9 3482/917/9
f 3485/890/9 3486/918/9 3487/919/9
f 3485/890/9 3488/889/9 3486/918/9
f 3489/891/9 3490/919/9 3491/920/9
f 3489/891/9 3492/890/9 3490/919/9
f 3493/892/9 3494/920/9 3495/921/9
f 3493/892/9 3496/891/9 3494/920/9
f 3497/893/9 3498/921/9 3499/922/9
f 3497/893/9 3500/892/9 3498/921/9
f 3501/894/9 3502/922/9 3503/923/9
f 3501/894/9 3504/893/9 3502/922/9
f 3505/895/9 3506/923/9 3507/924/9
f 3505/895/9 3508/894/9 3506/923/9
f 3509/896/9 3510/924/9 3511/925/9
f 3509/896/9 3512/895/9 3510/924/9
f 3513/897/9 3514/925/9 3515/926/9
f 3513/897/9 3516/896/9 3514/925/9
f 3517/898/9 3518/926/9 3519/927/9
f 3517/898/9 3520/897/9 3518/926/9
f 3521/899/9 3522/927/9 3523/928/9
f 3521/899/9 3524/898/9 3522/927/9
f 3525/900/9 3526/928/9 3527/929/9
f 3525/900/9 3528/899/9 3526/928/9
f 3529/901/9 3530/929/9 3531/930/9
f 3529/901/9 3532/900/9 3530/929/9
f 3533/902/9 3534/930/9 3535/931/9
f 3533/902/9 3536/901/9 3534/930/9
f 3537/65/9 3538/931/9 3539/226/9
f 3537/65/9 3540/902/9 3538/931/9
f 3541/903/9 3542/226/9 3543/932/9
f 3541/903/9 3544/65/9 3542/226/9
f 3545/66/9 3546/932/9 3547/225/9
f 3545/66/9 3548/903/9 3546/932/9
f 3549/904/9 3550/106/9 3551/933/9
f 3549/904/9 3552/108/9 3550/106/9
f 3553/107/9 3554/933/9 3555/109/9
f 3553/107/9 3556/904/9 3554/933/9
f 3557/905/9 3558/109/9 3559/934/9
f 3557/905/9 3560/107/9 3558/109/9
f 3561/906/9 3562/934/9 3563/935/9
f 3561/906/9 3564/905/9 3562/934/9
f 3565/907/9 3566/935/9 3567/936/9
f 3565/907/9 3568/906/9 3566/935/9
f 3569/908/9 3570/936/9 3571/937/9
f 3569/908/9 3572/907/9 3570/936/9
f 3573/909/9 3574/937/9 3575/938/9
f 3573/909/9 3576/908/9 3574/937/9
f 3577/910/9 3578/938/9 3579/939/9
f 3577/910/9 3580/909/9 3578/938/9
f 3581/911/9 3582/939/9 3583/940/9
f 3581/911/9 3584/910/9 3582/939/9
f 3585/912/9 3586/940/9 3587/941/9
f 3585/912/9 3588/911/9 3586/940/9
f 3589/913/9 3590/941/9 3591/942/9
f 3589/913/9 3592/912/9 3590/941/9
f 3593/914/9 3594/942/9 3595/943/9
f 3593/914/9 3596/913/9 3594/942/9
f 3597/915/9 3598/943/9 3599/944/9
f 3597/915/9 3600/914/9 3598/943/9
f 3601/916/9 3602/944/9 3603/945/9
f 3601/916/9 3604/915/9 3602/944/9
f 3605/917/9 3606/945/9 3607/946/9
f 3605/917/9 3608/916/9 3606/945/9
f 3609/918/9 3610/946/9 3611/947/9
f 3609/918/9 3612/917/9 3610/946/9
f 3613/919/9 3614/947/9 3615/948/9
f 3613/919/9 3616/918/9 3614/947/9
f 3617/920/9 3618/948/9 3619/949/9
f 3617/920/9 3620/919/9 3618/948/9
f 3621/921/9 3622/949/9 3623/950/9
f 3621/921/9 3624/920/9 3622/949/9
f 3625/922/9 3626/950/9 3627/951/9
f 3625/922/9 3628/921/9 3626/950/9
f 3629/923/9 3630/951/9 3631/952/9
f 3629/923/9 3632/922/9 3630/951/9
f 3633/924/9 3634/952/9 3635/953/9
f 3633/924/9 3636/923/9 3634/952/9
f 3637/925/9 3638/953/9 3639/954/9
f 3637/925/9 3640/924/9 3638/953/9
f 3641/926/9 3642/954/9 3643/955/9
f 3641/926/9 3644/925/9 3642/954/9
f 3645/927/9 3646/955/9 3647/956/9
f 3645/927/9 3648/926/9 3646/955/9
f 3649/928/9 3650/956/9 3651/957/9
f 3649/928/9 3652/927/9 3650/956/9
f 3653/929/9 3654/957/9 3655/958/9
f 3653/929/9 3656/928/9 3654/957/9
f 3657/930/9 3658/958/9 3659/959/9
f 3657/930/9 3660/929/9 3658/958/9
f 3661/931/9 3662/959/9 3663/960/9
f 3661/931/9 3664/930/9 3662/959/9
f 3665/226/9 3666/960/9 3667/12/9
f 3665/226/9 3668/931/9 3666/960/9
f 3669/932/9 3670/12/9 3671/961/9
f 3669/932/9 3672/226/9 3670/12/9
f 3673/225/9 3674/961/9 3675/9/9
f 3673/225/9 3676/932/9 3674/961/9
f 3677/933/9 3678/57/9 3679/141/9
f 3677/933/9 3680/106/9 3678/57/9
f 3681/109/9 3682/141/9 3683/56/9
f 3681/109/9 3684/933/9 3682/141/9
f 3685/934/9 3686/56/9 3687/962/9
f 3685/934/9 3688/109/9 3686/56/9
f 3689/935/9 3690/962/9 3691/963/9
f 3689/935/9 3692/934/9 3690/962/9
f 3693/936/9 3694/963/9 3695/964/9
f 3693/936/9 3696/935/9 3694/963/9
f 3697/937/9 3698/964/9 3699/965/9
f 3697/937/9 3700/936/9 3698/964/9
f 3701/938/9 3702/965/9 3703/966/9
f 3701/938/9 3704/937/9 3702/965/9
f 3705/939/9 3706/966/9 3707/967/9
f 3705/939/9 3708/938/9 3706/966/9
f 3709/940/9 3710/967/9 3711/968/9
f 3709/940/9 3712/939/9 3710/967/9
f 3713/941/9 3714/968/9 3715/969/9
f 3713/941/9 3716/940/9 3714/968/9
f 3717/942/9 3718/969/9 3719/970/9
f 3717/942/9 3720/941/9 3718/969/9
f 3721/943/9 3722/970/9 3723/971/9
f 3721/943/9 3724/942/9 3722/970/9
f 3725/944/9 3726/971/9 3727/972/9
f 3725/944/9 3728/943/9 3726/971/9
f 3729/945/9 3730/972/9 3731/973/9
f 3729/945/9 3732/944/9 3730/972/9
f 3733/946/9 3734/973/9 3735/974/9
f 3733/946/9 3736/945/9 3734/973/9
f 3737/947/9 3738/974/9 3739/975/9
f 3737/947/9 3740/946/9 3738/974/9
f 3741/948/9 3742/975/9 3743/976/9
f 3741/948/9 3744/947/9 3742/975/9
f 3745/949/9 3746/976/9 3747/977/9
f 3745/949/9 3748/948/9 3746/976/9
f 3749/950/9 3750/977/9 3751/978/9
f 3749/950/9 3752/949/9 3750/977/9
f 3753/951/9 3754/978/9 3755/979/9
f 3753/951/9 3756/950/9 3754/978/9
f 3757/952/9 3758/979/9 3759/980/9
f 3757/952/9 3760/951/9 3758/979/9
f 3761/953/9 3762/980/9 3763/981/9
f 3761/953/9 3764/952/9 3762/980/9
f 3765/954/9 3766/981/9 3767/982/9
f 3765/954/9 3768/953/9 3766/981/9
f 3769/955/9 3770/982/9 3771/983/9
f 3769/955/9 3772/954/9 3770/982/9
f 3773/956/9 3774/983/9 3775/984/9
f 3773/956/9 3776/955/9 3774/983/9
f 3777/957/9 3778/984/9 3779/985/9
f 3777/957/9 3780/956/9 3778/984/9
f 3781/958/9 3782/985/9 3783/986/9
f 3781/958/9 3784/957/9 3782/985/9
f 3785/959/9 3786/986/9 3787/987/9
f 3785/959/9 3788/958/9 3786/986/9
f 3789/960/9 3790/987/9 3791/988/9
f 3789/960/9 3792/959/9 3790/987/9
f 3793/12/9 3794/988/9 3795/10/9
f 3793/12/9 3796/960/9 3794/988/9
f 3797/961/9 3798/10/9 3799/223/9
f 3797/961/9 3800/12/9 3798/10/9
f 3801/9/9 3802/223/9 3803/11/9
f 3801/9/9 3804/961/9 3802/223/9
f 3805/141/9 3806/55/9 3807/206/9
f 3805/141/9 3808/57/9 3806/55/9
f 3809/56/9 3810/206/9 3811/58/9
f 3809/56/9 3812/141/9 3810/206/9
f 3813/962/9 3814/58/9 3815/989/9
f 3813/962/9 3816/56/9 3814/58/9
f 3817/963/9 3818/989/9 3819/990/9
f 3817/963/9 3820/962/9 3818/989/9
f 3821/964/9 3822/990/9 3823/991/9
f 3821/964/9 3824/963/9 3822/990/9
f 3825/965/9 3826/991/9 3827/992/9
f 3825/965/9 3828/964/9 3826/991/9
f 3829/966/9 3830/992/9 3831/993/9
f 3829/966/9 3832/965/9 3830/992/9
f 3833/967/9 3834/993/9 3835/994/9
f 3833/967/9 3836/966/9 3834/993/9
f 3837/968/9 3838/994/9 3839/995/9
f 3837/968/9 3840/967/9 3838/994/9
f 3841/969/9 3842/995/9 3843/996/9
f 3841/969/9 3844/968/9 3842/995/9
f 3845/970/9 3846/996/9 3847/997/9
f 3845/970/9 3848/969/9 3846/996/9
f 3849/971/9 3850/997/9 3851/998/9
f 3849/971/9 3852/970/9 3850/997/9
f 3853/972/9 3854/998/9 3855/999/9
f 3853/972/9 3856/971/9 3854/998/9
f 3857/973/9 3858/999/9 3859/1000/9
f 3857/973/9 3860/972/9 3858/999/9
f 3861/974/9 3862/1000/9 3863/1001/9
f 3861/974/9 3864/973/9 3862/1000/9
f 3865/975/9 3866/1001/9 3867/1002/9
f 3865/975/9 3868/974/9 3866/1001/9
f 3869/976/9 3870/1002/9 3871/1003/9
f 3869/976/9 3872/975/9 3870/1002/9
f 3873/977/9 3874/1003/9 3875/1004/9
f 3873/977/9 3876/976/9 3874/1003/9
f 3877/978/9 3878/1004/9 3879/1005/9
f 3877/978/9 3880/977/9 3878/1004/9
f 3881/979/9 3882/1005/9 3883/1006/9
f 3881/979/9 3884/978/9 3882/1005/9
f 3885/980/9 3886/1006/9 3887/1007/9
f 3885/980/9 3888/979/9 3886/1006/9
f 3889/981/9 3890/1007/9 3891/1008/9
f 3889/981/9 3892/980/9 3890/1007/9
f 3893/982/9 3894/1008/9 3895/1009/9
f 3893/982/9 3896/981/9 3894/1008/9
f 3897/983/9 3898/1009/9 3899/1010/9
f 3897/983/9 3900/982/9 3898/1009/9
f 3901/984/9 3902/1010/9 3903/1011/9
f 3901/984/9 3904/983/9 3902/1010/9
f 3905/985/9 3906/1011/9 3907/1012/9
f 3905/985/9 3908/984/9 3906/1011/9
f 3909/986/9 3910/1012/9 3911/1013/9
f 3909/986/9 3912/985/9 3910/1012/9
f 3913/987/9 3914/1013/9 3915/1014/9
f 3913/987/9 3916/986/9 3914/1013/9
f 3917/988/9 3918/1014/9 3919/1015/9
f 3917/988/9 3920/987/9 3918/1014/9
f 3921/10/9 3922/1015/9 3923/59/9
f 3921/10/9 3924/988/9 3922/1015/9
f 3925/223/9 3926/59/9 3927/95/9
f 3925/223/9 3928/10/9 3926/59/9
f 3929/11/9 3930/95/9 3931/60/9
f 3929/11/9 3932/223/9 3930/95/9
f 3933/1016/9 3934/110/9 3935/245/9
f 3934/110/10 3936/247/10 3935/245/10
f 3937/58/9 3938/139/9 3939/111/9
f 3937/58/9 3940/206/9 3938/139/9
f 3941/989/9 3942/111/9 3943/113/9
f 3941/989/9 3944/58/9 3942/111/9
f 3945/990/9 3946/113/9 3947/1017/9
f 3945/990/9 3948/989/9 3946/113/9
f 3949/991/9 3950/1017/9 3951/1018/9
f 3949/991/9 3952/990/9 3950/1017/9
f 3953/992/9 3954/1018/9 3955/1019/9
f 3953/992/9 3956/991/9 3954/1018/9
f 3957/993/9 3958/1019/9 3959/1020/9
f 3957/993/9 3960/992/9 3958/1019/9
f 3961/994/9 3962/1020/9 3963/1021/9
f 3961/994/9 3964/993/9 3962/1020/9
f 3965/995/9 3966/1021/9 3967/1022/9
f 3965/995/9 3968/994/9 3966/1021/9
f 3969/996/9 3970/1022/9 3971/1023/9
f 3969/996/9 3972/995/9 3970/1022/9
f 3973/997/9 3974/1023/9 3975/1024/9
f 3973/997/9 3976/996/9 3974/1023/9
f 3977/998/9 3978/1024/9 3979/1025/9
f 3977/998/9 3980/997/9 3978/1024/9
f 3981/999/9 3982/1025/9 3983/1026/9
f 3981/999/9 3984/998/9 3982/1025/9
f 3985/1000/9 3986/1026/9 3987/1027/9
f 3985/1000/9 3988/999/9 3986/1026/9
f 3989/1001/9 3990/1027/9 3991/1028/9
f 3989/1001/9 3992/1000/9 3990/1027/9
f 3993/1002/9 3994/1028/9 3995/1029/9
f 3993/1002/9 3996/1001/9 3994/1028/9
f 3997/1003/9 3998/1029/9 3999/1030/9
f 3997/1003/9 4000/1002/9 3998/1029/9
f 4001/1004/9 4002/1030/9 4003/1031/9
f 4001/1004/9 4004/1003/9 4002/1030/9
f 4005/1005/9 4006/1031/9 4007/1032/9
f 4005/1005/9 4008/1004/9 4006/1031/9
f 4009/1006/9 4010/1032/9 4011/1033/9
f 4009/1006/9 4012/1005/9 4010/1032/9
f 4013/1007/9 4014/1033/9 4015/1034/9
f 4013/1007/9 4016/1006/9 4014/1033/9
f 4017/1008/9 4018/1034/9 4019/1035/9
f 4017/1008/9 4020/1007/9 4018/1034/9
f 4021/1009/9 4022/1035/9 4023/1036/9
f 4021/1009/9 4024/1008/9 4022/1035/9
f 4025/1010/9 4026/1036/9 4027/1037/9
f 4025/1010/9 4028/1009/9 4026/1036/9
f 4029/1011/9 4030/1037/9 4031/1038/9
f 4029/1011/9 4032/1010/9 4030/1037/9
f 4033/1012/9 4034/1038/9 4035/1039/9
f 4033/1012/9 4036/1011/9 4034/1038/9
f 4037/1013/9 4038/1039/9 4039/1040/9
f 4037/1013/9 4040/1012/9 4038/1039/9
f 4041/1014/9 4042/1040/9 4043/1041/9
f 4041/1014/9 4044/1013/9 4042/1040/9
f 4045/1015/9 4046/1041/9 4047/48/9
f 4045/1015/9 4048/1014/9 4046/1041/9
f 4049/59/9 4050/48/9 4051/50/9
f 4049/59/9 4052/1015/9 4050/48/9
f 4053/95/9 4054/50/9 4055/224/9
f 4053/95/9 4056/59/9 4054/50/9
f 4057/60/10 4058/224/10 4059/222/10
f 4057/60/9 4060/95/9 4058/224/9
f 4061/98/9 4062/264/9 4063/265/9
f 4061/98/9 4064/104/9 4062/264/9
f 4065/206/9 4066/55/9 4067/139/9
f 4066/55/10 4068/140/10 4067/139/10
f 4069/113/9 4070/205/9 4071/246/9
f 4069/113/9 4072/111/9 4070/205/9
f 4073/1017/9 4074/246/9 4075/248/9
f 4073/1017/9 4076/113/9 4074/246/9
f 4077/1018/9 4078/248/9 4079/158/9
f 4077/1018/9 4080/1017/9 4078/248/9
f 4081/1019/9 4082/158/9 4083/142/9
f 4081/1019/9 4084/1018/9 4082/158/9
f 4085/1020/9 4086/142/9 4087/52/9
f 4085/1020/9 4088/1019/9 4086/142/9
f 4089/1021/9 4090/52/9 4091/54/9
f 4089/1021/9 4092/1020/9 4090/52/9
f 4093/1022/9 4094/54/9 4095/218/9
f 4093/1022/9 4096/1021/9 4094/54/9
f 4097/1023/9 4098/218/9 4099/215/9
f 4097/1023/9 4100/1022/9 4098/218/9
f 4101/1024/9 4102/215/9 4103/217/9
f 4101/1024/9 4104/1023/9 4102/215/9
f 4105/1025/9 4106/217/9 4107/193/9
f 4105/1025/9 4108/1024/9 4106/217/9
f 4109/1026/9 4110/193/9 4111/195/9
f 4109/1026/9 4112/1025/9 4110/193/9
f 4113/1027/9 4114/195/9 4115/172/9
f 4113/1027/9 4116/1026/9 4114/195/9
f 4117/1028/9 4118/172/9 4119/170/9
f 4117/1028/9 4120/1027/9 4118/172/9
f 4121/1029/9 4122/170/9 4123/168/9
f 4121/1029/9 4124/1028/9 4122/170/9
f 4125/1030/9 4126/168/9 4127/166/9
f 4125/1030/9 4128/1029/9 4126/168/9
f 4129/1031/9 4130/166/9 4131/164/9
f 4129/1031/9 4132/1030/9 4130/166/9
f 4133/1032/9 4134/164/9 4135/137/9
f 4133/1032/9 4136/1031/9 4134/164/9
f 4137/1033/9 4138/137/9 4139/135/9
f 4137/1033/9 4140/1032/9 4138/137/9
f 4141/1034/9 4142/135/9 4143/133/9
f 4141/1034/9 4144/1033/9 4142/135/9
f 4145/1035/9 4146/133/9 4147/130/9
f 4145/1035/9 4148/1034/9 4146/133/9
f 4149/1036/9 4150/130/9 4151/132/9
f 4149/1036/9 4152/1035/9 4150/130/9
f 4153/1037/9 4154/132/9 4155/189/9
f 4153/1037/9 4156/1036/9 4154/132/9
f 4157/1038/9 4158/189/9 4159/191/9
f 4157/1038/9 4160/1037/9 4158/189/9
f 4161/1039/9 4162/191/9 4163/244/9
f 4161/1039/9 4164/1038/9 4162/191/9
f 4165/1040/9 4166/244/9 4167/101/9
f 4165/1040/9 4168/1039/9 4166/244/9
f 4169/1041/9 4170/101/9 4171/103/9
f 4169/1041/9 4172/1040/9 4170/101/9
f 4173/48/9 4174/103/9 4175/242/9
f 4173/48/9 4176/1041/9 4174/103/9
f 4177/50/9 4178/242/9 4179/94/9
f 4177/50/9 4180/48/9 4178/242/9
f 4181/94/10 4182/49/10 4183/47/10
f 4181/94/9 4184/242/9 4182/49/9
f 4185/89/9 4186/261/9 4187/262/9
f 4185/89/9 4188/45/9 4186/261/9
f 4189/96/9 4190/265/9 4191/266/9
f 4189/96/9 4192/98/9 4190/265/9
f 4193/81/9 4194/266/9 4195/267/9
f 4193/81/9 4196/96/9 4194/266/9
f 4197/246/9 4198/205/9 4199/110/9
f 4198/205/10 4200/112/10 4199/110/10
f 4201/248/9 4202/110/9 4203/1016/9
f 4201/248/9 4204/246/9 4202/110/9
f 4205/158/9 4206/1016/9 4207/1042/9
f 4205/158/9 4208/248/9 4206/1016/9
f 4209/142/9 4210/1042/9 4211/1043/9
f 4209/142/9 4212/158/9 4210/1042/9
f 4213/52/9 4214/1043/9 4215/1044/9
f 4213/52/9 4216/142/9 4214/1043/9
f 4217/54/9 4218/1044/9 4219/1045/9
f 4217/54/9 4220/52/9 4218/1044/9
f 4221/218/9 4222/1045/9 4223/1046/9
f 4221/218/9 4224/54/9 4222/1045/9
f 4225/215/9 4226/1046/9 4227/1047/9
f 4225/215/9 4228/218/9 4226/1046/9
f 4229/217/9 4230/1047/9 4231/1048/9
f 4229/217/9 4232/215/9 4230/1047/9
f 4233/193/9 4234/1048/9 4235/1049/9
f 4233/193/9 4236/217/9 4234/1048/9
f 4237/195/9 4238/1049/9 4239/1050/9
f 4237/195/9 4240/193/9 4238/1049/9
f 4241/172/9 4242/1050/9 4243/1051/9
f 4241/172/9 4244/195/9 4242/1050/9
f 4245/170/9 4246/1051/9 4247/1052/9
f 4245/170/9 4248/172/9 4246/1051/9
f 4249/168/9 4250/1052/9 4251/1053/9
f 4249/168/9 4252/170/9 4250/1052/9
f 4253/166/9 4254/1053/9 4255/1054/9
f 4253/166/9 4256/168/9 4254/1053/9
f 4257/164/9 4258/1054/9 4259/1055/9
f 4257/164/9 4260/166/9 4258/1054/9
f 4261/137/9 4262/1055/9 4263/1056/9
f 4261/137/9 4264/164/9 4262/1055/9
f 4265/135/9 4266/1056/9 4267/1057/9
f 4265/135/9 4268/137/9 4266/1056/9
f 4269/133/9 4270/1057/9 4271/1058/9
f 4269/133/9 4272/135/9 4270/1057/9
f 4273/130/9 4274/1058/9 4275/1059/9
f 4273/130/9 4276/133/9 4274/1058/9
f 4277/132/9 4278/1059/9 4279/1060/9
f 4277/132/9 4280/130/9 4278/1059/9
f 4281/189/9 4282/1060/9 4283/1061/9
f 4281/189/9 4284/132/9 4282/1060/9
f 4285/191/9 4286/1061/9 4287/1062/9
f 4285/191/9 4288/189/9 4286/1061/9
f 4289/244/9 4290/1062/9 4291/1063/9
f 4289/244/9 4292/191/9 4290/1062/9
f 4293/101/9 4294/1063/9 4295/1064/9
f 4293/101/9 4296/244/9 4294/1063/9
f 4297/103/9 4298/1064/9 4299/1065/9
f 4297/103/9 4300/101/9 4298/1064/9
f 4301/242/9 4302/1065/9 4303/49/9
f 4301/242/9 4304/103/9 4302/1065/9
f 4305/224/10 4306/94/10 4307/93/10
f 4305/224/9 4308/50/9 4306/94/9
f 4309/91/9 4310/262/9 4311/263/9
f 4309/91/9 4312/89/9 4310/262/9
f 4313/118/9 4314/85/9 4315/41/9
f 4313/118/10 4316/87/10 4314/85/10
f 4317/83/9 4318/267/9 4319/268/9
f 4317/83/9 4320/81/9 4318/267/9
f 4321/221/9 4322/268/9 4323/269/9
f 4321/221/9 4324/83/9 4322/268/9
f 4325/74/9 4326/269/9 4327/249/9
f 4325/74/9 4328/221/9 4326/269/9
f 4329/111/9 4330/139/9 4331/205/9
f 4330/139/10 4332/207/10 4331/205/10
f 4333/1042/9 4334/245/9 4335/159/9
f 4333/1042/9 4336/1016/9 4334/245/9
f 4337/1043/9 4338/159/9 4339/143/9
f 4337/1043/9 4340/1042/9 4338/159/9
f 4341/1044/9 4342/143/9 4343/53/9
f 4341/1044/9 4344/1043/9 4342/143/9
f 4345/1045/9 4346/53/9 4347/51/9
f 4345/1045/9 4348/1044/9 4346/53/9
f 4349/1046/9 4350/51/9 4351/219/9
f 4349/1046/9 4352/1045/9 4350/51/9
f 4353/1047/9 4354/219/9 4355/216/9
f 4353/1047/9 4356/1046/9 4354/219/9
f 4357/1048/9 4358/216/9 4359/214/9
f 4357/1048/9 4360/1047/9 4358/216/9
f 4361/1049/9 4362/214/9 4363/194/9
f 4361/1049/9 4364/1048/9 4362/214/9
f 4365/1050/9 4366/194/9 4367/192/9
f 4365/1050/9 4368/1049/9 4366/194/9
f 4369/1051/9 4370/192/9 4371/173/9
f 4369/1051/9 4372/1050/9 4370/192/9
f 4373/1052/9 4374/173/9 4375/171/9
f 4373/1052/9 4376/1051/9 4374/173/9
f 4377/1053/9 4378/171/9 4379/169/9
f 4377/1053/9 4380/1052/9 4378/171/9
f 4381/1054/9 4382/169/9 4383/167/9
f 4381/1054/9 4384/1053/9 4382/169/9
f 4385/1055/9 4386/167/9 4387/165/9
f 4385/1055/9 4388/1054/9 4386/167/9
f 4389/1056/9 4390/165/9 4391/138/9
f 4389/1056/9 4392/1055/9 4390/165/9
f 4393/1057/9 4394/138/9 4395/136/9
f 4393/1057/9 4396/1056/9 4394/138/9
f 4397/1058/9 4398/136/9 4399/134/9
f 4397/1058/9 4400/1057/9 4398/136/9
f 4401/1059/9 4402/134/9 4403/131/9
f 4401/1059/9 4404/1058/9 4402/134/9
f 4405/1060/9 4406/131/9 4407/129/9
f 4405/1060/9 4408/1059/9 4406/131/9
f 4409/1061/9 4410/129/9 4411/190/9
f 4409/1061/9 4412/1060/9 4410/129/9
f 4413/1062/9 4414/190/9 4415/188/9
f 4413/1062/9 4416/1061/9 4414/190/9
f 4417/1063/9 4418/188/9 4419/243/9
f 4417/1063/9 4420/1062/9 4418/188/9
f 4421/1064/9 4422/243/9 4423/102/9
f 4421/1064/9 4424/1063/9 4422/243/9
f 4425/1065/9 4426/102/9 4427/100/9
f 4425/1065/9 4428/1064/9 4426/102/9
f 4429/49/10 4430/100/10 4431/241/10
f 4429/49/9 4432/1065/9 4430/100/9
f 4433/34/9 4434/119/9 4435/36/9
f 4433/34/9 4436/78/9 4434/119/9
f 4437/208/9 4438/36/9 4439/258/9
f 4437/208/9 4440/34/9 4438/36/9
f 4441/127/9 4442/258/9 4443/251/9
f 4441/127/9 4444/208/9 4442/258/9
f 4445/104/9 4446/263/9 4447/264/9
f 4445/104/9 4448/91/9 4446/263/9
f 4449/1066/5 4450/1067/5 4451/1068/5
f 4449/1066/5 4452/1069/5 4450/1067/5
f 4453/1070/7 4454/1071/7 4455/1072/7
f 4453/1070/7 4456/1073/7 4454/1071/7
f 4457/1074/5 4458/1075/5 4459/1076/5
f 4457/1074/5 4460/1077/5 4458/1075/5
f 4461/1078/7 4462/1079/7 4463/1080/7
f 4461/1078/7 4464/1081/7 4462/1079/7
f 4465/1082/5 4466/1077/5 4467/1074/5
f 4465/1082/5 4468/1083/5 4466/1077/5
f 4469/1080/7 4470/1084/7 4471/1085/7
f 4469/1080/7 4472/1079/7 4470/1084/7
f 4473/1086/5 4474/1087/5 4475/1088/5
f 4473/1086/5 4476/1089/5 4474/1087/5
f 4477/1090/7 4478/1091/7 4479/1092/7
f 4477/1090/7 4480/1093/7 4478/1091/7
f 4481/1094/5 4482/1083/5 4483/1082/5
f 4481/1094/5 4484/1095/5 4482/1083/5
f 4485/1085/7 4486/1096/7 4487/1097/7
f 4485/1085/7 4488/1084/7 4486/1096/7
f 4489/1076/5 4490/1098/5 4491/1099/5
f 4489/1076/5 4492/1075/5 4490/1098/5
f 4493/1100/7 4494/1081/7 4495/1078/7
f 4493/1100/7 4496/1101/7 4494/1081/7
f 4497/1102/4 4498/1066/4 4499/1103/4
f 4497/1102/4 4500/1072/4 4498/1066/4
f 4501/1104/5 4502/1095/5 4503/1094/5
f 4501/1104/5 4504/1105/5 4502/1095/5
f 4505/1097/7 4506/1106/7 4507/1107/7
f 4505/1097/7 4508/1096/7 4506/1106/7
f 4509/1108/2 4510/1109/2 4511/1110/2
f 4509/1108/2 4512/1111/2 4510/1109/2
f 4513/1099/5 4514/1112/5 4515/1113/5
f 4513/1099/5 4516/1098/5 4514/1112/5
f 4517/1114/7 4518/1101/7 4519/1100/7
f 4517/1114/7 4520/1115/7 4518/1101/7
f 4521/1116/5 4522/1069/5 4523/1066/5
f 4521/1116/5 4524/1117/5 4522/1069/5
f 4525/1072/7 4526/1118/7 4527/1119/7
f 4525/1072/7 4528/1071/7 4526/1118/7
f 4529/1120/5 4530/1121/5 4531/1122/5
f 4529/1120/5 4532/1123/5 4530/1121/5
f 4533/1124/7 4534/1125/7 4535/1126/7
f 4533/1124/7 4536/1127/7 4534/1125/7
f 4537/1128/5 4538/1123/5 4539/1120/5
f 4537/1128/5 4540/1129/5 4538/1123/5
f 4541/1126/7 4542/1130/7 4543/1131/7
f 4541/1126/7 4544/1125/7 4542/1130/7
f 4545/1132/5 4546/1133/5 4547/1111/5
f 4545/1132/5 4548/1134/5 4546/1133/5
f 4549/1109/7 4550/1135/7 4551/1136/7
f 4549/1109/7 4552/1137/7 4550/1135/7
f 4553/1138/5 4554/1134/5 4555/1132/5
f 4553/1138/5 4556/1139/5 4554/1134/5
f 4557/1136/7 4558/1140/7 4559/1141/7
f 4557/1136/7 4560/1135/7 4558/1140/7
f 4561/1122/5 4562/1139/5 4563/1138/5
f 4561/1122/5 4564/1121/5 4562/1139/5
f 4565/1141/7 4566/1127/7 4567/1124/7
f 4565/1141/7 4568/1140/7 4566/1127/7
f 4569/1088/5 4570/1117/5 4571/1116/5
f 4569/1088/5 4572/1087/5 4570/1117/5
f 4573/1119/7 4574/1093/7 4575/1090/7
f 4573/1119/7 4576/1118/7 4574/1093/7
f 4577/1142/5 4578/1129/5 4579/1128/5
f 4577/1142/5 4580/1143/5 4578/1129/5
f 4581/1131/7 4582/1144/7 4583/1145/7
f 4581/1131/7 4584/1130/7 4582/1144/7
f 4585/1146/5 4586/1143/5 4587/1142/5
f 4585/1146/5 4588/1147/5 4586/1143/5
f 4589/1145/7 4590/1148/7 4591/1149/7
f 4589/1145/7 4592/1144/7 4590/1148/7
f 4593/1113/5 4594/1147/5 4595/1146/5
f 4593/1113/5 4596/1112/5 4594/1147/5
f 4597/1149/7 4598/1115/7 4599/1114/7
f 4597/1149/7 4600/1148/7 4598/1115/7
f 4601/1150/5 4602/1105/5 4603/1104/5
f 4601/1150/5 4604/1151/5 4602/1105/5
f 4605/1107/7 4606/1152/7 4607/1153/7
f 4605/1107/7 4608/1106/7 4606/1152/7
f 4609/1068/5 4610/1151/5 4611/1150/5
f 4609/1068/5 4612/1067/5 4610/1151/5
f 4613/1153/7 4614/1073/7 4615/1070/7
f 4613/1153/7 4616/1152/7 4614/1073/7
f 4617/1154/5 4618/1155/5 4619/1156/5
f 4617/1154/5 4620/1157/5 4618/1155/5
f 4621/1158/7 4622/1159/7 4623/1160/7
f 4621/1158/7 4624/1161/7 4622/1159/7
f 4625/1162/5 4626/1157/5 4627/1154/5
f 4625/1162/5 4628/1163/5 4626/1157/5
f 4629/1160/7 4630/1164/7 4631/1165/7
f 4629/1160/7 4632/1159/7 4630/1164/7
f 4633/1111/5 4634/1163/5 4635/1162/5
f 4633/1111/5 4636/1133/5 4634/1163/5
f 4637/1165/7 4638/1137/7 4639/1109/7
f 4637/1165/7 4640/1164/7 4638/1137/7
f 4641/1166/6 4642/1167/6 4643/1168/6
f 4641/1166/6 4644/1169/6 4642/1167/6
f 4645/1170/5 4646/1171/5 4647/1172/5
f 4645/1170/5 4648/1173/5 4646/1171/5
f 4649/1174/7 4650/1175/7 4651/1176/7
f 4649/1174/7 4652/1177/7 4650/1175/7
f 4653/1178/5 4654/1173/5 4655/1170/5
f 4653/1178/5 4656/1179/5 4654/1173/5
f 4657/1176/7 4658/1180/7 4659/1181/7
f 4657/1176/7 4660/1175/7 4658/1180/7
f 4661/1182/5 4662/1179/5 4663/1178/5
f 4661/1182/5 4664/1183/5 4662/1179/5
f 4665/1181/7 4666/1184/7 4667/1185/7
f 4665/1181/7 4668/1180/7 4666/1184/7
f 4669/1186/5 4670/1183/5 4671/1182/5
f 4669/1186/5 4672/1187/5 4670/1183/5
f 4673/1185/7 4674/1188/7 4675/1189/7
f 4673/1185/7 4676/1184/7 4674/1188/7
f 4677/1190/5 4678/1187/5 4679/1186/5
f 4677/1190/5 4680/1191/5 4678/1187/5
f 4681/1189/7 4682/1192/7 4683/1193/7
f 4681/1189/7 4684/1188/7 4682/1192/7
f 4685/1194/5 4686/1191/5 4687/1190/5
f 4685/1194/5 4688/1195/5 4686/1191/5
f 4689/1193/7 4690/1196/7 4691/1197/7
f 4689/1193/7 4692/1192/7 4690/1196/7
f 4693/1198/5 4694/1195/5 4695/1194/5
f 4693/1198/5 4696/1199/5 4694/1195/5
f 4697/1197/7 4698/1200/7 4699/1201/7
f 4697/1197/7 4700/1196/7 4698/1200/7
f 4701/1202/5 4702/1199/5 4703/1198/5
f 4701/1202/5 4704/1203/5 4702/1199/5
f 4705/1201/7 4706/1204/7 4707/1205/7
f 4705/1201/7 4708/1200/7 4706/1204/7
f 4709/1206/5 4710/1203/5 4711/1202/5
f 4709/1206/5 4712/1207/5 4710/1203/5
f 4713/1205/7 4714/1208/7 4715/1209/7
f 4713/1205/7 4716/1204/7 4714/1208/7
f 4717/1210/5 4718/1207/5 4719/1206/5
f 4717/1210/5 4720/1211/5 4718/1207/5
f 4721/1209/7 4722/1212/7 4723/1213/7
f 4721/1209/7 4724/1208/7 4722/1212/7
f 4725/1214/5 4726/1211/5 4727/1210/5
f 4725/1214/5 4728/1215/5 4726/1211/5
f 4729/1213/7 4730/1216/7 4731/1217/7
f 4729/1213/7 4732/1212/7 4730/1216/7
f 4733/1218/5 4734/1215/5 4735/1214/5
f 4733/1218/5 4736/1219/5 4734/1215/5
f 4737/1217/7 4738/1220/7 4739/1221/7
f 4737/1217/7 4740/1216/7 4738/1220/7
f 4741/1222/5 4742/1219/5 4743/1218/5
f 4741/1222/5 4744/1223/5 4742/1219/5
f 4745/1221/7 4746/1224/7 4747/1225/7
f 4745/1221/7 4748/1220/7 4746/1224/7
f 4749/1226/5 4750/1223/5 4751/1222/5
f 4749/1226/5 4752/1227/5 4750/1223/5
f 4753/1225/7 4754/1228/7 4755/1229/7
f 4753/1225/7 4756/1224/7 4754/1228/7
f 4757/1230/5 4758/1227/5 4759/1226/5
f 4757/1230/5 4760/1231/5 4758/1227/5
f 4761/1229/7 4762/1232/7 4763/1233/7
f 4761/1229/7 4764/1228/7 4762/1232/7
f 4765/1234/5 4766/1231/5 4767/1230/5
f 4765/1234/5 4768/1235/5 4766/1231/5
f 4769/1233/7 4770/1236/7 4771/1237/7
f 4769/1233/7 4772/1232/7 4770/1236/7
f 4773/1238/5 4774/1235/5 4775/1234/5
f 4773/1238/5 4776/1239/5 4774/1235/5
f 4777/1237/7 4778/1240/7 4779/1241/7
f 4777/1237/7 4780/1236/7 4778/1240/7
f 4781/1242/5 4782/1239/5 4783/1238/5
f 4781/1242/5 4784/1243/5 4782/1239/5
f 4785/1241/7 4786/1244/7 4787/1245/7
f 4785/1241/7 4788/1240/7 4786/1244/7
f 4789/1246/5 4790/1243/5 4791/1242/5
f 4789/1246/5 4792/1247/5 4790/1243/5
f 4793/1245/7 4794/1248/7 4795/1249/7
f 4793/1245/7 4796/1244/7 4794/1248/7
f 4797/1250/5 4798/1247/5 4799/1246/5
f 4797/1250/5 4800/1251/5 4798/1247/5
f 4801/1249/7 4802/1252/7 4803/1253/7
f 4801/1249/7 4804/1248/7 4802/1252/7
f 4805/1254/5 4806/1251/5 4807/1250/5
f 4805/1254/5 4808/1255/5 4806/1251/5
f 4809/1253/7 4810/1256/7 4811/1257/7
f 4809/1253/7 4812/1252/7 4810/1256/7
f 4813/1258/5 4814/1255/5 4815/1254/5
f 4813/1258/5 4816/1259/5 4814/1255/5
f 4817/1257/7 4818/1260/7 4819/1261/7
f 4817/1257/7 4820/1256/7 4818/1260/7
f 4821/1262/5 4822/1259/5 4823/1258/5
f 4821/1262/5 4824/1263/5 4822/1259/5
f 4825/1261/7 4826/1264/7 4827/1265/7
f 4825/1261/7 4828/1260/7 4826/1264/7
f 4829/1266/8 4830/1267/8 4831/1268/8
f 4829/1266/8 4832/1269/8 4830/1267/8
f 4833/1270/4 4834/1271/4 4835/1272/4
f 4833/1270/4 4836/1273/4 4834/1271/4
f 4837/1274/6 4838/1177/6 4839/1174/6
f 4837/1274/6 4840/1275/6 4838/1177/6
f 4841/1172/4 4842/1276/4 4843/1277/4
f 4841/1172/4 4844/1278/4 4842/1276/4
f 4845/1279/3 4846/1280/3 4847/1281/3
f 4845/1279/3 4848/1282/3 4846/1280/3
f 4849/1283/1 4850/1284/1 4851/1285/1
f 4849/1283/1 4852/1286/1 4850/1284/1
f 4853/1287/3 4854/1288/3 4855/1289/3
f 4853/1287/3 4856/1290/3 4854/1288/3
f 4857/1291/1 4858/1292/1 4859/1293/1
f 4857/1291/1 4860/1294/1 4858/1292/1
f 4861/1295/3 4862/1296/3 4863/1297/3
f 4861/1295/3 4864/1298/3 4862/1296/3
f 4865/1299/1 4866/1300/1 4867/1301/1
f 4865/1299/1 4868/1302/1 4866/1300/1
f 4869/1303/3 4870/1304/3 4871/1305/3
f 4869/1303/3 4872/1306/3 4870/1304/3
f 4873/1307/1 4874/1308/1 4875/1309/1
f 4873/1307/1 4876/1310/1 4874/1308/1
f 4877/1311/3 4878/1260/3 4879/1312/3
f 4877/1311/3 4880/1313/3 4878/1260/3
f 4881/1314/1 4882/1315/1 4883/1316/1
f 4881/1314/1 4884/1317/1 4882/1315/1
f 4885/1318/3 4886/1319/3 4887/1320/3
f 4885/1318/3 4888/1321/3 4886/1319/3
f 4889/1322/1 4890/1175/1 4891/1323/1
f 4889/1322/1 4892/1324/1 4890/1175/1
f 4893/1325/3 4894/1282/3 4895/1279/3
f 4893/1325/3 4896/1326/3 4894/1282/3
f 4897/1285/1 4898/1327/1 4899/1328/1
f 4897/1285/1 4900/1284/1 4898/1327/1
f 4901/1329/3 4902/1306/3 4903/1303/3
f 4901/1329/3 4904/1330/3 4902/1306/3
f 4905/1309/1 4906/1331/1 4907/1332/1
f 4905/1309/1 4908/1308/1 4906/1331/1
f 4909/1333/3 4910/1326/3 4911/1325/3
f 4909/1333/3 4912/1334/3 4910/1326/3
f 4913/1328/1 4914/1335/1 4915/1336/1
f 4913/1328/1 4916/1327/1 4914/1335/1
f 4917/1337/3 4918/1338/3 4919/1339/3
f 4917/1337/3 4920/1340/3 4918/1338/3
f 4921/1341/1 4922/1342/1 4923/1343/1
f 4921/1341/1 4924/1344/1 4922/1342/1
f 4925/1345/3 4926/1346/3 4927/1347/3
f 4925/1345/3 4928/1348/3 4926/1346/3
f 4929/1349/1 4930/1350/1 4931/1351/1
f 4929/1349/1 4932/1352/1 4930/1350/1
f 4933/1347/3 4934/1353/3 4935/1354/3
f 4933/1347/3 4936/1346/3 4934/1353/3
f 4937/1355/1 4938/1352/1 4939/1349/1
f 4937/1355/1 4940/1356/1 4938/1352/1
f 4941/1357/3 4942/1358/3 4943/1359/3
f 4941/1357/3 4944/1360/3 4942/1358/3
f 4945/1361/1 4946/1362/1 4947/1363/1
f 4945/1361/1 4948/1364/1 4946/1362/1
f 4949/1365/3 4950/1340/3 4951/1337/3
f 4949/1365/3 4952/1366/3 4950/1340/3
f 4953/1343/1 4954/1367/1 4955/1267/1
f 4953/1343/1 4956/1342/1 4954/1367/1
f 4957/1368/3 4958/1348/3 4959/1345/3
f 4957/1368/3 4960/1369/3 4958/1348/3
f 4961/1351/1 4962/1370/1 4963/1371/1
f 4961/1351/1 4964/1350/1 4962/1370/1
f 4965/1372/3 4966/1373/3 4967/1374/3
f 4965/1372/3 4968/1375/3 4966/1373/3
f 4969/1376/1 4970/1377/1 4971/1378/1
f 4969/1376/1 4972/1379/1 4970/1377/1
f 4973/1167/3 4974/1298/3 4975/1295/3
f 4973/1167/3 4976/1380/3 4974/1298/3
f 4977/1301/1 4978/1381/1 4979/1169/1
f 4977/1301/1 4980/1300/1 4978/1381/1
f 4981/1382/8 4982/1383/8 4983/1384/8
f 4981/1382/8 4984/1385/8 4982/1383/8
f 4985/1386/2 4986/1387/2 4987/1262/2
f 4985/1386/2 4988/1388/2 4986/1387/2
f 4989/1265/8 4990/1389/8 4991/1390/8
f 4989/1265/8 4992/1264/8 4990/1389/8
f 4993/1391/6 4994/1392/6 4995/1393/6
f 4993/1391/6 4996/1320/6 4994/1392/6
f 4997/1394/4 4998/1395/4 4999/1396/4
f 4997/1394/4 5000/1397/4 4998/1395/4
f 5001/1289/3 5002/1398/3 5003/1399/3
f 5001/1289/3 5004/1288/3 5002/1398/3
f 5005/1400/1 5006/1294/1 5007/1291/1
f 5005/1400/1 5008/1401/1 5006/1294/1
f 5009/1402/3 5010/1403/3 5011/1404/3
f 5009/1402/3 5012/1405/3 5010/1403/3
f 5013/1406/1 5014/1407/1 5015/1408/1
f 5013/1406/1 5016/1409/1 5014/1407/1
f 5017/1339/3 5018/1410/3 5019/1411/3
f 5017/1339/3 5020/1338/3 5018/1410/3
f 5021/1412/1 5022/1344/1 5023/1341/1
f 5021/1412/1 5024/1413/1 5022/1344/1
f 5025/1297/3 5026/1414/3 5027/1415/3
f 5025/1297/3 5028/1296/3 5026/1414/3
f 5029/1416/1 5030/1302/1 5031/1299/1
f 5029/1416/1 5032/1417/1 5030/1302/1
f 5033/1418/3 5034/1419/3 5035/1420/3
f 5033/1418/3 5036/1421/3 5034/1419/3
f 5037/1422/1 5038/1423/1 5039/1424/1
f 5037/1422/1 5040/1425/1 5038/1423/1
f 5041/1426/3 5042/1427/3 5043/1428/3
f 5041/1426/3 5044/1429/3 5042/1427/3
f 5045/1430/1 5046/1431/1 5047/1432/1
f 5045/1430/1 5048/1433/1 5046/1431/1
f 5049/1434/6 5050/1435/6 5051/1436/6
f 5049/1434/6 5052/1437/6 5050/1435/6
f 5053/1399/3 5054/1421/3 5055/1418/3
f 5053/1399/3 5056/1398/3 5054/1421/3
f 5057/1424/1 5058/1401/1 5059/1400/1
f 5057/1424/1 5060/1423/1 5058/1401/1
f 5061/1438/3 5062/1439/3 5063/1440/3
f 5061/1438/3 5064/1441/3 5062/1439/3
f 5065/1442/1 5066/1443/1 5067/1444/1
f 5065/1442/1 5068/1445/1 5066/1443/1
f 5069/1411/3 5070/1446/3 5071/1447/3
f 5069/1411/3 5072/1410/3 5070/1446/3
f 5073/1448/1 5074/1413/1 5075/1412/1
f 5073/1448/1 5076/1449/1 5074/1413/1
f 5077/1415/3 5078/1450/3 5079/1451/3
f 5077/1415/3 5080/1414/3 5078/1450/3
f 5081/1452/1 5082/1417/1 5083/1416/1
f 5081/1452/1 5084/1453/1 5082/1417/1
f 5085/1428/3 5086/1087/3 5087/1454/3
f 5085/1428/3 5088/1427/3 5086/1087/3
f 5089/1455/1 5090/1433/1 5091/1430/1
f 5089/1455/1 5092/1456/1 5090/1433/1
f 5093/1312/3 5094/1366/3 5095/1365/3
f 5093/1312/3 5096/1260/3 5094/1366/3
f 5097/1267/1 5098/1317/1 5099/1314/1
f 5097/1267/1 5100/1367/1 5098/1317/1
f 5101/1320/3 5102/1380/3 5103/1167/3
f 5101/1320/3 5104/1319/3 5102/1380/3
f 5105/1169/1 5106/1324/1 5107/1322/1
f 5105/1169/1 5108/1381/1 5106/1324/1
f 5109/1457/3 5110/1458/3 5111/1459/3
f 5109/1457/3 5112/1460/3 5110/1458/3
f 5113/1461/1 5114/1157/1 5115/1462/1
f 5113/1461/1 5116/1463/1 5114/1157/1
f 5117/1374/3 5118/1360/3 5119/1357/3
f 5117/1374/3 5120/1373/3 5118/1360/3
f 5121/1363/1 5122/1379/1 5123/1376/1
f 5121/1363/1 5124/1362/1 5122/1379/1
f 5125/1464/4 5126/1119/4 5127/1465/4
f 5125/1464/4 5128/1466/4 5126/1119/4
f 5129/1404/3 5130/1441/3 5131/1438/3
f 5129/1404/3 5132/1403/3 5130/1441/3
f 5133/1444/1 5134/1409/1 5135/1406/1
f 5133/1444/1 5136/1443/1 5134/1409/1
f 5137/1467/3 5138/1468/3 5139/1469/3
f 5137/1467/3 5140/1470/3 5138/1468/3
f 5141/1471/1 5142/1472/1 5143/1473/1
f 5141/1471/1 5144/1474/1 5142/1472/1
f 5145/1281/3 5146/1290/3 5147/1287/3
f 5145/1281/3 5148/1280/3 5146/1290/3
f 5149/1293/1 5150/1286/1 5151/1283/1
f 5149/1293/1 5152/1292/1 5150/1286/1
f 5153/1475/2 5154/1476/2 5155/1477/2
f 5153/1475/2 5156/1478/2 5154/1476/2
f 5157/1479/8 5158/1337/8 5159/1480/8
f 5157/1479/8 5160/1343/8 5158/1337/8
f 5161/1481/3 5162/1321/3 5163/1318/3
f 5161/1481/3 5164/1482/3 5162/1321/3
f 5165/1323/1 5166/1483/1 5167/1484/1
f 5165/1323/1 5168/1175/1 5166/1483/1
f 5169/1469/3 5170/1405/3 5171/1402/3
f 5169/1469/3 5172/1468/3 5170/1405/3
f 5173/1408/1 5174/1474/1 5175/1471/1
f 5173/1408/1 5176/1407/1 5174/1474/1
f 5177/1354/3 5178/1429/3 5179/1426/3
f 5177/1354/3 5180/1353/3 5178/1429/3
f 5181/1432/1 5182/1356/1 5183/1355/1
f 5181/1432/1 5184/1431/1 5182/1356/1
f 5185/1454/3 5186/1273/3 5187/1270/3
f 5185/1454/3 5188/1087/3 5186/1273/3
f 5189/1436/1 5190/1456/1 5191/1455/1
f 5189/1436/1 5192/1485/1 5190/1456/1
f 5193/1486/2 5194/1463/2 5195/1461/2
f 5193/1486/2 5196/1487/2 5194/1463/2
f 5197/1459/8 5198/1488/8 5199/1489/8
f 5197/1459/8 5200/1490/8 5198/1488/8
f 5201/1491/3 5202/1460/3 5203/1457/3
f 5201/1491/3 5204/1492/3 5202/1460/3
f 5205/1462/1 5206/1493/1 5207/1494/1
f 5205/1462/1 5208/1157/1 5206/1493/1
f 5209/1359/3 5210/1492/3 5211/1491/3
f 5209/1359/3 5212/1358/3 5210/1492/3
f 5213/1494/1 5214/1364/1 5215/1361/1
f 5213/1494/1 5216/1493/1 5214/1364/1
f 5217/1447/3 5218/1330/3 5219/1329/3
f 5217/1447/3 5220/1446/3 5218/1330/3
f 5221/1332/1 5222/1449/1 5223/1448/1
f 5221/1332/1 5224/1331/1 5222/1449/1
f 5225/1451/3 5226/1334/3 5227/1333/3
f 5225/1451/3 5228/1450/3 5226/1334/3
f 5229/1336/1 5230/1453/1 5231/1452/1
f 5229/1336/1 5232/1335/1 5230/1453/1
f 5233/1495/6 5234/1496/6 5235/1497/6
f 5233/1495/6 5236/1498/6 5234/1496/6
f 5237/1420/3 5238/1375/3 5239/1372/3
f 5237/1420/3 5240/1419/3 5238/1375/3
f 5241/1378/1 5242/1425/1 5243/1422/1
f 5241/1378/1 5244/1377/1 5242/1425/1
f 5245/1499/2 5246/1500/2 5247/1501/2
f 5245/1499/2 5248/1165/2 5246/1500/2
f 5249/1440/3 5250/1369/3 5251/1368/3
f 5249/1440/3 5252/1439/3 5250/1369/3
f 5253/1371/1 5254/1445/1 5255/1442/1
f 5253/1371/1 5256/1370/1 5254/1445/1
f 5257/1305/3 5258/1470/3 5259/1467/3
f 5257/1305/3 5260/1304/3 5258/1470/3
f 5261/1473/1 5262/1310/1 5263/1307/1
f 5261/1473/1 5264/1472/1 5262/1310/1
f 5265/1473/9 5266/1305/9 5267/1307/9
f 5265/1473/9 5268/1467/9 5266/1305/9
f 5269/1371/9 5270/1440/9 5271/1442/9
f 5269/1371/9 5272/1368/9 5270/1440/9
f 5273/1162/9 5274/1109/9 5275/1165/9
f 5273/1162/9 5276/1111/9 5274/1109/9
f 5277/1154/9 5278/1165/9 5279/1160/9
f 5277/1154/9 5280/1162/9 5278/1165/9
f 5281/1156/9 5282/1160/9 5283/1158/9
f 5281/1156/9 5284/1154/9 5282/1160/9
f 5285/1499/10 5286/1110/10 5287/1501/10
f 5286/1110/9 5288/1382/9 5287/1501/9
f 5289/1150/9 5290/1070/9 5291/1153/9
f 5289/1150/9 5292/1068/9 5290/1070/9
f 5293/1104/9 5294/1153/9 5295/1107/9
f 5293/1104/9 5296/1150/9 5294/1153/9
f 5297/1378/9 5298/1420/9 5299/1422/9
f 5297/1378/9 5300/1372/9 5298/1420/9
f 5301/1146/9 5302/1114/9 5303/1149/9
f 5301/1146/9 5304/1113/9 5302/1114/9
f 5305/1142/9 5306/1149/9 5307/1145/9
f 5305/1142/9 5308/1146/9 5306/1149/9
f 5309/1092/10 5310/1497/10 5311/1495/10
f 5309/1092/9 5312/1102/9 5310/1497/9
f 5313/1128/9 5314/1145/9 5315/1131/9
f 5313/1128/9 5316/1142/9 5314/1145/9
f 5317/1336/9 5318/1451/9 5319/1452/9
f 5317/1336/9 5320/1333/9 5318/1451/9
f 5321/1332/9 5322/1447/9 5323/1448/9
f 5321/1332/9 5324/1329/9 5322/1447/9
f 5325/1494/9 5326/1359/9 5327/1361/9
f 5325/1494/9 5328/1491/9 5326/1359/9
f 5329/1116/9 5330/1090/9 5331/1119/9
f 5329/1116/9 5332/1088/9 5330/1090/9
f 5333/1462/9 5334/1491/9 5335/1494/9
f 5333/1462/9 5336/1457/9 5334/1491/9
f 5337/1501/9 5338/1382/9 5339/1459/9
f 5338/1382/10 5340/1489/10 5339/1459/10
f 5341/1486/10 5342/1501/10 5343/1461/10
f 5342/1501/9 5344/1459/9 5343/1461/9
f 5345/1436/9 5346/1454/9 5347/1455/9
f 5345/1436/9 5348/1270/9 5346/1454/9
f 5349/1432/9 5350/1354/9 5351/1355/9
f 5349/1432/9 5352/1426/9 5350/1354/9
f 5353/1408/9 5354/1469/9 5355/1471/9
f 5353/1408/9 5356/1402/9 5354/1469/9
f 5357/1323/9 5358/1481/9 5359/1484/9
f 5357/1323/9 5360/1318/9 5358/1481/9
f 5361/1316/9 5362/1311/9 5363/1479/9
f 5362/1311/10 5364/1480/10 5363/1479/10
f 5365/1475/10 5366/1316/10 5367/1477/10
f 5366/1316/9 5368/1479/9 5367/1477/9
f 5369/1138/9 5370/1124/9 5371/1141/9
f 5369/1138/9 5372/1122/9 5370/1124/9
f 5373/1132/9 5374/1141/9 5375/1136/9
f 5373/1132/9 5376/1138/9 5374/1141/9
f 5377/1293/9 5378/1281/9 5379/1283/9
f 5377/1293/9 5380/1287/9 5378/1281/9
f 5381/1471/9 5382/1467/9 5383/1473/9
f 5381/1471/9 5384/1469/9 5382/1467/9
f 5385/1111/9 5386/1136/9 5387/1109/9
f 5385/1111/9 5388/1132/9 5386/1136/9
f 5389/1120/9 5390/1131/9 5391/1126/9
f 5389/1120/9 5392/1128/9 5390/1131/9
f 5393/1122/9 5394/1126/9 5395/1124/9
f 5393/1122/9 5396/1120/9 5394/1126/9
f 5397/1444/9 5398/1404/9 5399/1406/9
f 5397/1444/9 5400/1438/9 5398/1404/9
f 5401/1102/9 5402/1464/9 5403/1497/9
f 5401/1102/10 5404/1465/10 5402/1464/10
f 5405/1363/9 5406/1374/9 5407/1376/9
f 5405/1363/9 5408/1357/9 5406/1374/9
f 5409/1461/9 5410/1457/9 5411/1462/9
f 5409/1461/9 5412/1459/9 5410/1457/9
f 5413/1169/9 5414/1320/9 5415/1322/9
f 5413/1169/9 5416/1167/9 5414/1320/9
f 5417/1267/9 5418/1312/9 5419/1314/9
f 5417/1267/9 5420/1365/9 5418/1312/9
f 5421/1455/9 5422/1428/9 5423/1430/9
f 5421/1455/9 5424/1454/9 5422/1428/9
f 5425/1452/9 5426/1415/9 5427/1416/9
f 5425/1452/9 5428/1451/9 5426/1415/9
f 5429/1448/9 5430/1411/9 5431/1412/9
f 5429/1448/9 5432/1447/9 5430/1411/9
f 5433/1442/9 5434/1438/9 5435/1444/9
f 5433/1442/9 5436/1440/9 5434/1438/9
f 5437/1424/9 5438/1399/9 5439/1400/9
f 5437/1424/9 5440/1418/9 5438/1399/9
f 5441/1497/10 5442/1436/10 5443/1434/10
f 5441/1497/9 5444/1464/9 5442/1436/9
f 5445/1430/9 5446/1426/9 5447/1432/9
f 5445/1430/9 5448/1428/9 5446/1426/9
f 5449/1422/9 5450/1418/9 5451/1424/9
f 5449/1422/9 5452/1420/9 5450/1418/9
f 5453/1416/9 5454/1297/9 5455/1299/9
f 5453/1416/9 5456/1415/9 5454/1297/9
f 5457/1412/9 5458/1339/9 5459/1341/9
f 5457/1412/9 5460/1411/9 5458/1339/9
f 5461/1406/9 5462/1402/9 5463/1408/9
f 5461/1406/9 5464/1404/9 5462/1402/9
f 5465/1400/9 5466/1289/9 5467/1291/9
f 5465/1400/9 5468/1399/9 5466/1289/9
f 5469/1481/9 5470/1394/9 5471/1168/9
f 5469/1481/10 5472/1396/10 5470/1394/10
f 5473/1168/10 5474/1393/10 5475/1391/10
f 5473/1168/9 5476/1394/9 5474/1393/9
f 5477/1066/9 5478/1119/9 5479/1072/9
f 5477/1066/9 5480/1116/9 5478/1119/9
f 5481/1262/9 5482/1266/9 5483/1265/9
f 5482/1266/10 5484/1390/10 5483/1265/10
f 5485/1386/10 5486/1477/10 5487/1262/10
f 5486/1477/9 5488/1266/9 5487/1262/9
f 5489/1113/9 5490/1100/9 5491/1114/9
f 5489/1113/9 5492/1099/9 5490/1100/9
f 5493/1110/9 5494/1158/9 5495/1382/9
f 5494/1158/10 5496/1384/10 5495/1382/10
f 5497/1108/10 5498/1156/10 5499/1110/10
f 5498/1156/9 5500/1158/9 5499/1110/9
f 5501/1094/9 5502/1107/9 5503/1097/9
f 5501/1094/9 5504/1104/9 5502/1107/9
f 5505/1086/9 5506/1102/9 5507/1092/9
f 5505/1086/10 5508/1103/10 5506/1102/10
f 5509/1301/9 5510/1167/9 5511/1169/9
f 5509/1301/9 5512/1295/9 5510/1167/9
f 5513/1376/9 5514/1372/9 5515/1378/9
f 5513/1376/9 5516/1374/9 5514/1372/9
f 5517/1351/9 5518/1368/9 5519/1371/9
f 5517/1351/9 5520/1345/9 5518/1368/9
f 5521/1343/9 5522/1365/9 5523/1267/9
f 5521/1343/9 5524/1337/9 5522/1365/9
f 5525/1361/9 5526/1357/9 5527/1363/9
f 5525/1361/9 5528/1359/9 5526/1357/9
f 5529/1355/9 5530/1347/9 5531/1349/9
f 5529/1355/9 5532/1354/9 5530/1347/9
f 5533/1349/9 5534/1345/9 5535/1351/9
f 5533/1349/9 5536/1347/9 5534/1345/9
f 5537/1341/9 5538/1337/9 5539/1343/9
f 5537/1341/9 5540/1339/9 5538/1337/9
f 5541/1328/9 5542/1333/9 5543/1336/9
f 5541/1328/9 5544/1325/9 5542/1333/9
f 5545/1309/9 5546/1329/9 5547/1332/9
f 5545/1309/9 5548/1303/9 5546/1329/9
f 5549/1285/9 5550/1325/9 5551/1328/9
f 5549/1285/9 5552/1279/9 5550/1325/9
f 5553/1322/9 5554/1318/9 5555/1323/9
f 5553/1322/9 5556/1320/9 5554/1318/9
f 5557/1314/9 5558/1311/9 5559/1316/9
f 5557/1314/9 5560/1312/9 5558/1311/9
f 5561/1307/9 5562/1303/9 5563/1309/9
f 5561/1307/9 5564/1305/9 5562/1303/9
f 5565/1299/9 5566/1295/9 5567/1301/9
f 5565/1299/9 5568/1297/9 5566/1295/9
f 5569/1291/9 5570/1287/9 5571/1293/9
f 5569/1291/9 5572/1289/9 5570/1287/9
f 5573/1283/9 5574/1279/9 5575/1285/9
f 5573/1283/9 5576/1281/9 5574/1279/9
f 5577/1099/9 5578/1078/9 5579/1100/9
f 5577/1099/9 5580/1076/9 5578/1078/9
f 5581/1394/9 5582/1172/9 5583/1393/9
f 5581/1394/10 5584/1277/10 5582/1172/10
f 5585/1393/10 5586/1174/10 5587/1274/10
f 5585/1393/9 5588/1172/9 5586/1174/9
f 5589/1082/9 5590/1097/9 5591/1085/9
f 5589/1082/9 5592/1094/9 5590/1097/9
f 5593/1464/9 5594/1270/9 5595/1436/9
f 5593/1464/10 5596/1272/10 5594/1270/10
f 5597/1088/9 5598/1092/9 5599/1090/9
f 5597/1088/9 5600/1086/9 5598/1092/9
f 5601/1477/9 5602/1479/9 5603/1266/9
f 5602/1479/10 5604/1268/10 5603/1266/10
f 5605/1258/9 5606/1265/9 5607/1261/9
f 5605/1258/9 5608/1262/9 5606/1265/9
f 5609/1254/9 5610/1261/9 5611/1257/9
f 5609/1254/9 5612/1258/9 5610/1261/9
f 5613/1250/9 5614/1257/9 5615/1253/9
f 5613/1250/9 5616/1254/9 5614/1257/9
f 5617/1246/9 5618/1253/9 5619/1249/9
f 5617/1246/9 5620/1250/9 5618/1253/9
f 5621/1242/9 5622/1249/9 5623/1245/9
f 5621/1242/9 5624/1246/9 5622/1249/9
f 5625/1238/9 5626/1245/9 5627/1241/9
f 5625/1238/9 5628/1242/9 5626/1245/9
f 5629/1234/9 5630/1241/9 5631/1237/9
f 5629/1234/9 5632/1238/9 5630/1241/9
f 5633/1230/9 5634/1237/9 5635/1233/9
f 5633/1230/9 5636/1234/9 5634/1237/9
f 5637/1226/9 5638/1233/9 5639/1229/9
f 5637/1226/9 5640/1230/9 5638/1233/9
f 5641/1222/9 5642/1229/9 5643/1225/9
f 5641/1222/9 5644/1226/9 5642/1229/9
f 5645/1218/9 5646/1225/9 5647/1221/9
f 5645/1218/9 5648/1222/9 5646/1225/9
f 5649/1214/9 5650/1221/9 5651/1217/9
f 5649/1214/9 5652/1218/9 5650/1221/9
f 5653/1210/9 5654/1217/9 5655/1213/9
f 5653/1210/9 5656/1214/9 5654/1217/9
f 5657/1206/9 5658/1213/9 5659/1209/9
f 5657/1206/9 5660/1210/9 5658/1213/9
f 5661/1202/9 5662/1209/9 5663/1205/9
f 5661/1202/9 5664/1206/9 5662/1209/9
f 5665/1198/9 5666/1205/9 5667/1201/9
f 5665/1198/9 5668/1202/9 5666/1205/9
f 5669/1194/9 5670/1201/9 5671/1197/9
f 5669/1194/9 5672/1198/9 5670/1201/9
f 5673/1190/9 5674/1197/9 5675/1193/9
f 5673/1190/9 5676/1194/9 5674/1197/9
f 5677/1186/9 5678/1193/9 5679/1189/9
f 5677/1186/9 5680/1190/9 5678/1193/9
f 5681/1182/9 5682/1189/9 5683/1185/9
f 5681/1182/9 5684/1186/9 5682/1189/9
f 5685/1178/9 5686/1185/9 5687/1181/9
f 5685/1178/9 5688/1182/9 5686/1185/9
f 5689/1170/9 5690/1181/9 5691/1176/9
f 5689/1170/9 5692/1178/9 5690/1181/9
f 5693/1172/9 5694/1176/9 5695/1174/9
f 5693/1172/9 5696/1170/9 5694/1176/9
f 5697/1484/10 5698/1168/10 5699/1166/10
f 5697/1484/9 5700/1481/9 5698/1168/9
f 5701/1074/9 5702/1085/9 5703/1080/9
f 5701/1074/9 5704/1082/9 5702/1085/9
f 5705/1076/9 5706/1080/9 5707/1078/9
f 5705/1076/9 5708/1074/9 5706/1080/9
f 5709/1068/9 5710/1072/9 5711/1070/9
f 5709/1068/9 5712/1066/9 5710/1072/9
f 5713/1502/3 5714/1503/3 5715/1504/3
f 5713/1502/3 5716/1505/3 5714/1503/3
f 5717/1506/4 5718/1504/4 5719/1507/4
f 5717/1506/4 5720/1502/4 5718/1504/4
f 5721/1506/8 5722/1504/8 5723/1507/8
f 5721/1506/8 5724/1502/8 5722/1504/8
f 5725/1506/2 5726/1504/2 5727/1507/2
f 5725/1506/2 5728/1502/2 5726/1504/2
f 5729/1502/5 5730/1503/5 5731/1504/5
f 5729/1502/5 5732/1505/5 5730/1503/5
f 5733/1506/6 5734/1504/6 5735/1507/6
f 5733/1506/6 5736/1502/6 5734/1504/6
f 5737/1502/1 5738/1503/1 5739/1504/1
f 5737/1502/1 5740/1505/1 5738/1503/1
f 5741/1502/7 5742/1503/7 5743/1504/7
f 5741/1502/7 5744/1505/7 5742/1503/7
