mtllib maze.mtl
o Default
v -0.32 0 3.12 1 1 1 1
v -0.32 0 2.96 1 1 1 1
v -0.16 0 2.96 1 1 1 1
v -0.16 0 3.12 1 1 1 1
v -0.32 0 2.96 1 1 1 1
v -0.16 0 2.8000000000000003 1 1 1 1
v -0.32 0 2.8000000000000003 1 1 1 1
v -0.16 0 2.96 1 1 1 1
v -0.32 0 2 1 1 1 1
v -0.16 0 1.84 1 1 1 1
v -0.32 0 1.84 1 1 1 1
v -0.16 0 2 1 1 1 1
v -0.48 0 2.25 1 1 1 1
v -0.32 0 2.09 1 1 1 1
v -0.48 0 2.09 1 1 1 1
v -0.32 0 2.25 1 1 1 1
v -0.32 0 1.84 1 1 1 1
v -0.16 0 1.68 1 1 1 1
v -0.32 0 1.68 1 1 1 1
v -0.16 0 1.84 1 1 1 1
v -0.48 0 2.57 1 1 1 1
v -0.32 0 2.41 1 1 1 1
v -0.48 0 2.41 1 1 1 1
v -0.32 0 2.57 1 1 1 1
v -0.48 0 2.41 1 1 1 1
v -0.32 0 2.25 1 1 1 1
v -0.48 0 2.25 1 1 1 1
v -0.32 0 2.41 1 1 1 1
v -0.48 0 1.1300000000000001 1 1 1 1
v -0.32 0 0.97 1 1 1 1
v -0.48 0 0.97 1 1 1 1
v -0.32 0 1.1300000000000001 1 1 1 1
v -0.48 0 2.89 1 1 1 1
v -0.32 0 2.73 1 1 1 1
v -0.48 0 2.73 1 1 1 1
v -0.32 0 2.89 1 1 1 1
v -0.48 0 2.73 1 1 1 1
v -0.32 0 2.57 1 1 1 1
v -0.48 0 2.57 1 1 1 1
v -0.32 0 2.73 1 1 1 1
v -0.32 0 2.48 1 1 1 1
v -0.16 0 2.32 1 1 1 1
v -0.32 0 2.32 1 1 1 1
v -0.16 0 2.48 1 1 1 1
v -0.32 0 1.68 1 1 1 1
v -0.16 0 1.52 1 1 1 1
v -0.32 0 1.52 1 1 1 1
v -0.16 0 1.68 1 1 1 1
v -4.82 0 0.32 1 1 1 1
v -4.66 0 0 1 1 1 1
v -4.82 0 0 1 1 1 1
v -4.66 0 0.32 1 1 1 1
v -0.48 0 1.93 1 1 1 1
v -0.32 0 1.77 1 1 1 1
v -0.48 0 1.77 1 1 1 1
v -0.32 0 1.93 1 1 1 1
v -4.98 0 0.32 1 1 1 1
v -4.82 0 0 1 1 1 1
v -4.98 0 0 1 1 1 1
v -4.82 0 0.32 1 1 1 1
v -0.16 0 3.36 1 1 1 1
v 0 0 3.2 1 1 1 1
v -0.16 0 3.2 1 1 1 1
v 0 0 3.36 1 1 1 1
v -0.48 0 1.29 1 1 1 1
v -0.32 0 1.1300000000000001 1 1 1 1
v -0.48 0 1.1300000000000001 1 1 1 1
v -0.32 0 1.29 1 1 1 1
v -4.34 0 0.32 1 1 1 1
v -4.18 0 0 1 1 1 1
v -4.34 0 0 1 1 1 1
v -4.18 0 0.32 1 1 1 1
v -4.5 0 0.32 1 1 1 1
v -4.34 0 0 1 1 1 1
v -4.5 0 0 1 1 1 1
v -4.34 0 0.32 1 1 1 1
v -0.32 0 1.2 1 1 1 1
v -0.16 0 1.04 1 1 1 1
v -0.32 0 1.04 1 1 1 1
v -0.16 0 1.2 1 1 1 1
v 4.96 0 0 1 1 1 1
v 4.48 2.24 0 1 1 1 1
v 4.48 0 0 1 1 1 1
v 4.96 2.24 0 1 1 1 1
v -0.32 0 2.64 1 1 1 1
v -0.16 0 2.48 1 1 1 1
v -0.32 0 2.48 1 1 1 1
v -0.16 0 2.64 1 1 1 1
v -0.32 0 2.16 1 1 1 1
v -0.16 0 2 1 1 1 1
v -0.32 0 2 1 1 1 1
v -0.16 0 2.16 1 1 1 1
v -0.48 0 3.0500000000000003 1 1 1 1
v -0.32 0 2.89 1 1 1 1
v -0.48 0 2.89 1 1 1 1
v -0.32 0 3.0500000000000003 1 1 1 1
v -4.48 0 0 1 1 1 1
v -4.96 2.24 0 1 1 1 1
v -4.96 0 0 1 1 1 1
v -4.48 2.24 0 1 1 1 1
v -0.48 0 1.61 1 1 1 1
v -0.32 0 1.45 1 1 1 1
v -0.48 0 1.45 1 1 1 1
v -0.32 0 1.61 1 1 1 1
v -0.48 0 3.21 1 1 1 1
v -0.32 0 3.0500000000000003 1 1 1 1
v -0.48 0 3.0500000000000003 1 1 1 1
v -0.32 0 3.21 1 1 1 1
v -0.48 0 1.77 1 1 1 1
v -0.32 0 1.61 1 1 1 1
v -0.48 0 1.61 1 1 1 1
v -0.32 0 1.77 1 1 1 1
v -0.32 0 1.36 1 1 1 1
v -0.16 0 1.2 1 1 1 1
v -0.32 0 1.2 1 1 1 1
v -0.16 0 1.36 1 1 1 1
v -4.66 0 0.32 1 1 1 1
v -4.5 0 0 1 1 1 1
v -4.66 0 0 1 1 1 1
v -4.5 0 0.32 1 1 1 1
v -0.32 0 1.52 1 1 1 1
v -0.16 0 1.36 1 1 1 1
v -0.32 0 1.36 1 1 1 1
v -0.16 0 1.52 1 1 1 1
v -0.48 0 1.45 1 1 1 1
v -0.32 0 1.29 1 1 1 1
v -0.48 0 1.29 1 1 1 1
v -0.32 0 1.45 1 1 1 1
v -0.32 0 1.04 1 1 1 1
v -0.16 0 0.88 1 1 1 1
v -0.32 0 0.88 1 1 1 1
v -0.16 0 1.04 1 1 1 1
v -0.48 0 3.37 1 1 1 1
v -0.32 0 3.21 1 1 1 1
v -0.48 0 3.21 1 1 1 1
v -0.32 0 3.37 1 1 1 1
v -0.32 0 2.8000000000000003 1 1 1 1
v -0.16 0 2.64 1 1 1 1
v -0.32 0 2.64 1 1 1 1
v -0.16 0 2.8000000000000003 1 1 1 1
v -0.32 0 3.2800000000000002 1 1 1 1
v -0.16 0 3.12 1 1 1 1
v -0.32 0 3.12 1 1 1 1
v -0.16 0 3.2800000000000002 1 1 1 1
v -0.32 0 2.32 1 1 1 1
v -0.16 0 2.16 1 1 1 1
v -0.32 0 2.16 1 1 1 1
v -0.16 0 2.32 1 1 1 1
v -0.48 0 2.09 1 1 1 1
v -0.32 0 1.93 1 1 1 1
v -0.48 0 1.93 1 1 1 1
v -0.32 0 2.09 1 1 1 1
v -8.31 -0.01 -7.44 1 1 1 1
v -8.950000000000001 -0.01 -6.8 1 1 1 1
v -8.31 -0.01 -6.8 1 1 1 1
v -8.950000000000001 -0.01 -7.44 1 1 1 1
v -8.31 -0.01 -5.5200000000000005 1 1 1 1
v -8.950000000000001 -0.01 -4.88 1 1 1 1
v -8.31 -0.01 -4.88 1 1 1 1
v -8.950000000000001 -0.01 -5.5200000000000005 1 1 1 1
v -8.31 -0.01 -14.48 1 1 1 1
v -8.950000000000001 -0.01 -13.84 1 1 1 1
v -8.31 -0.01 -13.84 1 1 1 1
v -8.950000000000001 -0.01 -14.48 1 1 1 1
v -8.31 -0.01 -6.16 1 1 1 1
v -8.950000000000001 -0.01 -5.5200000000000005 1 1 1 1
v -8.31 -0.01 -5.5200000000000005 1 1 1 1
v -8.950000000000001 -0.01 -6.16 1 1 1 1
v -8.31 -0.01 -15.120000000000001 1 1 1 1
v -8.950000000000001 -0.01 -14.48 1 1 1 1
v -8.31 -0.01 -14.48 1 1 1 1
v -8.950000000000001 -0.01 -15.120000000000001 1 1 1 1
v -8.31 -0.01 -6.8 1 1 1 1
v -8.950000000000001 -0.01 -6.16 1 1 1 1
v -8.31 -0.01 -6.16 1 1 1 1
v -8.950000000000001 -0.01 -6.8 1 1 1 1
v -8.31 -0.01 -3.6 1 1 1 1
v -8.950000000000001 -0.01 -2.96 1 1 1 1
v -8.31 -0.01 -2.96 1 1 1 1
v -8.950000000000001 -0.01 -3.6 1 1 1 1
v -8.31 -0.01 -4.24 1 1 1 1
v -8.950000000000001 -0.01 -3.6 1 1 1 1
v -8.31 -0.01 -3.6 1 1 1 1
v -8.950000000000001 -0.01 -4.24 1 1 1 1
v -8.31 -0.01 -15.76 1 1 1 1
v -8.950000000000001 -0.01 -15.120000000000001 1 1 1 1
v -8.31 -0.01 -15.120000000000001 1 1 1 1
v -8.950000000000001 -0.01 -15.76 1 1 1 1
v -8.31 -0.01 -4.88 1 1 1 1
v -8.950000000000001 -0.01 -4.24 1 1 1 1
v -8.31 -0.01 -4.24 1 1 1 1
v -8.950000000000001 -0.01 -4.88 1 1 1 1
v 1.28 1.4210854715202004e-16 2.48 1 1 1 1
v 1.28 0.32 1.52 1 1 1 1
v 1.28 1.4210854715202004e-16 1.52 1 1 1 1
v 1.28 0.32 2.48 1 1 1 1
v 1.6 1.4210854715202004e-16 1.52 1 1 1 1
v 1.6 0.32 2.48 1 1 1 1
v 1.6 1.4210854715202004e-16 2.48 1 1 1 1
v 1.6 0.32 1.52 1 1 1 1
v 1.28 1.4210854715202004e-16 1.52 1 1 1 1
v 1.28 0.32 0.56 1 1 1 1
v 1.28 1.4210854715202004e-16 0.56 1 1 1 1
v 1.28 0.32 1.52 1 1 1 1
v 1.6 1.4210854715202004e-16 0.56 1 1 1 1
v 1.6 0.32 1.52 1 1 1 1
v 1.6 1.4210854715202004e-16 1.52 1 1 1 1
v 1.6 0.32 0.56 1 1 1 1
v 1.28 1.4210854715202004e-16 0.56 1 1 1 1
v 1.6 0.32 0.56 1 1 1 1
v 1.6 1.4210854715202004e-16 0.56 1 1 1 1
v 1.28 0.32 0.56 1 1 1 1
v 1.28 1.4210854715202004e-16 3.44 1 1 1 1
v 1.28 0.32 2.48 1 1 1 1
v 1.28 1.4210854715202004e-16 2.48 1 1 1 1
v 1.28 0.32 3.44 1 1 1 1
v 1.6 1.4210854715202004e-16 3.44 1 1 1 1
v 1.28 0.32 3.44 1 1 1 1
v 1.28 1.4210854715202004e-16 3.44 1 1 1 1
v 1.6 0.32 3.44 1 1 1 1
v 1.6 1.4210854715202004e-16 2.48 1 1 1 1
v 1.6 0.32 3.44 1 1 1 1
v 1.6 1.4210854715202004e-16 3.44 1 1 1 1
v 1.6 0.32 2.48 1 1 1 1
v 1.28 0.32 2.48 1 1 1 1
v 1.6 0.32 3.44 1 1 1 1
v 1.6 0.32 2.48 1 1 1 1
v 1.28 0.32 3.44 1 1 1 1
v 1.28 0.32 1.52 1 1 1 1
v 1.6 0.32 2.48 1 1 1 1
v 1.6 0.32 1.52 1 1 1 1
v 1.28 0.32 2.48 1 1 1 1
v 1.28 0.32 0.56 1 1 1 1
v 1.6 0.32 1.52 1 1 1 1
v 1.6 0.32 0.56 1 1 1 1
v 1.28 0.32 1.52 1 1 1 1
v -0.32 0 2.48 1 1 1 1
v -0.32 0.32 1.52 1 1 1 1
v -0.32 0 1.52 1 1 1 1
v -0.32 0.32 2.48 1 1 1 1
v 0 0 1.52 1 1 1 1
v 0 0.32 2.48 1 1 1 1
v 0 0 2.48 1 1 1 1
v 0 0.32 1.52 1 1 1 1
v -0.32 0 1.52 1 1 1 1
v -0.32 0.32 0.56 1 1 1 1
v -0.32 0 0.56 1 1 1 1
v -0.32 0.32 1.52 1 1 1 1
v 0 0 0.56 1 1 1 1
v 0 0.32 1.52 1 1 1 1
v 0 0 1.52 1 1 1 1
v 0 0.32 0.56 1 1 1 1
v -0.32 0 0.56 1 1 1 1
v 0 0.32 0.56 1 1 1 1
v 0 0 0.56 1 1 1 1
v -0.32 0.32 0.56 1 1 1 1
v -0.32 0 3.44 1 1 1 1
v -0.32 0.32 2.48 1 1 1 1
v -0.32 0 2.48 1 1 1 1
v -0.32 0.32 3.44 1 1 1 1
v 0 0 3.44 1 1 1 1
v -0.32 0.32 3.44 1 1 1 1
v -0.32 0 3.44 1 1 1 1
v 0 0.32 3.44 1 1 1 1
v 0 0 2.48 1 1 1 1
v 0 0.32 3.44 1 1 1 1
v 0 0 3.44 1 1 1 1
v 0 0.32 2.48 1 1 1 1
v -0.32 0.32 2.48 1 1 1 1
v 0 0.32 3.44 1 1 1 1
v 0 0.32 2.48 1 1 1 1
v -0.32 0.32 3.44 1 1 1 1
v -0.32 0.32 1.52 1 1 1 1
v 0 0.32 2.48 1 1 1 1
v 0 0.32 1.52 1 1 1 1
v -0.32 0.32 2.48 1 1 1 1
v -0.32 0.32 0.56 1 1 1 1
v 0 0.32 1.52 1 1 1 1
v 0 0.32 0.56 1 1 1 1
v -0.32 0.32 1.52 1 1 1 1
v 5.12 0 1.52 1 1 1 1
v 5.44 0 1.2 1 1 1 1
v 5.12 0 1.2 1 1 1 1
v 5.44 0 1.52 1 1 1 1
v 1.6 0 1.84 1 1 1 1
v 1.92 0 1.52 1 1 1 1
v 1.6 0 1.52 1 1 1 1
v 1.92 0 1.84 1 1 1 1
v 1.92 0 1.84 1 1 1 1
v 2.24 0 1.52 1 1 1 1
v 1.92 0 1.52 1 1 1 1
v 2.24 0 1.84 1 1 1 1
v 2.24 0 1.84 1 1 1 1
v 2.56 0 1.52 1 1 1 1
v 2.24 0 1.52 1 1 1 1
v 2.56 0 1.84 1 1 1 1
v 2.56 0 1.84 1 1 1 1
v 2.88 0 1.52 1 1 1 1
v 2.56 0 1.52 1 1 1 1
v 2.88 0 1.84 1 1 1 1
v 2.88 0 1.84 1 1 1 1
v 3.2 0 1.52 1 1 1 1
v 2.88 0 1.52 1 1 1 1
v 3.2 0 1.84 1 1 1 1
v 3.2 0 1.84 1 1 1 1
v 3.52 0 1.52 1 1 1 1
v 3.2 0 1.52 1 1 1 1
v 3.52 0 1.84 1 1 1 1
v 3.52 0 1.84 1 1 1 1
v 3.84 0 1.52 1 1 1 1
v 3.52 0 1.52 1 1 1 1
v 3.84 0 1.84 1 1 1 1
v 5.44 0 3.44 1 1 1 1
v 5.76 0 3.12 1 1 1 1
v 5.44 0 3.12 1 1 1 1
v 5.76 0 3.44 1 1 1 1
v 5.76 0 3.44 1 1 1 1
v 6.08 0 3.12 1 1 1 1
v 5.76 0 3.12 1 1 1 1
v 6.08 0 3.44 1 1 1 1
v 6.08 0 3.44 1 1 1 1
v 6.4 0 3.12 1 1 1 1
v 6.08 0 3.12 1 1 1 1
v 6.4 0 3.44 1 1 1 1
v 3.84 0 1.84 1 1 1 1
v 4.16 0 1.52 1 1 1 1
v 3.84 0 1.52 1 1 1 1
v 4.16 0 1.84 1 1 1 1
v 4.16 0 1.84 1 1 1 1
v 4.48 0 1.52 1 1 1 1
v 4.16 0 1.52 1 1 1 1
v 4.48 0 1.84 1 1 1 1
v 4.48 0 1.84 1 1 1 1
v 4.8 0 1.52 1 1 1 1
v 4.48 0 1.52 1 1 1 1
v 4.8 0 1.84 1 1 1 1
v 4.8 0 1.84 1 1 1 1
v 5.12 0 1.52 1 1 1 1
v 4.8 0 1.52 1 1 1 1
v 5.12 0 1.84 1 1 1 1
v 5.12 0 1.84 1 1 1 1
v 5.44 0 1.52 1 1 1 1
v 5.12 0 1.52 1 1 1 1
v 5.44 0 1.84 1 1 1 1
v 5.44 0 1.84 1 1 1 1
v 5.76 0 1.52 1 1 1 1
v 5.44 0 1.52 1 1 1 1
v 5.76 0 1.84 1 1 1 1
v 3.84 0 0.88 1 1 1 1
v 4.16 0 0.56 1 1 1 1
v 3.84 0 0.56 1 1 1 1
v 4.16 0 0.88 1 1 1 1
v 5.76 0 1.84 1 1 1 1
v 6.08 0 1.52 1 1 1 1
v 5.76 0 1.52 1 1 1 1
v 6.08 0 1.84 1 1 1 1
v 6.08 0 1.84 1 1 1 1
v 6.4 0 1.52 1 1 1 1
v 6.08 0 1.52 1 1 1 1
v 6.4 0 1.84 1 1 1 1
v 6.4 0 1.84 1 1 1 1
v 6.72 0 1.52 1 1 1 1
v 6.4 0 1.52 1 1 1 1
v 6.72 0 1.84 1 1 1 1
v 1.6 0 2.16 1 1 1 1
v 1.92 0 1.84 1 1 1 1
v 1.6 0 1.84 1 1 1 1
v 1.92 0 2.16 1 1 1 1
v 1.92 0 2.16 1 1 1 1
v 2.24 0 1.84 1 1 1 1
v 1.92 0 1.84 1 1 1 1
v 2.24 0 2.16 1 1 1 1
v 2.24 0 2.16 1 1 1 1
v 2.56 0 1.84 1 1 1 1
v 2.24 0 1.84 1 1 1 1
v 2.56 0 2.16 1 1 1 1
v 2.56 0 2.16 1 1 1 1
v 2.88 0 1.84 1 1 1 1
v 2.56 0 1.84 1 1 1 1
v 2.88 0 2.16 1 1 1 1
v 2.88 0 2.16 1 1 1 1
v 3.2 0 1.84 1 1 1 1
v 2.88 0 1.84 1 1 1 1
v 3.2 0 2.16 1 1 1 1
v 4.16 0 0.88 1 1 1 1
v 4.48 0 0.56 1 1 1 1
v 4.16 0 0.56 1 1 1 1
v 4.48 0 0.88 1 1 1 1
v 3.2 0 2.16 1 1 1 1
v 3.52 0 1.84 1 1 1 1
v 3.2 0 1.84 1 1 1 1
v 3.52 0 2.16 1 1 1 1
v 3.52 0 2.16 1 1 1 1
v 3.84 0 1.84 1 1 1 1
v 3.52 0 1.84 1 1 1 1
v 3.84 0 2.16 1 1 1 1
v 3.84 0 2.16 1 1 1 1
v 4.16 0 1.84 1 1 1 1
v 3.84 0 1.84 1 1 1 1
v 4.16 0 2.16 1 1 1 1
v 4.16 0 2.16 1 1 1 1
v 4.48 0 1.84 1 1 1 1
v 4.16 0 1.84 1 1 1 1
v 4.48 0 2.16 1 1 1 1
v 4.48 0 0.88 1 1 1 1
v 4.8 0 0.56 1 1 1 1
v 4.48 0 0.56 1 1 1 1
v 4.8 0 0.88 1 1 1 1
v 4.8 0 0.88 1 1 1 1
v 5.12 0 0.56 1 1 1 1
v 4.8 0 0.56 1 1 1 1
v 5.12 0 0.88 1 1 1 1
v 4.48 0 2.16 1 1 1 1
v 4.8 0 1.84 1 1 1 1
v 4.48 0 1.84 1 1 1 1
v 4.8 0 2.16 1 1 1 1
v 4.8 0 2.16 1 1 1 1
v 5.12 0 1.84 1 1 1 1
v 4.8 0 1.84 1 1 1 1
v 5.12 0 2.16 1 1 1 1
v 5.12 0 2.16 1 1 1 1
v 5.44 0 1.84 1 1 1 1
v 5.12 0 1.84 1 1 1 1
v 5.44 0 2.16 1 1 1 1
v 5.44 0 2.16 1 1 1 1
v 5.76 0 1.84 1 1 1 1
v 5.44 0 1.84 1 1 1 1
v 5.76 0 2.16 1 1 1 1
v 5.76 0 2.16 1 1 1 1
v 6.08 0 1.84 1 1 1 1
v 5.76 0 1.84 1 1 1 1
v 6.08 0 2.16 1 1 1 1
v 6.08 0 2.16 1 1 1 1
v 6.4 0 1.84 1 1 1 1
v 6.08 0 1.84 1 1 1 1
v 6.4 0 2.16 1 1 1 1
v 6.4 0 2.16 1 1 1 1
v 6.72 0 1.84 1 1 1 1
v 6.4 0 1.84 1 1 1 1
v 6.72 0 2.16 1 1 1 1
v 1.6 0 2.48 1 1 1 1
v 1.92 0 2.16 1 1 1 1
v 1.6 0 2.16 1 1 1 1
v 1.92 0 2.48 1 1 1 1
v 1.92 0 2.48 1 1 1 1
v 2.24 0 2.16 1 1 1 1
v 1.92 0 2.16 1 1 1 1
v 2.24 0 2.48 1 1 1 1
v 2.56 0 2.48 1 1 1 1
v 2.88 0 2.16 1 1 1 1
v 2.56 0 2.16 1 1 1 1
v 2.88 0 2.48 1 1 1 1
v 2.88 0 2.48 1 1 1 1
v 3.2 0 2.16 1 1 1 1
v 2.88 0 2.16 1 1 1 1
v 3.2 0 2.48 1 1 1 1
v 3.2 0 2.48 1 1 1 1
v 3.52 0 2.16 1 1 1 1
v 3.2 0 2.16 1 1 1 1
v 3.52 0 2.48 1 1 1 1
v 3.52 0 2.48 1 1 1 1
v 3.84 0 2.16 1 1 1 1
v 3.52 0 2.16 1 1 1 1
v 3.84 0 2.48 1 1 1 1
v 3.84 0 2.48 1 1 1 1
v 4.16 0 2.16 1 1 1 1
v 3.84 0 2.16 1 1 1 1
v 4.16 0 2.48 1 1 1 1
v 4.16 0 2.48 1 1 1 1
v 4.48 0 2.16 1 1 1 1
v 4.16 0 2.16 1 1 1 1
v 4.48 0 2.48 1 1 1 1
v 4.48 0 2.48 1 1 1 1
v 4.8 0 2.16 1 1 1 1
v 4.48 0 2.16 1 1 1 1
v 4.8 0 2.48 1 1 1 1
v 2.24 0 2.48 1 1 1 1
v 2.56 0 2.16 1 1 1 1
v 2.24 0 2.16 1 1 1 1
v 2.56 0 2.48 1 1 1 1
v 5.12 0 2.48 1 1 1 1
v 5.44 0 2.16 1 1 1 1
v 5.12 0 2.16 1 1 1 1
v 5.44 0 2.48 1 1 1 1
v 5.76 0 2.48 1 1 1 1
v 6.08 0 2.16 1 1 1 1
v 5.76 0 2.16 1 1 1 1
v 6.08 0 2.48 1 1 1 1
v 6.08 0 2.48 1 1 1 1
v 6.4 0 2.16 1 1 1 1
v 6.08 0 2.16 1 1 1 1
v 6.4 0 2.48 1 1 1 1
v 6.4 0 3.44 1 1 1 1
v 6.72 0 3.12 1 1 1 1
v 6.4 0 3.12 1 1 1 1
v 6.72 0 3.44 1 1 1 1
v 6.4 0 2.48 1 1 1 1
v 6.72 0 2.16 1 1 1 1
v 6.4 0 2.16 1 1 1 1
v 6.72 0 2.48 1 1 1 1
v 4.8 0 2.48 1 1 1 1
v 5.12 0 2.16 1 1 1 1
v 4.8 0 2.16 1 1 1 1
v 5.12 0 2.48 1 1 1 1
v 5.44 0 2.48 1 1 1 1
v 5.76 0 2.16 1 1 1 1
v 5.44 0 2.16 1 1 1 1
v 5.76 0 2.48 1 1 1 1
v 1.6 0 2.8000000000000003 1 1 1 1
v 1.92 0 2.48 1 1 1 1
v 1.6 0 2.48 1 1 1 1
v 1.92 0 2.8000000000000003 1 1 1 1
v 1.6 0 0.88 1 1 1 1
v 1.92 0 0.56 1 1 1 1
v 1.6 0 0.56 1 1 1 1
v 1.92 0 0.88 1 1 1 1
v 1.92 0 2.8000000000000003 1 1 1 1
v 2.24 0 2.48 1 1 1 1
v 1.92 0 2.48 1 1 1 1
v 2.24 0 2.8000000000000003 1 1 1 1
v 2.56 0 2.8000000000000003 1 1 1 1
v 2.88 0 2.48 1 1 1 1
v 2.56 0 2.48 1 1 1 1
v 2.88 0 2.8000000000000003 1 1 1 1
v 2.88 0 2.8000000000000003 1 1 1 1
v 3.2 0 2.48 1 1 1 1
v 2.88 0 2.48 1 1 1 1
v 3.2 0 2.8000000000000003 1 1 1 1
v 3.52 0 2.8000000000000003 1 1 1 1
v 3.84 0 2.48 1 1 1 1
v 3.52 0 2.48 1 1 1 1
v 3.84 0 2.8000000000000003 1 1 1 1
v 4.16 0 2.8000000000000003 1 1 1 1
v 4.48 0 2.48 1 1 1 1
v 4.16 0 2.48 1 1 1 1
v 4.48 0 2.8000000000000003 1 1 1 1
v 4.48 0 2.8000000000000003 1 1 1 1
v 4.8 0 2.48 1 1 1 1
v 4.48 0 2.48 1 1 1 1
v 4.8 0 2.8000000000000003 1 1 1 1
v 5.12 0 2.8000000000000003 1 1 1 1
v 5.44 0 2.48 1 1 1 1
v 5.12 0 2.48 1 1 1 1
v 5.44 0 2.8000000000000003 1 1 1 1
v 5.44 0 2.8000000000000003 1 1 1 1
v 5.76 0 2.48 1 1 1 1
v 5.44 0 2.48 1 1 1 1
v 5.76 0 2.8000000000000003 1 1 1 1
v 5.76 0 2.8000000000000003 1 1 1 1
v 6.08 0 2.48 1 1 1 1
v 5.76 0 2.48 1 1 1 1
v 6.08 0 2.8000000000000003 1 1 1 1
v 3.84 0 2.8000000000000003 1 1 1 1
v 4.16 0 2.48 1 1 1 1
v 3.84 0 2.48 1 1 1 1
v 4.16 0 2.8000000000000003 1 1 1 1
v 3.2 0 2.8000000000000003 1 1 1 1
v 3.52 0 2.48 1 1 1 1
v 3.2 0 2.48 1 1 1 1
v 3.52 0 2.8000000000000003 1 1 1 1
v 2.24 0 2.8000000000000003 1 1 1 1
v 2.56 0 2.48 1 1 1 1
v 2.24 0 2.48 1 1 1 1
v 2.56 0 2.8000000000000003 1 1 1 1
v 4.8 0 2.8000000000000003 1 1 1 1
v 5.12 0 2.48 1 1 1 1
v 4.8 0 2.48 1 1 1 1
v 5.12 0 2.8000000000000003 1 1 1 1
v 6.08 0 2.8000000000000003 1 1 1 1
v 6.4 0 2.48 1 1 1 1
v 6.08 0 2.48 1 1 1 1
v 6.4 0 2.8000000000000003 1 1 1 1
v 6.4 0 2.8000000000000003 1 1 1 1
v 6.72 0 2.48 1 1 1 1
v 6.4 0 2.48 1 1 1 1
v 6.72 0 2.8000000000000003 1 1 1 1
v 1.6 0 3.12 1 1 1 1
v 1.92 0 2.8000000000000003 1 1 1 1
v 1.6 0 2.8000000000000003 1 1 1 1
v 1.92 0 3.12 1 1 1 1
v 2.24 0 3.12 1 1 1 1
v 2.56 0 2.8000000000000003 1 1 1 1
v 2.24 0 2.8000000000000003 1 1 1 1
v 2.56 0 3.12 1 1 1 1
v 2.88 0 3.12 1 1 1 1
v 3.2 0 2.8000000000000003 1 1 1 1
v 2.88 0 2.8000000000000003 1 1 1 1
v 3.2 0 3.12 1 1 1 1
v 3.2 0 3.12 1 1 1 1
v 3.52 0 2.8000000000000003 1 1 1 1
v 3.2 0 2.8000000000000003 1 1 1 1
v 3.52 0 3.12 1 1 1 1
v 3.52 0 3.12 1 1 1 1
v 3.84 0 2.8000000000000003 1 1 1 1
v 3.52 0 2.8000000000000003 1 1 1 1
v 3.84 0 3.12 1 1 1 1
v 3.84 0 3.12 1 1 1 1
v 4.16 0 2.8000000000000003 1 1 1 1
v 3.84 0 2.8000000000000003 1 1 1 1
v 4.16 0 3.12 1 1 1 1
v 4.16 0 3.12 1 1 1 1
v 4.48 0 2.8000000000000003 1 1 1 1
v 4.16 0 2.8000000000000003 1 1 1 1
v 4.48 0 3.12 1 1 1 1
v 4.48 0 3.12 1 1 1 1
v 4.8 0 2.8000000000000003 1 1 1 1
v 4.48 0 2.8000000000000003 1 1 1 1
v 4.8 0 3.12 1 1 1 1
v 2.56 0 3.12 1 1 1 1
v 2.88 0 2.8000000000000003 1 1 1 1
v 2.56 0 2.8000000000000003 1 1 1 1
v 2.88 0 3.12 1 1 1 1
v 1.92 0 3.12 1 1 1 1
v 2.24 0 2.8000000000000003 1 1 1 1
v 1.92 0 2.8000000000000003 1 1 1 1
v 2.24 0 3.12 1 1 1 1
v 5.12 0 3.12 1 1 1 1
v 5.44 0 2.8000000000000003 1 1 1 1
v 5.12 0 2.8000000000000003 1 1 1 1
v 5.44 0 3.12 1 1 1 1
v 5.44 0 3.12 1 1 1 1
v 5.76 0 2.8000000000000003 1 1 1 1
v 5.44 0 2.8000000000000003 1 1 1 1
v 5.76 0 3.12 1 1 1 1
v 5.76 0 3.12 1 1 1 1
v 6.08 0 2.8000000000000003 1 1 1 1
v 5.76 0 2.8000000000000003 1 1 1 1
v 6.08 0 3.12 1 1 1 1
v 6.08 0 3.12 1 1 1 1
v 6.4 0 2.8000000000000003 1 1 1 1
v 6.08 0 2.8000000000000003 1 1 1 1
v 6.4 0 3.12 1 1 1 1
v 6.4 0 3.12 1 1 1 1
v 6.72 0 2.8000000000000003 1 1 1 1
v 6.4 0 2.8000000000000003 1 1 1 1
v 6.72 0 3.12 1 1 1 1
v 4.8 0 3.12 1 1 1 1
v 5.12 0 2.8000000000000003 1 1 1 1
v 4.8 0 2.8000000000000003 1 1 1 1
v 5.12 0 3.12 1 1 1 1
v 1.92 0 0.88 1 1 1 1
v 2.24 0 0.56 1 1 1 1
v 1.92 0 0.56 1 1 1 1
v 2.24 0 0.88 1 1 1 1
v 2.24 0 0.88 1 1 1 1
v 2.56 0 0.56 1 1 1 1
v 2.24 0 0.56 1 1 1 1
v 2.56 0 0.88 1 1 1 1
v 1.6 0 3.44 1 1 1 1
v 1.92 0 3.12 1 1 1 1
v 1.6 0 3.12 1 1 1 1
v 1.92 0 3.44 1 1 1 1
v 1.92 0 3.44 1 1 1 1
v 2.24 0 3.12 1 1 1 1
v 1.92 0 3.12 1 1 1 1
v 2.24 0 3.44 1 1 1 1
v 2.56 0 3.44 1 1 1 1
v 2.88 0 3.12 1 1 1 1
v 2.56 0 3.12 1 1 1 1
v 2.88 0 3.44 1 1 1 1
v 2.88 0 3.44 1 1 1 1
v 3.2 0 3.12 1 1 1 1
v 2.88 0 3.12 1 1 1 1
v 3.2 0 3.44 1 1 1 1
v 3.2 0 3.44 1 1 1 1
v 3.52 0 3.12 1 1 1 1
v 3.2 0 3.12 1 1 1 1
v 3.52 0 3.44 1 1 1 1
v 3.52 0 3.44 1 1 1 1
v 3.84 0 3.12 1 1 1 1
v 3.52 0 3.12 1 1 1 1
v 3.84 0 3.44 1 1 1 1
v 3.84 0 3.44 1 1 1 1
v 4.16 0 3.12 1 1 1 1
v 3.84 0 3.12 1 1 1 1
v 4.16 0 3.44 1 1 1 1
v 2.24 0 3.44 1 1 1 1
v 2.56 0 3.12 1 1 1 1
v 2.24 0 3.12 1 1 1 1
v 2.56 0 3.44 1 1 1 1
v 4.16 0 3.44 1 1 1 1
v 4.48 0 3.12 1 1 1 1
v 4.16 0 3.12 1 1 1 1
v 4.48 0 3.44 1 1 1 1
v 4.48 0 3.44 1 1 1 1
v 4.8 0 3.12 1 1 1 1
v 4.48 0 3.12 1 1 1 1
v 4.8 0 3.44 1 1 1 1
v 4.8 0 3.44 1 1 1 1
v 5.12 0 3.12 1 1 1 1
v 4.8 0 3.12 1 1 1 1
v 5.12 0 3.44 1 1 1 1
v 5.12 0 0.88 1 1 1 1
v 5.44 0 0.56 1 1 1 1
v 5.12 0 0.56 1 1 1 1
v 5.44 0 0.88 1 1 1 1
v 5.44 0 0.88 1 1 1 1
v 5.76 0 0.56 1 1 1 1
v 5.44 0 0.56 1 1 1 1
v 5.76 0 0.88 1 1 1 1
v 5.76 0 0.88 1 1 1 1
v 6.08 0 0.56 1 1 1 1
v 5.76 0 0.56 1 1 1 1
v 6.08 0 0.88 1 1 1 1
v 6.08 0 0.88 1 1 1 1
v 6.4 0 0.56 1 1 1 1
v 6.08 0 0.56 1 1 1 1
v 6.4 0 0.88 1 1 1 1
v 6.4 0 0.88 1 1 1 1
v 6.72 0 0.56 1 1 1 1
v 6.4 0 0.56 1 1 1 1
v 6.72 0 0.88 1 1 1 1
v 5.12 0 3.44 1 1 1 1
v 5.44 0 3.12 1 1 1 1
v 5.12 0 3.12 1 1 1 1
v 5.44 0 3.44 1 1 1 1
v 2.56 0 0.88 1 1 1 1
v 2.88 0 0.56 1 1 1 1
v 2.56 0 0.56 1 1 1 1
v 2.88 0 0.88 1 1 1 1
v 2.88 0 0.88 1 1 1 1
v 3.2 0 0.56 1 1 1 1
v 2.88 0 0.56 1 1 1 1
v 3.2 0 0.88 1 1 1 1
v 3.2 0 0.88 1 1 1 1
v 3.52 0 0.56 1 1 1 1
v 3.2 0 0.56 1 1 1 1
v 3.52 0 0.88 1 1 1 1
v 3.52 0 0.88 1 1 1 1
v 3.84 0 0.56 1 1 1 1
v 3.52 0 0.56 1 1 1 1
v 3.84 0 0.88 1 1 1 1
v 1.6 0 1.2 1 1 1 1
v 1.92 0 0.88 1 1 1 1
v 1.6 0 0.88 1 1 1 1
v 1.92 0 1.2 1 1 1 1
v 1.92 0 1.2 1 1 1 1
v 2.24 0 0.88 1 1 1 1
v 1.92 0 0.88 1 1 1 1
v 2.24 0 1.2 1 1 1 1
v 2.24 0 1.2 1 1 1 1
v 2.56 0 0.88 1 1 1 1
v 2.24 0 0.88 1 1 1 1
v 2.56 0 1.2 1 1 1 1
v 2.56 0 1.2 1 1 1 1
v 2.88 0 0.88 1 1 1 1
v 2.56 0 0.88 1 1 1 1
v 2.88 0 1.2 1 1 1 1
v 2.88 0 1.2 1 1 1 1
v 3.2 0 0.88 1 1 1 1
v 2.88 0 0.88 1 1 1 1
v 3.2 0 1.2 1 1 1 1
v 3.2 0 1.2 1 1 1 1
v 3.52 0 0.88 1 1 1 1
v 3.2 0 0.88 1 1 1 1
v 3.52 0 1.2 1 1 1 1
v 3.52 0 1.2 1 1 1 1
v 3.84 0 0.88 1 1 1 1
v 3.52 0 0.88 1 1 1 1
v 3.84 0 1.2 1 1 1 1
v 3.84 0 1.2 1 1 1 1
v 4.16 0 0.88 1 1 1 1
v 3.84 0 0.88 1 1 1 1
v 4.16 0 1.2 1 1 1 1
v 4.16 0 1.2 1 1 1 1
v 4.48 0 0.88 1 1 1 1
v 4.16 0 0.88 1 1 1 1
v 4.48 0 1.2 1 1 1 1
v 4.48 0 1.2 1 1 1 1
v 4.8 0 0.88 1 1 1 1
v 4.48 0 0.88 1 1 1 1
v 4.8 0 1.2 1 1 1 1
v 4.8 0 1.2 1 1 1 1
v 5.12 0 0.88 1 1 1 1
v 4.8 0 0.88 1 1 1 1
v 5.12 0 1.2 1 1 1 1
v 5.12 0 1.2 1 1 1 1
v 5.44 0 0.88 1 1 1 1
v 5.12 0 0.88 1 1 1 1
v 5.44 0 1.2 1 1 1 1
v 5.44 0 1.2 1 1 1 1
v 5.76 0 0.88 1 1 1 1
v 5.44 0 0.88 1 1 1 1
v 5.76 0 1.2 1 1 1 1
v 5.76 0 1.2 1 1 1 1
v 6.08 0 0.88 1 1 1 1
v 5.76 0 0.88 1 1 1 1
v 6.08 0 1.2 1 1 1 1
v 6.08 0 1.2 1 1 1 1
v 6.4 0 0.88 1 1 1 1
v 6.08 0 0.88 1 1 1 1
v 6.4 0 1.2 1 1 1 1
v 6.4 0 1.2 1 1 1 1
v 6.72 0 0.88 1 1 1 1
v 6.4 0 0.88 1 1 1 1
v 6.72 0 1.2 1 1 1 1
v 1.6 0 1.52 1 1 1 1
v 1.92 0 1.2 1 1 1 1
v 1.6 0 1.2 1 1 1 1
v 1.92 0 1.52 1 1 1 1
v 1.92 0 1.52 1 1 1 1
v 2.24 0 1.2 1 1 1 1
v 1.92 0 1.2 1 1 1 1
v 2.24 0 1.52 1 1 1 1
v 2.24 0 1.52 1 1 1 1
v 2.56 0 1.2 1 1 1 1
v 2.24 0 1.2 1 1 1 1
v 2.56 0 1.52 1 1 1 1
v 2.56 0 1.52 1 1 1 1
v 2.88 0 1.2 1 1 1 1
v 2.56 0 1.2 1 1 1 1
v 2.88 0 1.52 1 1 1 1
v 3.2 0 1.52 1 1 1 1
v 3.52 0 1.2 1 1 1 1
v 3.2 0 1.2 1 1 1 1
v 3.52 0 1.52 1 1 1 1
v 3.52 0 1.52 1 1 1 1
v 3.84 0 1.2 1 1 1 1
v 3.52 0 1.2 1 1 1 1
v 3.84 0 1.52 1 1 1 1
v 3.84 0 1.52 1 1 1 1
v 4.16 0 1.2 1 1 1 1
v 3.84 0 1.2 1 1 1 1
v 4.16 0 1.52 1 1 1 1
v 4.16 0 1.52 1 1 1 1
v 4.48 0 1.2 1 1 1 1
v 4.16 0 1.2 1 1 1 1
v 4.48 0 1.52 1 1 1 1
v 4.48 0 1.52 1 1 1 1
v 4.8 0 1.2 1 1 1 1
v 4.48 0 1.2 1 1 1 1
v 4.8 0 1.52 1 1 1 1
v 4.8 0 1.52 1 1 1 1
v 5.12 0 1.2 1 1 1 1
v 4.8 0 1.2 1 1 1 1
v 5.12 0 1.52 1 1 1 1
v 2.88 0 1.52 1 1 1 1
v 3.2 0 1.2 1 1 1 1
v 2.88 0 1.2 1 1 1 1
v 3.2 0 1.52 1 1 1 1
v 5.44 0 1.52 1 1 1 1
v 5.76 0 1.2 1 1 1 1
v 5.44 0 1.2 1 1 1 1
v 5.76 0 1.52 1 1 1 1
v 5.76 0 1.52 1 1 1 1
v 6.08 0 1.2 1 1 1 1
v 5.76 0 1.2 1 1 1 1
v 6.08 0 1.52 1 1 1 1
v 6.08 0 1.52 1 1 1 1
v 6.4 0 1.2 1 1 1 1
v 6.08 0 1.2 1 1 1 1
v 6.4 0 1.52 1 1 1 1
v 6.4 0 1.52 1 1 1 1
v 6.72 0 1.2 1 1 1 1
v 6.4 0 1.2 1 1 1 1
v 6.72 0 1.52 1 1 1 1
v -1.92 0 1.52 1 1 1 1
v -1.6 0 1.2 1 1 1 1
v -1.92 0 1.2 1 1 1 1
v -1.6 0 1.52 1 1 1 1
v -5.44 0 1.84 1 1 1 1
v -5.12 0 1.52 1 1 1 1
v -5.44 0 1.52 1 1 1 1
v -5.12 0 1.84 1 1 1 1
v -5.12 0 1.84 1 1 1 1
v -4.8 0 1.52 1 1 1 1
v -5.12 0 1.52 1 1 1 1
v -4.8 0 1.84 1 1 1 1
v -4.8 0 1.84 1 1 1 1
v -4.48 0 1.52 1 1 1 1
v -4.8 0 1.52 1 1 1 1
v -4.48 0 1.84 1 1 1 1
v -4.48 0 1.84 1 1 1 1
v -4.16 0 1.52 1 1 1 1
v -4.48 0 1.52 1 1 1 1
v -4.16 0 1.84 1 1 1 1
v -4.16 0 1.84 1 1 1 1
v -3.84 0 1.52 1 1 1 1
v -4.16 0 1.52 1 1 1 1
v -3.84 0 1.84 1 1 1 1
v -3.84 0 1.84 1 1 1 1
v -3.52 0 1.52 1 1 1 1
v -3.84 0 1.52 1 1 1 1
v -3.52 0 1.84 1 1 1 1
v -3.52 0 1.84 1 1 1 1
v -3.2 0 1.52 1 1 1 1
v -3.52 0 1.52 1 1 1 1
v -3.2 0 1.84 1 1 1 1
v -1.6 0 3.44 1 1 1 1
v -1.28 0 3.12 1 1 1 1
v -1.6 0 3.12 1 1 1 1
v -1.28 0 3.44 1 1 1 1
v -1.28 0 3.44 1 1 1 1
v -0.96 0 3.12 1 1 1 1
v -1.28 0 3.12 1 1 1 1
v -0.96 0 3.44 1 1 1 1
v -0.96 0 3.44 1 1 1 1
v -0.64 0 3.12 1 1 1 1
v -0.96 0 3.12 1 1 1 1
v -0.64 0 3.44 1 1 1 1
v -3.2 0 1.84 1 1 1 1
v -2.88 0 1.52 1 1 1 1
v -3.2 0 1.52 1 1 1 1
v -2.88 0 1.84 1 1 1 1
v -2.88 0 1.84 1 1 1 1
v -2.56 0 1.52 1 1 1 1
v -2.88 0 1.52 1 1 1 1
v -2.56 0 1.84 1 1 1 1
v -2.56 0 1.84 1 1 1 1
v -2.24 0 1.52 1 1 1 1
v -2.56 0 1.52 1 1 1 1
v -2.24 0 1.84 1 1 1 1
v -2.24 0 1.84 1 1 1 1
v -1.92 0 1.52 1 1 1 1
v -2.24 0 1.52 1 1 1 1
v -1.92 0 1.84 1 1 1 1
v -1.92 0 1.84 1 1 1 1
v -1.6 0 1.52 1 1 1 1
v -1.92 0 1.52 1 1 1 1
v -1.6 0 1.84 1 1 1 1
v -1.6 0 1.84 1 1 1 1
v -1.28 0 1.52 1 1 1 1
v -1.6 0 1.52 1 1 1 1
v -1.28 0 1.84 1 1 1 1
v -3.2 0 0.88 1 1 1 1
v -2.88 0 0.56 1 1 1 1
v -3.2 0 0.56 1 1 1 1
v -2.88 0 0.88 1 1 1 1
v -1.28 0 1.84 1 1 1 1
v -0.96 0 1.52 1 1 1 1
v -1.28 0 1.52 1 1 1 1
v -0.96 0 1.84 1 1 1 1
v -0.96 0 1.84 1 1 1 1
v -0.64 0 1.52 1 1 1 1
v -0.96 0 1.52 1 1 1 1
v -0.64 0 1.84 1 1 1 1
v -0.64 0 1.84 1 1 1 1
v -0.32 0 1.52 1 1 1 1
v -0.64 0 1.52 1 1 1 1
v -0.32 0 1.84 1 1 1 1
v -5.44 0 2.16 1 1 1 1
v -5.12 0 1.84 1 1 1 1
v -5.44 0 1.84 1 1 1 1
v -5.12 0 2.16 1 1 1 1
v -5.12 0 2.16 1 1 1 1
v -4.8 0 1.84 1 1 1 1
v -5.12 0 1.84 1 1 1 1
v -4.8 0 2.16 1 1 1 1
v -4.8 0 2.16 1 1 1 1
v -4.48 0 1.84 1 1 1 1
v -4.8 0 1.84 1 1 1 1
v -4.48 0 2.16 1 1 1 1
v -4.48 0 2.16 1 1 1 1
v -4.16 0 1.84 1 1 1 1
v -4.48 0 1.84 1 1 1 1
v -4.16 0 2.16 1 1 1 1
v -4.16 0 2.16 1 1 1 1
v -3.84 0 1.84 1 1 1 1
v -4.16 0 1.84 1 1 1 1
v -3.84 0 2.16 1 1 1 1
v -2.88 0 0.88 1 1 1 1
v -2.56 0 0.56 1 1 1 1
v -2.88 0 0.56 1 1 1 1
v -2.56 0 0.88 1 1 1 1
v -3.84 0 2.16 1 1 1 1
v -3.52 0 1.84 1 1 1 1
v -3.84 0 1.84 1 1 1 1
v -3.52 0 2.16 1 1 1 1
v -3.52 0 2.16 1 1 1 1
v -3.2 0 1.84 1 1 1 1
v -3.52 0 1.84 1 1 1 1
v -3.2 0 2.16 1 1 1 1
v -3.2 0 2.16 1 1 1 1
v -2.88 0 1.84 1 1 1 1
v -3.2 0 1.84 1 1 1 1
v -2.88 0 2.16 1 1 1 1
v -2.88 0 2.16 1 1 1 1
v -2.56 0 1.84 1 1 1 1
v -2.88 0 1.84 1 1 1 1
v -2.56 0 2.16 1 1 1 1
v -2.56 0 0.88 1 1 1 1
v -2.24 0 0.56 1 1 1 1
v -2.56 0 0.56 1 1 1 1
v -2.24 0 0.88 1 1 1 1
v -2.24 0 0.88 1 1 1 1
v -1.92 0 0.56 1 1 1 1
v -2.24 0 0.56 1 1 1 1
v -1.92 0 0.88 1 1 1 1
v -2.56 0 2.16 1 1 1 1
v -2.24 0 1.84 1 1 1 1
v -2.56 0 1.84 1 1 1 1
v -2.24 0 2.16 1 1 1 1
v -2.24 0 2.16 1 1 1 1
v -1.92 0 1.84 1 1 1 1
v -2.24 0 1.84 1 1 1 1
v -1.92 0 2.16 1 1 1 1
v -1.92 0 2.16 1 1 1 1
v -1.6 0 1.84 1 1 1 1
v -1.92 0 1.84 1 1 1 1
v -1.6 0 2.16 1 1 1 1
v -1.6 0 2.16 1 1 1 1
v -1.28 0 1.84 1 1 1 1
v -1.6 0 1.84 1 1 1 1
v -1.28 0 2.16 1 1 1 1
v -1.28 0 2.16 1 1 1 1
v -0.96 0 1.84 1 1 1 1
v -1.28 0 1.84 1 1 1 1
v -0.96 0 2.16 1 1 1 1
v -0.96 0 2.16 1 1 1 1
v -0.64 0 1.84 1 1 1 1
v -0.96 0 1.84 1 1 1 1
v -0.64 0 2.16 1 1 1 1
v -0.64 0 2.16 1 1 1 1
v -0.32 0 1.84 1 1 1 1
v -0.64 0 1.84 1 1 1 1
v -0.32 0 2.16 1 1 1 1
v -5.44 0 2.48 1 1 1 1
v -5.12 0 2.16 1 1 1 1
v -5.44 0 2.16 1 1 1 1
v -5.12 0 2.48 1 1 1 1
v -5.12 0 2.48 1 1 1 1
v -4.8 0 2.16 1 1 1 1
v -5.12 0 2.16 1 1 1 1
v -4.8 0 2.48 1 1 1 1
v -4.48 0 2.48 1 1 1 1
v -4.16 0 2.16 1 1 1 1
v -4.48 0 2.16 1 1 1 1
v -4.16 0 2.48 1 1 1 1
v -4.16 0 2.48 1 1 1 1
v -3.84 0 2.16 1 1 1 1
v -4.16 0 2.16 1 1 1 1
v -3.84 0 2.48 1 1 1 1
v -3.84 0 2.48 1 1 1 1
v -3.52 0 2.16 1 1 1 1
v -3.84 0 2.16 1 1 1 1
v -3.52 0 2.48 1 1 1 1
v -3.52 0 2.48 1 1 1 1
v -3.2 0 2.16 1 1 1 1
v -3.52 0 2.16 1 1 1 1
v -3.2 0 2.48 1 1 1 1
v -3.2 0 2.48 1 1 1 1
v -2.88 0 2.16 1 1 1 1
v -3.2 0 2.16 1 1 1 1
v -2.88 0 2.48 1 1 1 1
v -2.88 0 2.48 1 1 1 1
v -2.56 0 2.16 1 1 1 1
v -2.88 0 2.16 1 1 1 1
v -2.56 0 2.48 1 1 1 1
v -2.56 0 2.48 1 1 1 1
v -2.24 0 2.16 1 1 1 1
v -2.56 0 2.16 1 1 1 1
v -2.24 0 2.48 1 1 1 1
v -4.8 0 2.48 1 1 1 1
v -4.48 0 2.16 1 1 1 1
v -4.8 0 2.16 1 1 1 1
v -4.48 0 2.48 1 1 1 1
v -1.92 0 2.48 1 1 1 1
v -1.6 0 2.16 1 1 1 1
v -1.92 0 2.16 1 1 1 1
v -1.6 0 2.48 1 1 1 1
v -1.28 0 2.48 1 1 1 1
v -0.96 0 2.16 1 1 1 1
v -1.28 0 2.16 1 1 1 1
v -0.96 0 2.48 1 1 1 1
v -0.96 0 2.48 1 1 1 1
v -0.64 0 2.16 1 1 1 1
v -0.96 0 2.16 1 1 1 1
v -0.64 0 2.48 1 1 1 1
v -0.64 0 3.44 1 1 1 1
v -0.32 0 3.12 1 1 1 1
v -0.64 0 3.12 1 1 1 1
v -0.32 0 3.44 1 1 1 1
v -0.64 0 2.48 1 1 1 1
v -0.32 0 2.16 1 1 1 1
v -0.64 0 2.16 1 1 1 1
v -0.32 0 2.48 1 1 1 1
v -2.24 0 2.48 1 1 1 1
v -1.92 0 2.16 1 1 1 1
v -2.24 0 2.16 1 1 1 1
v -1.92 0 2.48 1 1 1 1
v -1.6 0 2.48 1 1 1 1
v -1.28 0 2.16 1 1 1 1
v -1.6 0 2.16 1 1 1 1
v -1.28 0 2.48 1 1 1 1
v -5.44 0 2.8000000000000003 1 1 1 1
v -5.12 0 2.48 1 1 1 1
v -5.44 0 2.48 1 1 1 1
v -5.12 0 2.8000000000000003 1 1 1 1
v -5.44 0 0.88 1 1 1 1
v -5.12 0 0.56 1 1 1 1
v -5.44 0 0.56 1 1 1 1
v -5.12 0 0.88 1 1 1 1
v -5.12 0 2.8000000000000003 1 1 1 1
v -4.8 0 2.48 1 1 1 1
v -5.12 0 2.48 1 1 1 1
v -4.8 0 2.8000000000000003 1 1 1 1
v -4.48 0 2.8000000000000003 1 1 1 1
v -4.16 0 2.48 1 1 1 1
v -4.48 0 2.48 1 1 1 1
v -4.16 0 2.8000000000000003 1 1 1 1
v -4.16 0 2.8000000000000003 1 1 1 1
v -3.84 0 2.48 1 1 1 1
v -4.16 0 2.48 1 1 1 1
v -3.84 0 2.8000000000000003 1 1 1 1
v -3.52 0 2.8000000000000003 1 1 1 1
v -3.2 0 2.48 1 1 1 1
v -3.52 0 2.48 1 1 1 1
v -3.2 0 2.8000000000000003 1 1 1 1
v -2.88 0 2.8000000000000003 1 1 1 1
v -2.56 0 2.48 1 1 1 1
v -2.88 0 2.48 1 1 1 1
v -2.56 0 2.8000000000000003 1 1 1 1
v -2.56 0 2.8000000000000003 1 1 1 1
v -2.24 0 2.48 1 1 1 1
v -2.56 0 2.48 1 1 1 1
v -2.24 0 2.8000000000000003 1 1 1 1
v -1.92 0 2.8000000000000003 1 1 1 1
v -1.6 0 2.48 1 1 1 1
v -1.92 0 2.48 1 1 1 1
v -1.6 0 2.8000000000000003 1 1 1 1
v -1.6 0 2.8000000000000003 1 1 1 1
v -1.28 0 2.48 1 1 1 1
v -1.6 0 2.48 1 1 1 1
v -1.28 0 2.8000000000000003 1 1 1 1
v -1.28 0 2.8000000000000003 1 1 1 1
v -0.96 0 2.48 1 1 1 1
v -1.28 0 2.48 1 1 1 1
v -0.96 0 2.8000000000000003 1 1 1 1
v -3.2 0 2.8000000000000003 1 1 1 1
v -2.88 0 2.48 1 1 1 1
v -3.2 0 2.48 1 1 1 1
v -2.88 0 2.8000000000000003 1 1 1 1
v -3.84 0 2.8000000000000003 1 1 1 1
v -3.52 0 2.48 1 1 1 1
v -3.84 0 2.48 1 1 1 1
v -3.52 0 2.8000000000000003 1 1 1 1
v -4.8 0 2.8000000000000003 1 1 1 1
v -4.48 0 2.48 1 1 1 1
v -4.8 0 2.48 1 1 1 1
v -4.48 0 2.8000000000000003 1 1 1 1
v -2.24 0 2.8000000000000003 1 1 1 1
v -1.92 0 2.48 1 1 1 1
v -2.24 0 2.48 1 1 1 1
v -1.92 0 2.8000000000000003 1 1 1 1
v -0.96 0 2.8000000000000003 1 1 1 1
v -0.64 0 2.48 1 1 1 1
v -0.96 0 2.48 1 1 1 1
v -0.64 0 2.8000000000000003 1 1 1 1
v -0.64 0 2.8000000000000003 1 1 1 1
v -0.32 0 2.48 1 1 1 1
v -0.64 0 2.48 1 1 1 1
v -0.32 0 2.8000000000000003 1 1 1 1
v -5.44 0 3.12 1 1 1 1
v -5.12 0 2.8000000000000003 1 1 1 1
v -5.44 0 2.8000000000000003 1 1 1 1
v -5.12 0 3.12 1 1 1 1
v -4.8 0 3.12 1 1 1 1
v -4.48 0 2.8000000000000003 1 1 1 1
v -4.8 0 2.8000000000000003 1 1 1 1
v -4.48 0 3.12 1 1 1 1
v -4.16 0 3.12 1 1 1 1
v -3.84 0 2.8000000000000003 1 1 1 1
v -4.16 0 2.8000000000000003 1 1 1 1
v -3.84 0 3.12 1 1 1 1
v -3.84 0 3.12 1 1 1 1
v -3.52 0 2.8000000000000003 1 1 1 1
v -3.84 0 2.8000000000000003 1 1 1 1
v -3.52 0 3.12 1 1 1 1
v -3.52 0 3.12 1 1 1 1
v -3.2 0 2.8000000000000003 1 1 1 1
v -3.52 0 2.8000000000000003 1 1 1 1
v -3.2 0 3.12 1 1 1 1
v -3.2 0 3.12 1 1 1 1
v -2.88 0 2.8000000000000003 1 1 1 1
v -3.2 0 2.8000000000000003 1 1 1 1
v -2.88 0 3.12 1 1 1 1
v -2.88 0 3.12 1 1 1 1
v -2.56 0 2.8000000000000003 1 1 1 1
v -2.88 0 2.8000000000000003 1 1 1 1
v -2.56 0 3.12 1 1 1 1
v -2.56 0 3.12 1 1 1 1
v -2.24 0 2.8000000000000003 1 1 1 1
v -2.56 0 2.8000000000000003 1 1 1 1
v -2.24 0 3.12 1 1 1 1
v -4.48 0 3.12 1 1 1 1
v -4.16 0 2.8000000000000003 1 1 1 1
v -4.48 0 2.8000000000000003 1 1 1 1
v -4.16 0 3.12 1 1 1 1
v -5.12 0 3.12 1 1 1 1
v -4.8 0 2.8000000000000003 1 1 1 1
v -5.12 0 2.8000000000000003 1 1 1 1
v -4.8 0 3.12 1 1 1 1
v -1.92 0 3.12 1 1 1 1
v -1.6 0 2.8000000000000003 1 1 1 1
v -1.92 0 2.8000000000000003 1 1 1 1
v -1.6 0 3.12 1 1 1 1
v -1.6 0 3.12 1 1 1 1
v -1.28 0 2.8000000000000003 1 1 1 1
v -1.6 0 2.8000000000000003 1 1 1 1
v -1.28 0 3.12 1 1 1 1
v -1.28 0 3.12 1 1 1 1
v -0.96 0 2.8000000000000003 1 1 1 1
v -1.28 0 2.8000000000000003 1 1 1 1
v -0.96 0 3.12 1 1 1 1
v -0.96 0 3.12 1 1 1 1
v -0.64 0 2.8000000000000003 1 1 1 1
v -0.96 0 2.8000000000000003 1 1 1 1
v -0.64 0 3.12 1 1 1 1
v -0.64 0 3.12 1 1 1 1
v -0.32 0 2.8000000000000003 1 1 1 1
v -0.64 0 2.8000000000000003 1 1 1 1
v -0.32 0 3.12 1 1 1 1
v -2.24 0 3.12 1 1 1 1
v -1.92 0 2.8000000000000003 1 1 1 1
v -2.24 0 2.8000000000000003 1 1 1 1
v -1.92 0 3.12 1 1 1 1
v -5.12 0 0.88 1 1 1 1
v -4.8 0 0.56 1 1 1 1
v -5.12 0 0.56 1 1 1 1
v -4.8 0 0.88 1 1 1 1
v -4.8 0 0.88 1 1 1 1
v -4.48 0 0.56 1 1 1 1
v -4.8 0 0.56 1 1 1 1
v -4.48 0 0.88 1 1 1 1
v -5.44 0 3.44 1 1 1 1
v -5.12 0 3.12 1 1 1 1
v -5.44 0 3.12 1 1 1 1
v -5.12 0 3.44 1 1 1 1
v -5.12 0 3.44 1 1 1 1
v -4.8 0 3.12 1 1 1 1
v -5.12 0 3.12 1 1 1 1
v -4.8 0 3.44 1 1 1 1
v -4.48 0 3.44 1 1 1 1
v -4.16 0 3.12 1 1 1 1
v -4.48 0 3.12 1 1 1 1
v -4.16 0 3.44 1 1 1 1
v -4.16 0 3.44 1 1 1 1
v -3.84 0 3.12 1 1 1 1
v -4.16 0 3.12 1 1 1 1
v -3.84 0 3.44 1 1 1 1
v -3.84 0 3.44 1 1 1 1
v -3.52 0 3.12 1 1 1 1
v -3.84 0 3.12 1 1 1 1
v -3.52 0 3.44 1 1 1 1
v -3.52 0 3.44 1 1 1 1
v -3.2 0 3.12 1 1 1 1
v -3.52 0 3.12 1 1 1 1
v -3.2 0 3.44 1 1 1 1
v -3.2 0 3.44 1 1 1 1
v -2.88 0 3.12 1 1 1 1
v -3.2 0 3.12 1 1 1 1
v -2.88 0 3.44 1 1 1 1
v -4.8 0 3.44 1 1 1 1
v -4.48 0 3.12 1 1 1 1
v -4.8 0 3.12 1 1 1 1
v -4.48 0 3.44 1 1 1 1
v -2.88 0 3.44 1 1 1 1
v -2.56 0 3.12 1 1 1 1
v -2.88 0 3.12 1 1 1 1
v -2.56 0 3.44 1 1 1 1
v -2.56 0 3.44 1 1 1 1
v -2.24 0 3.12 1 1 1 1
v -2.56 0 3.12 1 1 1 1
v -2.24 0 3.44 1 1 1 1
v -2.24 0 3.44 1 1 1 1
v -1.92 0 3.12 1 1 1 1
v -2.24 0 3.12 1 1 1 1
v -1.92 0 3.44 1 1 1 1
v -1.92 0 0.88 1 1 1 1
v -1.6 0 0.56 1 1 1 1
v -1.92 0 0.56 1 1 1 1
v -1.6 0 0.88 1 1 1 1
v -1.6 0 0.88 1 1 1 1
v -1.28 0 0.56 1 1 1 1
v -1.6 0 0.56 1 1 1 1
v -1.28 0 0.88 1 1 1 1
v -1.28 0 0.88 1 1 1 1
v -0.96 0 0.56 1 1 1 1
v -1.28 0 0.56 1 1 1 1
v -0.96 0 0.88 1 1 1 1
v -0.96 0 0.88 1 1 1 1
v -0.64 0 0.56 1 1 1 1
v -0.96 0 0.56 1 1 1 1
v -0.64 0 0.88 1 1 1 1
v -0.64 0 0.88 1 1 1 1
v -0.32 0 0.56 1 1 1 1
v -0.64 0 0.56 1 1 1 1
v -0.32 0 0.88 1 1 1 1
v -1.92 0 3.44 1 1 1 1
v -1.6 0 3.12 1 1 1 1
v -1.92 0 3.12 1 1 1 1
v -1.6 0 3.44 1 1 1 1
v -4.48 0 0.88 1 1 1 1
v -4.16 0 0.56 1 1 1 1
v -4.48 0 0.56 1 1 1 1
v -4.16 0 0.88 1 1 1 1
v -4.16 0 0.88 1 1 1 1
v -3.84 0 0.56 1 1 1 1
v -4.16 0 0.56 1 1 1 1
v -3.84 0 0.88 1 1 1 1
v -3.84 0 0.88 1 1 1 1
v -3.52 0 0.56 1 1 1 1
v -3.84 0 0.56 1 1 1 1
v -3.52 0 0.88 1 1 1 1
v -3.52 0 0.88 1 1 1 1
v -3.2 0 0.56 1 1 1 1
v -3.52 0 0.56 1 1 1 1
v -3.2 0 0.88 1 1 1 1
v -5.44 0 1.2 1 1 1 1
v -5.12 0 0.88 1 1 1 1
v -5.44 0 0.88 1 1 1 1
v -5.12 0 1.2 1 1 1 1
v -5.12 0 1.2 1 1 1 1
v -4.8 0 0.88 1 1 1 1
v -5.12 0 0.88 1 1 1 1
v -4.8 0 1.2 1 1 1 1
v -4.8 0 1.2 1 1 1 1
v -4.48 0 0.88 1 1 1 1
v -4.8 0 0.88 1 1 1 1
v -4.48 0 1.2 1 1 1 1
v -4.48 0 1.2 1 1 1 1
v -4.16 0 0.88 1 1 1 1
v -4.48 0 0.88 1 1 1 1
v -4.16 0 1.2 1 1 1 1
v -4.16 0 1.2 1 1 1 1
v -3.84 0 0.88 1 1 1 1
v -4.16 0 0.88 1 1 1 1
v -3.84 0 1.2 1 1 1 1
v -3.84 0 1.2 1 1 1 1
v -3.52 0 0.88 1 1 1 1
v -3.84 0 0.88 1 1 1 1
v -3.52 0 1.2 1 1 1 1
v -3.52 0 1.2 1 1 1 1
v -3.2 0 0.88 1 1 1 1
v -3.52 0 0.88 1 1 1 1
v -3.2 0 1.2 1 1 1 1
v -3.2 0 1.2 1 1 1 1
v -2.88 0 0.88 1 1 1 1
v -3.2 0 0.88 1 1 1 1
v -2.88 0 1.2 1 1 1 1
v -2.88 0 1.2 1 1 1 1
v -2.56 0 0.88 1 1 1 1
v -2.88 0 0.88 1 1 1 1
v -2.56 0 1.2 1 1 1 1
v -2.56 0 1.2 1 1 1 1
v -2.24 0 0.88 1 1 1 1
v -2.56 0 0.88 1 1 1 1
v -2.24 0 1.2 1 1 1 1
v -2.24 0 1.2 1 1 1 1
v -1.92 0 0.88 1 1 1 1
v -2.24 0 0.88 1 1 1 1
v -1.92 0 1.2 1 1 1 1
v -1.92 0 1.2 1 1 1 1
v -1.6 0 0.88 1 1 1 1
v -1.92 0 0.88 1 1 1 1
v -1.6 0 1.2 1 1 1 1
v -1.6 0 1.2 1 1 1 1
v -1.28 0 0.88 1 1 1 1
v -1.6 0 0.88 1 1 1 1
v -1.28 0 1.2 1 1 1 1
v -1.28 0 1.2 1 1 1 1
v -0.96 0 0.88 1 1 1 1
v -1.28 0 0.88 1 1 1 1
v -0.96 0 1.2 1 1 1 1
v -0.96 0 1.2 1 1 1 1
v -0.64 0 0.88 1 1 1 1
v -0.96 0 0.88 1 1 1 1
v -0.64 0 1.2 1 1 1 1
v -0.64 0 1.2 1 1 1 1
v -0.32 0 0.88 1 1 1 1
v -0.64 0 0.88 1 1 1 1
v -0.32 0 1.2 1 1 1 1
v -5.44 0 1.52 1 1 1 1
v -5.12 0 1.2 1 1 1 1
v -5.44 0 1.2 1 1 1 1
v -5.12 0 1.52 1 1 1 1
v -5.12 0 1.52 1 1 1 1
v -4.8 0 1.2 1 1 1 1
v -5.12 0 1.2 1 1 1 1
v -4.8 0 1.52 1 1 1 1
v -4.8 0 1.52 1 1 1 1
v -4.48 0 1.2 1 1 1 1
v -4.8 0 1.2 1 1 1 1
v -4.48 0 1.52 1 1 1 1
v -4.48 0 1.52 1 1 1 1
v -4.16 0 1.2 1 1 1 1
v -4.48 0 1.2 1 1 1 1
v -4.16 0 1.52 1 1 1 1
v -3.84 0 1.52 1 1 1 1
v -3.52 0 1.2 1 1 1 1
v -3.84 0 1.2 1 1 1 1
v -3.52 0 1.52 1 1 1 1
v -3.52 0 1.52 1 1 1 1
v -3.2 0 1.2 1 1 1 1
v -3.52 0 1.2 1 1 1 1
v -3.2 0 1.52 1 1 1 1
v -3.2 0 1.52 1 1 1 1
v -2.88 0 1.2 1 1 1 1
v -3.2 0 1.2 1 1 1 1
v -2.88 0 1.52 1 1 1 1
v -2.88 0 1.52 1 1 1 1
v -2.56 0 1.2 1 1 1 1
v -2.88 0 1.2 1 1 1 1
v -2.56 0 1.52 1 1 1 1
v -2.56 0 1.52 1 1 1 1
v -2.24 0 1.2 1 1 1 1
v -2.56 0 1.2 1 1 1 1
v -2.24 0 1.52 1 1 1 1
v -2.24 0 1.52 1 1 1 1
v -1.92 0 1.2 1 1 1 1
v -2.24 0 1.2 1 1 1 1
v -1.92 0 1.52 1 1 1 1
v -4.16 0 1.52 1 1 1 1
v -3.84 0 1.2 1 1 1 1
v -4.16 0 1.2 1 1 1 1
v -3.84 0 1.52 1 1 1 1
v -1.6 0 1.52 1 1 1 1
v -1.28 0 1.2 1 1 1 1
v -1.6 0 1.2 1 1 1 1
v -1.28 0 1.52 1 1 1 1
v -1.28 0 1.52 1 1 1 1
v -0.96 0 1.2 1 1 1 1
v -1.28 0 1.2 1 1 1 1
v -0.96 0 1.52 1 1 1 1
v -0.96 0 1.52 1 1 1 1
v -0.64 0 1.2 1 1 1 1
v -0.96 0 1.2 1 1 1 1
v -0.64 0 1.52 1 1 1 1
v -0.64 0 1.52 1 1 1 1
v -0.32 0 1.2 1 1 1 1
v -0.64 0 1.2 1 1 1 1
v -0.32 0 1.52 1 1 1 1
v 10.24 0 1.52 1 1 1 1
v 10.56 0 1.2 1 1 1 1
v 10.24 0 1.2 1 1 1 1
v 10.56 0 1.52 1 1 1 1
v 6.72 0 1.84 1 1 1 1
v 7.04 0 1.52 1 1 1 1
v 6.72 0 1.52 1 1 1 1
v 7.04 0 1.84 1 1 1 1
v 7.04 0 1.84 1 1 1 1
v 7.36 0 1.52 1 1 1 1
v 7.04 0 1.52 1 1 1 1
v 7.36 0 1.84 1 1 1 1
v 7.36 0 1.84 1 1 1 1
v 7.68 0 1.52 1 1 1 1
v 7.36 0 1.52 1 1 1 1
v 7.68 0 1.84 1 1 1 1
v 7.68 0 1.84 1 1 1 1
v 8 0 1.52 1 1 1 1
v 7.68 0 1.52 1 1 1 1
v 8 0 1.84 1 1 1 1
v 8 0 1.84 1 1 1 1
v 8.32 0 1.52 1 1 1 1
v 8 0 1.52 1 1 1 1
v 8.32 0 1.84 1 1 1 1
v 8.32 0 1.84 1 1 1 1
v 8.64 0 1.52 1 1 1 1
v 8.32 0 1.52 1 1 1 1
v 8.64 0 1.84 1 1 1 1
v 8.64 0 1.84 1 1 1 1
v 8.96 0 1.52 1 1 1 1
v 8.64 0 1.52 1 1 1 1
v 8.96 0 1.84 1 1 1 1
v 10.56 0 3.44 1 1 1 1
v 10.88 0 3.12 1 1 1 1
v 10.56 0 3.12 1 1 1 1
v 10.88 0 3.44 1 1 1 1
v 10.88 0 3.44 1 1 1 1
v 11.200000000000001 0 3.12 1 1 1 1
v 10.88 0 3.12 1 1 1 1
v 11.200000000000001 0 3.44 1 1 1 1
v 11.200000000000001 0 3.44 1 1 1 1
v 11.52 0 3.12 1 1 1 1
v 11.200000000000001 0 3.12 1 1 1 1
v 11.52 0 3.44 1 1 1 1
v 8.96 0 1.84 1 1 1 1
v 9.28 0 1.52 1 1 1 1
v 8.96 0 1.52 1 1 1 1
v 9.28 0 1.84 1 1 1 1
v 9.28 0 1.84 1 1 1 1
v 9.6 0 1.52 1 1 1 1
v 9.28 0 1.52 1 1 1 1
v 9.6 0 1.84 1 1 1 1
v 9.6 0 1.84 1 1 1 1
v 9.92 0 1.52 1 1 1 1
v 9.6 0 1.52 1 1 1 1
v 9.92 0 1.84 1 1 1 1
v 9.92 0 1.84 1 1 1 1
v 10.24 0 1.52 1 1 1 1
v 9.92 0 1.52 1 1 1 1
v 10.24 0 1.84 1 1 1 1
v 10.24 0 1.84 1 1 1 1
v 10.56 0 1.52 1 1 1 1
v 10.24 0 1.52 1 1 1 1
v 10.56 0 1.84 1 1 1 1
v 10.56 0 1.84 1 1 1 1
v 10.88 0 1.52 1 1 1 1
v 10.56 0 1.52 1 1 1 1
v 10.88 0 1.84 1 1 1 1
v 8.96 0 0.88 1 1 1 1
v 9.28 0 0.56 1 1 1 1
v 8.96 0 0.56 1 1 1 1
v 9.28 0 0.88 1 1 1 1
v 10.88 0 1.84 1 1 1 1
v 11.200000000000001 0 1.52 1 1 1 1
v 10.88 0 1.52 1 1 1 1
v 11.200000000000001 0 1.84 1 1 1 1
v 11.200000000000001 0 1.84 1 1 1 1
v 11.52 0 1.52 1 1 1 1
v 11.200000000000001 0 1.52 1 1 1 1
v 11.52 0 1.84 1 1 1 1
v 11.52 0 1.84 1 1 1 1
v 11.84 0 1.52 1 1 1 1
v 11.52 0 1.52 1 1 1 1
v 11.84 0 1.84 1 1 1 1
v 6.72 0 2.16 1 1 1 1
v 7.04 0 1.84 1 1 1 1
v 6.72 0 1.84 1 1 1 1
v 7.04 0 2.16 1 1 1 1
v 7.04 0 2.16 1 1 1 1
v 7.36 0 1.84 1 1 1 1
v 7.04 0 1.84 1 1 1 1
v 7.36 0 2.16 1 1 1 1
v 7.36 0 2.16 1 1 1 1
v 7.68 0 1.84 1 1 1 1
v 7.36 0 1.84 1 1 1 1
v 7.68 0 2.16 1 1 1 1
v 7.68 0 2.16 1 1 1 1
v 8 0 1.84 1 1 1 1
v 7.68 0 1.84 1 1 1 1
v 8 0 2.16 1 1 1 1
v 8 0 2.16 1 1 1 1
v 8.32 0 1.84 1 1 1 1
v 8 0 1.84 1 1 1 1
v 8.32 0 2.16 1 1 1 1
v 9.28 0 0.88 1 1 1 1
v 9.6 0 0.56 1 1 1 1
v 9.28 0 0.56 1 1 1 1
v 9.6 0 0.88 1 1 1 1
v 8.32 0 2.16 1 1 1 1
v 8.64 0 1.84 1 1 1 1
v 8.32 0 1.84 1 1 1 1
v 8.64 0 2.16 1 1 1 1
v 8.64 0 2.16 1 1 1 1
v 8.96 0 1.84 1 1 1 1
v 8.64 0 1.84 1 1 1 1
v 8.96 0 2.16 1 1 1 1
v 8.96 0 2.16 1 1 1 1
v 9.28 0 1.84 1 1 1 1
v 8.96 0 1.84 1 1 1 1
v 9.28 0 2.16 1 1 1 1
v 9.28 0 2.16 1 1 1 1
v 9.6 0 1.84 1 1 1 1
v 9.28 0 1.84 1 1 1 1
v 9.6 0 2.16 1 1 1 1
v 9.6 0 0.88 1 1 1 1
v 9.92 0 0.56 1 1 1 1
v 9.6 0 0.56 1 1 1 1
v 9.92 0 0.88 1 1 1 1
v 9.92 0 0.88 1 1 1 1
v 10.24 0 0.56 1 1 1 1
v 9.92 0 0.56 1 1 1 1
v 10.24 0 0.88 1 1 1 1
v 9.6 0 2.16 1 1 1 1
v 9.92 0 1.84 1 1 1 1
v 9.6 0 1.84 1 1 1 1
v 9.92 0 2.16 1 1 1 1
v 9.92 0 2.16 1 1 1 1
v 10.24 0 1.84 1 1 1 1
v 9.92 0 1.84 1 1 1 1
v 10.24 0 2.16 1 1 1 1
v 10.24 0 2.16 1 1 1 1
v 10.56 0 1.84 1 1 1 1
v 10.24 0 1.84 1 1 1 1
v 10.56 0 2.16 1 1 1 1
v 10.56 0 2.16 1 1 1 1
v 10.88 0 1.84 1 1 1 1
v 10.56 0 1.84 1 1 1 1
v 10.88 0 2.16 1 1 1 1
v 10.88 0 2.16 1 1 1 1
v 11.200000000000001 0 1.84 1 1 1 1
v 10.88 0 1.84 1 1 1 1
v 11.200000000000001 0 2.16 1 1 1 1
v 11.200000000000001 0 2.16 1 1 1 1
v 11.52 0 1.84 1 1 1 1
v 11.200000000000001 0 1.84 1 1 1 1
v 11.52 0 2.16 1 1 1 1
v 11.52 0 2.16 1 1 1 1
v 11.84 0 1.84 1 1 1 1
v 11.52 0 1.84 1 1 1 1
v 11.84 0 2.16 1 1 1 1
v 6.72 0 2.48 1 1 1 1
v 7.04 0 2.16 1 1 1 1
v 6.72 0 2.16 1 1 1 1
v 7.04 0 2.48 1 1 1 1
v 7.04 0 2.48 1 1 1 1
v 7.36 0 2.16 1 1 1 1
v 7.04 0 2.16 1 1 1 1
v 7.36 0 2.48 1 1 1 1
v 7.68 0 2.48 1 1 1 1
v 8 0 2.16 1 1 1 1
v 7.68 0 2.16 1 1 1 1
v 8 0 2.48 1 1 1 1
v 8 0 2.48 1 1 1 1
v 8.32 0 2.16 1 1 1 1
v 8 0 2.16 1 1 1 1
v 8.32 0 2.48 1 1 1 1
v 8.32 0 2.48 1 1 1 1
v 8.64 0 2.16 1 1 1 1
v 8.32 0 2.16 1 1 1 1
v 8.64 0 2.48 1 1 1 1
v 8.64 0 2.48 1 1 1 1
v 8.96 0 2.16 1 1 1 1
v 8.64 0 2.16 1 1 1 1
v 8.96 0 2.48 1 1 1 1
v 8.96 0 2.48 1 1 1 1
v 9.28 0 2.16 1 1 1 1
v 8.96 0 2.16 1 1 1 1
v 9.28 0 2.48 1 1 1 1
v 9.28 0 2.48 1 1 1 1
v 9.6 0 2.16 1 1 1 1
v 9.28 0 2.16 1 1 1 1
v 9.6 0 2.48 1 1 1 1
v 9.6 0 2.48 1 1 1 1
v 9.92 0 2.16 1 1 1 1
v 9.6 0 2.16 1 1 1 1
v 9.92 0 2.48 1 1 1 1
v 7.36 0 2.48 1 1 1 1
v 7.68 0 2.16 1 1 1 1
v 7.36 0 2.16 1 1 1 1
v 7.68 0 2.48 1 1 1 1
v 10.24 0 2.48 1 1 1 1
v 10.56 0 2.16 1 1 1 1
v 10.24 0 2.16 1 1 1 1
v 10.56 0 2.48 1 1 1 1
v 10.88 0 2.48 1 1 1 1
v 11.200000000000001 0 2.16 1 1 1 1
v 10.88 0 2.16 1 1 1 1
v 11.200000000000001 0 2.48 1 1 1 1
v 11.200000000000001 0 2.48 1 1 1 1
v 11.52 0 2.16 1 1 1 1
v 11.200000000000001 0 2.16 1 1 1 1
v 11.52 0 2.48 1 1 1 1
v 11.52 0 3.44 1 1 1 1
v 11.84 0 3.12 1 1 1 1
v 11.52 0 3.12 1 1 1 1
v 11.84 0 3.44 1 1 1 1
v 11.52 0 2.48 1 1 1 1
v 11.84 0 2.16 1 1 1 1
v 11.52 0 2.16 1 1 1 1
v 11.84 0 2.48 1 1 1 1
v 9.92 0 2.48 1 1 1 1
v 10.24 0 2.16 1 1 1 1
v 9.92 0 2.16 1 1 1 1
v 10.24 0 2.48 1 1 1 1
v 10.56 0 2.48 1 1 1 1
v 10.88 0 2.16 1 1 1 1
v 10.56 0 2.16 1 1 1 1
v 10.88 0 2.48 1 1 1 1
v 6.72 0 2.8000000000000003 1 1 1 1
v 7.04 0 2.48 1 1 1 1
v 6.72 0 2.48 1 1 1 1
v 7.04 0 2.8000000000000003 1 1 1 1
v 6.72 0 0.88 1 1 1 1
v 7.04 0 0.56 1 1 1 1
v 6.72 0 0.56 1 1 1 1
v 7.04 0 0.88 1 1 1 1
v 7.04 0 2.8000000000000003 1 1 1 1
v 7.36 0 2.48 1 1 1 1
v 7.04 0 2.48 1 1 1 1
v 7.36 0 2.8000000000000003 1 1 1 1
v 7.68 0 2.8000000000000003 1 1 1 1
v 8 0 2.48 1 1 1 1
v 7.68 0 2.48 1 1 1 1
v 8 0 2.8000000000000003 1 1 1 1
v 8 0 2.8000000000000003 1 1 1 1
v 8.32 0 2.48 1 1 1 1
v 8 0 2.48 1 1 1 1
v 8.32 0 2.8000000000000003 1 1 1 1
v 8.64 0 2.8000000000000003 1 1 1 1
v 8.96 0 2.48 1 1 1 1
v 8.64 0 2.48 1 1 1 1
v 8.96 0 2.8000000000000003 1 1 1 1
v 9.28 0 2.8000000000000003 1 1 1 1
v 9.6 0 2.48 1 1 1 1
v 9.28 0 2.48 1 1 1 1
v 9.6 0 2.8000000000000003 1 1 1 1
v 9.6 0 2.8000000000000003 1 1 1 1
v 9.92 0 2.48 1 1 1 1
v 9.6 0 2.48 1 1 1 1
v 9.92 0 2.8000000000000003 1 1 1 1
v 10.24 0 2.8000000000000003 1 1 1 1
v 10.56 0 2.48 1 1 1 1
v 10.24 0 2.48 1 1 1 1
v 10.56 0 2.8000000000000003 1 1 1 1
v 10.56 0 2.8000000000000003 1 1 1 1
v 10.88 0 2.48 1 1 1 1
v 10.56 0 2.48 1 1 1 1
v 10.88 0 2.8000000000000003 1 1 1 1
v 10.88 0 2.8000000000000003 1 1 1 1
v 11.200000000000001 0 2.48 1 1 1 1
v 10.88 0 2.48 1 1 1 1
v 11.200000000000001 0 2.8000000000000003 1 1 1 1
v 8.96 0 2.8000000000000003 1 1 1 1
v 9.28 0 2.48 1 1 1 1
v 8.96 0 2.48 1 1 1 1
v 9.28 0 2.8000000000000003 1 1 1 1
v 8.32 0 2.8000000000000003 1 1 1 1
v 8.64 0 2.48 1 1 1 1
v 8.32 0 2.48 1 1 1 1
v 8.64 0 2.8000000000000003 1 1 1 1
v 7.36 0 2.8000000000000003 1 1 1 1
v 7.68 0 2.48 1 1 1 1
v 7.36 0 2.48 1 1 1 1
v 7.68 0 2.8000000000000003 1 1 1 1
v 9.92 0 2.8000000000000003 1 1 1 1
v 10.24 0 2.48 1 1 1 1
v 9.92 0 2.48 1 1 1 1
v 10.24 0 2.8000000000000003 1 1 1 1
v 11.200000000000001 0 2.8000000000000003 1 1 1 1
v 11.52 0 2.48 1 1 1 1
v 11.200000000000001 0 2.48 1 1 1 1
v 11.52 0 2.8000000000000003 1 1 1 1
v 11.52 0 2.8000000000000003 1 1 1 1
v 11.84 0 2.48 1 1 1 1
v 11.52 0 2.48 1 1 1 1
v 11.84 0 2.8000000000000003 1 1 1 1
v 6.72 0 3.12 1 1 1 1
v 7.04 0 2.8000000000000003 1 1 1 1
v 6.72 0 2.8000000000000003 1 1 1 1
v 7.04 0 3.12 1 1 1 1
v 7.36 0 3.12 1 1 1 1
v 7.68 0 2.8000000000000003 1 1 1 1
v 7.36 0 2.8000000000000003 1 1 1 1
v 7.68 0 3.12 1 1 1 1
v 8 0 3.12 1 1 1 1
v 8.32 0 2.8000000000000003 1 1 1 1
v 8 0 2.8000000000000003 1 1 1 1
v 8.32 0 3.12 1 1 1 1
v 8.32 0 3.12 1 1 1 1
v 8.64 0 2.8000000000000003 1 1 1 1
v 8.32 0 2.8000000000000003 1 1 1 1
v 8.64 0 3.12 1 1 1 1
v 8.64 0 3.12 1 1 1 1
v 8.96 0 2.8000000000000003 1 1 1 1
v 8.64 0 2.8000000000000003 1 1 1 1
v 8.96 0 3.12 1 1 1 1
v 8.96 0 3.12 1 1 1 1
v 9.28 0 2.8000000000000003 1 1 1 1
v 8.96 0 2.8000000000000003 1 1 1 1
v 9.28 0 3.12 1 1 1 1
v 9.28 0 3.12 1 1 1 1
v 9.6 0 2.8000000000000003 1 1 1 1
v 9.28 0 2.8000000000000003 1 1 1 1
v 9.6 0 3.12 1 1 1 1
v 9.6 0 3.12 1 1 1 1
v 9.92 0 2.8000000000000003 1 1 1 1
v 9.6 0 2.8000000000000003 1 1 1 1
v 9.92 0 3.12 1 1 1 1
v 7.68 0 3.12 1 1 1 1
v 8 0 2.8000000000000003 1 1 1 1
v 7.68 0 2.8000000000000003 1 1 1 1
v 8 0 3.12 1 1 1 1
v 7.04 0 3.12 1 1 1 1
v 7.36 0 2.8000000000000003 1 1 1 1
v 7.04 0 2.8000000000000003 1 1 1 1
v 7.36 0 3.12 1 1 1 1
v 10.24 0 3.12 1 1 1 1
v 10.56 0 2.8000000000000003 1 1 1 1
v 10.24 0 2.8000000000000003 1 1 1 1
v 10.56 0 3.12 1 1 1 1
v 10.56 0 3.12 1 1 1 1
v 10.88 0 2.8000000000000003 1 1 1 1
v 10.56 0 2.8000000000000003 1 1 1 1
v 10.88 0 3.12 1 1 1 1
v 10.88 0 3.12 1 1 1 1
v 11.200000000000001 0 2.8000000000000003 1 1 1 1
v 10.88 0 2.8000000000000003 1 1 1 1
v 11.200000000000001 0 3.12 1 1 1 1
v 11.200000000000001 0 3.12 1 1 1 1
v 11.52 0 2.8000000000000003 1 1 1 1
v 11.200000000000001 0 2.8000000000000003 1 1 1 1
v 11.52 0 3.12 1 1 1 1
v 11.52 0 3.12 1 1 1 1
v 11.84 0 2.8000000000000003 1 1 1 1
v 11.52 0 2.8000000000000003 1 1 1 1
v 11.84 0 3.12 1 1 1 1
v 9.92 0 3.12 1 1 1 1
v 10.24 0 2.8000000000000003 1 1 1 1
v 9.92 0 2.8000000000000003 1 1 1 1
v 10.24 0 3.12 1 1 1 1
v 7.04 0 0.88 1 1 1 1
v 7.36 0 0.56 1 1 1 1
v 7.04 0 0.56 1 1 1 1
v 7.36 0 0.88 1 1 1 1
v 7.36 0 0.88 1 1 1 1
v 7.68 0 0.56 1 1 1 1
v 7.36 0 0.56 1 1 1 1
v 7.68 0 0.88 1 1 1 1
v 6.72 0 3.44 1 1 1 1
v 7.04 0 3.12 1 1 1 1
v 6.72 0 3.12 1 1 1 1
v 7.04 0 3.44 1 1 1 1
v 7.04 0 3.44 1 1 1 1
v 7.36 0 3.12 1 1 1 1
v 7.04 0 3.12 1 1 1 1
v 7.36 0 3.44 1 1 1 1
v 7.68 0 3.44 1 1 1 1
v 8 0 3.12 1 1 1 1
v 7.68 0 3.12 1 1 1 1
v 8 0 3.44 1 1 1 1
v 8 0 3.44 1 1 1 1
v 8.32 0 3.12 1 1 1 1
v 8 0 3.12 1 1 1 1
v 8.32 0 3.44 1 1 1 1
v 8.32 0 3.44 1 1 1 1
v 8.64 0 3.12 1 1 1 1
v 8.32 0 3.12 1 1 1 1
v 8.64 0 3.44 1 1 1 1
v 8.64 0 3.44 1 1 1 1
v 8.96 0 3.12 1 1 1 1
v 8.64 0 3.12 1 1 1 1
v 8.96 0 3.44 1 1 1 1
v 8.96 0 3.44 1 1 1 1
v 9.28 0 3.12 1 1 1 1
v 8.96 0 3.12 1 1 1 1
v 9.28 0 3.44 1 1 1 1
v 7.36 0 3.44 1 1 1 1
v 7.68 0 3.12 1 1 1 1
v 7.36 0 3.12 1 1 1 1
v 7.68 0 3.44 1 1 1 1
v 9.28 0 3.44 1 1 1 1
v 9.6 0 3.12 1 1 1 1
v 9.28 0 3.12 1 1 1 1
v 9.6 0 3.44 1 1 1 1
v 9.6 0 3.44 1 1 1 1
v 9.92 0 3.12 1 1 1 1
v 9.6 0 3.12 1 1 1 1
v 9.92 0 3.44 1 1 1 1
v 9.92 0 3.44 1 1 1 1
v 10.24 0 3.12 1 1 1 1
v 9.92 0 3.12 1 1 1 1
v 10.24 0 3.44 1 1 1 1
v 10.24 0 0.88 1 1 1 1
v 10.56 0 0.56 1 1 1 1
v 10.24 0 0.56 1 1 1 1
v 10.56 0 0.88 1 1 1 1
v 10.56 0 0.88 1 1 1 1
v 10.88 0 0.56 1 1 1 1
v 10.56 0 0.56 1 1 1 1
v 10.88 0 0.88 1 1 1 1
v 10.88 0 0.88 1 1 1 1
v 11.200000000000001 0 0.56 1 1 1 1
v 10.88 0 0.56 1 1 1 1
v 11.200000000000001 0 0.88 1 1 1 1
v 11.200000000000001 0 0.88 1 1 1 1
v 11.52 0 0.56 1 1 1 1
v 11.200000000000001 0 0.56 1 1 1 1
v 11.52 0 0.88 1 1 1 1
v 11.52 0 0.88 1 1 1 1
v 11.84 0 0.56 1 1 1 1
v 11.52 0 0.56 1 1 1 1
v 11.84 0 0.88 1 1 1 1
v 10.24 0 3.44 1 1 1 1
v 10.56 0 3.12 1 1 1 1
v 10.24 0 3.12 1 1 1 1
v 10.56 0 3.44 1 1 1 1
v 7.68 0 0.88 1 1 1 1
v 8 0 0.56 1 1 1 1
v 7.68 0 0.56 1 1 1 1
v 8 0 0.88 1 1 1 1
v 8 0 0.88 1 1 1 1
v 8.32 0 0.56 1 1 1 1
v 8 0 0.56 1 1 1 1
v 8.32 0 0.88 1 1 1 1
v 8.32 0 0.88 1 1 1 1
v 8.64 0 0.56 1 1 1 1
v 8.32 0 0.56 1 1 1 1
v 8.64 0 0.88 1 1 1 1
v 8.64 0 0.88 1 1 1 1
v 8.96 0 0.56 1 1 1 1
v 8.64 0 0.56 1 1 1 1
v 8.96 0 0.88 1 1 1 1
v 6.72 0 1.2 1 1 1 1
v 7.04 0 0.88 1 1 1 1
v 6.72 0 0.88 1 1 1 1
v 7.04 0 1.2 1 1 1 1
v 7.04 0 1.2 1 1 1 1
v 7.36 0 0.88 1 1 1 1
v 7.04 0 0.88 1 1 1 1
v 7.36 0 1.2 1 1 1 1
v 7.36 0 1.2 1 1 1 1
v 7.68 0 0.88 1 1 1 1
v 7.36 0 0.88 1 1 1 1
v 7.68 0 1.2 1 1 1 1
v 7.68 0 1.2 1 1 1 1
v 8 0 0.88 1 1 1 1
v 7.68 0 0.88 1 1 1 1
v 8 0 1.2 1 1 1 1
v 8 0 1.2 1 1 1 1
v 8.32 0 0.88 1 1 1 1
v 8 0 0.88 1 1 1 1
v 8.32 0 1.2 1 1 1 1
v 8.32 0 1.2 1 1 1 1
v 8.64 0 0.88 1 1 1 1
v 8.32 0 0.88 1 1 1 1
v 8.64 0 1.2 1 1 1 1
v 8.64 0 1.2 1 1 1 1
v 8.96 0 0.88 1 1 1 1
v 8.64 0 0.88 1 1 1 1
v 8.96 0 1.2 1 1 1 1
v 8.96 0 1.2 1 1 1 1
v 9.28 0 0.88 1 1 1 1
v 8.96 0 0.88 1 1 1 1
v 9.28 0 1.2 1 1 1 1
v 9.28 0 1.2 1 1 1 1
v 9.6 0 0.88 1 1 1 1
v 9.28 0 0.88 1 1 1 1
v 9.6 0 1.2 1 1 1 1
v 9.6 0 1.2 1 1 1 1
v 9.92 0 0.88 1 1 1 1
v 9.6 0 0.88 1 1 1 1
v 9.92 0 1.2 1 1 1 1
v 9.92 0 1.2 1 1 1 1
v 10.24 0 0.88 1 1 1 1
v 9.92 0 0.88 1 1 1 1
v 10.24 0 1.2 1 1 1 1
v 10.24 0 1.2 1 1 1 1
v 10.56 0 0.88 1 1 1 1
v 10.24 0 0.88 1 1 1 1
v 10.56 0 1.2 1 1 1 1
v 10.56 0 1.2 1 1 1 1
v 10.88 0 0.88 1 1 1 1
v 10.56 0 0.88 1 1 1 1
v 10.88 0 1.2 1 1 1 1
v 10.88 0 1.2 1 1 1 1
v 11.200000000000001 0 0.88 1 1 1 1
v 10.88 0 0.88 1 1 1 1
v 11.200000000000001 0 1.2 1 1 1 1
v 11.200000000000001 0 1.2 1 1 1 1
v 11.52 0 0.88 1 1 1 1
v 11.200000000000001 0 0.88 1 1 1 1
v 11.52 0 1.2 1 1 1 1
v 11.52 0 1.2 1 1 1 1
v 11.84 0 0.88 1 1 1 1
v 11.52 0 0.88 1 1 1 1
v 11.84 0 1.2 1 1 1 1
v 6.72 0 1.52 1 1 1 1
v 7.04 0 1.2 1 1 1 1
v 6.72 0 1.2 1 1 1 1
v 7.04 0 1.52 1 1 1 1
v 7.04 0 1.52 1 1 1 1
v 7.36 0 1.2 1 1 1 1
v 7.04 0 1.2 1 1 1 1
v 7.36 0 1.52 1 1 1 1
v 7.36 0 1.52 1 1 1 1
v 7.68 0 1.2 1 1 1 1
v 7.36 0 1.2 1 1 1 1
v 7.68 0 1.52 1 1 1 1
v 7.68 0 1.52 1 1 1 1
v 8 0 1.2 1 1 1 1
v 7.68 0 1.2 1 1 1 1
v 8 0 1.52 1 1 1 1
v 8.32 0 1.52 1 1 1 1
v 8.64 0 1.2 1 1 1 1
v 8.32 0 1.2 1 1 1 1
v 8.64 0 1.52 1 1 1 1
v 8.64 0 1.52 1 1 1 1
v 8.96 0 1.2 1 1 1 1
v 8.64 0 1.2 1 1 1 1
v 8.96 0 1.52 1 1 1 1
v 8.96 0 1.52 1 1 1 1
v 9.28 0 1.2 1 1 1 1
v 8.96 0 1.2 1 1 1 1
v 9.28 0 1.52 1 1 1 1
v 9.28 0 1.52 1 1 1 1
v 9.6 0 1.2 1 1 1 1
v 9.28 0 1.2 1 1 1 1
v 9.6 0 1.52 1 1 1 1
v 9.6 0 1.52 1 1 1 1
v 9.92 0 1.2 1 1 1 1
v 9.6 0 1.2 1 1 1 1
v 9.92 0 1.52 1 1 1 1
v 9.92 0 1.52 1 1 1 1
v 10.24 0 1.2 1 1 1 1
v 9.92 0 1.2 1 1 1 1
v 10.24 0 1.52 1 1 1 1
v 8 0 1.52 1 1 1 1
v 8.32 0 1.2 1 1 1 1
v 8 0 1.2 1 1 1 1
v 8.32 0 1.52 1 1 1 1
v 10.56 0 1.52 1 1 1 1
v 10.88 0 1.2 1 1 1 1
v 10.56 0 1.2 1 1 1 1
v 10.88 0 1.52 1 1 1 1
v 10.88 0 1.52 1 1 1 1
v 11.200000000000001 0 1.2 1 1 1 1
v 10.88 0 1.2 1 1 1 1
v 11.200000000000001 0 1.52 1 1 1 1
v 11.200000000000001 0 1.52 1 1 1 1
v 11.52 0 1.2 1 1 1 1
v 11.200000000000001 0 1.2 1 1 1 1
v 11.52 0 1.52 1 1 1 1
v 11.52 0 1.52 1 1 1 1
v 11.84 0 1.2 1 1 1 1
v 11.52 0 1.2 1 1 1 1
v 11.84 0 1.52 1 1 1 1
v -7.04 0 1.52 1 1 1 1
v -6.72 0 1.2 1 1 1 1
v -7.04 0 1.2 1 1 1 1
v -6.72 0 1.52 1 1 1 1
v -10.56 0 1.84 1 1 1 1
v -10.24 0 1.52 1 1 1 1
v -10.56 0 1.52 1 1 1 1
v -10.24 0 1.84 1 1 1 1
v -10.24 0 1.84 1 1 1 1
v -9.92 0 1.52 1 1 1 1
v -10.24 0 1.52 1 1 1 1
v -9.92 0 1.84 1 1 1 1
v -9.92 0 1.84 1 1 1 1
v -9.6 0 1.52 1 1 1 1
v -9.92 0 1.52 1 1 1 1
v -9.6 0 1.84 1 1 1 1
v -9.6 0 1.84 1 1 1 1
v -9.28 0 1.52 1 1 1 1
v -9.6 0 1.52 1 1 1 1
v -9.28 0 1.84 1 1 1 1
v -9.28 0 1.84 1 1 1 1
v -8.96 0 1.52 1 1 1 1
v -9.28 0 1.52 1 1 1 1
v -8.96 0 1.84 1 1 1 1
v -8.96 0 1.84 1 1 1 1
v -8.64 0 1.52 1 1 1 1
v -8.96 0 1.52 1 1 1 1
v -8.64 0 1.84 1 1 1 1
v -8.64 0 1.84 1 1 1 1
v -8.32 0 1.52 1 1 1 1
v -8.64 0 1.52 1 1 1 1
v -8.32 0 1.84 1 1 1 1
v -6.72 0 3.44 1 1 1 1
v -6.4 0 3.12 1 1 1 1
v -6.72 0 3.12 1 1 1 1
v -6.4 0 3.44 1 1 1 1
v -6.4 0 3.44 1 1 1 1
v -6.08 0 3.12 1 1 1 1
v -6.4 0 3.12 1 1 1 1
v -6.08 0 3.44 1 1 1 1
v -6.08 0 3.44 1 1 1 1
v -5.76 0 3.12 1 1 1 1
v -6.08 0 3.12 1 1 1 1
v -5.76 0 3.44 1 1 1 1
v -8.32 0 1.84 1 1 1 1
v -8 0 1.52 1 1 1 1
v -8.32 0 1.52 1 1 1 1
v -8 0 1.84 1 1 1 1
v -8 0 1.84 1 1 1 1
v -7.68 0 1.52 1 1 1 1
v -8 0 1.52 1 1 1 1
v -7.68 0 1.84 1 1 1 1
v -7.68 0 1.84 1 1 1 1
v -7.36 0 1.52 1 1 1 1
v -7.68 0 1.52 1 1 1 1
v -7.36 0 1.84 1 1 1 1
v -7.36 0 1.84 1 1 1 1
v -7.04 0 1.52 1 1 1 1
v -7.36 0 1.52 1 1 1 1
v -7.04 0 1.84 1 1 1 1
v -7.04 0 1.84 1 1 1 1
v -6.72 0 1.52 1 1 1 1
v -7.04 0 1.52 1 1 1 1
v -6.72 0 1.84 1 1 1 1
v -6.72 0 1.84 1 1 1 1
v -6.4 0 1.52 1 1 1 1
v -6.72 0 1.52 1 1 1 1
v -6.4 0 1.84 1 1 1 1
v -8.32 0 0.88 1 1 1 1
v -8 0 0.56 1 1 1 1
v -8.32 0 0.56 1 1 1 1
v -8 0 0.88 1 1 1 1
v -6.4 0 1.84 1 1 1 1
v -6.08 0 1.52 1 1 1 1
v -6.4 0 1.52 1 1 1 1
v -6.08 0 1.84 1 1 1 1
v -6.08 0 1.84 1 1 1 1
v -5.76 0 1.52 1 1 1 1
v -6.08 0 1.52 1 1 1 1
v -5.76 0 1.84 1 1 1 1
v -5.76 0 1.84 1 1 1 1
v -5.44 0 1.52 1 1 1 1
v -5.76 0 1.52 1 1 1 1
v -5.44 0 1.84 1 1 1 1
v -10.56 0 2.16 1 1 1 1
v -10.24 0 1.84 1 1 1 1
v -10.56 0 1.84 1 1 1 1
v -10.24 0 2.16 1 1 1 1
v -10.24 0 2.16 1 1 1 1
v -9.92 0 1.84 1 1 1 1
v -10.24 0 1.84 1 1 1 1
v -9.92 0 2.16 1 1 1 1
v -9.92 0 2.16 1 1 1 1
v -9.6 0 1.84 1 1 1 1
v -9.92 0 1.84 1 1 1 1
v -9.6 0 2.16 1 1 1 1
v -9.6 0 2.16 1 1 1 1
v -9.28 0 1.84 1 1 1 1
v -9.6 0 1.84 1 1 1 1
v -9.28 0 2.16 1 1 1 1
v -9.28 0 2.16 1 1 1 1
v -8.96 0 1.84 1 1 1 1
v -9.28 0 1.84 1 1 1 1
v -8.96 0 2.16 1 1 1 1
v -8 0 0.88 1 1 1 1
v -7.68 0 0.56 1 1 1 1
v -8 0 0.56 1 1 1 1
v -7.68 0 0.88 1 1 1 1
v -8.96 0 2.16 1 1 1 1
v -8.64 0 1.84 1 1 1 1
v -8.96 0 1.84 1 1 1 1
v -8.64 0 2.16 1 1 1 1
v -8.64 0 2.16 1 1 1 1
v -8.32 0 1.84 1 1 1 1
v -8.64 0 1.84 1 1 1 1
v -8.32 0 2.16 1 1 1 1
v -8.32 0 2.16 1 1 1 1
v -8 0 1.84 1 1 1 1
v -8.32 0 1.84 1 1 1 1
v -8 0 2.16 1 1 1 1
v -8 0 2.16 1 1 1 1
v -7.68 0 1.84 1 1 1 1
v -8 0 1.84 1 1 1 1
v -7.68 0 2.16 1 1 1 1
v -7.68 0 0.88 1 1 1 1
v -7.36 0 0.56 1 1 1 1
v -7.68 0 0.56 1 1 1 1
v -7.36 0 0.88 1 1 1 1
v -7.36 0 0.88 1 1 1 1
v -7.04 0 0.56 1 1 1 1
v -7.36 0 0.56 1 1 1 1
v -7.04 0 0.88 1 1 1 1
v -7.68 0 2.16 1 1 1 1
v -7.36 0 1.84 1 1 1 1
v -7.68 0 1.84 1 1 1 1
v -7.36 0 2.16 1 1 1 1
v -7.36 0 2.16 1 1 1 1
v -7.04 0 1.84 1 1 1 1
v -7.36 0 1.84 1 1 1 1
v -7.04 0 2.16 1 1 1 1
v -7.04 0 2.16 1 1 1 1
v -6.72 0 1.84 1 1 1 1
v -7.04 0 1.84 1 1 1 1
v -6.72 0 2.16 1 1 1 1
v -6.72 0 2.16 1 1 1 1
v -6.4 0 1.84 1 1 1 1
v -6.72 0 1.84 1 1 1 1
v -6.4 0 2.16 1 1 1 1
v -6.4 0 2.16 1 1 1 1
v -6.08 0 1.84 1 1 1 1
v -6.4 0 1.84 1 1 1 1
v -6.08 0 2.16 1 1 1 1
v -6.08 0 2.16 1 1 1 1
v -5.76 0 1.84 1 1 1 1
v -6.08 0 1.84 1 1 1 1
v -5.76 0 2.16 1 1 1 1
v -5.76 0 2.16 1 1 1 1
v -5.44 0 1.84 1 1 1 1
v -5.76 0 1.84 1 1 1 1
v -5.44 0 2.16 1 1 1 1
v -10.56 0 2.48 1 1 1 1
v -10.24 0 2.16 1 1 1 1
v -10.56 0 2.16 1 1 1 1
v -10.24 0 2.48 1 1 1 1
v -10.24 0 2.48 1 1 1 1
v -9.92 0 2.16 1 1 1 1
v -10.24 0 2.16 1 1 1 1
v -9.92 0 2.48 1 1 1 1
v -9.6 0 2.48 1 1 1 1
v -9.28 0 2.16 1 1 1 1
v -9.6 0 2.16 1 1 1 1
v -9.28 0 2.48 1 1 1 1
v -9.28 0 2.48 1 1 1 1
v -8.96 0 2.16 1 1 1 1
v -9.28 0 2.16 1 1 1 1
v -8.96 0 2.48 1 1 1 1
v -8.96 0 2.48 1 1 1 1
v -8.64 0 2.16 1 1 1 1
v -8.96 0 2.16 1 1 1 1
v -8.64 0 2.48 1 1 1 1
v -8.64 0 2.48 1 1 1 1
v -8.32 0 2.16 1 1 1 1
v -8.64 0 2.16 1 1 1 1
v -8.32 0 2.48 1 1 1 1
v -8.32 0 2.48 1 1 1 1
v -8 0 2.16 1 1 1 1
v -8.32 0 2.16 1 1 1 1
v -8 0 2.48 1 1 1 1
v -8 0 2.48 1 1 1 1
v -7.68 0 2.16 1 1 1 1
v -8 0 2.16 1 1 1 1
v -7.68 0 2.48 1 1 1 1
v -7.68 0 2.48 1 1 1 1
v -7.36 0 2.16 1 1 1 1
v -7.68 0 2.16 1 1 1 1
v -7.36 0 2.48 1 1 1 1
v -9.92 0 2.48 1 1 1 1
v -9.6 0 2.16 1 1 1 1
v -9.92 0 2.16 1 1 1 1
v -9.6 0 2.48 1 1 1 1
v -7.04 0 2.48 1 1 1 1
v -6.72 0 2.16 1 1 1 1
v -7.04 0 2.16 1 1 1 1
v -6.72 0 2.48 1 1 1 1
v -6.4 0 2.48 1 1 1 1
v -6.08 0 2.16 1 1 1 1
v -6.4 0 2.16 1 1 1 1
v -6.08 0 2.48 1 1 1 1
v -6.08 0 2.48 1 1 1 1
v -5.76 0 2.16 1 1 1 1
v -6.08 0 2.16 1 1 1 1
v -5.76 0 2.48 1 1 1 1
v -5.76 0 3.44 1 1 1 1
v -5.44 0 3.12 1 1 1 1
v -5.76 0 3.12 1 1 1 1
v -5.44 0 3.44 1 1 1 1
v -5.76 0 2.48 1 1 1 1
v -5.44 0 2.16 1 1 1 1
v -5.76 0 2.16 1 1 1 1
v -5.44 0 2.48 1 1 1 1
v -7.36 0 2.48 1 1 1 1
v -7.04 0 2.16 1 1 1 1
v -7.36 0 2.16 1 1 1 1
v -7.04 0 2.48 1 1 1 1
v -6.72 0 2.48 1 1 1 1
v -6.4 0 2.16 1 1 1 1
v -6.72 0 2.16 1 1 1 1
v -6.4 0 2.48 1 1 1 1
v -10.56 0 2.8000000000000003 1 1 1 1
v -10.24 0 2.48 1 1 1 1
v -10.56 0 2.48 1 1 1 1
v -10.24 0 2.8000000000000003 1 1 1 1
v -10.56 0 0.88 1 1 1 1
v -10.24 0 0.56 1 1 1 1
v -10.56 0 0.56 1 1 1 1
v -10.24 0 0.88 1 1 1 1
v -10.24 0 2.8000000000000003 1 1 1 1
v -9.92 0 2.48 1 1 1 1
v -10.24 0 2.48 1 1 1 1
v -9.92 0 2.8000000000000003 1 1 1 1
v -9.6 0 2.8000000000000003 1 1 1 1
v -9.28 0 2.48 1 1 1 1
v -9.6 0 2.48 1 1 1 1
v -9.28 0 2.8000000000000003 1 1 1 1
v -9.28 0 2.8000000000000003 1 1 1 1
v -8.96 0 2.48 1 1 1 1
v -9.28 0 2.48 1 1 1 1
v -8.96 0 2.8000000000000003 1 1 1 1
v -8.64 0 2.8000000000000003 1 1 1 1
v -8.32 0 2.48 1 1 1 1
v -8.64 0 2.48 1 1 1 1
v -8.32 0 2.8000000000000003 1 1 1 1
v -8 0 2.8000000000000003 1 1 1 1
v -7.68 0 2.48 1 1 1 1
v -8 0 2.48 1 1 1 1
v -7.68 0 2.8000000000000003 1 1 1 1
v -7.68 0 2.8000000000000003 1 1 1 1
v -7.36 0 2.48 1 1 1 1
v -7.68 0 2.48 1 1 1 1
v -7.36 0 2.8000000000000003 1 1 1 1
v -7.04 0 2.8000000000000003 1 1 1 1
v -6.72 0 2.48 1 1 1 1
v -7.04 0 2.48 1 1 1 1
v -6.72 0 2.8000000000000003 1 1 1 1
v -6.72 0 2.8000000000000003 1 1 1 1
v -6.4 0 2.48 1 1 1 1
v -6.72 0 2.48 1 1 1 1
v -6.4 0 2.8000000000000003 1 1 1 1
v -6.4 0 2.8000000000000003 1 1 1 1
v -6.08 0 2.48 1 1 1 1
v -6.4 0 2.48 1 1 1 1
v -6.08 0 2.8000000000000003 1 1 1 1
v -8.32 0 2.8000000000000003 1 1 1 1
v -8 0 2.48 1 1 1 1
v -8.32 0 2.48 1 1 1 1
v -8 0 2.8000000000000003 1 1 1 1
v -8.96 0 2.8000000000000003 1 1 1 1
v -8.64 0 2.48 1 1 1 1
v -8.96 0 2.48 1 1 1 1
v -8.64 0 2.8000000000000003 1 1 1 1
v -9.92 0 2.8000000000000003 1 1 1 1
v -9.6 0 2.48 1 1 1 1
v -9.92 0 2.48 1 1 1 1
v -9.6 0 2.8000000000000003 1 1 1 1
v -7.36 0 2.8000000000000003 1 1 1 1
v -7.04 0 2.48 1 1 1 1
v -7.36 0 2.48 1 1 1 1
v -7.04 0 2.8000000000000003 1 1 1 1
v -6.08 0 2.8000000000000003 1 1 1 1
v -5.76 0 2.48 1 1 1 1
v -6.08 0 2.48 1 1 1 1
v -5.76 0 2.8000000000000003 1 1 1 1
v -5.76 0 2.8000000000000003 1 1 1 1
v -5.44 0 2.48 1 1 1 1
v -5.76 0 2.48 1 1 1 1
v -5.44 0 2.8000000000000003 1 1 1 1
v -10.56 0 3.12 1 1 1 1
v -10.24 0 2.8000000000000003 1 1 1 1
v -10.56 0 2.8000000000000003 1 1 1 1
v -10.24 0 3.12 1 1 1 1
v -9.92 0 3.12 1 1 1 1
v -9.6 0 2.8000000000000003 1 1 1 1
v -9.92 0 2.8000000000000003 1 1 1 1
v -9.6 0 3.12 1 1 1 1
v -9.28 0 3.12 1 1 1 1
v -8.96 0 2.8000000000000003 1 1 1 1
v -9.28 0 2.8000000000000003 1 1 1 1
v -8.96 0 3.12 1 1 1 1
v -8.96 0 3.12 1 1 1 1
v -8.64 0 2.8000000000000003 1 1 1 1
v -8.96 0 2.8000000000000003 1 1 1 1
v -8.64 0 3.12 1 1 1 1
v -8.64 0 3.12 1 1 1 1
v -8.32 0 2.8000000000000003 1 1 1 1
v -8.64 0 2.8000000000000003 1 1 1 1
v -8.32 0 3.12 1 1 1 1
v -8.32 0 3.12 1 1 1 1
v -8 0 2.8000000000000003 1 1 1 1
v -8.32 0 2.8000000000000003 1 1 1 1
v -8 0 3.12 1 1 1 1
v -8 0 3.12 1 1 1 1
v -7.68 0 2.8000000000000003 1 1 1 1
v -8 0 2.8000000000000003 1 1 1 1
v -7.68 0 3.12 1 1 1 1
v -7.68 0 3.12 1 1 1 1
v -7.36 0 2.8000000000000003 1 1 1 1
v -7.68 0 2.8000000000000003 1 1 1 1
v -7.36 0 3.12 1 1 1 1
v -9.6 0 3.12 1 1 1 1
v -9.28 0 2.8000000000000003 1 1 1 1
v -9.6 0 2.8000000000000003 1 1 1 1
v -9.28 0 3.12 1 1 1 1
v -10.24 0 3.12 1 1 1 1
v -9.92 0 2.8000000000000003 1 1 1 1
v -10.24 0 2.8000000000000003 1 1 1 1
v -9.92 0 3.12 1 1 1 1
v -7.04 0 3.12 1 1 1 1
v -6.72 0 2.8000000000000003 1 1 1 1
v -7.04 0 2.8000000000000003 1 1 1 1
v -6.72 0 3.12 1 1 1 1
v -6.72 0 3.12 1 1 1 1
v -6.4 0 2.8000000000000003 1 1 1 1
v -6.72 0 2.8000000000000003 1 1 1 1
v -6.4 0 3.12 1 1 1 1
v -6.4 0 3.12 1 1 1 1
v -6.08 0 2.8000000000000003 1 1 1 1
v -6.4 0 2.8000000000000003 1 1 1 1
v -6.08 0 3.12 1 1 1 1
v -6.08 0 3.12 1 1 1 1
v -5.76 0 2.8000000000000003 1 1 1 1
v -6.08 0 2.8000000000000003 1 1 1 1
v -5.76 0 3.12 1 1 1 1
v -5.76 0 3.12 1 1 1 1
v -5.44 0 2.8000000000000003 1 1 1 1
v -5.76 0 2.8000000000000003 1 1 1 1
v -5.44 0 3.12 1 1 1 1
v -7.36 0 3.12 1 1 1 1
v -7.04 0 2.8000000000000003 1 1 1 1
v -7.36 0 2.8000000000000003 1 1 1 1
v -7.04 0 3.12 1 1 1 1
v -10.24 0 0.88 1 1 1 1
v -9.92 0 0.56 1 1 1 1
v -10.24 0 0.56 1 1 1 1
v -9.92 0 0.88 1 1 1 1
v -9.92 0 0.88 1 1 1 1
v -9.6 0 0.56 1 1 1 1
v -9.92 0 0.56 1 1 1 1
v -9.6 0 0.88 1 1 1 1
v -10.56 0 3.44 1 1 1 1
v -10.24 0 3.12 1 1 1 1
v -10.56 0 3.12 1 1 1 1
v -10.24 0 3.44 1 1 1 1
v -10.24 0 3.44 1 1 1 1
v -9.92 0 3.12 1 1 1 1
v -10.24 0 3.12 1 1 1 1
v -9.92 0 3.44 1 1 1 1
v -9.6 0 3.44 1 1 1 1
v -9.28 0 3.12 1 1 1 1
v -9.6 0 3.12 1 1 1 1
v -9.28 0 3.44 1 1 1 1
v -9.28 0 3.44 1 1 1 1
v -8.96 0 3.12 1 1 1 1
v -9.28 0 3.12 1 1 1 1
v -8.96 0 3.44 1 1 1 1
v -8.96 0 3.44 1 1 1 1
v -8.64 0 3.12 1 1 1 1
v -8.96 0 3.12 1 1 1 1
v -8.64 0 3.44 1 1 1 1
v -8.64 0 3.44 1 1 1 1
v -8.32 0 3.12 1 1 1 1
v -8.64 0 3.12 1 1 1 1
v -8.32 0 3.44 1 1 1 1
v -8.32 0 3.44 1 1 1 1
v -8 0 3.12 1 1 1 1
v -8.32 0 3.12 1 1 1 1
v -8 0 3.44 1 1 1 1
v -9.92 0 3.44 1 1 1 1
v -9.6 0 3.12 1 1 1 1
v -9.92 0 3.12 1 1 1 1
v -9.6 0 3.44 1 1 1 1
v -8 0 3.44 1 1 1 1
v -7.68 0 3.12 1 1 1 1
v -8 0 3.12 1 1 1 1
v -7.68 0 3.44 1 1 1 1
v -7.68 0 3.44 1 1 1 1
v -7.36 0 3.12 1 1 1 1
v -7.68 0 3.12 1 1 1 1
v -7.36 0 3.44 1 1 1 1
v -7.36 0 3.44 1 1 1 1
v -7.04 0 3.12 1 1 1 1
v -7.36 0 3.12 1 1 1 1
v -7.04 0 3.44 1 1 1 1
v -7.04 0 0.88 1 1 1 1
v -6.72 0 0.56 1 1 1 1
v -7.04 0 0.56 1 1 1 1
v -6.72 0 0.88 1 1 1 1
v -6.72 0 0.88 1 1 1 1
v -6.4 0 0.56 1 1 1 1
v -6.72 0 0.56 1 1 1 1
v -6.4 0 0.88 1 1 1 1
v -6.4 0 0.88 1 1 1 1
v -6.08 0 0.56 1 1 1 1
v -6.4 0 0.56 1 1 1 1
v -6.08 0 0.88 1 1 1 1
v -6.08 0 0.88 1 1 1 1
v -5.76 0 0.56 1 1 1 1
v -6.08 0 0.56 1 1 1 1
v -5.76 0 0.88 1 1 1 1
v -5.76 0 0.88 1 1 1 1
v -5.44 0 0.56 1 1 1 1
v -5.76 0 0.56 1 1 1 1
v -5.44 0 0.88 1 1 1 1
v -7.04 0 3.44 1 1 1 1
v -6.72 0 3.12 1 1 1 1
v -7.04 0 3.12 1 1 1 1
v -6.72 0 3.44 1 1 1 1
v -9.6 0 0.88 1 1 1 1
v -9.28 0 0.56 1 1 1 1
v -9.6 0 0.56 1 1 1 1
v -9.28 0 0.88 1 1 1 1
v -9.28 0 0.88 1 1 1 1
v -8.96 0 0.56 1 1 1 1
v -9.28 0 0.56 1 1 1 1
v -8.96 0 0.88 1 1 1 1
v -8.96 0 0.88 1 1 1 1
v -8.64 0 0.56 1 1 1 1
v -8.96 0 0.56 1 1 1 1
v -8.64 0 0.88 1 1 1 1
v -8.64 0 0.88 1 1 1 1
v -8.32 0 0.56 1 1 1 1
v -8.64 0 0.56 1 1 1 1
v -8.32 0 0.88 1 1 1 1
v -10.56 0 1.2 1 1 1 1
v -10.24 0 0.88 1 1 1 1
v -10.56 0 0.88 1 1 1 1
v -10.24 0 1.2 1 1 1 1
v -10.24 0 1.2 1 1 1 1
v -9.92 0 0.88 1 1 1 1
v -10.24 0 0.88 1 1 1 1
v -9.92 0 1.2 1 1 1 1
v -9.92 0 1.2 1 1 1 1
v -9.6 0 0.88 1 1 1 1
v -9.92 0 0.88 1 1 1 1
v -9.6 0 1.2 1 1 1 1
v -9.6 0 1.2 1 1 1 1
v -9.28 0 0.88 1 1 1 1
v -9.6 0 0.88 1 1 1 1
v -9.28 0 1.2 1 1 1 1
v -9.28 0 1.2 1 1 1 1
v -8.96 0 0.88 1 1 1 1
v -9.28 0 0.88 1 1 1 1
v -8.96 0 1.2 1 1 1 1
v -8.96 0 1.2 1 1 1 1
v -8.64 0 0.88 1 1 1 1
v -8.96 0 0.88 1 1 1 1
v -8.64 0 1.2 1 1 1 1
v -8.64 0 1.2 1 1 1 1
v -8.32 0 0.88 1 1 1 1
v -8.64 0 0.88 1 1 1 1
v -8.32 0 1.2 1 1 1 1
v -8.32 0 1.2 1 1 1 1
v -8 0 0.88 1 1 1 1
v -8.32 0 0.88 1 1 1 1
v -8 0 1.2 1 1 1 1
v -8 0 1.2 1 1 1 1
v -7.68 0 0.88 1 1 1 1
v -8 0 0.88 1 1 1 1
v -7.68 0 1.2 1 1 1 1
v -7.68 0 1.2 1 1 1 1
v -7.36 0 0.88 1 1 1 1
v -7.68 0 0.88 1 1 1 1
v -7.36 0 1.2 1 1 1 1
v -7.36 0 1.2 1 1 1 1
v -7.04 0 0.88 1 1 1 1
v -7.36 0 0.88 1 1 1 1
v -7.04 0 1.2 1 1 1 1
v -7.04 0 1.2 1 1 1 1
v -6.72 0 0.88 1 1 1 1
v -7.04 0 0.88 1 1 1 1
v -6.72 0 1.2 1 1 1 1
v -6.72 0 1.2 1 1 1 1
v -6.4 0 0.88 1 1 1 1
v -6.72 0 0.88 1 1 1 1
v -6.4 0 1.2 1 1 1 1
v -6.4 0 1.2 1 1 1 1
v -6.08 0 0.88 1 1 1 1
v -6.4 0 0.88 1 1 1 1
v -6.08 0 1.2 1 1 1 1
v -6.08 0 1.2 1 1 1 1
v -5.76 0 0.88 1 1 1 1
v -6.08 0 0.88 1 1 1 1
v -5.76 0 1.2 1 1 1 1
v -5.76 0 1.2 1 1 1 1
v -5.44 0 0.88 1 1 1 1
v -5.76 0 0.88 1 1 1 1
v -5.44 0 1.2 1 1 1 1
v -10.56 0 1.52 1 1 1 1
v -10.24 0 1.2 1 1 1 1
v -10.56 0 1.2 1 1 1 1
v -10.24 0 1.52 1 1 1 1
v -10.24 0 1.52 1 1 1 1
v -9.92 0 1.2 1 1 1 1
v -10.24 0 1.2 1 1 1 1
v -9.92 0 1.52 1 1 1 1
v -9.92 0 1.52 1 1 1 1
v -9.6 0 1.2 1 1 1 1
v -9.92 0 1.2 1 1 1 1
v -9.6 0 1.52 1 1 1 1
v -9.6 0 1.52 1 1 1 1
v -9.28 0 1.2 1 1 1 1
v -9.6 0 1.2 1 1 1 1
v -9.28 0 1.52 1 1 1 1
v -8.96 0 1.52 1 1 1 1
v -8.64 0 1.2 1 1 1 1
v -8.96 0 1.2 1 1 1 1
v -8.64 0 1.52 1 1 1 1
v -8.64 0 1.52 1 1 1 1
v -8.32 0 1.2 1 1 1 1
v -8.64 0 1.2 1 1 1 1
v -8.32 0 1.52 1 1 1 1
v -8.32 0 1.52 1 1 1 1
v -8 0 1.2 1 1 1 1
v -8.32 0 1.2 1 1 1 1
v -8 0 1.52 1 1 1 1
v -8 0 1.52 1 1 1 1
v -7.68 0 1.2 1 1 1 1
v -8 0 1.2 1 1 1 1
v -7.68 0 1.52 1 1 1 1
v -7.68 0 1.52 1 1 1 1
v -7.36 0 1.2 1 1 1 1
v -7.68 0 1.2 1 1 1 1
v -7.36 0 1.52 1 1 1 1
v -7.36 0 1.52 1 1 1 1
v -7.04 0 1.2 1 1 1 1
v -7.36 0 1.2 1 1 1 1
v -7.04 0 1.52 1 1 1 1
v -9.28 0 1.52 1 1 1 1
v -8.96 0 1.2 1 1 1 1
v -9.28 0 1.2 1 1 1 1
v -8.96 0 1.52 1 1 1 1
v -6.72 0 1.52 1 1 1 1
v -6.4 0 1.2 1 1 1 1
v -6.72 0 1.2 1 1 1 1
v -6.4 0 1.52 1 1 1 1
v -6.4 0 1.52 1 1 1 1
v -6.08 0 1.2 1 1 1 1
v -6.4 0 1.2 1 1 1 1
v -6.08 0 1.52 1 1 1 1
v -6.08 0 1.52 1 1 1 1
v -5.76 0 1.2 1 1 1 1
v -6.08 0 1.2 1 1 1 1
v -5.76 0 1.52 1 1 1 1
v -5.76 0 1.52 1 1 1 1
v -5.44 0 1.2 1 1 1 1
v -5.76 0 1.2 1 1 1 1
v -5.44 0 1.52 1 1 1 1
v 0.96 0 3.44 1 1 1 1
v 1.28 0 3.2800000000000002 1 1 1 1
v 0.96 0 3.2800000000000002 1 1 1 1
v 1.28 0 3.44 1 1 1 1
v 0.64 0 3.44 1 1 1 1
v 0.96 0 3.2800000000000002 1 1 1 1
v 0.64 0 3.2800000000000002 1 1 1 1
v 0.96 0 3.44 1 1 1 1
v 0.32 0 3.44 1 1 1 1
v 0.64 0 3.2800000000000002 1 1 1 1
v 0.32 0 3.2800000000000002 1 1 1 1
v 0.64 0 3.44 1 1 1 1
v 0 0 3.44 1 1 1 1
v 0.32 0 3.2800000000000002 1 1 1 1
v 0 0 3.2800000000000002 1 1 1 1
v 0.32 0 3.44 1 1 1 1
v 0.64 0 0.88 1 1 1 1
v 0.96 0 0.4 1 1 1 1
v 0.64 0 0.4 1 1 1 1
v 0.96 0 0.88 1 1 1 1
v 0.64 0 3.2800000000000002 1 1 1 1
v 0.96 0 2.8000000000000003 1 1 1 1
v 0.64 0 2.8000000000000003 1 1 1 1
v 0.96 0 3.2800000000000002 1 1 1 1
v 0.32 0 3.2800000000000002 1 1 1 1
v 0.64 0 2.8000000000000003 1 1 1 1
v 0.32 0 2.8000000000000003 1 1 1 1
v 0.64 0 3.2800000000000002 1 1 1 1
v 0.32 0 2.32 1 1 1 1
v 0.64 0 1.84 1 1 1 1
v 0.32 0 1.84 1 1 1 1
v 0.64 0 2.32 1 1 1 1
v 0.32 0 2.8000000000000003 1 1 1 1
v 0.64 0 2.32 1 1 1 1
v 0.32 0 2.32 1 1 1 1
v 0.64 0 2.8000000000000003 1 1 1 1
v 0.64 0 2.8000000000000003 1 1 1 1
v 0.96 0 2.32 1 1 1 1
v 0.64 0 2.32 1 1 1 1
v 0.96 0 2.8000000000000003 1 1 1 1
v 0.64 0 2.32 1 1 1 1
v 0.96 0 1.84 1 1 1 1
v 0.64 0 1.84 1 1 1 1
v 0.96 0 2.32 1 1 1 1
v 0.64 0 1.84 1 1 1 1
v 0.96 0 1.36 1 1 1 1
v 0.64 0 1.36 1 1 1 1
v 0.96 0 1.84 1 1 1 1
v 0.32 0 1.84 1 1 1 1
v 0.64 0 1.36 1 1 1 1
v 0.32 0 1.36 1 1 1 1
v 0.64 0 1.84 1 1 1 1
v 0.32 0 1.36 1 1 1 1
v 0.64 0 0.88 1 1 1 1
v 0.32 0 0.88 1 1 1 1
v 0.64 0 1.36 1 1 1 1
v 0.32 0 0.88 1 1 1 1
v 0.64 0 0.4 1 1 1 1
v 0.32 0 0.4 1 1 1 1
v 0.64 0 0.88 1 1 1 1
v 0.32 0 0.4 1 1 1 1
v 0.64 0 -0.08 1 1 1 1
v 0.32 0 -0.08 1 1 1 1
v 0.64 0 0.4 1 1 1 1
v 0.64 0 0.4 1 1 1 1
v 0.96 0 -0.08 1 1 1 1
v 0.64 0 -0.08 1 1 1 1
v 0.96 0 0.4 1 1 1 1
v 0.96 0 3.2800000000000002 1 1 1 1
v 1.28 0 2.8000000000000003 1 1 1 1
v 0.96 0 2.8000000000000003 1 1 1 1
v 1.28 0 3.2800000000000002 1 1 1 1
v 0.96 0 2.8000000000000003 1 1 1 1
v 1.28 0 2.32 1 1 1 1
v 0.96 0 2.32 1 1 1 1
v 1.28 0 2.8000000000000003 1 1 1 1
v 0.96 0 2.32 1 1 1 1
v 1.28 0 1.84 1 1 1 1
v 0.96 0 1.84 1 1 1 1
v 1.28 0 2.32 1 1 1 1
v 0.96 0 1.84 1 1 1 1
v 1.28 0 1.36 1 1 1 1
v 0.96 0 1.36 1 1 1 1
v 1.28 0 1.84 1 1 1 1
v 0.96 0 1.36 1 1 1 1
v 1.28 0 0.88 1 1 1 1
v 0.96 0 0.88 1 1 1 1
v 1.28 0 1.36 1 1 1 1
v 0.96 0 0.88 1 1 1 1
v 1.28 0 0.4 1 1 1 1
v 0.96 0 0.4 1 1 1 1
v 1.28 0 0.88 1 1 1 1
v 0.96 0 0.4 1 1 1 1
v 1.28 0 -0.08 1 1 1 1
v 0.96 0 -0.08 1 1 1 1
v 1.28 0 0.4 1 1 1 1
v 0.64 0 1.36 1 1 1 1
v 0.96 0 0.88 1 1 1 1
v 0.64 0 0.88 1 1 1 1
v 0.96 0 1.36 1 1 1 1
v 0 0 3.2800000000000002 1 1 1 1
v 0.32 0 2.8000000000000003 1 1 1 1
v 0 0 2.8000000000000003 1 1 1 1
v 0.32 0 3.2800000000000002 1 1 1 1
v 0 0 2.8000000000000003 1 1 1 1
v 0.32 0 2.32 1 1 1 1
v 0 0 2.32 1 1 1 1
v 0.32 0 2.8000000000000003 1 1 1 1
v 0 0 2.32 1 1 1 1
v 0.32 0 1.84 1 1 1 1
v 0 0 1.84 1 1 1 1
v 0.32 0 2.32 1 1 1 1
v 0 0 1.84 1 1 1 1
v 0.32 0 1.36 1 1 1 1
v 0 0 1.36 1 1 1 1
v 0.32 0 1.84 1 1 1 1
v 0 0 1.36 1 1 1 1
v 0.32 0 0.88 1 1 1 1
v 0 0 0.88 1 1 1 1
v 0.32 0 1.36 1 1 1 1
v 0 0 0.88 1 1 1 1
v 0.32 0 0.4 1 1 1 1
v 0 0 0.4 1 1 1 1
v 0.32 0 0.88 1 1 1 1
v 0 0 0.4 1 1 1 1
v 0.32 0 -0.08 1 1 1 1
v 0 0 -0.08 1 1 1 1
v 0.32 0 0.4 1 1 1 1
v 10.870000000000001 0 -1.03 1 1 1 1
v 11.51 0 -0.07 1 1 1 1
v 11.51 0 -1.03 1 1 1 1
v 10.870000000000001 0 -0.07 1 1 1 1
v 10.870000000000001 0 -1.99 1 1 1 1
v 11.51 0 -1.03 1 1 1 1
v 11.51 0 -1.99 1 1 1 1
v 10.870000000000001 0 -1.03 1 1 1 1
v 10.870000000000001 0 -2.95 1 1 1 1
v 11.51 0 -1.99 1 1 1 1
v 11.51 0 -2.95 1 1 1 1
v 10.870000000000001 0 -1.99 1 1 1 1
v 10.870000000000001 0 -3.91 1 1 1 1
v 11.51 0 -2.95 1 1 1 1
v 11.51 0 -3.91 1 1 1 1
v 10.870000000000001 0 -2.95 1 1 1 1
v 10.870000000000001 0 -7.75 1 1 1 1
v 11.51 0 -6.79 1 1 1 1
v 11.51 0 -7.75 1 1 1 1
v 10.870000000000001 0 -6.79 1 1 1 1
v 10.870000000000001 0 -8.71 1 1 1 1
v 11.51 0 -7.75 1 1 1 1
v 11.51 0 -8.71 1 1 1 1
v 10.870000000000001 0 -7.75 1 1 1 1
v 10.870000000000001 0 -9.67 1 1 1 1
v 11.51 0 -8.71 1 1 1 1
v 11.51 0 -9.67 1 1 1 1
v 10.870000000000001 0 -8.71 1 1 1 1
v 10.870000000000001 0 -10.63 1 1 1 1
v 11.51 0 -9.67 1 1 1 1
v 11.51 0 -10.63 1 1 1 1
v 10.870000000000001 0 -9.67 1 1 1 1
v 10.870000000000001 0 -11.59 1 1 1 1
v 11.51 0 -10.63 1 1 1 1
v 11.51 0 -11.59 1 1 1 1
v 10.870000000000001 0 -10.63 1 1 1 1
v 10.870000000000001 0 -12.55 1 1 1 1
v 11.51 0 -11.59 1 1 1 1
v 11.51 0 -12.55 1 1 1 1
v 10.870000000000001 0 -11.59 1 1 1 1
v 10.870000000000001 0 -13.51 1 1 1 1
v 11.51 0 -12.55 1 1 1 1
v 11.51 0 -13.51 1 1 1 1
v 10.870000000000001 0 -12.55 1 1 1 1
v 10.870000000000001 0 -14.47 1 1 1 1
v 11.51 0 -13.51 1 1 1 1
v 11.51 0 -14.47 1 1 1 1
v 10.870000000000001 0 -13.51 1 1 1 1
v 10.870000000000001 0 -15.43 1 1 1 1
v 11.51 0 -14.47 1 1 1 1
v 11.51 0 -15.43 1 1 1 1
v 10.870000000000001 0 -14.47 1 1 1 1
v 10.870000000000001 0 -16.39 1 1 1 1
v 11.51 0 -15.43 1 1 1 1
v 11.51 0 -16.39 1 1 1 1
v 10.870000000000001 0 -15.43 1 1 1 1
v 10.870000000000001 0 -6.79 1 1 1 1
v 11.51 0 -5.83 1 1 1 1
v 11.51 0 -6.79 1 1 1 1
v 10.870000000000001 0 -5.83 1 1 1 1
v 10.870000000000001 0 -5.83 1 1 1 1
v 11.51 0 -4.87 1 1 1 1
v 11.51 0 -5.83 1 1 1 1
v 10.870000000000001 0 -4.87 1 1 1 1
v 10.870000000000001 0 -4.87 1 1 1 1
v 11.51 0 -3.91 1 1 1 1
v 11.51 0 -4.87 1 1 1 1
v 10.870000000000001 0 -3.91 1 1 1 1
v -10.25 0 -1.04 1 1 1 1
v -9.61 0 -0.08 1 1 1 1
v -9.61 0 -1.04 1 1 1 1
v -10.25 0 -0.08 1 1 1 1
v -10.25 0 -2 1 1 1 1
v -9.61 0 -1.04 1 1 1 1
v -9.61 0 -2 1 1 1 1
v -10.25 0 -1.04 1 1 1 1
v -10.25 0 -2.96 1 1 1 1
v -9.61 0 -2 1 1 1 1
v -9.61 0 -2.96 1 1 1 1
v -10.25 0 -2 1 1 1 1
v -10.25 0 -3.92 1 1 1 1
v -9.61 0 -2.96 1 1 1 1
v -9.61 0 -3.92 1 1 1 1
v -10.25 0 -2.96 1 1 1 1
v -10.25 0 -7.76 1 1 1 1
v -9.61 0 -6.8 1 1 1 1
v -9.61 0 -7.76 1 1 1 1
v -10.25 0 -6.8 1 1 1 1
v -10.25 0 -8.72 1 1 1 1
v -9.61 0 -7.76 1 1 1 1
v -9.61 0 -8.72 1 1 1 1
v -10.25 0 -7.76 1 1 1 1
v -10.25 0 -9.68 1 1 1 1
v -9.61 0 -8.72 1 1 1 1
v -9.61 0 -9.68 1 1 1 1
v -10.25 0 -8.72 1 1 1 1
v -10.25 0 -10.64 1 1 1 1
v -9.61 0 -9.68 1 1 1 1
v -9.61 0 -10.64 1 1 1 1
v -10.25 0 -9.68 1 1 1 1
v -10.25 0 -11.6 1 1 1 1
v -9.61 0 -10.64 1 1 1 1
v -9.61 0 -11.6 1 1 1 1
v -10.25 0 -10.64 1 1 1 1
v -10.25 0 -12.56 1 1 1 1
v -9.61 0 -11.6 1 1 1 1
v -9.61 0 -12.56 1 1 1 1
v -10.25 0 -11.6 1 1 1 1
v -10.25 0 -13.52 1 1 1 1
v -9.61 0 -12.56 1 1 1 1
v -9.61 0 -13.52 1 1 1 1
v -10.25 0 -12.56 1 1 1 1
v -10.25 0 -14.48 1 1 1 1
v -9.61 0 -13.52 1 1 1 1
v -9.61 0 -14.48 1 1 1 1
v -10.25 0 -13.52 1 1 1 1
v -10.25 0 -15.44 1 1 1 1
v -9.61 0 -14.48 1 1 1 1
v -9.61 0 -15.44 1 1 1 1
v -10.25 0 -14.48 1 1 1 1
v -10.25 0 -16.4 1 1 1 1
v -9.61 0 -15.44 1 1 1 1
v -9.61 0 -16.4 1 1 1 1
v -10.25 0 -15.44 1 1 1 1
v -10.25 0 -6.8 1 1 1 1
v -9.61 0 -5.84 1 1 1 1
v -9.61 0 -6.8 1 1 1 1
v -10.25 0 -5.84 1 1 1 1
v -10.25 0 -5.84 1 1 1 1
v -9.61 0 -4.88 1 1 1 1
v -9.61 0 -5.84 1 1 1 1
v -10.25 0 -4.88 1 1 1 1
v -10.25 0 -4.88 1 1 1 1
v -9.61 0 -3.92 1 1 1 1
v -9.61 0 -4.88 1 1 1 1
v -10.25 0 -3.92 1 1 1 1
v -9.6 0 0.56 1 1 1 1
v -9.6 2.24 -0.08 1 1 1 1
v -9.6 0 -0.08 1 1 1 1
v -9.6 2.24 0.56 1 1 1 1
v -8.64 0 0.56 1 1 1 1
v -9.6 2.24 0.56 1 1 1 1
v -9.6 0 0.56 1 1 1 1
v -8.64 2.24 0.56 1 1 1 1
v -9.6 0 -0.08 1 1 1 1
v -8.64 2.24 -0.08 1 1 1 1
v -8.64 0 -0.08 1 1 1 1
v -9.6 2.24 -0.08 1 1 1 1
v -1.92 0 0.56 1 1 1 1
v -2.88 2.24 0.56 1 1 1 1
v -2.88 0 0.56 1 1 1 1
v -1.92 2.24 0.56 1 1 1 1
v -2.88 0 -0.08 1 1 1 1
v -1.92 2.24 -0.08 1 1 1 1
v -1.92 0 -0.08 1 1 1 1
v -2.88 2.24 -0.08 1 1 1 1
v -0.96 0 0.56 1 1 1 1
v -1.92 2.24 0.56 1 1 1 1
v -1.92 0 0.56 1 1 1 1
v -0.96 2.24 0.56 1 1 1 1
v -1.92 0 -0.08 1 1 1 1
v -0.96 2.24 -0.08 1 1 1 1
v -0.96 0 -0.08 1 1 1 1
v -1.92 2.24 -0.08 1 1 1 1
v -7.68 0 0.56 1 1 1 1
v -8.64 2.24 0.56 1 1 1 1
v -8.64 0 0.56 1 1 1 1
v -7.68 2.24 0.56 1 1 1 1
v -8.64 0 -0.08 1 1 1 1
v -7.68 2.24 -0.08 1 1 1 1
v -7.68 0 -0.08 1 1 1 1
v -8.64 2.24 -0.08 1 1 1 1
v -8.64 2.24 -0.08 1 1 1 1
v -9.6 2.24 0.56 1 1 1 1
v -8.64 2.24 0.56 1 1 1 1
v -9.6 2.24 -0.08 1 1 1 1
v -0.48 0 0.88 1 1 1 1
v -0.32 0 0.72 1 1 1 1
v -0.48 0 0.72 1 1 1 1
v -0.32 0 0.88 1 1 1 1
v 0 0 0.56 1 1 1 1
v -0.96 2.24 0.56 1 1 1 1
v -0.96 0 0.56 1 1 1 1
v 0 2.24 0.56 1 1 1 1
v 0 0 -0.08 1 1 1 1
v 0 2.24 0.56 1 1 1 1
v 0 0 0.56 1 1 1 1
v 0 2.24 -0.08 1 1 1 1
v -0.96 0 -0.08 1 1 1 1
v 0 2.24 -0.08 1 1 1 1
v 0 0 -0.08 1 1 1 1
v -0.96 2.24 -0.08 1 1 1 1
v -6.72 0 -0.08 1 1 1 1
v -5.76 2.24 -0.08 1 1 1 1
v -5.76 0 -0.08 1 1 1 1
v -6.72 2.24 -0.08 1 1 1 1
v -4.8 0 0.56 1 1 1 1
v -5.76 2.24 0.56 1 1 1 1
v -5.76 0 0.56 1 1 1 1
v -4.8 2.24 0.56 1 1 1 1
v -5.76 0 -0.08 1 1 1 1
v -4.8 2.24 -0.08 1 1 1 1
v -4.8 0 -0.08 1 1 1 1
v -5.76 2.24 -0.08 1 1 1 1
v -3.84 0 0.56 1 1 1 1
v -4.8 2.24 0.56 1 1 1 1
v -4.8 0 0.56 1 1 1 1
v -3.84 2.24 0.56 1 1 1 1
v -4.8 0 -0.08 1 1 1 1
v -3.84 2.24 -0.08 1 1 1 1
v -3.84 0 -0.08 1 1 1 1
v -4.8 2.24 -0.08 1 1 1 1
v -2.88 0 0.56 1 1 1 1
v -3.84 2.24 0.56 1 1 1 1
v -3.84 0 0.56 1 1 1 1
v -2.88 2.24 0.56 1 1 1 1
v -6.72 0 0.56 1 1 1 1
v -7.68 2.24 0.56 1 1 1 1
v -7.68 0 0.56 1 1 1 1
v -6.72 2.24 0.56 1 1 1 1
v -4.8 2.24 0.56 1 1 1 1
v -3.84 2.24 -0.08 1 1 1 1
v -4.8 2.24 -0.08 1 1 1 1
v -3.84 2.24 0.56 1 1 1 1
v -5.76 0 0.56 1 1 1 1
v -6.72 2.24 0.56 1 1 1 1
v -6.72 0 0.56 1 1 1 1
v -5.76 2.24 0.56 1 1 1 1
v -3.84 2.24 0.56 1 1 1 1
v -2.88 2.24 -0.08 1 1 1 1
v -3.84 2.24 -0.08 1 1 1 1
v -2.88 2.24 0.56 1 1 1 1
v -6.72 2.24 0.56 1 1 1 1
v -5.76 2.24 -0.08 1 1 1 1
v -6.72 2.24 -0.08 1 1 1 1
v -5.76 2.24 0.56 1 1 1 1
v -1.92 2.24 0.56 1 1 1 1
v -0.96 2.24 -0.08 1 1 1 1
v -1.92 2.24 -0.08 1 1 1 1
v -0.96 2.24 0.56 1 1 1 1
v -7.68 2.24 0.56 1 1 1 1
v -6.72 2.24 -0.08 1 1 1 1
v -7.68 2.24 -0.08 1 1 1 1
v -6.72 2.24 0.56 1 1 1 1
v -0.96 2.24 0.56 1 1 1 1
v 0 2.24 -0.08 1 1 1 1
v -0.96 2.24 -0.08 1 1 1 1
v 0 2.24 0.56 1 1 1 1
v -2.88 2.24 0.56 1 1 1 1
v -1.92 2.24 -0.08 1 1 1 1
v -2.88 2.24 -0.08 1 1 1 1
v -1.92 2.24 0.56 1 1 1 1
v -8.64 2.24 0.56 1 1 1 1
v -7.68 2.24 -0.08 1 1 1 1
v -8.64 2.24 -0.08 1 1 1 1
v -7.68 2.24 0.56 1 1 1 1
v -3.84 0 -0.08 1 1 1 1
v -2.88 2.24 -0.08 1 1 1 1
v -2.88 0 -0.08 1 1 1 1
v -3.84 2.24 -0.08 1 1 1 1
v -7.68 0 -0.08 1 1 1 1
v -6.72 2.24 -0.08 1 1 1 1
v -6.72 0 -0.08 1 1 1 1
v -7.68 2.24 -0.08 1 1 1 1
v -5.76 2.24 0.56 1 1 1 1
v -4.8 2.24 -0.08 1 1 1 1
v -5.76 2.24 -0.08 1 1 1 1
v -4.8 2.24 0.56 1 1 1 1
v 10.88 0 0.56 1 1 1 1
v 9.92 2.24 0.56 1 1 1 1
v 9.92 0 0.56 1 1 1 1
v 10.88 2.24 0.56 1 1 1 1
v 10.88 0 -0.08 1 1 1 1
v 10.88 2.24 0.56 1 1 1 1
v 10.88 0 0.56 1 1 1 1
v 10.88 2.24 -0.08 1 1 1 1
v 8.96 0 -0.08 1 1 1 1
v 9.92 2.24 -0.08 1 1 1 1
v 9.92 0 -0.08 1 1 1 1
v 8.96 2.24 -0.08 1 1 1 1
v 9.92 0 -0.08 1 1 1 1
v 10.88 2.24 -0.08 1 1 1 1
v 10.88 0 -0.08 1 1 1 1
v 9.92 2.24 -0.08 1 1 1 1
v 9.92 0 0.56 1 1 1 1
v 8.96 2.24 0.56 1 1 1 1
v 8.96 0 0.56 1 1 1 1
v 9.92 2.24 0.56 1 1 1 1
v 10.88 2.24 -0.08 1 1 1 1
v 9.92 2.24 0.56 1 1 1 1
v 10.88 2.24 0.56 1 1 1 1
v 9.92 2.24 -0.08 1 1 1 1
v 9.92 2.24 -0.08 1 1 1 1
v 8.96 2.24 0.56 1 1 1 1
v 9.92 2.24 0.56 1 1 1 1
v 8.96 2.24 -0.08 1 1 1 1
v 1.28 0 -0.08 1 1 1 1
v 2.24 2.24 -0.08 1 1 1 1
v 2.24 0 -0.08 1 1 1 1
v 1.28 2.24 -0.08 1 1 1 1
v 2.24 0 0.56 1 1 1 1
v 1.28 2.24 0.56 1 1 1 1
v 1.28 0 0.56 1 1 1 1
v 2.24 2.24 0.56 1 1 1 1
v 1.28 0 0.56 1 1 1 1
v 1.28 2.24 -0.08 1 1 1 1
v 1.28 0 -0.08 1 1 1 1
v 1.28 2.24 0.56 1 1 1 1
v 3.2 0 0.56 1 1 1 1
v 2.24 2.24 0.56 1 1 1 1
v 2.24 0 0.56 1 1 1 1
v 3.2 2.24 0.56 1 1 1 1
v 2.24 0 -0.08 1 1 1 1
v 3.2 2.24 -0.08 1 1 1 1
v 3.2 0 -0.08 1 1 1 1
v 2.24 2.24 -0.08 1 1 1 1
v 4.16 0 0.56 1 1 1 1
v 3.2 2.24 0.56 1 1 1 1
v 3.2 0 0.56 1 1 1 1
v 4.16 2.24 0.56 1 1 1 1
v 5.12 2.24 0.56 1 1 1 1
v 6.08 2.24 -0.08 1 1 1 1
v 5.12 2.24 -0.08 1 1 1 1
v 6.08 2.24 0.56 1 1 1 1
v 3.2 0 -0.08 1 1 1 1
v 4.16 2.24 -0.08 1 1 1 1
v 4.16 0 -0.08 1 1 1 1
v 3.2 2.24 -0.08 1 1 1 1
v 5.12 0 0.56 1 1 1 1
v 4.16 2.24 0.56 1 1 1 1
v 4.16 0 0.56 1 1 1 1
v 5.12 2.24 0.56 1 1 1 1
v 4.16 0 -0.08 1 1 1 1
v 5.12 2.24 -0.08 1 1 1 1
v 5.12 0 -0.08 1 1 1 1
v 4.16 2.24 -0.08 1 1 1 1
v 6.08 0 0.56 1 1 1 1
v 5.12 2.24 0.56 1 1 1 1
v 5.12 0 0.56 1 1 1 1
v 6.08 2.24 0.56 1 1 1 1
v 5.12 0 -0.08 1 1 1 1
v 6.08 2.24 -0.08 1 1 1 1
v 6.08 0 -0.08 1 1 1 1
v 5.12 2.24 -0.08 1 1 1 1
v 8.96 0 0.56 1 1 1 1
v 8 2.24 0.56 1 1 1 1
v 8 0 0.56 1 1 1 1
v 8.96 2.24 0.56 1 1 1 1
v 4.16 2.24 0.56 1 1 1 1
v 5.12 2.24 -0.08 1 1 1 1
v 4.16 2.24 -0.08 1 1 1 1
v 5.12 2.24 0.56 1 1 1 1
v 3.2 2.24 0.56 1 1 1 1
v 4.16 2.24 -0.08 1 1 1 1
v 3.2 2.24 -0.08 1 1 1 1
v 4.16 2.24 0.56 1 1 1 1
v 2.24 2.24 0.56 1 1 1 1
v 3.2 2.24 -0.08 1 1 1 1
v 2.24 2.24 -0.08 1 1 1 1
v 3.2 2.24 0.56 1 1 1 1
v 7.04 0 -0.08 1 1 1 1
v 8 2.24 -0.08 1 1 1 1
v 8 0 -0.08 1 1 1 1
v 7.04 2.24 -0.08 1 1 1 1
v 1.28 2.24 0.56 1 1 1 1
v 2.24 2.24 -0.08 1 1 1 1
v 1.28 2.24 -0.08 1 1 1 1
v 2.24 2.24 0.56 1 1 1 1
v 7.04 0 0.56 1 1 1 1
v 6.08 2.24 0.56 1 1 1 1
v 6.08 0 0.56 1 1 1 1
v 7.04 2.24 0.56 1 1 1 1
v 8 2.24 0.56 1 1 1 1
v 8.96 2.24 -0.08 1 1 1 1
v 8 2.24 -0.08 1 1 1 1
v 8.96 2.24 0.56 1 1 1 1
v 8 0 -0.08 1 1 1 1
v 8.96 2.24 -0.08 1 1 1 1
v 8.96 0 -0.08 1 1 1 1
v 8 2.24 -0.08 1 1 1 1
v 6.08 0 -0.08 1 1 1 1
v 7.04 2.24 -0.08 1 1 1 1
v 7.04 0 -0.08 1 1 1 1
v 6.08 2.24 -0.08 1 1 1 1
v 8 0 0.56 1 1 1 1
v 7.04 2.24 0.56 1 1 1 1
v 7.04 0 0.56 1 1 1 1
v 8 2.24 0.56 1 1 1 1
v 7.04 2.24 0.56 1 1 1 1
v 8 2.24 -0.08 1 1 1 1
v 7.04 2.24 -0.08 1 1 1 1
v 8 2.24 0.56 1 1 1 1
v 6.08 2.24 0.56 1 1 1 1
v 7.04 2.24 -0.08 1 1 1 1
v 6.08 2.24 -0.08 1 1 1 1
v 7.04 2.24 0.56 1 1 1 1
v -5.7700000000000005 0 -9.040000000000001 1 1 1 1
v -6.41 0 -8.4 1 1 1 1
v -5.7700000000000005 0 -8.4 1 1 1 1
v -6.41 0 -9.040000000000001 1 1 1 1
v -6.41 0 -9.040000000000001 1 1 1 1
v -7.05 0 -8.4 1 1 1 1
v -6.41 0 -8.4 1 1 1 1
v -7.05 0 -9.040000000000001 1 1 1 1
v -7.05 0 -9.040000000000001 1 1 1 1
v -7.69 0 -8.4 1 1 1 1
v -7.05 0 -8.4 1 1 1 1
v -7.69 0 -9.040000000000001 1 1 1 1
v -7.69 0 -9.040000000000001 1 1 1 1
v -8.33 0 -8.4 1 1 1 1
v -7.69 0 -8.4 1 1 1 1
v -8.33 0 -9.040000000000001 1 1 1 1
v -8.33 0 -9.040000000000001 1 1 1 1
v -8.97 0 -8.4 1 1 1 1
v -8.33 0 -8.4 1 1 1 1
v -8.97 0 -9.040000000000001 1 1 1 1
v 10.870000000000001 0 -9.68 1 1 1 1
v 10.23 0 -9.040000000000001 1 1 1 1
v 10.870000000000001 0 -9.040000000000001 1 1 1 1
v 10.23 0 -9.68 1 1 1 1
v 10.870000000000001 0 -8.4 1 1 1 1
v 10.23 0 -7.76 1 1 1 1
v 10.870000000000001 0 -7.76 1 1 1 1
v 10.23 0 -8.4 1 1 1 1
v -3.85 0 -13.52 1 1 1 1
v -4.49 0 -12.88 1 1 1 1
v -3.85 0 -12.88 1 1 1 1
v -4.49 0 -13.52 1 1 1 1
v -4.49 0 -13.52 1 1 1 1
v -5.13 0 -12.88 1 1 1 1
v -4.49 0 -12.88 1 1 1 1
v -5.13 0 -13.52 1 1 1 1
v -5.13 0 -13.52 1 1 1 1
v -5.7700000000000005 0 -12.88 1 1 1 1
v -5.13 0 -12.88 1 1 1 1
v -5.7700000000000005 0 -13.52 1 1 1 1
v -5.7700000000000005 0 -13.52 1 1 1 1
v -6.41 0 -12.88 1 1 1 1
v -5.7700000000000005 0 -12.88 1 1 1 1
v -6.41 0 -13.52 1 1 1 1
v -6.41 0 -13.52 1 1 1 1
v -7.05 0 -12.88 1 1 1 1
v -6.41 0 -12.88 1 1 1 1
v -7.05 0 -13.52 1 1 1 1
v -7.05 0 -13.52 1 1 1 1
v -7.69 0 -12.88 1 1 1 1
v -7.05 0 -12.88 1 1 1 1
v -7.69 0 -13.52 1 1 1 1
v -7.69 0 -13.52 1 1 1 1
v -8.33 0 -12.88 1 1 1 1
v -7.69 0 -12.88 1 1 1 1
v -8.33 0 -13.52 1 1 1 1
v 7.67 0 -16.080000000000002 1 1 1 1
v 7.03 0 -15.44 1 1 1 1
v 7.67 0 -15.44 1 1 1 1
v 7.03 0 -16.080000000000002 1 1 1 1
v -4.49 0 -9.040000000000001 1 1 1 1
v -5.13 0 -8.4 1 1 1 1
v -4.49 0 -8.4 1 1 1 1
v -5.13 0 -9.040000000000001 1 1 1 1
v -8.33 0 -13.52 1 1 1 1
v -8.97 0 -12.88 1 1 1 1
v -8.33 0 -12.88 1 1 1 1
v -8.97 0 -13.52 1 1 1 1
v 10.870000000000001 0 -14.16 1 1 1 1
v 10.23 0 -13.52 1 1 1 1
v 10.870000000000001 0 -13.52 1 1 1 1
v 10.23 0 -14.16 1 1 1 1
v -3.85 0 -9.040000000000001 1 1 1 1
v -4.49 0 -8.4 1 1 1 1
v -3.85 0 -8.4 1 1 1 1
v -4.49 0 -9.040000000000001 1 1 1 1
v -0.01 0 -9.040000000000001 1 1 1 1
v -0.65 0 -8.4 1 1 1 1
v -0.01 0 -8.4 1 1 1 1
v -0.65 0 -9.040000000000001 1 1 1 1
v -0.65 0 -9.040000000000001 1 1 1 1
v -1.29 0 -8.4 1 1 1 1
v -0.65 0 -8.4 1 1 1 1
v -1.29 0 -9.040000000000001 1 1 1 1
v -1.29 0 -9.040000000000001 1 1 1 1
v -1.93 0 -8.4 1 1 1 1
v -1.29 0 -8.4 1 1 1 1
v -1.93 0 -9.040000000000001 1 1 1 1
v -1.93 0 -9.040000000000001 1 1 1 1
v -2.57 0 -8.4 1 1 1 1
v -1.93 0 -8.4 1 1 1 1
v -2.57 0 -9.040000000000001 1 1 1 1
v -2.57 0 -9.040000000000001 1 1 1 1
v -3.21 0 -8.4 1 1 1 1
v -2.57 0 -8.4 1 1 1 1
v -3.21 0 -9.040000000000001 1 1 1 1
v -3.21 0 -9.040000000000001 1 1 1 1
v -3.85 0 -8.4 1 1 1 1
v -3.21 0 -8.4 1 1 1 1
v -3.85 0 -9.040000000000001 1 1 1 1
v -0.01 0 -14.16 1 1 1 1
v -0.65 0 -13.52 1 1 1 1
v -0.01 0 -13.52 1 1 1 1
v -0.65 0 -14.16 1 1 1 1
v -0.01 0 -9.68 1 1 1 1
v -0.65 0 -9.040000000000001 1 1 1 1
v -0.01 0 -9.040000000000001 1 1 1 1
v -0.65 0 -9.68 1 1 1 1
v -0.01 0 -8.4 1 1 1 1
v -0.65 0 -7.76 1 1 1 1
v -0.01 0 -7.76 1 1 1 1
v -0.65 0 -8.4 1 1 1 1
v -0.65 0 -8.4 1 1 1 1
v -1.29 0 -7.76 1 1 1 1
v -0.65 0 -7.76 1 1 1 1
v -1.29 0 -8.4 1 1 1 1
v -0.65 0 -9.68 1 1 1 1
v -1.29 0 -9.040000000000001 1 1 1 1
v -0.65 0 -9.040000000000001 1 1 1 1
v -1.29 0 -9.68 1 1 1 1
v -1.29 0 -9.68 1 1 1 1
v -1.93 0 -9.040000000000001 1 1 1 1
v -1.29 0 -9.040000000000001 1 1 1 1
v -1.93 0 -9.68 1 1 1 1
v -1.93 0 -9.68 1 1 1 1
v -2.57 0 -9.040000000000001 1 1 1 1
v -1.93 0 -9.040000000000001 1 1 1 1
v -2.57 0 -9.68 1 1 1 1
v -2.57 0 -9.68 1 1 1 1
v -3.21 0 -9.040000000000001 1 1 1 1
v -2.57 0 -9.040000000000001 1 1 1 1
v -3.21 0 -9.68 1 1 1 1
v -1.29 0 -8.4 1 1 1 1
v -1.93 0 -7.76 1 1 1 1
v -1.29 0 -7.76 1 1 1 1
v -1.93 0 -8.4 1 1 1 1
v -3.21 0 -9.68 1 1 1 1
v -3.85 0 -9.040000000000001 1 1 1 1
v -3.21 0 -9.040000000000001 1 1 1 1
v -3.85 0 -9.68 1 1 1 1
v -3.85 0 -9.68 1 1 1 1
v -4.49 0 -9.040000000000001 1 1 1 1
v -3.85 0 -9.040000000000001 1 1 1 1
v -4.49 0 -9.68 1 1 1 1
v -4.49 0 -9.68 1 1 1 1
v -5.13 0 -9.040000000000001 1 1 1 1
v -4.49 0 -9.040000000000001 1 1 1 1
v -5.13 0 -9.68 1 1 1 1
v -1.93 0 -8.4 1 1 1 1
v -2.57 0 -7.76 1 1 1 1
v -1.93 0 -7.76 1 1 1 1
v -2.57 0 -8.4 1 1 1 1
v -5.13 0 -9.68 1 1 1 1
v -5.7700000000000005 0 -9.040000000000001 1 1 1 1
v -5.13 0 -9.040000000000001 1 1 1 1
v -5.7700000000000005 0 -9.68 1 1 1 1
v -5.7700000000000005 0 -9.68 1 1 1 1
v -6.41 0 -9.040000000000001 1 1 1 1
v -5.7700000000000005 0 -9.040000000000001 1 1 1 1
v -6.41 0 -9.68 1 1 1 1
v -6.41 0 -9.68 1 1 1 1
v -7.05 0 -9.040000000000001 1 1 1 1
v -6.41 0 -9.040000000000001 1 1 1 1
v -7.05 0 -9.68 1 1 1 1
v -7.05 0 -9.68 1 1 1 1
v -7.69 0 -9.040000000000001 1 1 1 1
v -7.05 0 -9.040000000000001 1 1 1 1
v -7.69 0 -9.68 1 1 1 1
v -7.69 0 -9.68 1 1 1 1
v -8.33 0 -9.040000000000001 1 1 1 1
v -7.69 0 -9.040000000000001 1 1 1 1
v -8.33 0 -9.68 1 1 1 1
v -8.33 0 -9.68 1 1 1 1
v -8.97 0 -9.040000000000001 1 1 1 1
v -8.33 0 -9.040000000000001 1 1 1 1
v -8.97 0 -9.68 1 1 1 1
v 10.870000000000001 0 -10.32 1 1 1 1
v 10.23 0 -9.68 1 1 1 1
v 10.870000000000001 0 -9.68 1 1 1 1
v 10.23 0 -10.32 1 1 1 1
v -0.65 0 -14.16 1 1 1 1
v -1.29 0 -13.52 1 1 1 1
v -0.65 0 -13.52 1 1 1 1
v -1.29 0 -14.16 1 1 1 1
v -1.29 0 -14.16 1 1 1 1
v -1.93 0 -13.52 1 1 1 1
v -1.29 0 -13.52 1 1 1 1
v -1.93 0 -14.16 1 1 1 1
v -1.93 0 -14.16 1 1 1 1
v -2.57 0 -13.52 1 1 1 1
v -1.93 0 -13.52 1 1 1 1
v -2.57 0 -14.16 1 1 1 1
v -2.57 0 -14.16 1 1 1 1
v -3.21 0 -13.52 1 1 1 1
v -2.57 0 -13.52 1 1 1 1
v -3.21 0 -14.16 1 1 1 1
v -3.21 0 -14.16 1 1 1 1
v -3.85 0 -13.52 1 1 1 1
v -3.21 0 -13.52 1 1 1 1
v -3.85 0 -14.16 1 1 1 1
v -3.85 0 -14.16 1 1 1 1
v -4.49 0 -13.52 1 1 1 1
v -3.85 0 -13.52 1 1 1 1
v -4.49 0 -14.16 1 1 1 1
v -4.49 0 -14.16 1 1 1 1
v -5.13 0 -13.52 1 1 1 1
v -4.49 0 -13.52 1 1 1 1
v -5.13 0 -14.16 1 1 1 1
v -5.13 0 -14.16 1 1 1 1
v -5.7700000000000005 0 -13.52 1 1 1 1
v -5.13 0 -13.52 1 1 1 1
v -5.7700000000000005 0 -14.16 1 1 1 1
v -5.7700000000000005 0 -14.16 1 1 1 1
v -6.41 0 -13.52 1 1 1 1
v -5.7700000000000005 0 -13.52 1 1 1 1
v -6.41 0 -14.16 1 1 1 1
v -5.13 0 -9.040000000000001 1 1 1 1
v -5.7700000000000005 0 -8.4 1 1 1 1
v -5.13 0 -8.4 1 1 1 1
v -5.7700000000000005 0 -9.040000000000001 1 1 1 1
v -6.41 0 -14.16 1 1 1 1
v -7.05 0 -13.52 1 1 1 1
v -6.41 0 -13.52 1 1 1 1
v -7.05 0 -14.16 1 1 1 1
v -7.05 0 -14.16 1 1 1 1
v -7.69 0 -13.52 1 1 1 1
v -7.05 0 -13.52 1 1 1 1
v -7.69 0 -14.16 1 1 1 1
v -7.69 0 -14.16 1 1 1 1
v -8.33 0 -13.52 1 1 1 1
v -7.69 0 -13.52 1 1 1 1
v -8.33 0 -14.16 1 1 1 1
v 6.390000000000001 0 -16.080000000000002 1 1 1 1
v 5.75 0 -15.44 1 1 1 1
v 6.390000000000001 0 -15.44 1 1 1 1
v 5.75 0 -16.080000000000002 1 1 1 1
v 5.75 0 -16.080000000000002 1 1 1 1
v 5.11 0 -15.44 1 1 1 1
v 5.75 0 -15.44 1 1 1 1
v 5.11 0 -16.080000000000002 1 1 1 1
v 5.11 0 -16.080000000000002 1 1 1 1
v 4.47 0 -15.44 1 1 1 1
v 5.11 0 -15.44 1 1 1 1
v 4.47 0 -16.080000000000002 1 1 1 1
v 4.47 0 -16.080000000000002 1 1 1 1
v 3.83 0 -15.44 1 1 1 1
v 4.47 0 -15.44 1 1 1 1
v 3.83 0 -16.080000000000002 1 1 1 1
v -8.33 0 -16.080000000000002 1 1 1 1
v -8.97 0 -15.44 1 1 1 1
v -8.33 0 -15.44 1 1 1 1
v -8.97 0 -16.080000000000002 1 1 1 1
v 3.83 0 -16.080000000000002 1 1 1 1
v 3.19 0 -15.44 1 1 1 1
v 3.83 0 -15.44 1 1 1 1
v 3.19 0 -16.080000000000002 1 1 1 1
v 3.19 0 -16.080000000000002 1 1 1 1
v 2.5500000000000003 0 -15.44 1 1 1 1
v 3.19 0 -15.44 1 1 1 1
v 2.5500000000000003 0 -16.080000000000002 1 1 1 1
v 2.5500000000000003 0 -16.080000000000002 1 1 1 1
v 1.9100000000000001 0 -15.44 1 1 1 1
v 2.5500000000000003 0 -15.44 1 1 1 1
v 1.9100000000000001 0 -16.080000000000002 1 1 1 1
v 1.9100000000000001 0 -16.080000000000002 1 1 1 1
v 1.27 0 -15.44 1 1 1 1
v 1.9100000000000001 0 -15.44 1 1 1 1
v 1.27 0 -16.080000000000002 1 1 1 1
v 7.03 0 -16.080000000000002 1 1 1 1
v 6.390000000000001 0 -15.44 1 1 1 1
v 7.03 0 -15.44 1 1 1 1
v 6.390000000000001 0 -16.080000000000002 1 1 1 1
v 1.27 0 -16.080000000000002 1 1 1 1
v 0.63 0 -15.44 1 1 1 1
v 1.27 0 -15.44 1 1 1 1
v 0.63 0 -16.080000000000002 1 1 1 1
v 0.63 0 -16.080000000000002 1 1 1 1
v -0.01 0 -15.44 1 1 1 1
v 0.63 0 -15.44 1 1 1 1
v -0.01 0 -16.080000000000002 1 1 1 1
v -0.01 0 -16.080000000000002 1 1 1 1
v -0.65 0 -15.44 1 1 1 1
v -0.01 0 -15.44 1 1 1 1
v -0.65 0 -16.080000000000002 1 1 1 1
v -0.65 0 -16.080000000000002 1 1 1 1
v -1.29 0 -15.44 1 1 1 1
v -0.65 0 -15.44 1 1 1 1
v -1.29 0 -16.080000000000002 1 1 1 1
v -1.29 0 -16.080000000000002 1 1 1 1
v -1.93 0 -15.44 1 1 1 1
v -1.29 0 -15.44 1 1 1 1
v -1.93 0 -16.080000000000002 1 1 1 1
v -1.93 0 -16.080000000000002 1 1 1 1
v -2.57 0 -15.44 1 1 1 1
v -1.93 0 -15.44 1 1 1 1
v -2.57 0 -16.080000000000002 1 1 1 1
v -2.57 0 -16.080000000000002 1 1 1 1
v -3.21 0 -15.44 1 1 1 1
v -2.57 0 -15.44 1 1 1 1
v -3.21 0 -16.080000000000002 1 1 1 1
v -3.21 0 -16.080000000000002 1 1 1 1
v -3.85 0 -15.44 1 1 1 1
v -3.21 0 -15.44 1 1 1 1
v -3.85 0 -16.080000000000002 1 1 1 1
v -3.85 0 -16.080000000000002 1 1 1 1
v -4.49 0 -15.44 1 1 1 1
v -3.85 0 -15.44 1 1 1 1
v -4.49 0 -16.080000000000002 1 1 1 1
v -4.49 0 -16.080000000000002 1 1 1 1
v -5.13 0 -15.44 1 1 1 1
v -4.49 0 -15.44 1 1 1 1
v -5.13 0 -16.080000000000002 1 1 1 1
v -5.13 0 -16.080000000000002 1 1 1 1
v -5.7700000000000005 0 -15.44 1 1 1 1
v -5.13 0 -15.44 1 1 1 1
v -5.7700000000000005 0 -16.080000000000002 1 1 1 1
v -5.7700000000000005 0 -16.080000000000002 1 1 1 1
v -6.41 0 -15.44 1 1 1 1
v -5.7700000000000005 0 -15.44 1 1 1 1
v -6.41 0 -16.080000000000002 1 1 1 1
v -6.41 0 -16.080000000000002 1 1 1 1
v -7.05 0 -15.44 1 1 1 1
v -6.41 0 -15.44 1 1 1 1
v -7.05 0 -16.080000000000002 1 1 1 1
v -7.05 0 -16.080000000000002 1 1 1 1
v -7.69 0 -15.44 1 1 1 1
v -7.05 0 -15.44 1 1 1 1
v -7.69 0 -16.080000000000002 1 1 1 1
v -7.69 0 -16.080000000000002 1 1 1 1
v -8.33 0 -15.44 1 1 1 1
v -7.69 0 -15.44 1 1 1 1
v -8.33 0 -16.080000000000002 1 1 1 1
v 10.870000000000001 0 -0.72 1 1 1 1
v 10.23 0 -0.08 1 1 1 1
v 10.870000000000001 0 -0.08 1 1 1 1
v 10.23 0 -0.72 1 1 1 1
v 10.23 0 -0.72 1 1 1 1
v 9.59 0 -0.08 1 1 1 1
v 10.23 0 -0.08 1 1 1 1
v 9.59 0 -0.72 1 1 1 1
v 9.59 0 -0.72 1 1 1 1
v 8.950000000000001 0 -0.08 1 1 1 1
v 9.59 0 -0.08 1 1 1 1
v 8.950000000000001 0 -0.72 1 1 1 1
v 8.950000000000001 0 -0.72 1 1 1 1
v 8.31 0 -0.08 1 1 1 1
v 8.950000000000001 0 -0.08 1 1 1 1
v 8.31 0 -0.72 1 1 1 1
v 8.31 0 -0.72 1 1 1 1
v 7.67 0 -0.08 1 1 1 1
v 8.31 0 -0.08 1 1 1 1
v 7.67 0 -0.72 1 1 1 1
v 7.67 0 -0.72 1 1 1 1
v 7.03 0 -0.08 1 1 1 1
v 7.67 0 -0.08 1 1 1 1
v 7.03 0 -0.72 1 1 1 1
v 7.03 0 -0.72 1 1 1 1
v 6.390000000000001 0 -0.08 1 1 1 1
v 7.03 0 -0.08 1 1 1 1
v 6.390000000000001 0 -0.72 1 1 1 1
v 6.390000000000001 0 -0.72 1 1 1 1
v 5.75 0 -0.08 1 1 1 1
v 6.390000000000001 0 -0.08 1 1 1 1
v 5.75 0 -0.72 1 1 1 1
v 5.75 0 -0.72 1 1 1 1
v 5.11 0 -0.08 1 1 1 1
v 5.75 0 -0.08 1 1 1 1
v 5.11 0 -0.72 1 1 1 1
v 5.11 0 -0.72 1 1 1 1
v 4.47 0 -0.08 1 1 1 1
v 5.11 0 -0.08 1 1 1 1
v 4.47 0 -0.72 1 1 1 1
v 4.47 0 -0.72 1 1 1 1
v 3.83 0 -0.08 1 1 1 1
v 4.47 0 -0.08 1 1 1 1
v 3.83 0 -0.72 1 1 1 1
v 3.83 0 -0.72 1 1 1 1
v 3.19 0 -0.08 1 1 1 1
v 3.83 0 -0.08 1 1 1 1
v 3.19 0 -0.72 1 1 1 1
v 3.19 0 -0.72 1 1 1 1
v 2.5500000000000003 0 -0.08 1 1 1 1
v 3.19 0 -0.08 1 1 1 1
v 2.5500000000000003 0 -0.72 1 1 1 1
v 2.5500000000000003 0 -0.72 1 1 1 1
v 1.9100000000000001 0 -0.08 1 1 1 1
v 2.5500000000000003 0 -0.08 1 1 1 1
v 1.9100000000000001 0 -0.72 1 1 1 1
v 1.9100000000000001 0 -0.72 1 1 1 1
v 1.27 0 -0.08 1 1 1 1
v 1.9100000000000001 0 -0.08 1 1 1 1
v 1.27 0 -0.72 1 1 1 1
v 1.27 0 -0.72 1 1 1 1
v 0.63 0 -0.08 1 1 1 1
v 1.27 0 -0.08 1 1 1 1
v 0.63 0 -0.72 1 1 1 1
v 0.63 0 -0.72 1 1 1 1
v -0.01 0 -0.08 1 1 1 1
v 0.63 0 -0.08 1 1 1 1
v -0.01 0 -0.72 1 1 1 1
v -0.01 0 -0.72 1 1 1 1
v -0.65 0 -0.08 1 1 1 1
v -0.01 0 -0.08 1 1 1 1
v -0.65 0 -0.72 1 1 1 1
v -0.65 0 -0.72 1 1 1 1
v -1.29 0 -0.08 1 1 1 1
v -0.65 0 -0.08 1 1 1 1
v -1.29 0 -0.72 1 1 1 1
v -1.29 0 -0.72 1 1 1 1
v -1.93 0 -0.08 1 1 1 1
v -1.29 0 -0.08 1 1 1 1
v -1.93 0 -0.72 1 1 1 1
v -1.93 0 -0.72 1 1 1 1
v -2.57 0 -0.08 1 1 1 1
v -1.93 0 -0.08 1 1 1 1
v -2.57 0 -0.72 1 1 1 1
v -2.57 0 -0.72 1 1 1 1
v -3.21 0 -0.08 1 1 1 1
v -2.57 0 -0.08 1 1 1 1
v -3.21 0 -0.72 1 1 1 1
v -3.21 0 -0.72 1 1 1 1
v -3.85 0 -0.08 1 1 1 1
v -3.21 0 -0.08 1 1 1 1
v -3.85 0 -0.72 1 1 1 1
v -3.85 0 -0.72 1 1 1 1
v -4.49 0 -0.08 1 1 1 1
v -3.85 0 -0.08 1 1 1 1
v -4.49 0 -0.72 1 1 1 1
v -4.49 0 -0.72 1 1 1 1
v -5.13 0 -0.08 1 1 1 1
v -4.49 0 -0.08 1 1 1 1
v -5.13 0 -0.72 1 1 1 1
v -5.13 0 -0.72 1 1 1 1
v -5.7700000000000005 0 -0.08 1 1 1 1
v -5.13 0 -0.08 1 1 1 1
v -5.7700000000000005 0 -0.72 1 1 1 1
v -5.7700000000000005 0 -0.72 1 1 1 1
v -6.41 0 -0.08 1 1 1 1
v -5.7700000000000005 0 -0.08 1 1 1 1
v -6.41 0 -0.72 1 1 1 1
v -6.41 0 -0.72 1 1 1 1
v -7.05 0 -0.08 1 1 1 1
v -6.41 0 -0.08 1 1 1 1
v -7.05 0 -0.72 1 1 1 1
v -7.05 0 -0.72 1 1 1 1
v -7.69 0 -0.08 1 1 1 1
v -7.05 0 -0.08 1 1 1 1
v -7.69 0 -0.72 1 1 1 1
v -7.69 0 -0.72 1 1 1 1
v -8.33 0 -0.08 1 1 1 1
v -7.69 0 -0.08 1 1 1 1
v -8.33 0 -0.72 1 1 1 1
v -8.33 0 -0.72 1 1 1 1
v -8.97 0 -0.08 1 1 1 1
v -8.33 0 -0.08 1 1 1 1
v -8.97 0 -0.72 1 1 1 1
v 10.870000000000001 0 -1.36 1 1 1 1
v 10.23 0 -0.72 1 1 1 1
v 10.870000000000001 0 -0.72 1 1 1 1
v 10.23 0 -1.36 1 1 1 1
v 10.23 0 -1.36 1 1 1 1
v 9.59 0 -0.72 1 1 1 1
v 10.23 0 -0.72 1 1 1 1
v 9.59 0 -1.36 1 1 1 1
v 9.59 0 -1.36 1 1 1 1
v 8.950000000000001 0 -0.72 1 1 1 1
v 9.59 0 -0.72 1 1 1 1
v 8.950000000000001 0 -1.36 1 1 1 1
v 8.950000000000001 0 -1.36 1 1 1 1
v 8.31 0 -0.72 1 1 1 1
v 8.950000000000001 0 -0.72 1 1 1 1
v 8.31 0 -1.36 1 1 1 1
v 8.31 0 -1.36 1 1 1 1
v 7.67 0 -0.72 1 1 1 1
v 8.31 0 -0.72 1 1 1 1
v 7.67 0 -1.36 1 1 1 1
v 7.67 0 -1.36 1 1 1 1
v 7.03 0 -0.72 1 1 1 1
v 7.67 0 -0.72 1 1 1 1
v 7.03 0 -1.36 1 1 1 1
v 7.03 0 -1.36 1 1 1 1
v 6.390000000000001 0 -0.72 1 1 1 1
v 7.03 0 -0.72 1 1 1 1
v 6.390000000000001 0 -1.36 1 1 1 1
v 6.390000000000001 0 -1.36 1 1 1 1
v 5.75 0 -0.72 1 1 1 1
v 6.390000000000001 0 -0.72 1 1 1 1
v 5.75 0 -1.36 1 1 1 1
v 5.75 0 -1.36 1 1 1 1
v 5.11 0 -0.72 1 1 1 1
v 5.75 0 -0.72 1 1 1 1
v 5.11 0 -1.36 1 1 1 1
v 5.11 0 -1.36 1 1 1 1
v 4.47 0 -0.72 1 1 1 1
v 5.11 0 -0.72 1 1 1 1
v 4.47 0 -1.36 1 1 1 1
v 4.47 0 -1.36 1 1 1 1
v 3.83 0 -0.72 1 1 1 1
v 4.47 0 -0.72 1 1 1 1
v 3.83 0 -1.36 1 1 1 1
v 3.83 0 -1.36 1 1 1 1
v 3.19 0 -0.72 1 1 1 1
v 3.83 0 -0.72 1 1 1 1
v 3.19 0 -1.36 1 1 1 1
v 3.19 0 -1.36 1 1 1 1
v 2.5500000000000003 0 -0.72 1 1 1 1
v 3.19 0 -0.72 1 1 1 1
v 2.5500000000000003 0 -1.36 1 1 1 1
v 2.5500000000000003 0 -1.36 1 1 1 1
v 1.9100000000000001 0 -0.72 1 1 1 1
v 2.5500000000000003 0 -0.72 1 1 1 1
v 1.9100000000000001 0 -1.36 1 1 1 1
v 1.9100000000000001 0 -1.36 1 1 1 1
v 1.27 0 -0.72 1 1 1 1
v 1.9100000000000001 0 -0.72 1 1 1 1
v 1.27 0 -1.36 1 1 1 1
v 1.27 0 -1.36 1 1 1 1
v 0.63 0 -0.72 1 1 1 1
v 1.27 0 -0.72 1 1 1 1
v 0.63 0 -1.36 1 1 1 1
v 0.63 0 -1.36 1 1 1 1
v -0.01 0 -0.72 1 1 1 1
v 0.63 0 -0.72 1 1 1 1
v -0.01 0 -1.36 1 1 1 1
v -0.01 0 -1.36 1 1 1 1
v -0.65 0 -0.72 1 1 1 1
v -0.01 0 -0.72 1 1 1 1
v -0.65 0 -1.36 1 1 1 1
v -0.65 0 -1.36 1 1 1 1
v -1.29 0 -0.72 1 1 1 1
v -0.65 0 -0.72 1 1 1 1
v -1.29 0 -1.36 1 1 1 1
v -1.29 0 -1.36 1 1 1 1
v -1.93 0 -0.72 1 1 1 1
v -1.29 0 -0.72 1 1 1 1
v -1.93 0 -1.36 1 1 1 1
v -1.93 0 -1.36 1 1 1 1
v -2.57 0 -0.72 1 1 1 1
v -1.93 0 -0.72 1 1 1 1
v -2.57 0 -1.36 1 1 1 1
v -2.57 0 -1.36 1 1 1 1
v -3.21 0 -0.72 1 1 1 1
v -2.57 0 -0.72 1 1 1 1
v -3.21 0 -1.36 1 1 1 1
v -3.21 0 -1.36 1 1 1 1
v -3.85 0 -0.72 1 1 1 1
v -3.21 0 -0.72 1 1 1 1
v -3.85 0 -1.36 1 1 1 1
v -3.85 0 -1.36 1 1 1 1
v -4.49 0 -0.72 1 1 1 1
v -3.85 0 -0.72 1 1 1 1
v -4.49 0 -1.36 1 1 1 1
v -4.49 0 -1.36 1 1 1 1
v -5.13 0 -0.72 1 1 1 1
v -4.49 0 -0.72 1 1 1 1
v -5.13 0 -1.36 1 1 1 1
v -5.13 0 -1.36 1 1 1 1
v -5.7700000000000005 0 -0.72 1 1 1 1
v -5.13 0 -0.72 1 1 1 1
v -5.7700000000000005 0 -1.36 1 1 1 1
v -5.7700000000000005 0 -1.36 1 1 1 1
v -6.41 0 -0.72 1 1 1 1
v -5.7700000000000005 0 -0.72 1 1 1 1
v -6.41 0 -1.36 1 1 1 1
v -6.41 0 -1.36 1 1 1 1
v -7.05 0 -0.72 1 1 1 1
v -6.41 0 -0.72 1 1 1 1
v -7.05 0 -1.36 1 1 1 1
v -7.05 0 -1.36 1 1 1 1
v -7.69 0 -0.72 1 1 1 1
v -7.05 0 -0.72 1 1 1 1
v -7.69 0 -1.36 1 1 1 1
v -7.69 0 -1.36 1 1 1 1
v -8.33 0 -0.72 1 1 1 1
v -7.69 0 -0.72 1 1 1 1
v -8.33 0 -1.36 1 1 1 1
v -8.33 0 -1.36 1 1 1 1
v -8.97 0 -0.72 1 1 1 1
v -8.33 0 -0.72 1 1 1 1
v -8.97 0 -1.36 1 1 1 1
v 10.870000000000001 0 -2 1 1 1 1
v 10.23 0 -1.36 1 1 1 1
v 10.870000000000001 0 -1.36 1 1 1 1
v 10.23 0 -2 1 1 1 1
v 10.23 0 -2 1 1 1 1
v 9.59 0 -1.36 1 1 1 1
v 10.23 0 -1.36 1 1 1 1
v 9.59 0 -2 1 1 1 1
v 9.59 0 -2 1 1 1 1
v 8.950000000000001 0 -1.36 1 1 1 1
v 9.59 0 -1.36 1 1 1 1
v 8.950000000000001 0 -2 1 1 1 1
v 8.950000000000001 0 -2 1 1 1 1
v 8.31 0 -1.36 1 1 1 1
v 8.950000000000001 0 -1.36 1 1 1 1
v 8.31 0 -2 1 1 1 1
v 8.31 0 -2 1 1 1 1
v 7.67 0 -1.36 1 1 1 1
v 8.31 0 -1.36 1 1 1 1
v 7.67 0 -2 1 1 1 1
v 7.67 0 -2 1 1 1 1
v 7.03 0 -1.36 1 1 1 1
v 7.67 0 -1.36 1 1 1 1
v 7.03 0 -2 1 1 1 1
v 7.03 0 -2 1 1 1 1
v 6.390000000000001 0 -1.36 1 1 1 1
v 7.03 0 -1.36 1 1 1 1
v 6.390000000000001 0 -2 1 1 1 1
v 6.390000000000001 0 -2 1 1 1 1
v 5.75 0 -1.36 1 1 1 1
v 6.390000000000001 0 -1.36 1 1 1 1
v 5.75 0 -2 1 1 1 1
v 5.75 0 -2 1 1 1 1
v 5.11 0 -1.36 1 1 1 1
v 5.75 0 -1.36 1 1 1 1
v 5.11 0 -2 1 1 1 1
v 5.11 0 -2 1 1 1 1
v 4.47 0 -1.36 1 1 1 1
v 5.11 0 -1.36 1 1 1 1
v 4.47 0 -2 1 1 1 1
v 4.47 0 -2 1 1 1 1
v 3.83 0 -1.36 1 1 1 1
v 4.47 0 -1.36 1 1 1 1
v 3.83 0 -2 1 1 1 1
v 3.83 0 -2 1 1 1 1
v 3.19 0 -1.36 1 1 1 1
v 3.83 0 -1.36 1 1 1 1
v 3.19 0 -2 1 1 1 1
v 3.19 0 -2 1 1 1 1
v 2.5500000000000003 0 -1.36 1 1 1 1
v 3.19 0 -1.36 1 1 1 1
v 2.5500000000000003 0 -2 1 1 1 1
v 2.5500000000000003 0 -2 1 1 1 1
v 1.9100000000000001 0 -1.36 1 1 1 1
v 2.5500000000000003 0 -1.36 1 1 1 1
v 1.9100000000000001 0 -2 1 1 1 1
v 1.9100000000000001 0 -2 1 1 1 1
v 1.27 0 -1.36 1 1 1 1
v 1.9100000000000001 0 -1.36 1 1 1 1
v 1.27 0 -2 1 1 1 1
v 1.27 0 -2 1 1 1 1
v 0.63 0 -1.36 1 1 1 1
v 1.27 0 -1.36 1 1 1 1
v 0.63 0 -2 1 1 1 1
v 0.63 0 -2 1 1 1 1
v -0.01 0 -1.36 1 1 1 1
v 0.63 0 -1.36 1 1 1 1
v -0.01 0 -2 1 1 1 1
v -0.01 0 -2 1 1 1 1
v -0.65 0 -1.36 1 1 1 1
v -0.01 0 -1.36 1 1 1 1
v -0.65 0 -2 1 1 1 1
v -0.65 0 -2 1 1 1 1
v -1.29 0 -1.36 1 1 1 1
v -0.65 0 -1.36 1 1 1 1
v -1.29 0 -2 1 1 1 1
v -1.29 0 -2 1 1 1 1
v -1.93 0 -1.36 1 1 1 1
v -1.29 0 -1.36 1 1 1 1
v -1.93 0 -2 1 1 1 1
v -1.93 0 -2 1 1 1 1
v -2.57 0 -1.36 1 1 1 1
v -1.93 0 -1.36 1 1 1 1
v -2.57 0 -2 1 1 1 1
v -2.57 0 -2 1 1 1 1
v -3.21 0 -1.36 1 1 1 1
v -2.57 0 -1.36 1 1 1 1
v -3.21 0 -2 1 1 1 1
v -3.21 0 -2 1 1 1 1
v -3.85 0 -1.36 1 1 1 1
v -3.21 0 -1.36 1 1 1 1
v -3.85 0 -2 1 1 1 1
v -3.85 0 -2 1 1 1 1
v -4.49 0 -1.36 1 1 1 1
v -3.85 0 -1.36 1 1 1 1
v -4.49 0 -2 1 1 1 1
v -4.49 0 -2 1 1 1 1
v -5.13 0 -1.36 1 1 1 1
v -4.49 0 -1.36 1 1 1 1
v -5.13 0 -2 1 1 1 1
v -5.13 0 -2 1 1 1 1
v -5.7700000000000005 0 -1.36 1 1 1 1
v -5.13 0 -1.36 1 1 1 1
v -5.7700000000000005 0 -2 1 1 1 1
v -5.7700000000000005 0 -2 1 1 1 1
v -6.41 0 -1.36 1 1 1 1
v -5.7700000000000005 0 -1.36 1 1 1 1
v -6.41 0 -2 1 1 1 1
v -6.41 0 -2 1 1 1 1
v -7.05 0 -1.36 1 1 1 1
v -6.41 0 -1.36 1 1 1 1
v -7.05 0 -2 1 1 1 1
v -7.05 0 -2 1 1 1 1
v -7.69 0 -1.36 1 1 1 1
v -7.05 0 -1.36 1 1 1 1
v -7.69 0 -2 1 1 1 1
v -7.69 0 -2 1 1 1 1
v -8.33 0 -1.36 1 1 1 1
v -7.69 0 -1.36 1 1 1 1
v -8.33 0 -2 1 1 1 1
v -8.33 0 -2 1 1 1 1
v -8.97 0 -1.36 1 1 1 1
v -8.33 0 -1.36 1 1 1 1
v -8.97 0 -2 1 1 1 1
v 10.870000000000001 0 -2.64 1 1 1 1
v 10.23 0 -2 1 1 1 1
v 10.870000000000001 0 -2 1 1 1 1
v 10.23 0 -2.64 1 1 1 1
v -2.57 0 -8.4 1 1 1 1
v -3.21 0 -7.76 1 1 1 1
v -2.57 0 -7.76 1 1 1 1
v -3.21 0 -8.4 1 1 1 1
v -8.33 0 -14.16 1 1 1 1
v -8.97 0 -13.52 1 1 1 1
v -8.33 0 -13.52 1 1 1 1
v -8.97 0 -14.16 1 1 1 1
v 10.870000000000001 0 -14.8 1 1 1 1
v 10.23 0 -14.16 1 1 1 1
v 10.870000000000001 0 -14.16 1 1 1 1
v 10.23 0 -14.8 1 1 1 1
v -3.21 0 -8.4 1 1 1 1
v -3.85 0 -7.76 1 1 1 1
v -3.21 0 -7.76 1 1 1 1
v -3.85 0 -8.4 1 1 1 1
v -3.85 0 -8.4 1 1 1 1
v -4.49 0 -7.76 1 1 1 1
v -3.85 0 -7.76 1 1 1 1
v -4.49 0 -8.4 1 1 1 1
v -0.01 0 -10.32 1 1 1 1
v -0.65 0 -9.68 1 1 1 1
v -0.01 0 -9.68 1 1 1 1
v -0.65 0 -10.32 1 1 1 1
v -0.65 0 -10.32 1 1 1 1
v -1.29 0 -9.68 1 1 1 1
v -0.65 0 -9.68 1 1 1 1
v -1.29 0 -10.32 1 1 1 1
v -1.29 0 -10.32 1 1 1 1
v -1.93 0 -9.68 1 1 1 1
v -1.29 0 -9.68 1 1 1 1
v -1.93 0 -10.32 1 1 1 1
v -1.93 0 -10.32 1 1 1 1
v -2.57 0 -9.68 1 1 1 1
v -1.93 0 -9.68 1 1 1 1
v -2.57 0 -10.32 1 1 1 1
v -2.57 0 -10.32 1 1 1 1
v -3.21 0 -9.68 1 1 1 1
v -2.57 0 -9.68 1 1 1 1
v -3.21 0 -10.32 1 1 1 1
v -3.21 0 -10.32 1 1 1 1
v -3.85 0 -9.68 1 1 1 1
v -3.21 0 -9.68 1 1 1 1
v -3.85 0 -10.32 1 1 1 1
v -3.85 0 -10.32 1 1 1 1
v -4.49 0 -9.68 1 1 1 1
v -3.85 0 -9.68 1 1 1 1
v -4.49 0 -10.32 1 1 1 1
v -4.49 0 -10.32 1 1 1 1
v -5.13 0 -9.68 1 1 1 1
v -4.49 0 -9.68 1 1 1 1
v -5.13 0 -10.32 1 1 1 1
v -5.13 0 -10.32 1 1 1 1
v -5.7700000000000005 0 -9.68 1 1 1 1
v -5.13 0 -9.68 1 1 1 1
v -5.7700000000000005 0 -10.32 1 1 1 1
v -5.7700000000000005 0 -10.32 1 1 1 1
v -6.41 0 -9.68 1 1 1 1
v -5.7700000000000005 0 -9.68 1 1 1 1
v -6.41 0 -10.32 1 1 1 1
v -6.41 0 -10.32 1 1 1 1
v -7.05 0 -9.68 1 1 1 1
v -6.41 0 -9.68 1 1 1 1
v -7.05 0 -10.32 1 1 1 1
v -0.01 0 -2.64 1 1 1 1
v -0.65 0 -2 1 1 1 1
v -0.01 0 -2 1 1 1 1
v -0.65 0 -2.64 1 1 1 1
v -0.65 0 -2.64 1 1 1 1
v -1.29 0 -2 1 1 1 1
v -0.65 0 -2 1 1 1 1
v -1.29 0 -2.64 1 1 1 1
v -1.29 0 -2.64 1 1 1 1
v -1.93 0 -2 1 1 1 1
v -1.29 0 -2 1 1 1 1
v -1.93 0 -2.64 1 1 1 1
v -1.93 0 -2.64 1 1 1 1
v -2.57 0 -2 1 1 1 1
v -1.93 0 -2 1 1 1 1
v -2.57 0 -2.64 1 1 1 1
v -2.57 0 -2.64 1 1 1 1
v -3.21 0 -2 1 1 1 1
v -2.57 0 -2 1 1 1 1
v -3.21 0 -2.64 1 1 1 1
v -3.21 0 -2.64 1 1 1 1
v -3.85 0 -2 1 1 1 1
v -3.21 0 -2 1 1 1 1
v -3.85 0 -2.64 1 1 1 1
v -3.85 0 -2.64 1 1 1 1
v -4.49 0 -2 1 1 1 1
v -3.85 0 -2 1 1 1 1
v -4.49 0 -2.64 1 1 1 1
v -4.49 0 -2.64 1 1 1 1
v -5.13 0 -2 1 1 1 1
v -4.49 0 -2 1 1 1 1
v -5.13 0 -2.64 1 1 1 1
v -5.13 0 -2.64 1 1 1 1
v -5.7700000000000005 0 -2 1 1 1 1
v -5.13 0 -2 1 1 1 1
v -5.7700000000000005 0 -2.64 1 1 1 1
v -5.7700000000000005 0 -2.64 1 1 1 1
v -6.41 0 -2 1 1 1 1
v -5.7700000000000005 0 -2 1 1 1 1
v -6.41 0 -2.64 1 1 1 1
v -6.41 0 -2.64 1 1 1 1
v -7.05 0 -2 1 1 1 1
v -6.41 0 -2 1 1 1 1
v -7.05 0 -2.64 1 1 1 1
v -7.05 0 -2.64 1 1 1 1
v -7.69 0 -2 1 1 1 1
v -7.05 0 -2 1 1 1 1
v -7.69 0 -2.64 1 1 1 1
v -7.69 0 -2.64 1 1 1 1
v -8.33 0 -2 1 1 1 1
v -7.69 0 -2 1 1 1 1
v -8.33 0 -2.64 1 1 1 1
v -8.33 0 -2.64 1 1 1 1
v -8.97 0 -2 1 1 1 1
v -8.33 0 -2 1 1 1 1
v -8.97 0 -2.64 1 1 1 1
v 10.870000000000001 0 -3.2800000000000002 1 1 1 1
v 10.23 0 -2.64 1 1 1 1
v 10.870000000000001 0 -2.64 1 1 1 1
v 10.23 0 -3.2800000000000002 1 1 1 1
v -7.05 0 -10.32 1 1 1 1
v -7.69 0 -9.68 1 1 1 1
v -7.05 0 -9.68 1 1 1 1
v -7.69 0 -10.32 1 1 1 1
v -7.69 0 -10.32 1 1 1 1
v -8.33 0 -9.68 1 1 1 1
v -7.69 0 -9.68 1 1 1 1
v -8.33 0 -10.32 1 1 1 1
v -8.33 0 -10.32 1 1 1 1
v -8.97 0 -9.68 1 1 1 1
v -8.33 0 -9.68 1 1 1 1
v -8.97 0 -10.32 1 1 1 1
v 10.870000000000001 0 -10.96 1 1 1 1
v 10.23 0 -10.32 1 1 1 1
v 10.870000000000001 0 -10.32 1 1 1 1
v 10.23 0 -10.96 1 1 1 1
v -4.49 0 -8.4 1 1 1 1
v -5.13 0 -7.76 1 1 1 1
v -4.49 0 -7.76 1 1 1 1
v -5.13 0 -8.4 1 1 1 1
v -5.13 0 -8.4 1 1 1 1
v -5.7700000000000005 0 -7.76 1 1 1 1
v -5.13 0 -7.76 1 1 1 1
v -5.7700000000000005 0 -8.4 1 1 1 1
v -5.7700000000000005 0 -8.4 1 1 1 1
v -6.41 0 -7.76 1 1 1 1
v -5.7700000000000005 0 -7.76 1 1 1 1
v -6.41 0 -8.4 1 1 1 1
v -6.41 0 -8.4 1 1 1 1
v -7.05 0 -7.76 1 1 1 1
v -6.41 0 -7.76 1 1 1 1
v -7.05 0 -8.4 1 1 1 1
v -7.05 0 -8.4 1 1 1 1
v -7.69 0 -7.76 1 1 1 1
v -7.05 0 -7.76 1 1 1 1
v -7.69 0 -8.4 1 1 1 1
v -7.69 0 -8.4 1 1 1 1
v -8.33 0 -7.76 1 1 1 1
v -7.69 0 -7.76 1 1 1 1
v -8.33 0 -8.4 1 1 1 1
v -8.33 0 -8.4 1 1 1 1
v -8.97 0 -7.76 1 1 1 1
v -8.33 0 -7.76 1 1 1 1
v -8.97 0 -8.4 1 1 1 1
v 10.870000000000001 0 -9.040000000000001 1 1 1 1
v 10.23 0 -8.4 1 1 1 1
v 10.870000000000001 0 -8.4 1 1 1 1
v 10.23 0 -9.040000000000001 1 1 1 1
v -0.01 0 -13.52 1 1 1 1
v -0.65 0 -12.88 1 1 1 1
v -0.01 0 -12.88 1 1 1 1
v -0.65 0 -13.52 1 1 1 1
v -0.65 0 -13.52 1 1 1 1
v -1.29 0 -12.88 1 1 1 1
v -0.65 0 -12.88 1 1 1 1
v -1.29 0 -13.52 1 1 1 1
v -1.29 0 -13.52 1 1 1 1
v -1.93 0 -12.88 1 1 1 1
v -1.29 0 -12.88 1 1 1 1
v -1.93 0 -13.52 1 1 1 1
v -1.93 0 -13.52 1 1 1 1
v -2.57 0 -12.88 1 1 1 1
v -1.93 0 -12.88 1 1 1 1
v -2.57 0 -13.52 1 1 1 1
v -0.01 0 -3.2800000000000002 1 1 1 1
v -0.65 0 -2.64 1 1 1 1
v -0.01 0 -2.64 1 1 1 1
v -0.65 0 -3.2800000000000002 1 1 1 1
v -0.65 0 -3.2800000000000002 1 1 1 1
v -1.29 0 -2.64 1 1 1 1
v -0.65 0 -2.64 1 1 1 1
v -1.29 0 -3.2800000000000002 1 1 1 1
v -1.29 0 -3.2800000000000002 1 1 1 1
v -1.93 0 -2.64 1 1 1 1
v -1.29 0 -2.64 1 1 1 1
v -1.93 0 -3.2800000000000002 1 1 1 1
v -1.93 0 -3.2800000000000002 1 1 1 1
v -2.57 0 -2.64 1 1 1 1
v -1.93 0 -2.64 1 1 1 1
v -2.57 0 -3.2800000000000002 1 1 1 1
v -2.57 0 -3.2800000000000002 1 1 1 1
v -3.21 0 -2.64 1 1 1 1
v -2.57 0 -2.64 1 1 1 1
v -3.21 0 -3.2800000000000002 1 1 1 1
v -3.21 0 -3.2800000000000002 1 1 1 1
v -3.85 0 -2.64 1 1 1 1
v -3.21 0 -2.64 1 1 1 1
v -3.85 0 -3.2800000000000002 1 1 1 1
v -3.85 0 -3.2800000000000002 1 1 1 1
v -4.49 0 -2.64 1 1 1 1
v -3.85 0 -2.64 1 1 1 1
v -4.49 0 -3.2800000000000002 1 1 1 1
v -4.49 0 -3.2800000000000002 1 1 1 1
v -5.13 0 -2.64 1 1 1 1
v -4.49 0 -2.64 1 1 1 1
v -5.13 0 -3.2800000000000002 1 1 1 1
v -5.13 0 -3.2800000000000002 1 1 1 1
v -5.7700000000000005 0 -2.64 1 1 1 1
v -5.13 0 -2.64 1 1 1 1
v -5.7700000000000005 0 -3.2800000000000002 1 1 1 1
v -5.7700000000000005 0 -3.2800000000000002 1 1 1 1
v -6.41 0 -2.64 1 1 1 1
v -5.7700000000000005 0 -2.64 1 1 1 1
v -6.41 0 -3.2800000000000002 1 1 1 1
v -6.41 0 -3.2800000000000002 1 1 1 1
v -7.05 0 -2.64 1 1 1 1
v -6.41 0 -2.64 1 1 1 1
v -7.05 0 -3.2800000000000002 1 1 1 1
v -7.05 0 -3.2800000000000002 1 1 1 1
v -7.69 0 -2.64 1 1 1 1
v -7.05 0 -2.64 1 1 1 1
v -7.69 0 -3.2800000000000002 1 1 1 1
v -7.69 0 -3.2800000000000002 1 1 1 1
v -8.33 0 -2.64 1 1 1 1
v -7.69 0 -2.64 1 1 1 1
v -8.33 0 -3.2800000000000002 1 1 1 1
v -8.33 0 -3.2800000000000002 1 1 1 1
v -8.97 0 -2.64 1 1 1 1
v -8.33 0 -2.64 1 1 1 1
v -8.97 0 -3.2800000000000002 1 1 1 1
v 10.870000000000001 0 -3.92 1 1 1 1
v 10.23 0 -3.2800000000000002 1 1 1 1
v 10.870000000000001 0 -3.2800000000000002 1 1 1 1
v 10.23 0 -3.92 1 1 1 1
v -2.57 0 -13.52 1 1 1 1
v -3.21 0 -12.88 1 1 1 1
v -2.57 0 -12.88 1 1 1 1
v -3.21 0 -13.52 1 1 1 1
v -3.21 0 -13.52 1 1 1 1
v -3.85 0 -12.88 1 1 1 1
v -3.21 0 -12.88 1 1 1 1
v -3.85 0 -13.52 1 1 1 1
v -0.01 0 -14.8 1 1 1 1
v -0.65 0 -14.16 1 1 1 1
v -0.01 0 -14.16 1 1 1 1
v -0.65 0 -14.8 1 1 1 1
v -0.65 0 -14.8 1 1 1 1
v -1.29 0 -14.16 1 1 1 1
v -0.65 0 -14.16 1 1 1 1
v -1.29 0 -14.8 1 1 1 1
v -0.01 0 -10.96 1 1 1 1
v -0.65 0 -10.32 1 1 1 1
v -0.01 0 -10.32 1 1 1 1
v -0.65 0 -10.96 1 1 1 1
v -0.65 0 -10.96 1 1 1 1
v -1.29 0 -10.32 1 1 1 1
v -0.65 0 -10.32 1 1 1 1
v -1.29 0 -10.96 1 1 1 1
v -1.29 0 -10.96 1 1 1 1
v -1.93 0 -10.32 1 1 1 1
v -1.29 0 -10.32 1 1 1 1
v -1.93 0 -10.96 1 1 1 1
v -1.93 0 -10.96 1 1 1 1
v -2.57 0 -10.32 1 1 1 1
v -1.93 0 -10.32 1 1 1 1
v -2.57 0 -10.96 1 1 1 1
v -2.57 0 -10.96 1 1 1 1
v -3.21 0 -10.32 1 1 1 1
v -2.57 0 -10.32 1 1 1 1
v -3.21 0 -10.96 1 1 1 1
v -3.21 0 -10.96 1 1 1 1
v -3.85 0 -10.32 1 1 1 1
v -3.21 0 -10.32 1 1 1 1
v -3.85 0 -10.96 1 1 1 1
v -3.85 0 -10.96 1 1 1 1
v -4.49 0 -10.32 1 1 1 1
v -3.85 0 -10.32 1 1 1 1
v -4.49 0 -10.96 1 1 1 1
v -4.49 0 -10.96 1 1 1 1
v -5.13 0 -10.32 1 1 1 1
v -4.49 0 -10.32 1 1 1 1
v -5.13 0 -10.96 1 1 1 1
v -5.13 0 -10.96 1 1 1 1
v -5.7700000000000005 0 -10.32 1 1 1 1
v -5.13 0 -10.32 1 1 1 1
v -5.7700000000000005 0 -10.96 1 1 1 1
v -5.7700000000000005 0 -10.96 1 1 1 1
v -6.41 0 -10.32 1 1 1 1
v -5.7700000000000005 0 -10.32 1 1 1 1
v -6.41 0 -10.96 1 1 1 1
v -6.41 0 -10.96 1 1 1 1
v -7.05 0 -10.32 1 1 1 1
v -6.41 0 -10.32 1 1 1 1
v -7.05 0 -10.96 1 1 1 1
v -7.05 0 -10.96 1 1 1 1
v -7.69 0 -10.32 1 1 1 1
v -7.05 0 -10.32 1 1 1 1
v -7.69 0 -10.96 1 1 1 1
v -0.01 0 -3.92 1 1 1 1
v -0.65 0 -3.2800000000000002 1 1 1 1
v -0.01 0 -3.2800000000000002 1 1 1 1
v -0.65 0 -3.92 1 1 1 1
v -0.65 0 -3.92 1 1 1 1
v -1.29 0 -3.2800000000000002 1 1 1 1
v -0.65 0 -3.2800000000000002 1 1 1 1
v -1.29 0 -3.92 1 1 1 1
v -1.29 0 -3.92 1 1 1 1
v -1.93 0 -3.2800000000000002 1 1 1 1
v -1.29 0 -3.2800000000000002 1 1 1 1
v -1.93 0 -3.92 1 1 1 1
v -1.93 0 -3.92 1 1 1 1
v -2.57 0 -3.2800000000000002 1 1 1 1
v -1.93 0 -3.2800000000000002 1 1 1 1
v -2.57 0 -3.92 1 1 1 1
v -2.57 0 -3.92 1 1 1 1
v -3.21 0 -3.2800000000000002 1 1 1 1
v -2.57 0 -3.2800000000000002 1 1 1 1
v -3.21 0 -3.92 1 1 1 1
v -3.21 0 -3.92 1 1 1 1
v -3.85 0 -3.2800000000000002 1 1 1 1
v -3.21 0 -3.2800000000000002 1 1 1 1
v -3.85 0 -3.92 1 1 1 1
v -3.85 0 -3.92 1 1 1 1
v -4.49 0 -3.2800000000000002 1 1 1 1
v -3.85 0 -3.2800000000000002 1 1 1 1
v -4.49 0 -3.92 1 1 1 1
v -4.49 0 -3.92 1 1 1 1
v -5.13 0 -3.2800000000000002 1 1 1 1
v -4.49 0 -3.2800000000000002 1 1 1 1
v -5.13 0 -3.92 1 1 1 1
v -5.13 0 -3.92 1 1 1 1
v -5.7700000000000005 0 -3.2800000000000002 1 1 1 1
v -5.13 0 -3.2800000000000002 1 1 1 1
v -5.7700000000000005 0 -3.92 1 1 1 1
v -5.7700000000000005 0 -3.92 1 1 1 1
v -6.41 0 -3.2800000000000002 1 1 1 1
v -5.7700000000000005 0 -3.2800000000000002 1 1 1 1
v -6.41 0 -3.92 1 1 1 1
v -6.41 0 -3.92 1 1 1 1
v -7.05 0 -3.2800000000000002 1 1 1 1
v -6.41 0 -3.2800000000000002 1 1 1 1
v -7.05 0 -3.92 1 1 1 1
v -7.05 0 -3.92 1 1 1 1
v -7.69 0 -3.2800000000000002 1 1 1 1
v -7.05 0 -3.2800000000000002 1 1 1 1
v -7.69 0 -3.92 1 1 1 1
v -7.69 0 -3.92 1 1 1 1
v -8.33 0 -3.2800000000000002 1 1 1 1
v -7.69 0 -3.2800000000000002 1 1 1 1
v -8.33 0 -3.92 1 1 1 1
v -8.33 0 -3.92 1 1 1 1
v -8.97 0 -3.2800000000000002 1 1 1 1
v -8.33 0 -3.2800000000000002 1 1 1 1
v -8.97 0 -3.92 1 1 1 1
v 10.870000000000001 0 -4.5600000000000005 1 1 1 1
v 10.23 0 -3.92 1 1 1 1
v 10.870000000000001 0 -3.92 1 1 1 1
v 10.23 0 -4.5600000000000005 1 1 1 1
v -7.69 0 -10.96 1 1 1 1
v -8.33 0 -10.32 1 1 1 1
v -7.69 0 -10.32 1 1 1 1
v -8.33 0 -10.96 1 1 1 1
v -8.33 0 -10.96 1 1 1 1
v -8.97 0 -10.32 1 1 1 1
v -8.33 0 -10.32 1 1 1 1
v -8.97 0 -10.96 1 1 1 1
v 10.870000000000001 0 -11.6 1 1 1 1
v 10.23 0 -10.96 1 1 1 1
v 10.870000000000001 0 -10.96 1 1 1 1
v 10.23 0 -11.6 1 1 1 1
v -1.29 0 -14.8 1 1 1 1
v -1.93 0 -14.16 1 1 1 1
v -1.29 0 -14.16 1 1 1 1
v -1.93 0 -14.8 1 1 1 1
v -1.93 0 -14.8 1 1 1 1
v -2.57 0 -14.16 1 1 1 1
v -1.93 0 -14.16 1 1 1 1
v -2.57 0 -14.8 1 1 1 1
v -2.57 0 -14.8 1 1 1 1
v -3.21 0 -14.16 1 1 1 1
v -2.57 0 -14.16 1 1 1 1
v -3.21 0 -14.8 1 1 1 1
v -3.21 0 -14.8 1 1 1 1
v -3.85 0 -14.16 1 1 1 1
v -3.21 0 -14.16 1 1 1 1
v -3.85 0 -14.8 1 1 1 1
v -3.85 0 -14.8 1 1 1 1
v -4.49 0 -14.16 1 1 1 1
v -3.85 0 -14.16 1 1 1 1
v -4.49 0 -14.8 1 1 1 1
v -4.49 0 -14.8 1 1 1 1
v -5.13 0 -14.16 1 1 1 1
v -4.49 0 -14.16 1 1 1 1
v -5.13 0 -14.8 1 1 1 1
v -5.13 0 -14.8 1 1 1 1
v -5.7700000000000005 0 -14.16 1 1 1 1
v -5.13 0 -14.16 1 1 1 1
v -5.7700000000000005 0 -14.8 1 1 1 1
v -5.7700000000000005 0 -14.8 1 1 1 1
v -6.41 0 -14.16 1 1 1 1
v -5.7700000000000005 0 -14.16 1 1 1 1
v -6.41 0 -14.8 1 1 1 1
v -6.41 0 -14.8 1 1 1 1
v -7.05 0 -14.16 1 1 1 1
v -6.41 0 -14.16 1 1 1 1
v -7.05 0 -14.8 1 1 1 1
v -7.05 0 -14.8 1 1 1 1
v -7.69 0 -14.16 1 1 1 1
v -7.05 0 -14.16 1 1 1 1
v -7.69 0 -14.8 1 1 1 1
v -7.69 0 -14.8 1 1 1 1
v -8.33 0 -14.16 1 1 1 1
v -7.69 0 -14.16 1 1 1 1
v -8.33 0 -14.8 1 1 1 1
v -8.33 0 -14.8 1 1 1 1
v -8.97 0 -14.16 1 1 1 1
v -8.33 0 -14.16 1 1 1 1
v -8.97 0 -14.8 1 1 1 1
v 10.870000000000001 0 -15.44 1 1 1 1
v 10.23 0 -14.8 1 1 1 1
v 10.870000000000001 0 -14.8 1 1 1 1
v 10.23 0 -15.44 1 1 1 1
v -0.01 0 -4.5600000000000005 1 1 1 1
v -0.65 0 -3.92 1 1 1 1
v -0.01 0 -3.92 1 1 1 1
v -0.65 0 -4.5600000000000005 1 1 1 1
v -0.65 0 -4.5600000000000005 1 1 1 1
v -1.29 0 -3.92 1 1 1 1
v -0.65 0 -3.92 1 1 1 1
v -1.29 0 -4.5600000000000005 1 1 1 1
v -1.29 0 -4.5600000000000005 1 1 1 1
v -1.93 0 -3.92 1 1 1 1
v -1.29 0 -3.92 1 1 1 1
v -1.93 0 -4.5600000000000005 1 1 1 1
v -1.93 0 -4.5600000000000005 1 1 1 1
v -2.57 0 -3.92 1 1 1 1
v -1.93 0 -3.92 1 1 1 1
v -2.57 0 -4.5600000000000005 1 1 1 1
v -2.57 0 -4.5600000000000005 1 1 1 1
v -3.21 0 -3.92 1 1 1 1
v -2.57 0 -3.92 1 1 1 1
v -3.21 0 -4.5600000000000005 1 1 1 1
v -3.21 0 -4.5600000000000005 1 1 1 1
v -3.85 0 -3.92 1 1 1 1
v -3.21 0 -3.92 1 1 1 1
v -3.85 0 -4.5600000000000005 1 1 1 1
v -3.85 0 -4.5600000000000005 1 1 1 1
v -4.49 0 -3.92 1 1 1 1
v -3.85 0 -3.92 1 1 1 1
v -4.49 0 -4.5600000000000005 1 1 1 1
v -4.49 0 -4.5600000000000005 1 1 1 1
v -5.13 0 -3.92 1 1 1 1
v -4.49 0 -3.92 1 1 1 1
v -5.13 0 -4.5600000000000005 1 1 1 1
v -5.13 0 -4.5600000000000005 1 1 1 1
v -5.7700000000000005 0 -3.92 1 1 1 1
v -5.13 0 -3.92 1 1 1 1
v -5.7700000000000005 0 -4.5600000000000005 1 1 1 1
v -5.7700000000000005 0 -4.5600000000000005 1 1 1 1
v -6.41 0 -3.92 1 1 1 1
v -5.7700000000000005 0 -3.92 1 1 1 1
v -6.41 0 -4.5600000000000005 1 1 1 1
v -6.41 0 -4.5600000000000005 1 1 1 1
v -7.05 0 -3.92 1 1 1 1
v -6.41 0 -3.92 1 1 1 1
v -7.05 0 -4.5600000000000005 1 1 1 1
v -7.05 0 -4.5600000000000005 1 1 1 1
v -7.69 0 -3.92 1 1 1 1
v -7.05 0 -3.92 1 1 1 1
v -7.69 0 -4.5600000000000005 1 1 1 1
v -7.69 0 -4.5600000000000005 1 1 1 1
v -8.33 0 -3.92 1 1 1 1
v -7.69 0 -3.92 1 1 1 1
v -8.33 0 -4.5600000000000005 1 1 1 1
v -8.33 0 -4.5600000000000005 1 1 1 1
v -8.97 0 -3.92 1 1 1 1
v -8.33 0 -3.92 1 1 1 1
v -8.97 0 -4.5600000000000005 1 1 1 1
v 10.870000000000001 0 -5.2 1 1 1 1
v 10.23 0 -4.5600000000000005 1 1 1 1
v 10.870000000000001 0 -4.5600000000000005 1 1 1 1
v 10.23 0 -5.2 1 1 1 1
v 10.23 0 -15.44 1 1 1 1
v 9.59 0 -14.8 1 1 1 1
v 10.23 0 -14.8 1 1 1 1
v 9.59 0 -15.44 1 1 1 1
v 9.59 0 -15.44 1 1 1 1
v 8.950000000000001 0 -14.8 1 1 1 1
v 9.59 0 -14.8 1 1 1 1
v 8.950000000000001 0 -15.44 1 1 1 1
v 8.950000000000001 0 -15.44 1 1 1 1
v 8.31 0 -14.8 1 1 1 1
v 8.950000000000001 0 -14.8 1 1 1 1
v 8.31 0 -15.44 1 1 1 1
v -0.01 0 -11.6 1 1 1 1
v -0.65 0 -10.96 1 1 1 1
v -0.01 0 -10.96 1 1 1 1
v -0.65 0 -11.6 1 1 1 1
v -0.65 0 -11.6 1 1 1 1
v -1.29 0 -10.96 1 1 1 1
v -0.65 0 -10.96 1 1 1 1
v -1.29 0 -11.6 1 1 1 1
v -1.29 0 -11.6 1 1 1 1
v -1.93 0 -10.96 1 1 1 1
v -1.29 0 -10.96 1 1 1 1
v -1.93 0 -11.6 1 1 1 1
v -1.93 0 -11.6 1 1 1 1
v -2.57 0 -10.96 1 1 1 1
v -1.93 0 -10.96 1 1 1 1
v -2.57 0 -11.6 1 1 1 1
v -2.57 0 -11.6 1 1 1 1
v -3.21 0 -10.96 1 1 1 1
v -2.57 0 -10.96 1 1 1 1
v -3.21 0 -11.6 1 1 1 1
v -3.21 0 -11.6 1 1 1 1
v -3.85 0 -10.96 1 1 1 1
v -3.21 0 -10.96 1 1 1 1
v -3.85 0 -11.6 1 1 1 1
v -3.85 0 -11.6 1 1 1 1
v -4.49 0 -10.96 1 1 1 1
v -3.85 0 -10.96 1 1 1 1
v -4.49 0 -11.6 1 1 1 1
v -4.49 0 -11.6 1 1 1 1
v -5.13 0 -10.96 1 1 1 1
v -4.49 0 -10.96 1 1 1 1
v -5.13 0 -11.6 1 1 1 1
v -5.13 0 -11.6 1 1 1 1
v -5.7700000000000005 0 -10.96 1 1 1 1
v -5.13 0 -10.96 1 1 1 1
v -5.7700000000000005 0 -11.6 1 1 1 1
v -5.7700000000000005 0 -11.6 1 1 1 1
v -6.41 0 -10.96 1 1 1 1
v -5.7700000000000005 0 -10.96 1 1 1 1
v -6.41 0 -11.6 1 1 1 1
v -6.41 0 -11.6 1 1 1 1
v -7.05 0 -10.96 1 1 1 1
v -6.41 0 -10.96 1 1 1 1
v -7.05 0 -11.6 1 1 1 1
v -7.05 0 -11.6 1 1 1 1
v -7.69 0 -10.96 1 1 1 1
v -7.05 0 -10.96 1 1 1 1
v -7.69 0 -11.6 1 1 1 1
v -7.69 0 -11.6 1 1 1 1
v -8.33 0 -10.96 1 1 1 1
v -7.69 0 -10.96 1 1 1 1
v -8.33 0 -11.6 1 1 1 1
v -0.01 0 -5.2 1 1 1 1
v -0.65 0 -4.5600000000000005 1 1 1 1
v -0.01 0 -4.5600000000000005 1 1 1 1
v -0.65 0 -5.2 1 1 1 1
v -0.65 0 -5.2 1 1 1 1
v -1.29 0 -4.5600000000000005 1 1 1 1
v -0.65 0 -4.5600000000000005 1 1 1 1
v -1.29 0 -5.2 1 1 1 1
v -1.29 0 -5.2 1 1 1 1
v -1.93 0 -4.5600000000000005 1 1 1 1
v -1.29 0 -4.5600000000000005 1 1 1 1
v -1.93 0 -5.2 1 1 1 1
v -1.93 0 -5.2 1 1 1 1
v -2.57 0 -4.5600000000000005 1 1 1 1
v -1.93 0 -4.5600000000000005 1 1 1 1
v -2.57 0 -5.2 1 1 1 1
v -2.57 0 -5.2 1 1 1 1
v -3.21 0 -4.5600000000000005 1 1 1 1
v -2.57 0 -4.5600000000000005 1 1 1 1
v -3.21 0 -5.2 1 1 1 1
v -3.21 0 -5.2 1 1 1 1
v -3.85 0 -4.5600000000000005 1 1 1 1
v -3.21 0 -4.5600000000000005 1 1 1 1
v -3.85 0 -5.2 1 1 1 1
v -3.85 0 -5.2 1 1 1 1
v -4.49 0 -4.5600000000000005 1 1 1 1
v -3.85 0 -4.5600000000000005 1 1 1 1
v -4.49 0 -5.2 1 1 1 1
v -4.49 0 -5.2 1 1 1 1
v -5.13 0 -4.5600000000000005 1 1 1 1
v -4.49 0 -4.5600000000000005 1 1 1 1
v -5.13 0 -5.2 1 1 1 1
v -5.13 0 -5.2 1 1 1 1
v -5.7700000000000005 0 -4.5600000000000005 1 1 1 1
v -5.13 0 -4.5600000000000005 1 1 1 1
v -5.7700000000000005 0 -5.2 1 1 1 1
v -5.7700000000000005 0 -5.2 1 1 1 1
v -6.41 0 -4.5600000000000005 1 1 1 1
v -5.7700000000000005 0 -4.5600000000000005 1 1 1 1
v -6.41 0 -5.2 1 1 1 1
v -6.41 0 -5.2 1 1 1 1
v -7.05 0 -4.5600000000000005 1 1 1 1
v -6.41 0 -4.5600000000000005 1 1 1 1
v -7.05 0 -5.2 1 1 1 1
v -7.05 0 -5.2 1 1 1 1
v -7.69 0 -4.5600000000000005 1 1 1 1
v -7.05 0 -4.5600000000000005 1 1 1 1
v -7.69 0 -5.2 1 1 1 1
v -7.69 0 -5.2 1 1 1 1
v -8.33 0 -4.5600000000000005 1 1 1 1
v -7.69 0 -4.5600000000000005 1 1 1 1
v -8.33 0 -5.2 1 1 1 1
v -8.33 0 -5.2 1 1 1 1
v -8.97 0 -4.5600000000000005 1 1 1 1
v -8.33 0 -4.5600000000000005 1 1 1 1
v -8.97 0 -5.2 1 1 1 1
v 10.870000000000001 0 -5.84 1 1 1 1
v 10.23 0 -5.2 1 1 1 1
v 10.870000000000001 0 -5.2 1 1 1 1
v 10.23 0 -5.84 1 1 1 1
v -8.33 0 -11.6 1 1 1 1
v -8.97 0 -10.96 1 1 1 1
v -8.33 0 -10.96 1 1 1 1
v -8.97 0 -11.6 1 1 1 1
v 10.870000000000001 0 -12.24 1 1 1 1
v 10.23 0 -11.6 1 1 1 1
v 10.870000000000001 0 -11.6 1 1 1 1
v 10.23 0 -12.24 1 1 1 1
v 8.31 0 -15.44 1 1 1 1
v 7.67 0 -14.8 1 1 1 1
v 8.31 0 -14.8 1 1 1 1
v 7.67 0 -15.44 1 1 1 1
v 7.67 0 -15.44 1 1 1 1
v 7.03 0 -14.8 1 1 1 1
v 7.67 0 -14.8 1 1 1 1
v 7.03 0 -15.44 1 1 1 1
v 7.03 0 -15.44 1 1 1 1
v 6.390000000000001 0 -14.8 1 1 1 1
v 7.03 0 -14.8 1 1 1 1
v 6.390000000000001 0 -15.44 1 1 1 1
v 6.390000000000001 0 -15.44 1 1 1 1
v 5.75 0 -14.8 1 1 1 1
v 6.390000000000001 0 -14.8 1 1 1 1
v 5.75 0 -15.44 1 1 1 1
v 5.75 0 -15.44 1 1 1 1
v 5.11 0 -14.8 1 1 1 1
v 5.75 0 -14.8 1 1 1 1
v 5.11 0 -15.44 1 1 1 1
v 5.11 0 -15.44 1 1 1 1
v 4.47 0 -14.8 1 1 1 1
v 5.11 0 -14.8 1 1 1 1
v 4.47 0 -15.44 1 1 1 1
v 4.47 0 -15.44 1 1 1 1
v 3.83 0 -14.8 1 1 1 1
v 4.47 0 -14.8 1 1 1 1
v 3.83 0 -15.44 1 1 1 1
v 3.83 0 -15.44 1 1 1 1
v 3.19 0 -14.8 1 1 1 1
v 3.83 0 -14.8 1 1 1 1
v 3.19 0 -15.44 1 1 1 1
v 3.19 0 -15.44 1 1 1 1
v 2.5500000000000003 0 -14.8 1 1 1 1
v 3.19 0 -14.8 1 1 1 1
v 2.5500000000000003 0 -15.44 1 1 1 1
v 2.5500000000000003 0 -15.44 1 1 1 1
v 1.9100000000000001 0 -14.8 1 1 1 1
v 2.5500000000000003 0 -14.8 1 1 1 1
v 1.9100000000000001 0 -15.44 1 1 1 1
v 1.9100000000000001 0 -15.44 1 1 1 1
v 1.27 0 -14.8 1 1 1 1
v 1.9100000000000001 0 -14.8 1 1 1 1
v 1.27 0 -15.44 1 1 1 1
v 1.27 0 -15.44 1 1 1 1
v 0.63 0 -14.8 1 1 1 1
v 1.27 0 -14.8 1 1 1 1
v 0.63 0 -15.44 1 1 1 1
v 0.63 0 -15.44 1 1 1 1
v -0.01 0 -14.8 1 1 1 1
v 0.63 0 -14.8 1 1 1 1
v -0.01 0 -15.44 1 1 1 1
v -0.01 0 -15.44 1 1 1 1
v -0.65 0 -14.8 1 1 1 1
v -0.01 0 -14.8 1 1 1 1
v -0.65 0 -15.44 1 1 1 1
v -0.01 0 -5.84 1 1 1 1
v -0.65 0 -5.2 1 1 1 1
v -0.01 0 -5.2 1 1 1 1
v -0.65 0 -5.84 1 1 1 1
v -0.65 0 -5.84 1 1 1 1
v -1.29 0 -5.2 1 1 1 1
v -0.65 0 -5.2 1 1 1 1
v -1.29 0 -5.84 1 1 1 1
v -1.29 0 -5.84 1 1 1 1
v -1.93 0 -5.2 1 1 1 1
v -1.29 0 -5.2 1 1 1 1
v -1.93 0 -5.84 1 1 1 1
v -1.93 0 -5.84 1 1 1 1
v -2.57 0 -5.2 1 1 1 1
v -1.93 0 -5.2 1 1 1 1
v -2.57 0 -5.84 1 1 1 1
v -2.57 0 -5.84 1 1 1 1
v -3.21 0 -5.2 1 1 1 1
v -2.57 0 -5.2 1 1 1 1
v -3.21 0 -5.84 1 1 1 1
v -3.21 0 -5.84 1 1 1 1
v -3.85 0 -5.2 1 1 1 1
v -3.21 0 -5.2 1 1 1 1
v -3.85 0 -5.84 1 1 1 1
v -3.85 0 -5.84 1 1 1 1
v -4.49 0 -5.2 1 1 1 1
v -3.85 0 -5.2 1 1 1 1
v -4.49 0 -5.84 1 1 1 1
v -4.49 0 -5.84 1 1 1 1
v -5.13 0 -5.2 1 1 1 1
v -4.49 0 -5.2 1 1 1 1
v -5.13 0 -5.84 1 1 1 1
v -5.13 0 -5.84 1 1 1 1
v -5.7700000000000005 0 -5.2 1 1 1 1
v -5.13 0 -5.2 1 1 1 1
v -5.7700000000000005 0 -5.84 1 1 1 1
v -5.7700000000000005 0 -5.84 1 1 1 1
v -6.41 0 -5.2 1 1 1 1
v -5.7700000000000005 0 -5.2 1 1 1 1
v -6.41 0 -5.84 1 1 1 1
v -6.41 0 -5.84 1 1 1 1
v -7.05 0 -5.2 1 1 1 1
v -6.41 0 -5.2 1 1 1 1
v -7.05 0 -5.84 1 1 1 1
v -7.05 0 -5.84 1 1 1 1
v -7.69 0 -5.2 1 1 1 1
v -7.05 0 -5.2 1 1 1 1
v -7.69 0 -5.84 1 1 1 1
v -7.69 0 -5.84 1 1 1 1
v -8.33 0 -5.2 1 1 1 1
v -7.69 0 -5.2 1 1 1 1
v -8.33 0 -5.84 1 1 1 1
v -8.33 0 -5.84 1 1 1 1
v -8.97 0 -5.2 1 1 1 1
v -8.33 0 -5.2 1 1 1 1
v -8.97 0 -5.84 1 1 1 1
v 10.870000000000001 0 -6.48 1 1 1 1
v 10.23 0 -5.84 1 1 1 1
v 10.870000000000001 0 -5.84 1 1 1 1
v 10.23 0 -6.48 1 1 1 1
v -0.65 0 -15.44 1 1 1 1
v -1.29 0 -14.8 1 1 1 1
v -0.65 0 -14.8 1 1 1 1
v -1.29 0 -15.44 1 1 1 1
v -1.29 0 -15.44 1 1 1 1
v -1.93 0 -14.8 1 1 1 1
v -1.29 0 -14.8 1 1 1 1
v -1.93 0 -15.44 1 1 1 1
v -0.01 0 -12.24 1 1 1 1
v -0.65 0 -11.6 1 1 1 1
v -0.01 0 -11.6 1 1 1 1
v -0.65 0 -12.24 1 1 1 1
v -0.65 0 -12.24 1 1 1 1
v -1.29 0 -11.6 1 1 1 1
v -0.65 0 -11.6 1 1 1 1
v -1.29 0 -12.24 1 1 1 1
v -1.29 0 -12.24 1 1 1 1
v -1.93 0 -11.6 1 1 1 1
v -1.29 0 -11.6 1 1 1 1
v -1.93 0 -12.24 1 1 1 1
v -1.93 0 -12.24 1 1 1 1
v -2.57 0 -11.6 1 1 1 1
v -1.93 0 -11.6 1 1 1 1
v -2.57 0 -12.24 1 1 1 1
v -2.57 0 -12.24 1 1 1 1
v -3.21 0 -11.6 1 1 1 1
v -2.57 0 -11.6 1 1 1 1
v -3.21 0 -12.24 1 1 1 1
v -3.21 0 -12.24 1 1 1 1
v -3.85 0 -11.6 1 1 1 1
v -3.21 0 -11.6 1 1 1 1
v -3.85 0 -12.24 1 1 1 1
v -3.85 0 -12.24 1 1 1 1
v -4.49 0 -11.6 1 1 1 1
v -3.85 0 -11.6 1 1 1 1
v -4.49 0 -12.24 1 1 1 1
v -4.49 0 -12.24 1 1 1 1
v -5.13 0 -11.6 1 1 1 1
v -4.49 0 -11.6 1 1 1 1
v -5.13 0 -12.24 1 1 1 1
v -5.13 0 -12.24 1 1 1 1
v -5.7700000000000005 0 -11.6 1 1 1 1
v -5.13 0 -11.6 1 1 1 1
v -5.7700000000000005 0 -12.24 1 1 1 1
v -5.7700000000000005 0 -12.24 1 1 1 1
v -6.41 0 -11.6 1 1 1 1
v -5.7700000000000005 0 -11.6 1 1 1 1
v -6.41 0 -12.24 1 1 1 1
v -6.41 0 -12.24 1 1 1 1
v -7.05 0 -11.6 1 1 1 1
v -6.41 0 -11.6 1 1 1 1
v -7.05 0 -12.24 1 1 1 1
v -7.05 0 -12.24 1 1 1 1
v -7.69 0 -11.6 1 1 1 1
v -7.05 0 -11.6 1 1 1 1
v -7.69 0 -12.24 1 1 1 1
v -7.69 0 -12.24 1 1 1 1
v -8.33 0 -11.6 1 1 1 1
v -7.69 0 -11.6 1 1 1 1
v -8.33 0 -12.24 1 1 1 1
v -8.33 0 -12.24 1 1 1 1
v -8.97 0 -11.6 1 1 1 1
v -8.33 0 -11.6 1 1 1 1
v -8.97 0 -12.24 1 1 1 1
v -0.01 0 -6.48 1 1 1 1
v -0.65 0 -5.84 1 1 1 1
v -0.01 0 -5.84 1 1 1 1
v -0.65 0 -6.48 1 1 1 1
v -0.65 0 -6.48 1 1 1 1
v -1.29 0 -5.84 1 1 1 1
v -0.65 0 -5.84 1 1 1 1
v -1.29 0 -6.48 1 1 1 1
v -1.29 0 -6.48 1 1 1 1
v -1.93 0 -5.84 1 1 1 1
v -1.29 0 -5.84 1 1 1 1
v -1.93 0 -6.48 1 1 1 1
v -1.93 0 -6.48 1 1 1 1
v -2.57 0 -5.84 1 1 1 1
v -1.93 0 -5.84 1 1 1 1
v -2.57 0 -6.48 1 1 1 1
v -2.57 0 -6.48 1 1 1 1
v -3.21 0 -5.84 1 1 1 1
v -2.57 0 -5.84 1 1 1 1
v -3.21 0 -6.48 1 1 1 1
v -3.21 0 -6.48 1 1 1 1
v -3.85 0 -5.84 1 1 1 1
v -3.21 0 -5.84 1 1 1 1
v -3.85 0 -6.48 1 1 1 1
v -3.85 0 -6.48 1 1 1 1
v -4.49 0 -5.84 1 1 1 1
v -3.85 0 -5.84 1 1 1 1
v -4.49 0 -6.48 1 1 1 1
v -4.49 0 -6.48 1 1 1 1
v -5.13 0 -5.84 1 1 1 1
v -4.49 0 -5.84 1 1 1 1
v -5.13 0 -6.48 1 1 1 1
v -5.13 0 -6.48 1 1 1 1
v -5.7700000000000005 0 -5.84 1 1 1 1
v -5.13 0 -5.84 1 1 1 1
v -5.7700000000000005 0 -6.48 1 1 1 1
v -5.7700000000000005 0 -6.48 1 1 1 1
v -6.41 0 -5.84 1 1 1 1
v -5.7700000000000005 0 -5.84 1 1 1 1
v -6.41 0 -6.48 1 1 1 1
v -6.41 0 -6.48 1 1 1 1
v -7.05 0 -5.84 1 1 1 1
v -6.41 0 -5.84 1 1 1 1
v -7.05 0 -6.48 1 1 1 1
v -7.05 0 -6.48 1 1 1 1
v -7.69 0 -5.84 1 1 1 1
v -7.05 0 -5.84 1 1 1 1
v -7.69 0 -6.48 1 1 1 1
v -7.69 0 -6.48 1 1 1 1
v -8.33 0 -5.84 1 1 1 1
v -7.69 0 -5.84 1 1 1 1
v -8.33 0 -6.48 1 1 1 1
v -8.33 0 -6.48 1 1 1 1
v -8.97 0 -5.84 1 1 1 1
v -8.33 0 -5.84 1 1 1 1
v -8.97 0 -6.48 1 1 1 1
v 10.870000000000001 0 -7.12 1 1 1 1
v 10.23 0 -6.48 1 1 1 1
v 10.870000000000001 0 -6.48 1 1 1 1
v 10.23 0 -7.12 1 1 1 1
v 10.870000000000001 0 -12.88 1 1 1 1
v 10.23 0 -12.24 1 1 1 1
v 10.870000000000001 0 -12.24 1 1 1 1
v 10.23 0 -12.88 1 1 1 1
v -1.93 0 -15.44 1 1 1 1
v -2.57 0 -14.8 1 1 1 1
v -1.93 0 -14.8 1 1 1 1
v -2.57 0 -15.44 1 1 1 1
v -2.57 0 -15.44 1 1 1 1
v -3.21 0 -14.8 1 1 1 1
v -2.57 0 -14.8 1 1 1 1
v -3.21 0 -15.44 1 1 1 1
v -3.21 0 -15.44 1 1 1 1
v -3.85 0 -14.8 1 1 1 1
v -3.21 0 -14.8 1 1 1 1
v -3.85 0 -15.44 1 1 1 1
v -3.85 0 -15.44 1 1 1 1
v -4.49 0 -14.8 1 1 1 1
v -3.85 0 -14.8 1 1 1 1
v -4.49 0 -15.44 1 1 1 1
v -4.49 0 -15.44 1 1 1 1
v -5.13 0 -14.8 1 1 1 1
v -4.49 0 -14.8 1 1 1 1
v -5.13 0 -15.44 1 1 1 1
v -5.13 0 -15.44 1 1 1 1
v -5.7700000000000005 0 -14.8 1 1 1 1
v -5.13 0 -14.8 1 1 1 1
v -5.7700000000000005 0 -15.44 1 1 1 1
v -5.7700000000000005 0 -15.44 1 1 1 1
v -6.41 0 -14.8 1 1 1 1
v -5.7700000000000005 0 -14.8 1 1 1 1
v -6.41 0 -15.44 1 1 1 1
v -6.41 0 -15.44 1 1 1 1
v -7.05 0 -14.8 1 1 1 1
v -6.41 0 -14.8 1 1 1 1
v -7.05 0 -15.44 1 1 1 1
v -7.05 0 -15.44 1 1 1 1
v -7.69 0 -14.8 1 1 1 1
v -7.05 0 -14.8 1 1 1 1
v -7.69 0 -15.44 1 1 1 1
v -7.69 0 -15.44 1 1 1 1
v -8.33 0 -14.8 1 1 1 1
v -7.69 0 -14.8 1 1 1 1
v -8.33 0 -15.44 1 1 1 1
v -8.33 0 -15.44 1 1 1 1
v -8.97 0 -14.8 1 1 1 1
v -8.33 0 -14.8 1 1 1 1
v -8.97 0 -15.44 1 1 1 1
v 10.870000000000001 0 -16.080000000000002 1 1 1 1
v 10.23 0 -15.44 1 1 1 1
v 10.870000000000001 0 -15.44 1 1 1 1
v 10.23 0 -16.080000000000002 1 1 1 1
v 10.23 0 -16.080000000000002 1 1 1 1
v 9.59 0 -15.44 1 1 1 1
v 10.23 0 -15.44 1 1 1 1
v 9.59 0 -16.080000000000002 1 1 1 1
v 9.59 0 -16.080000000000002 1 1 1 1
v 8.950000000000001 0 -15.44 1 1 1 1
v 9.59 0 -15.44 1 1 1 1
v 8.950000000000001 0 -16.080000000000002 1 1 1 1
v 8.950000000000001 0 -16.080000000000002 1 1 1 1
v 8.31 0 -15.44 1 1 1 1
v 8.950000000000001 0 -15.44 1 1 1 1
v 8.31 0 -16.080000000000002 1 1 1 1
v -0.01 0 -7.12 1 1 1 1
v -0.65 0 -6.48 1 1 1 1
v -0.01 0 -6.48 1 1 1 1
v -0.65 0 -7.12 1 1 1 1
v -0.65 0 -7.12 1 1 1 1
v -1.29 0 -6.48 1 1 1 1
v -0.65 0 -6.48 1 1 1 1
v -1.29 0 -7.12 1 1 1 1
v -1.29 0 -7.12 1 1 1 1
v -1.93 0 -6.48 1 1 1 1
v -1.29 0 -6.48 1 1 1 1
v -1.93 0 -7.12 1 1 1 1
v -1.93 0 -7.12 1 1 1 1
v -2.57 0 -6.48 1 1 1 1
v -1.93 0 -6.48 1 1 1 1
v -2.57 0 -7.12 1 1 1 1
v -2.57 0 -7.12 1 1 1 1
v -3.21 0 -6.48 1 1 1 1
v -2.57 0 -6.48 1 1 1 1
v -3.21 0 -7.12 1 1 1 1
v -3.21 0 -7.12 1 1 1 1
v -3.85 0 -6.48 1 1 1 1
v -3.21 0 -6.48 1 1 1 1
v -3.85 0 -7.12 1 1 1 1
v -3.85 0 -7.12 1 1 1 1
v -4.49 0 -6.48 1 1 1 1
v -3.85 0 -6.48 1 1 1 1
v -4.49 0 -7.12 1 1 1 1
v -4.49 0 -7.12 1 1 1 1
v -5.13 0 -6.48 1 1 1 1
v -4.49 0 -6.48 1 1 1 1
v -5.13 0 -7.12 1 1 1 1
v -5.13 0 -7.12 1 1 1 1
v -5.7700000000000005 0 -6.48 1 1 1 1
v -5.13 0 -6.48 1 1 1 1
v -5.7700000000000005 0 -7.12 1 1 1 1
v -5.7700000000000005 0 -7.12 1 1 1 1
v -6.41 0 -6.48 1 1 1 1
v -5.7700000000000005 0 -6.48 1 1 1 1
v -6.41 0 -7.12 1 1 1 1
v -6.41 0 -7.12 1 1 1 1
v -7.05 0 -6.48 1 1 1 1
v -6.41 0 -6.48 1 1 1 1
v -7.05 0 -7.12 1 1 1 1
v -7.05 0 -7.12 1 1 1 1
v -7.69 0 -6.48 1 1 1 1
v -7.05 0 -6.48 1 1 1 1
v -7.69 0 -7.12 1 1 1 1
v -7.69 0 -7.12 1 1 1 1
v -8.33 0 -6.48 1 1 1 1
v -7.69 0 -6.48 1 1 1 1
v -8.33 0 -7.12 1 1 1 1
v -8.33 0 -7.12 1 1 1 1
v -8.97 0 -6.48 1 1 1 1
v -8.33 0 -6.48 1 1 1 1
v -8.97 0 -7.12 1 1 1 1
v 10.870000000000001 0 -7.76 1 1 1 1
v 10.23 0 -7.12 1 1 1 1
v 10.870000000000001 0 -7.12 1 1 1 1
v 10.23 0 -7.76 1 1 1 1
v 8.31 0 -16.080000000000002 1 1 1 1
v 7.67 0 -15.44 1 1 1 1
v 8.31 0 -15.44 1 1 1 1
v 7.67 0 -16.080000000000002 1 1 1 1
v -0.01 0 -12.88 1 1 1 1
v -0.65 0 -12.24 1 1 1 1
v -0.01 0 -12.24 1 1 1 1
v -0.65 0 -12.88 1 1 1 1
v -0.65 0 -12.88 1 1 1 1
v -1.29 0 -12.24 1 1 1 1
v -0.65 0 -12.24 1 1 1 1
v -1.29 0 -12.88 1 1 1 1
v -1.29 0 -12.88 1 1 1 1
v -1.93 0 -12.24 1 1 1 1
v -1.29 0 -12.24 1 1 1 1
v -1.93 0 -12.88 1 1 1 1
v -1.93 0 -12.88 1 1 1 1
v -2.57 0 -12.24 1 1 1 1
v -1.93 0 -12.24 1 1 1 1
v -2.57 0 -12.88 1 1 1 1
v -2.57 0 -12.88 1 1 1 1
v -3.21 0 -12.24 1 1 1 1
v -2.57 0 -12.24 1 1 1 1
v -3.21 0 -12.88 1 1 1 1
v -3.21 0 -12.88 1 1 1 1
v -3.85 0 -12.24 1 1 1 1
v -3.21 0 -12.24 1 1 1 1
v -3.85 0 -12.88 1 1 1 1
v -3.85 0 -12.88 1 1 1 1
v -4.49 0 -12.24 1 1 1 1
v -3.85 0 -12.24 1 1 1 1
v -4.49 0 -12.88 1 1 1 1
v -4.49 0 -12.88 1 1 1 1
v -5.13 0 -12.24 1 1 1 1
v -4.49 0 -12.24 1 1 1 1
v -5.13 0 -12.88 1 1 1 1
v -5.13 0 -12.88 1 1 1 1
v -5.7700000000000005 0 -12.24 1 1 1 1
v -5.13 0 -12.24 1 1 1 1
v -5.7700000000000005 0 -12.88 1 1 1 1
v -5.7700000000000005 0 -12.88 1 1 1 1
v -6.41 0 -12.24 1 1 1 1
v -5.7700000000000005 0 -12.24 1 1 1 1
v -6.41 0 -12.88 1 1 1 1
v -6.41 0 -12.88 1 1 1 1
v -7.05 0 -12.24 1 1 1 1
v -6.41 0 -12.24 1 1 1 1
v -7.05 0 -12.88 1 1 1 1
v -7.05 0 -12.88 1 1 1 1
v -7.69 0 -12.24 1 1 1 1
v -7.05 0 -12.24 1 1 1 1
v -7.69 0 -12.88 1 1 1 1
v -7.69 0 -12.88 1 1 1 1
v -8.33 0 -12.24 1 1 1 1
v -7.69 0 -12.24 1 1 1 1
v -8.33 0 -12.88 1 1 1 1
v -8.33 0 -12.88 1 1 1 1
v -8.97 0 -12.24 1 1 1 1
v -8.33 0 -12.24 1 1 1 1
v -8.97 0 -12.88 1 1 1 1
v 10.870000000000001 0 -13.52 1 1 1 1
v 10.23 0 -12.88 1 1 1 1
v 10.870000000000001 0 -12.88 1 1 1 1
v 10.23 0 -13.52 1 1 1 1
v -0.01 0 -7.76 1 1 1 1
v -0.65 0 -7.12 1 1 1 1
v -0.01 0 -7.12 1 1 1 1
v -0.65 0 -7.76 1 1 1 1
v -0.65 0 -7.76 1 1 1 1
v -1.29 0 -7.12 1 1 1 1
v -0.65 0 -7.12 1 1 1 1
v -1.29 0 -7.76 1 1 1 1
v -1.29 0 -7.76 1 1 1 1
v -1.93 0 -7.12 1 1 1 1
v -1.29 0 -7.12 1 1 1 1
v -1.93 0 -7.76 1 1 1 1
v -1.93 0 -7.76 1 1 1 1
v -2.57 0 -7.12 1 1 1 1
v -1.93 0 -7.12 1 1 1 1
v -2.57 0 -7.76 1 1 1 1
v -2.57 0 -7.76 1 1 1 1
v -3.21 0 -7.12 1 1 1 1
v -2.57 0 -7.12 1 1 1 1
v -3.21 0 -7.76 1 1 1 1
v -3.21 0 -7.76 1 1 1 1
v -3.85 0 -7.12 1 1 1 1
v -3.21 0 -7.12 1 1 1 1
v -3.85 0 -7.76 1 1 1 1
v -3.85 0 -7.76 1 1 1 1
v -4.49 0 -7.12 1 1 1 1
v -3.85 0 -7.12 1 1 1 1
v -4.49 0 -7.76 1 1 1 1
v -4.49 0 -7.76 1 1 1 1
v -5.13 0 -7.12 1 1 1 1
v -4.49 0 -7.12 1 1 1 1
v -5.13 0 -7.76 1 1 1 1
v -5.13 0 -7.76 1 1 1 1
v -5.7700000000000005 0 -7.12 1 1 1 1
v -5.13 0 -7.12 1 1 1 1
v -5.7700000000000005 0 -7.76 1 1 1 1
v -5.7700000000000005 0 -7.76 1 1 1 1
v -6.41 0 -7.12 1 1 1 1
v -5.7700000000000005 0 -7.12 1 1 1 1
v -6.41 0 -7.76 1 1 1 1
v -6.41 0 -7.76 1 1 1 1
v -7.05 0 -7.12 1 1 1 1
v -6.41 0 -7.12 1 1 1 1
v -7.05 0 -7.76 1 1 1 1
v -7.05 0 -7.76 1 1 1 1
v -7.69 0 -7.12 1 1 1 1
v -7.05 0 -7.12 1 1 1 1
v -7.69 0 -7.76 1 1 1 1
v -7.69 0 -7.76 1 1 1 1
v -8.33 0 -7.12 1 1 1 1
v -7.69 0 -7.12 1 1 1 1
v -8.33 0 -7.76 1 1 1 1
v -8.33 0 -7.76 1 1 1 1
v -8.97 0 -7.12 1 1 1 1
v -8.33 0 -7.12 1 1 1 1
v -8.97 0 -7.76 1 1 1 1
v -0.01 0 -9.040000000000001 1 1 1 1
v 0.63 0 -9.68 1 1 1 1
v -0.01 0 -9.68 1 1 1 1
v 0.63 0 -9.040000000000001 1 1 1 1
v 0.63 0 -9.040000000000001 1 1 1 1
v 1.27 0 -9.68 1 1 1 1
v 0.63 0 -9.68 1 1 1 1
v 1.27 0 -9.040000000000001 1 1 1 1
v 1.27 0 -9.040000000000001 1 1 1 1
v 1.9100000000000001 0 -9.68 1 1 1 1
v 1.27 0 -9.68 1 1 1 1
v 1.9100000000000001 0 -9.040000000000001 1 1 1 1
v 1.9100000000000001 0 -9.040000000000001 1 1 1 1
v 2.5500000000000003 0 -9.68 1 1 1 1
v 1.9100000000000001 0 -9.68 1 1 1 1
v 2.5500000000000003 0 -9.040000000000001 1 1 1 1
v 2.5500000000000003 0 -9.040000000000001 1 1 1 1
v 3.19 0 -9.68 1 1 1 1
v 2.5500000000000003 0 -9.68 1 1 1 1
v 3.19 0 -9.040000000000001 1 1 1 1
v 3.19 0 -9.040000000000001 1 1 1 1
v 3.83 0 -9.68 1 1 1 1
v 3.19 0 -9.68 1 1 1 1
v 3.83 0 -9.040000000000001 1 1 1 1
v 3.83 0 -9.040000000000001 1 1 1 1
v 4.47 0 -9.68 1 1 1 1
v 3.83 0 -9.68 1 1 1 1
v 4.47 0 -9.040000000000001 1 1 1 1
v 4.47 0 -9.040000000000001 1 1 1 1
v 5.11 0 -9.68 1 1 1 1
v 4.47 0 -9.68 1 1 1 1
v 5.11 0 -9.040000000000001 1 1 1 1
v 5.11 0 -9.040000000000001 1 1 1 1
v 5.75 0 -9.68 1 1 1 1
v 5.11 0 -9.68 1 1 1 1
v 5.75 0 -9.040000000000001 1 1 1 1
v 5.75 0 -9.040000000000001 1 1 1 1
v 6.390000000000001 0 -9.68 1 1 1 1
v 5.75 0 -9.68 1 1 1 1
v 6.390000000000001 0 -9.040000000000001 1 1 1 1
v 6.390000000000001 0 -9.040000000000001 1 1 1 1
v 7.03 0 -9.68 1 1 1 1
v 6.390000000000001 0 -9.68 1 1 1 1
v 7.03 0 -9.040000000000001 1 1 1 1
v 7.03 0 -9.040000000000001 1 1 1 1
v 7.67 0 -9.68 1 1 1 1
v 7.03 0 -9.68 1 1 1 1
v 7.67 0 -9.040000000000001 1 1 1 1
v 7.67 0 -9.040000000000001 1 1 1 1
v 8.31 0 -9.68 1 1 1 1
v 7.67 0 -9.68 1 1 1 1
v 8.31 0 -9.040000000000001 1 1 1 1
v 8.31 0 -9.040000000000001 1 1 1 1
v 8.950000000000001 0 -9.68 1 1 1 1
v 8.31 0 -9.68 1 1 1 1
v 8.950000000000001 0 -9.040000000000001 1 1 1 1
v 8.950000000000001 0 -9.040000000000001 1 1 1 1
v 9.59 0 -9.68 1 1 1 1
v 8.950000000000001 0 -9.68 1 1 1 1
v 9.59 0 -9.040000000000001 1 1 1 1
v 9.59 0 -9.040000000000001 1 1 1 1
v 10.23 0 -9.68 1 1 1 1
v 9.59 0 -9.68 1 1 1 1
v 10.23 0 -9.040000000000001 1 1 1 1
v -0.01 0 -8.4 1 1 1 1
v 0.63 0 -9.040000000000001 1 1 1 1
v -0.01 0 -9.040000000000001 1 1 1 1
v 0.63 0 -8.4 1 1 1 1
v 0.63 0 -8.4 1 1 1 1
v 1.27 0 -9.040000000000001 1 1 1 1
v 0.63 0 -9.040000000000001 1 1 1 1
v 1.27 0 -8.4 1 1 1 1
v 1.27 0 -8.4 1 1 1 1
v 1.9100000000000001 0 -9.040000000000001 1 1 1 1
v 1.27 0 -9.040000000000001 1 1 1 1
v 1.9100000000000001 0 -8.4 1 1 1 1
v 1.9100000000000001 0 -8.4 1 1 1 1
v 2.5500000000000003 0 -9.040000000000001 1 1 1 1
v 1.9100000000000001 0 -9.040000000000001 1 1 1 1
v 2.5500000000000003 0 -8.4 1 1 1 1
v 2.5500000000000003 0 -8.4 1 1 1 1
v 3.19 0 -9.040000000000001 1 1 1 1
v 2.5500000000000003 0 -9.040000000000001 1 1 1 1
v 3.19 0 -8.4 1 1 1 1
v 3.19 0 -8.4 1 1 1 1
v 3.83 0 -9.040000000000001 1 1 1 1
v 3.19 0 -9.040000000000001 1 1 1 1
v 3.83 0 -8.4 1 1 1 1
v 3.83 0 -8.4 1 1 1 1
v 4.47 0 -9.040000000000001 1 1 1 1
v 3.83 0 -9.040000000000001 1 1 1 1
v 4.47 0 -8.4 1 1 1 1
v 4.47 0 -8.4 1 1 1 1
v 5.11 0 -9.040000000000001 1 1 1 1
v 4.47 0 -9.040000000000001 1 1 1 1
v 5.11 0 -8.4 1 1 1 1
v 5.11 0 -8.4 1 1 1 1
v 5.75 0 -9.040000000000001 1 1 1 1
v 5.11 0 -9.040000000000001 1 1 1 1
v 5.75 0 -8.4 1 1 1 1
v 5.75 0 -8.4 1 1 1 1
v 6.390000000000001 0 -9.040000000000001 1 1 1 1
v 5.75 0 -9.040000000000001 1 1 1 1
v 6.390000000000001 0 -8.4 1 1 1 1
v 6.390000000000001 0 -8.4 1 1 1 1
v 7.03 0 -9.040000000000001 1 1 1 1
v 6.390000000000001 0 -9.040000000000001 1 1 1 1
v 7.03 0 -8.4 1 1 1 1
v 7.03 0 -8.4 1 1 1 1
v 7.67 0 -9.040000000000001 1 1 1 1
v 7.03 0 -9.040000000000001 1 1 1 1
v 7.67 0 -8.4 1 1 1 1
v 7.67 0 -8.4 1 1 1 1
v 8.31 0 -9.040000000000001 1 1 1 1
v 7.67 0 -9.040000000000001 1 1 1 1
v 8.31 0 -8.4 1 1 1 1
v 8.31 0 -8.4 1 1 1 1
v 8.950000000000001 0 -9.040000000000001 1 1 1 1
v 8.31 0 -9.040000000000001 1 1 1 1
v 8.950000000000001 0 -8.4 1 1 1 1
v 8.950000000000001 0 -8.4 1 1 1 1
v 9.59 0 -9.040000000000001 1 1 1 1
v 8.950000000000001 0 -9.040000000000001 1 1 1 1
v 9.59 0 -8.4 1 1 1 1
v 9.59 0 -8.4 1 1 1 1
v 10.23 0 -9.040000000000001 1 1 1 1
v 9.59 0 -9.040000000000001 1 1 1 1
v 10.23 0 -8.4 1 1 1 1
v -0.01 0 -7.76 1 1 1 1
v 0.63 0 -8.4 1 1 1 1
v -0.01 0 -8.4 1 1 1 1
v 0.63 0 -7.76 1 1 1 1
v 0.63 0 -7.76 1 1 1 1
v 1.27 0 -8.4 1 1 1 1
v 0.63 0 -8.4 1 1 1 1
v 1.27 0 -7.76 1 1 1 1
v 1.27 0 -7.76 1 1 1 1
v 1.9100000000000001 0 -8.4 1 1 1 1
v 1.27 0 -8.4 1 1 1 1
v 1.9100000000000001 0 -7.76 1 1 1 1
v 1.9100000000000001 0 -7.76 1 1 1 1
v 2.5500000000000003 0 -8.4 1 1 1 1
v 1.9100000000000001 0 -8.4 1 1 1 1
v 2.5500000000000003 0 -7.76 1 1 1 1
v 2.5500000000000003 0 -7.76 1 1 1 1
v 3.19 0 -8.4 1 1 1 1
v 2.5500000000000003 0 -8.4 1 1 1 1
v 3.19 0 -7.76 1 1 1 1
v 3.19 0 -7.76 1 1 1 1
v 3.83 0 -8.4 1 1 1 1
v 3.19 0 -8.4 1 1 1 1
v 3.83 0 -7.76 1 1 1 1
v 3.83 0 -7.76 1 1 1 1
v 4.47 0 -8.4 1 1 1 1
v 3.83 0 -8.4 1 1 1 1
v 4.47 0 -7.76 1 1 1 1
v 4.47 0 -7.76 1 1 1 1
v 5.11 0 -8.4 1 1 1 1
v 4.47 0 -8.4 1 1 1 1
v 5.11 0 -7.76 1 1 1 1
v 5.11 0 -7.76 1 1 1 1
v 5.75 0 -8.4 1 1 1 1
v 5.11 0 -8.4 1 1 1 1
v 5.75 0 -7.76 1 1 1 1
v 5.75 0 -7.76 1 1 1 1
v 6.390000000000001 0 -8.4 1 1 1 1
v 5.75 0 -8.4 1 1 1 1
v 6.390000000000001 0 -7.76 1 1 1 1
v 6.390000000000001 0 -7.76 1 1 1 1
v 7.03 0 -8.4 1 1 1 1
v 6.390000000000001 0 -8.4 1 1 1 1
v 7.03 0 -7.76 1 1 1 1
v 7.03 0 -7.76 1 1 1 1
v 7.67 0 -8.4 1 1 1 1
v 7.03 0 -8.4 1 1 1 1
v 7.67 0 -7.76 1 1 1 1
v 7.67 0 -7.76 1 1 1 1
v 8.31 0 -8.4 1 1 1 1
v 7.67 0 -8.4 1 1 1 1
v 8.31 0 -7.76 1 1 1 1
v 8.31 0 -7.76 1 1 1 1
v 8.950000000000001 0 -8.4 1 1 1 1
v 8.31 0 -8.4 1 1 1 1
v 8.950000000000001 0 -7.76 1 1 1 1
v 8.950000000000001 0 -7.76 1 1 1 1
v 9.59 0 -8.4 1 1 1 1
v 8.950000000000001 0 -8.4 1 1 1 1
v 9.59 0 -7.76 1 1 1 1
v 9.59 0 -7.76 1 1 1 1
v 10.23 0 -8.4 1 1 1 1
v 9.59 0 -8.4 1 1 1 1
v 10.23 0 -7.76 1 1 1 1
v -0.01 0 -7.12 1 1 1 1
v 0.63 0 -7.76 1 1 1 1
v -0.01 0 -7.76 1 1 1 1
v 0.63 0 -7.12 1 1 1 1
v 0.63 0 -7.12 1 1 1 1
v 1.27 0 -7.76 1 1 1 1
v 0.63 0 -7.76 1 1 1 1
v 1.27 0 -7.12 1 1 1 1
v 1.27 0 -7.12 1 1 1 1
v 1.9100000000000001 0 -7.76 1 1 1 1
v 1.27 0 -7.76 1 1 1 1
v 1.9100000000000001 0 -7.12 1 1 1 1
v 1.9100000000000001 0 -7.12 1 1 1 1
v 2.5500000000000003 0 -7.76 1 1 1 1
v 1.9100000000000001 0 -7.76 1 1 1 1
v 2.5500000000000003 0 -7.12 1 1 1 1
v 2.5500000000000003 0 -7.12 1 1 1 1
v 3.19 0 -7.76 1 1 1 1
v 2.5500000000000003 0 -7.76 1 1 1 1
v 3.19 0 -7.12 1 1 1 1
v 3.19 0 -7.12 1 1 1 1
v 3.83 0 -7.76 1 1 1 1
v 3.19 0 -7.76 1 1 1 1
v 3.83 0 -7.12 1 1 1 1
v 3.83 0 -7.12 1 1 1 1
v 4.47 0 -7.76 1 1 1 1
v 3.83 0 -7.76 1 1 1 1
v 4.47 0 -7.12 1 1 1 1
v 4.47 0 -7.12 1 1 1 1
v 5.11 0 -7.76 1 1 1 1
v 4.47 0 -7.76 1 1 1 1
v 5.11 0 -7.12 1 1 1 1
v 5.11 0 -7.12 1 1 1 1
v 5.75 0 -7.76 1 1 1 1
v 5.11 0 -7.76 1 1 1 1
v 5.75 0 -7.12 1 1 1 1
v 5.75 0 -7.12 1 1 1 1
v 6.390000000000001 0 -7.76 1 1 1 1
v 5.75 0 -7.76 1 1 1 1
v 6.390000000000001 0 -7.12 1 1 1 1
v 6.390000000000001 0 -7.12 1 1 1 1
v 7.03 0 -7.76 1 1 1 1
v 6.390000000000001 0 -7.76 1 1 1 1
v 7.03 0 -7.12 1 1 1 1
v 7.03 0 -7.12 1 1 1 1
v 7.67 0 -7.76 1 1 1 1
v 7.03 0 -7.76 1 1 1 1
v 7.67 0 -7.12 1 1 1 1
v 7.67 0 -7.12 1 1 1 1
v 8.31 0 -7.76 1 1 1 1
v 7.67 0 -7.76 1 1 1 1
v 8.31 0 -7.12 1 1 1 1
v 8.31 0 -7.12 1 1 1 1
v 8.950000000000001 0 -7.76 1 1 1 1
v 8.31 0 -7.76 1 1 1 1
v 8.950000000000001 0 -7.12 1 1 1 1
v 8.950000000000001 0 -7.12 1 1 1 1
v 9.59 0 -7.76 1 1 1 1
v 8.950000000000001 0 -7.76 1 1 1 1
v 9.59 0 -7.12 1 1 1 1
v 9.59 0 -7.12 1 1 1 1
v 10.23 0 -7.76 1 1 1 1
v 9.59 0 -7.76 1 1 1 1
v 10.23 0 -7.12 1 1 1 1
v -0.01 0 -6.48 1 1 1 1
v 0.63 0 -7.12 1 1 1 1
v -0.01 0 -7.12 1 1 1 1
v 0.63 0 -6.48 1 1 1 1
v 0.63 0 -6.48 1 1 1 1
v 1.27 0 -7.12 1 1 1 1
v 0.63 0 -7.12 1 1 1 1
v 1.27 0 -6.48 1 1 1 1
v 1.27 0 -6.48 1 1 1 1
v 1.9100000000000001 0 -7.12 1 1 1 1
v 1.27 0 -7.12 1 1 1 1
v 1.9100000000000001 0 -6.48 1 1 1 1
v 1.9100000000000001 0 -6.48 1 1 1 1
v 2.5500000000000003 0 -7.12 1 1 1 1
v 1.9100000000000001 0 -7.12 1 1 1 1
v 2.5500000000000003 0 -6.48 1 1 1 1
v 2.5500000000000003 0 -6.48 1 1 1 1
v 3.19 0 -7.12 1 1 1 1
v 2.5500000000000003 0 -7.12 1 1 1 1
v 3.19 0 -6.48 1 1 1 1
v 3.19 0 -6.48 1 1 1 1
v 3.83 0 -7.12 1 1 1 1
v 3.19 0 -7.12 1 1 1 1
v 3.83 0 -6.48 1 1 1 1
v 3.83 0 -6.48 1 1 1 1
v 4.47 0 -7.12 1 1 1 1
v 3.83 0 -7.12 1 1 1 1
v 4.47 0 -6.48 1 1 1 1
v 4.47 0 -6.48 1 1 1 1
v 5.11 0 -7.12 1 1 1 1
v 4.47 0 -7.12 1 1 1 1
v 5.11 0 -6.48 1 1 1 1
v 5.11 0 -6.48 1 1 1 1
v 5.75 0 -7.12 1 1 1 1
v 5.11 0 -7.12 1 1 1 1
v 5.75 0 -6.48 1 1 1 1
v 5.75 0 -6.48 1 1 1 1
v 6.390000000000001 0 -7.12 1 1 1 1
v 5.75 0 -7.12 1 1 1 1
v 6.390000000000001 0 -6.48 1 1 1 1
v 6.390000000000001 0 -6.48 1 1 1 1
v 7.03 0 -7.12 1 1 1 1
v 6.390000000000001 0 -7.12 1 1 1 1
v 7.03 0 -6.48 1 1 1 1
v 7.03 0 -6.48 1 1 1 1
v 7.67 0 -7.12 1 1 1 1
v 7.03 0 -7.12 1 1 1 1
v 7.67 0 -6.48 1 1 1 1
v 7.67 0 -6.48 1 1 1 1
v 8.31 0 -7.12 1 1 1 1
v 7.67 0 -7.12 1 1 1 1
v 8.31 0 -6.48 1 1 1 1
v 8.31 0 -6.48 1 1 1 1
v 8.950000000000001 0 -7.12 1 1 1 1
v 8.31 0 -7.12 1 1 1 1
v 8.950000000000001 0 -6.48 1 1 1 1
v 8.950000000000001 0 -6.48 1 1 1 1
v 9.59 0 -7.12 1 1 1 1
v 8.950000000000001 0 -7.12 1 1 1 1
v 9.59 0 -6.48 1 1 1 1
v 9.59 0 -6.48 1 1 1 1
v 10.23 0 -7.12 1 1 1 1
v 9.59 0 -7.12 1 1 1 1
v 10.23 0 -6.48 1 1 1 1
v -0.01 0 -5.84 1 1 1 1
v 0.63 0 -6.48 1 1 1 1
v -0.01 0 -6.48 1 1 1 1
v 0.63 0 -5.84 1 1 1 1
v 0.63 0 -5.84 1 1 1 1
v 1.27 0 -6.48 1 1 1 1
v 0.63 0 -6.48 1 1 1 1
v 1.27 0 -5.84 1 1 1 1
v 1.27 0 -5.84 1 1 1 1
v 1.9100000000000001 0 -6.48 1 1 1 1
v 1.27 0 -6.48 1 1 1 1
v 1.9100000000000001 0 -5.84 1 1 1 1
v 1.9100000000000001 0 -5.84 1 1 1 1
v 2.5500000000000003 0 -6.48 1 1 1 1
v 1.9100000000000001 0 -6.48 1 1 1 1
v 2.5500000000000003 0 -5.84 1 1 1 1
v 2.5500000000000003 0 -5.84 1 1 1 1
v 3.19 0 -6.48 1 1 1 1
v 2.5500000000000003 0 -6.48 1 1 1 1
v 3.19 0 -5.84 1 1 1 1
v 3.19 0 -5.84 1 1 1 1
v 3.83 0 -6.48 1 1 1 1
v 3.19 0 -6.48 1 1 1 1
v 3.83 0 -5.84 1 1 1 1
v 3.83 0 -5.84 1 1 1 1
v 4.47 0 -6.48 1 1 1 1
v 3.83 0 -6.48 1 1 1 1
v 4.47 0 -5.84 1 1 1 1
v 4.47 0 -5.84 1 1 1 1
v 5.11 0 -6.48 1 1 1 1
v 4.47 0 -6.48 1 1 1 1
v 5.11 0 -5.84 1 1 1 1
v 5.11 0 -5.84 1 1 1 1
v 5.75 0 -6.48 1 1 1 1
v 5.11 0 -6.48 1 1 1 1
v 5.75 0 -5.84 1 1 1 1
v 5.75 0 -5.84 1 1 1 1
v 6.390000000000001 0 -6.48 1 1 1 1
v 5.75 0 -6.48 1 1 1 1
v 6.390000000000001 0 -5.84 1 1 1 1
v 6.390000000000001 0 -5.84 1 1 1 1
v 7.03 0 -6.48 1 1 1 1
v 6.390000000000001 0 -6.48 1 1 1 1
v 7.03 0 -5.84 1 1 1 1
v 7.03 0 -5.84 1 1 1 1
v 7.67 0 -6.48 1 1 1 1
v 7.03 0 -6.48 1 1 1 1
v 7.67 0 -5.84 1 1 1 1
v 7.67 0 -5.84 1 1 1 1
v 8.31 0 -6.48 1 1 1 1
v 7.67 0 -6.48 1 1 1 1
v 8.31 0 -5.84 1 1 1 1
v 8.31 0 -5.84 1 1 1 1
v 8.950000000000001 0 -6.48 1 1 1 1
v 8.31 0 -6.48 1 1 1 1
v 8.950000000000001 0 -5.84 1 1 1 1
v 8.950000000000001 0 -5.84 1 1 1 1
v 9.59 0 -6.48 1 1 1 1
v 8.950000000000001 0 -6.48 1 1 1 1
v 9.59 0 -5.84 1 1 1 1
v 9.59 0 -5.84 1 1 1 1
v 10.23 0 -6.48 1 1 1 1
v 9.59 0 -6.48 1 1 1 1
v 10.23 0 -5.84 1 1 1 1
v -0.01 0 -5.2 1 1 1 1
v 0.63 0 -5.84 1 1 1 1
v -0.01 0 -5.84 1 1 1 1
v 0.63 0 -5.2 1 1 1 1
v 0.63 0 -5.2 1 1 1 1
v 1.27 0 -5.84 1 1 1 1
v 0.63 0 -5.84 1 1 1 1
v 1.27 0 -5.2 1 1 1 1
v 1.27 0 -5.2 1 1 1 1
v 1.9100000000000001 0 -5.84 1 1 1 1
v 1.27 0 -5.84 1 1 1 1
v 1.9100000000000001 0 -5.2 1 1 1 1
v 1.9100000000000001 0 -5.2 1 1 1 1
v 2.5500000000000003 0 -5.84 1 1 1 1
v 1.9100000000000001 0 -5.84 1 1 1 1
v 2.5500000000000003 0 -5.2 1 1 1 1
v 2.5500000000000003 0 -5.2 1 1 1 1
v 3.19 0 -5.84 1 1 1 1
v 2.5500000000000003 0 -5.84 1 1 1 1
v 3.19 0 -5.2 1 1 1 1
v 3.19 0 -5.2 1 1 1 1
v 3.83 0 -5.84 1 1 1 1
v 3.19 0 -5.84 1 1 1 1
v 3.83 0 -5.2 1 1 1 1
v 3.83 0 -5.2 1 1 1 1
v 4.47 0 -5.84 1 1 1 1
v 3.83 0 -5.84 1 1 1 1
v 4.47 0 -5.2 1 1 1 1
v 4.47 0 -5.2 1 1 1 1
v 5.11 0 -5.84 1 1 1 1
v 4.47 0 -5.84 1 1 1 1
v 5.11 0 -5.2 1 1 1 1
v 5.11 0 -5.2 1 1 1 1
v 5.75 0 -5.84 1 1 1 1
v 5.11 0 -5.84 1 1 1 1
v 5.75 0 -5.2 1 1 1 1
v 5.75 0 -5.2 1 1 1 1
v 6.390000000000001 0 -5.84 1 1 1 1
v 5.75 0 -5.84 1 1 1 1
v 6.390000000000001 0 -5.2 1 1 1 1
v 6.390000000000001 0 -5.2 1 1 1 1
v 7.03 0 -5.84 1 1 1 1
v 6.390000000000001 0 -5.84 1 1 1 1
v 7.03 0 -5.2 1 1 1 1
v 7.03 0 -5.2 1 1 1 1
v 7.67 0 -5.84 1 1 1 1
v 7.03 0 -5.84 1 1 1 1
v 7.67 0 -5.2 1 1 1 1
v 7.67 0 -5.2 1 1 1 1
v 8.31 0 -5.84 1 1 1 1
v 7.67 0 -5.84 1 1 1 1
v 8.31 0 -5.2 1 1 1 1
v 8.31 0 -5.2 1 1 1 1
v 8.950000000000001 0 -5.84 1 1 1 1
v 8.31 0 -5.84 1 1 1 1
v 8.950000000000001 0 -5.2 1 1 1 1
v 8.950000000000001 0 -5.2 1 1 1 1
v 9.59 0 -5.84 1 1 1 1
v 8.950000000000001 0 -5.84 1 1 1 1
v 9.59 0 -5.2 1 1 1 1
v 9.59 0 -5.2 1 1 1 1
v 10.23 0 -5.84 1 1 1 1
v 9.59 0 -5.84 1 1 1 1
v 10.23 0 -5.2 1 1 1 1
v -0.01 0 -4.5600000000000005 1 1 1 1
v 0.63 0 -5.2 1 1 1 1
v -0.01 0 -5.2 1 1 1 1
v 0.63 0 -4.5600000000000005 1 1 1 1
v 0.63 0 -4.5600000000000005 1 1 1 1
v 1.27 0 -5.2 1 1 1 1
v 0.63 0 -5.2 1 1 1 1
v 1.27 0 -4.5600000000000005 1 1 1 1
v 1.27 0 -4.5600000000000005 1 1 1 1
v 1.9100000000000001 0 -5.2 1 1 1 1
v 1.27 0 -5.2 1 1 1 1
v 1.9100000000000001 0 -4.5600000000000005 1 1 1 1
v 1.9100000000000001 0 -4.5600000000000005 1 1 1 1
v 2.5500000000000003 0 -5.2 1 1 1 1
v 1.9100000000000001 0 -5.2 1 1 1 1
v 2.5500000000000003 0 -4.5600000000000005 1 1 1 1
v 2.5500000000000003 0 -4.5600000000000005 1 1 1 1
v 3.19 0 -5.2 1 1 1 1
v 2.5500000000000003 0 -5.2 1 1 1 1
v 3.19 0 -4.5600000000000005 1 1 1 1
v 3.19 0 -4.5600000000000005 1 1 1 1
v 3.83 0 -5.2 1 1 1 1
v 3.19 0 -5.2 1 1 1 1
v 3.83 0 -4.5600000000000005 1 1 1 1
v 3.83 0 -4.5600000000000005 1 1 1 1
v 4.47 0 -5.2 1 1 1 1
v 3.83 0 -5.2 1 1 1 1
v 4.47 0 -4.5600000000000005 1 1 1 1
v 4.47 0 -4.5600000000000005 1 1 1 1
v 5.11 0 -5.2 1 1 1 1
v 4.47 0 -5.2 1 1 1 1
v 5.11 0 -4.5600000000000005 1 1 1 1
v 5.11 0 -4.5600000000000005 1 1 1 1
v 5.75 0 -5.2 1 1 1 1
v 5.11 0 -5.2 1 1 1 1
v 5.75 0 -4.5600000000000005 1 1 1 1
v 5.75 0 -4.5600000000000005 1 1 1 1
v 6.390000000000001 0 -5.2 1 1 1 1
v 5.75 0 -5.2 1 1 1 1
v 6.390000000000001 0 -4.5600000000000005 1 1 1 1
v 6.390000000000001 0 -4.5600000000000005 1 1 1 1
v 7.03 0 -5.2 1 1 1 1
v 6.390000000000001 0 -5.2 1 1 1 1
v 7.03 0 -4.5600000000000005 1 1 1 1
v 7.03 0 -4.5600000000000005 1 1 1 1
v 7.67 0 -5.2 1 1 1 1
v 7.03 0 -5.2 1 1 1 1
v 7.67 0 -4.5600000000000005 1 1 1 1
v 7.67 0 -4.5600000000000005 1 1 1 1
v 8.31 0 -5.2 1 1 1 1
v 7.67 0 -5.2 1 1 1 1
v 8.31 0 -4.5600000000000005 1 1 1 1
v 8.31 0 -4.5600000000000005 1 1 1 1
v 8.950000000000001 0 -5.2 1 1 1 1
v 8.31 0 -5.2 1 1 1 1
v 8.950000000000001 0 -4.5600000000000005 1 1 1 1
v 8.950000000000001 0 -4.5600000000000005 1 1 1 1
v 9.59 0 -5.2 1 1 1 1
v 8.950000000000001 0 -5.2 1 1 1 1
v 9.59 0 -4.5600000000000005 1 1 1 1
v 9.59 0 -4.5600000000000005 1 1 1 1
v 10.23 0 -5.2 1 1 1 1
v 9.59 0 -5.2 1 1 1 1
v 10.23 0 -4.5600000000000005 1 1 1 1
v -0.01 0 -3.92 1 1 1 1
v 0.63 0 -4.5600000000000005 1 1 1 1
v -0.01 0 -4.5600000000000005 1 1 1 1
v 0.63 0 -3.92 1 1 1 1
v 0.63 0 -3.92 1 1 1 1
v 1.27 0 -4.5600000000000005 1 1 1 1
v 0.63 0 -4.5600000000000005 1 1 1 1
v 1.27 0 -3.92 1 1 1 1
v 1.27 0 -3.92 1 1 1 1
v 1.9100000000000001 0 -4.5600000000000005 1 1 1 1
v 1.27 0 -4.5600000000000005 1 1 1 1
v 1.9100000000000001 0 -3.92 1 1 1 1
v 1.9100000000000001 0 -3.92 1 1 1 1
v 2.5500000000000003 0 -4.5600000000000005 1 1 1 1
v 1.9100000000000001 0 -4.5600000000000005 1 1 1 1
v 2.5500000000000003 0 -3.92 1 1 1 1
v 2.5500000000000003 0 -3.92 1 1 1 1
v 3.19 0 -4.5600000000000005 1 1 1 1
v 2.5500000000000003 0 -4.5600000000000005 1 1 1 1
v 3.19 0 -3.92 1 1 1 1
v 3.19 0 -3.92 1 1 1 1
v 3.83 0 -4.5600000000000005 1 1 1 1
v 3.19 0 -4.5600000000000005 1 1 1 1
v 3.83 0 -3.92 1 1 1 1
v 3.83 0 -3.92 1 1 1 1
v 4.47 0 -4.5600000000000005 1 1 1 1
v 3.83 0 -4.5600000000000005 1 1 1 1
v 4.47 0 -3.92 1 1 1 1
v 4.47 0 -3.92 1 1 1 1
v 5.11 0 -4.5600000000000005 1 1 1 1
v 4.47 0 -4.5600000000000005 1 1 1 1
v 5.11 0 -3.92 1 1 1 1
v 5.11 0 -3.92 1 1 1 1
v 5.75 0 -4.5600000000000005 1 1 1 1
v 5.11 0 -4.5600000000000005 1 1 1 1
v 5.75 0 -3.92 1 1 1 1
v 5.75 0 -3.92 1 1 1 1
v 6.390000000000001 0 -4.5600000000000005 1 1 1 1
v 5.75 0 -4.5600000000000005 1 1 1 1
v 6.390000000000001 0 -3.92 1 1 1 1
v 6.390000000000001 0 -3.92 1 1 1 1
v 7.03 0 -4.5600000000000005 1 1 1 1
v 6.390000000000001 0 -4.5600000000000005 1 1 1 1
v 7.03 0 -3.92 1 1 1 1
v 7.03 0 -3.92 1 1 1 1
v 7.67 0 -4.5600000000000005 1 1 1 1
v 7.03 0 -4.5600000000000005 1 1 1 1
v 7.67 0 -3.92 1 1 1 1
v 7.67 0 -3.92 1 1 1 1
v 8.31 0 -4.5600000000000005 1 1 1 1
v 7.67 0 -4.5600000000000005 1 1 1 1
v 8.31 0 -3.92 1 1 1 1
v 8.31 0 -3.92 1 1 1 1
v 8.950000000000001 0 -4.5600000000000005 1 1 1 1
v 8.31 0 -4.5600000000000005 1 1 1 1
v 8.950000000000001 0 -3.92 1 1 1 1
v 8.950000000000001 0 -3.92 1 1 1 1
v 9.59 0 -4.5600000000000005 1 1 1 1
v 8.950000000000001 0 -4.5600000000000005 1 1 1 1
v 9.59 0 -3.92 1 1 1 1
v 9.59 0 -3.92 1 1 1 1
v 10.23 0 -4.5600000000000005 1 1 1 1
v 9.59 0 -4.5600000000000005 1 1 1 1
v 10.23 0 -3.92 1 1 1 1
v -0.01 0 -3.2800000000000002 1 1 1 1
v 0.63 0 -3.92 1 1 1 1
v -0.01 0 -3.92 1 1 1 1
v 0.63 0 -3.2800000000000002 1 1 1 1
v 0.63 0 -3.2800000000000002 1 1 1 1
v 1.27 0 -3.92 1 1 1 1
v 0.63 0 -3.92 1 1 1 1
v 1.27 0 -3.2800000000000002 1 1 1 1
v 1.27 0 -3.2800000000000002 1 1 1 1
v 1.9100000000000001 0 -3.92 1 1 1 1
v 1.27 0 -3.92 1 1 1 1
v 1.9100000000000001 0 -3.2800000000000002 1 1 1 1
v 1.9100000000000001 0 -3.2800000000000002 1 1 1 1
v 2.5500000000000003 0 -3.92 1 1 1 1
v 1.9100000000000001 0 -3.92 1 1 1 1
v 2.5500000000000003 0 -3.2800000000000002 1 1 1 1
v 2.5500000000000003 0 -3.2800000000000002 1 1 1 1
v 3.19 0 -3.92 1 1 1 1
v 2.5500000000000003 0 -3.92 1 1 1 1
v 3.19 0 -3.2800000000000002 1 1 1 1
v 3.19 0 -3.2800000000000002 1 1 1 1
v 3.83 0 -3.92 1 1 1 1
v 3.19 0 -3.92 1 1 1 1
v 3.83 0 -3.2800000000000002 1 1 1 1
v 3.83 0 -3.2800000000000002 1 1 1 1
v 4.47 0 -3.92 1 1 1 1
v 3.83 0 -3.92 1 1 1 1
v 4.47 0 -3.2800000000000002 1 1 1 1
v 4.47 0 -3.2800000000000002 1 1 1 1
v 5.11 0 -3.92 1 1 1 1
v 4.47 0 -3.92 1 1 1 1
v 5.11 0 -3.2800000000000002 1 1 1 1
v 5.11 0 -3.2800000000000002 1 1 1 1
v 5.75 0 -3.92 1 1 1 1
v 5.11 0 -3.92 1 1 1 1
v 5.75 0 -3.2800000000000002 1 1 1 1
v 5.75 0 -3.2800000000000002 1 1 1 1
v 6.390000000000001 0 -3.92 1 1 1 1
v 5.75 0 -3.92 1 1 1 1
v 6.390000000000001 0 -3.2800000000000002 1 1 1 1
v 6.390000000000001 0 -3.2800000000000002 1 1 1 1
v 7.03 0 -3.92 1 1 1 1
v 6.390000000000001 0 -3.92 1 1 1 1
v 7.03 0 -3.2800000000000002 1 1 1 1
v 7.03 0 -3.2800000000000002 1 1 1 1
v 7.67 0 -3.92 1 1 1 1
v 7.03 0 -3.92 1 1 1 1
v 7.67 0 -3.2800000000000002 1 1 1 1
v 7.67 0 -3.2800000000000002 1 1 1 1
v 8.31 0 -3.92 1 1 1 1
v 7.67 0 -3.92 1 1 1 1
v 8.31 0 -3.2800000000000002 1 1 1 1
v 8.31 0 -3.2800000000000002 1 1 1 1
v 8.950000000000001 0 -3.92 1 1 1 1
v 8.31 0 -3.92 1 1 1 1
v 8.950000000000001 0 -3.2800000000000002 1 1 1 1
v 8.950000000000001 0 -3.2800000000000002 1 1 1 1
v 9.59 0 -3.92 1 1 1 1
v 8.950000000000001 0 -3.92 1 1 1 1
v 9.59 0 -3.2800000000000002 1 1 1 1
v 9.59 0 -3.2800000000000002 1 1 1 1
v 10.23 0 -3.92 1 1 1 1
v 9.59 0 -3.92 1 1 1 1
v 10.23 0 -3.2800000000000002 1 1 1 1
v -0.01 0 -2.64 1 1 1 1
v 0.63 0 -3.2800000000000002 1 1 1 1
v -0.01 0 -3.2800000000000002 1 1 1 1
v 0.63 0 -2.64 1 1 1 1
v 0.63 0 -2.64 1 1 1 1
v 1.27 0 -3.2800000000000002 1 1 1 1
v 0.63 0 -3.2800000000000002 1 1 1 1
v 1.27 0 -2.64 1 1 1 1
v 1.27 0 -2.64 1 1 1 1
v 1.9100000000000001 0 -3.2800000000000002 1 1 1 1
v 1.27 0 -3.2800000000000002 1 1 1 1
v 1.9100000000000001 0 -2.64 1 1 1 1
v 1.9100000000000001 0 -2.64 1 1 1 1
v 2.5500000000000003 0 -3.2800000000000002 1 1 1 1
v 1.9100000000000001 0 -3.2800000000000002 1 1 1 1
v 2.5500000000000003 0 -2.64 1 1 1 1
v 2.5500000000000003 0 -2.64 1 1 1 1
v 3.19 0 -3.2800000000000002 1 1 1 1
v 2.5500000000000003 0 -3.2800000000000002 1 1 1 1
v 3.19 0 -2.64 1 1 1 1
v 3.19 0 -2.64 1 1 1 1
v 3.83 0 -3.2800000000000002 1 1 1 1
v 3.19 0 -3.2800000000000002 1 1 1 1
v 3.83 0 -2.64 1 1 1 1
v 3.83 0 -2.64 1 1 1 1
v 4.47 0 -3.2800000000000002 1 1 1 1
v 3.83 0 -3.2800000000000002 1 1 1 1
v 4.47 0 -2.64 1 1 1 1
v 4.47 0 -2.64 1 1 1 1
v 5.11 0 -3.2800000000000002 1 1 1 1
v 4.47 0 -3.2800000000000002 1 1 1 1
v 5.11 0 -2.64 1 1 1 1
v 5.11 0 -2.64 1 1 1 1
v 5.75 0 -3.2800000000000002 1 1 1 1
v 5.11 0 -3.2800000000000002 1 1 1 1
v 5.75 0 -2.64 1 1 1 1
v 5.75 0 -2.64 1 1 1 1
v 6.390000000000001 0 -3.2800000000000002 1 1 1 1
v 5.75 0 -3.2800000000000002 1 1 1 1
v 6.390000000000001 0 -2.64 1 1 1 1
v 6.390000000000001 0 -2.64 1 1 1 1
v 7.03 0 -3.2800000000000002 1 1 1 1
v 6.390000000000001 0 -3.2800000000000002 1 1 1 1
v 7.03 0 -2.64 1 1 1 1
v 7.03 0 -2.64 1 1 1 1
v 7.67 0 -3.2800000000000002 1 1 1 1
v 7.03 0 -3.2800000000000002 1 1 1 1
v 7.67 0 -2.64 1 1 1 1
v 7.67 0 -2.64 1 1 1 1
v 8.31 0 -3.2800000000000002 1 1 1 1
v 7.67 0 -3.2800000000000002 1 1 1 1
v 8.31 0 -2.64 1 1 1 1
v 8.31 0 -2.64 1 1 1 1
v 8.950000000000001 0 -3.2800000000000002 1 1 1 1
v 8.31 0 -3.2800000000000002 1 1 1 1
v 8.950000000000001 0 -2.64 1 1 1 1
v 8.950000000000001 0 -2.64 1 1 1 1
v 9.59 0 -3.2800000000000002 1 1 1 1
v 8.950000000000001 0 -3.2800000000000002 1 1 1 1
v 9.59 0 -2.64 1 1 1 1
v 9.59 0 -2.64 1 1 1 1
v 10.23 0 -3.2800000000000002 1 1 1 1
v 9.59 0 -3.2800000000000002 1 1 1 1
v 10.23 0 -2.64 1 1 1 1
v -0.01 0 -2 1 1 1 1
v 0.63 0 -2.64 1 1 1 1
v -0.01 0 -2.64 1 1 1 1
v 0.63 0 -2 1 1 1 1
v 0.63 0 -2 1 1 1 1
v 1.27 0 -2.64 1 1 1 1
v 0.63 0 -2.64 1 1 1 1
v 1.27 0 -2 1 1 1 1
v 1.27 0 -2 1 1 1 1
v 1.9100000000000001 0 -2.64 1 1 1 1
v 1.27 0 -2.64 1 1 1 1
v 1.9100000000000001 0 -2 1 1 1 1
v 1.9100000000000001 0 -2 1 1 1 1
v 2.5500000000000003 0 -2.64 1 1 1 1
v 1.9100000000000001 0 -2.64 1 1 1 1
v 2.5500000000000003 0 -2 1 1 1 1
v 2.5500000000000003 0 -2 1 1 1 1
v 3.19 0 -2.64 1 1 1 1
v 2.5500000000000003 0 -2.64 1 1 1 1
v 3.19 0 -2 1 1 1 1
v 3.19 0 -2 1 1 1 1
v 3.83 0 -2.64 1 1 1 1
v 3.19 0 -2.64 1 1 1 1
v 3.83 0 -2 1 1 1 1
v 3.83 0 -2 1 1 1 1
v 4.47 0 -2.64 1 1 1 1
v 3.83 0 -2.64 1 1 1 1
v 4.47 0 -2 1 1 1 1
v 4.47 0 -2 1 1 1 1
v 5.11 0 -2.64 1 1 1 1
v 4.47 0 -2.64 1 1 1 1
v 5.11 0 -2 1 1 1 1
v 5.11 0 -2 1 1 1 1
v 5.75 0 -2.64 1 1 1 1
v 5.11 0 -2.64 1 1 1 1
v 5.75 0 -2 1 1 1 1
v 5.75 0 -2 1 1 1 1
v 6.390000000000001 0 -2.64 1 1 1 1
v 5.75 0 -2.64 1 1 1 1
v 6.390000000000001 0 -2 1 1 1 1
v 6.390000000000001 0 -2 1 1 1 1
v 7.03 0 -2.64 1 1 1 1
v 6.390000000000001 0 -2.64 1 1 1 1
v 7.03 0 -2 1 1 1 1
v 7.03 0 -2 1 1 1 1
v 7.67 0 -2.64 1 1 1 1
v 7.03 0 -2.64 1 1 1 1
v 7.67 0 -2 1 1 1 1
v 7.67 0 -2 1 1 1 1
v 8.31 0 -2.64 1 1 1 1
v 7.67 0 -2.64 1 1 1 1
v 8.31 0 -2 1 1 1 1
v 8.31 0 -2 1 1 1 1
v 8.950000000000001 0 -2.64 1 1 1 1
v 8.31 0 -2.64 1 1 1 1
v 8.950000000000001 0 -2 1 1 1 1
v 8.950000000000001 0 -2 1 1 1 1
v 9.59 0 -2.64 1 1 1 1
v 8.950000000000001 0 -2.64 1 1 1 1
v 9.59 0 -2 1 1 1 1
v 9.59 0 -2 1 1 1 1
v 10.23 0 -2.64 1 1 1 1
v 9.59 0 -2.64 1 1 1 1
v 10.23 0 -2 1 1 1 1
v 9.59 0 -9.68 1 1 1 1
v 10.23 0 -10.32 1 1 1 1
v 9.59 0 -10.32 1 1 1 1
v 10.23 0 -9.68 1 1 1 1
v 8.950000000000001 0 -9.68 1 1 1 1
v 9.59 0 -10.32 1 1 1 1
v 8.950000000000001 0 -10.32 1 1 1 1
v 9.59 0 -9.68 1 1 1 1
v 8.31 0 -9.68 1 1 1 1
v 8.950000000000001 0 -10.32 1 1 1 1
v 8.31 0 -10.32 1 1 1 1
v 8.950000000000001 0 -9.68 1 1 1 1
v 7.67 0 -9.68 1 1 1 1
v 8.31 0 -10.32 1 1 1 1
v 7.67 0 -10.32 1 1 1 1
v 8.31 0 -9.68 1 1 1 1
v 7.03 0 -9.68 1 1 1 1
v 7.67 0 -10.32 1 1 1 1
v 7.03 0 -10.32 1 1 1 1
v 7.67 0 -9.68 1 1 1 1
v 6.390000000000001 0 -9.68 1 1 1 1
v 7.03 0 -10.32 1 1 1 1
v 6.390000000000001 0 -10.32 1 1 1 1
v 7.03 0 -9.68 1 1 1 1
v 5.75 0 -9.68 1 1 1 1
v 6.390000000000001 0 -10.32 1 1 1 1
v 5.75 0 -10.32 1 1 1 1
v 6.390000000000001 0 -9.68 1 1 1 1
v 5.11 0 -9.68 1 1 1 1
v 5.75 0 -10.32 1 1 1 1
v 5.11 0 -10.32 1 1 1 1
v 5.75 0 -9.68 1 1 1 1
v 4.47 0 -9.68 1 1 1 1
v 5.11 0 -10.32 1 1 1 1
v 4.47 0 -10.32 1 1 1 1
v 5.11 0 -9.68 1 1 1 1
v 3.83 0 -9.68 1 1 1 1
v 4.47 0 -10.32 1 1 1 1
v 3.83 0 -10.32 1 1 1 1
v 4.47 0 -9.68 1 1 1 1
v 3.19 0 -9.68 1 1 1 1
v 3.83 0 -10.32 1 1 1 1
v 3.19 0 -10.32 1 1 1 1
v 3.83 0 -9.68 1 1 1 1
v 2.5500000000000003 0 -9.68 1 1 1 1
v 3.19 0 -10.32 1 1 1 1
v 2.5500000000000003 0 -10.32 1 1 1 1
v 3.19 0 -9.68 1 1 1 1
v 1.9100000000000001 0 -9.68 1 1 1 1
v 2.5500000000000003 0 -10.32 1 1 1 1
v 1.9100000000000001 0 -10.32 1 1 1 1
v 2.5500000000000003 0 -9.68 1 1 1 1
v 1.27 0 -9.68 1 1 1 1
v 1.9100000000000001 0 -10.32 1 1 1 1
v 1.27 0 -10.32 1 1 1 1
v 1.9100000000000001 0 -9.68 1 1 1 1
v 0.63 0 -9.68 1 1 1 1
v 1.27 0 -10.32 1 1 1 1
v 0.63 0 -10.32 1 1 1 1
v 1.27 0 -9.68 1 1 1 1
v -0.01 0 -9.68 1 1 1 1
v 0.63 0 -10.32 1 1 1 1
v -0.01 0 -10.32 1 1 1 1
v 0.63 0 -9.68 1 1 1 1
v -0.01 0 -10.32 1 1 1 1
v 0.63 0 -10.96 1 1 1 1
v -0.01 0 -10.96 1 1 1 1
v 0.63 0 -10.32 1 1 1 1
v -0.01 0 -10.96 1 1 1 1
v 0.63 0 -11.6 1 1 1 1
v -0.01 0 -11.6 1 1 1 1
v 0.63 0 -10.96 1 1 1 1
v -0.01 0 -11.6 1 1 1 1
v 0.63 0 -12.24 1 1 1 1
v -0.01 0 -12.24 1 1 1 1
v 0.63 0 -11.6 1 1 1 1
v -0.01 0 -12.24 1 1 1 1
v 0.63 0 -12.88 1 1 1 1
v -0.01 0 -12.88 1 1 1 1
v 0.63 0 -12.24 1 1 1 1
v -0.01 0 -12.88 1 1 1 1
v 0.63 0 -13.52 1 1 1 1
v -0.01 0 -13.52 1 1 1 1
v 0.63 0 -12.88 1 1 1 1
v -0.01 0 -13.52 1 1 1 1
v 0.63 0 -14.16 1 1 1 1
v -0.01 0 -14.16 1 1 1 1
v 0.63 0 -13.52 1 1 1 1
v -0.01 0 -14.16 1 1 1 1
v 0.63 0 -14.8 1 1 1 1
v -0.01 0 -14.8 1 1 1 1
v 0.63 0 -14.16 1 1 1 1
v 0.63 0 -14.16 1 1 1 1
v 1.27 0 -14.8 1 1 1 1
v 0.63 0 -14.8 1 1 1 1
v 1.27 0 -14.16 1 1 1 1
v 1.27 0 -14.16 1 1 1 1
v 1.9100000000000001 0 -14.8 1 1 1 1
v 1.27 0 -14.8 1 1 1 1
v 1.9100000000000001 0 -14.16 1 1 1 1
v 1.9100000000000001 0 -14.16 1 1 1 1
v 2.5500000000000003 0 -14.8 1 1 1 1
v 1.9100000000000001 0 -14.8 1 1 1 1
v 2.5500000000000003 0 -14.16 1 1 1 1
v 2.5500000000000003 0 -14.16 1 1 1 1
v 3.19 0 -14.8 1 1 1 1
v 2.5500000000000003 0 -14.8 1 1 1 1
v 3.19 0 -14.16 1 1 1 1
v 3.19 0 -14.16 1 1 1 1
v 3.83 0 -14.8 1 1 1 1
v 3.19 0 -14.8 1 1 1 1
v 3.83 0 -14.16 1 1 1 1
v 3.83 0 -14.16 1 1 1 1
v 4.47 0 -14.8 1 1 1 1
v 3.83 0 -14.8 1 1 1 1
v 4.47 0 -14.16 1 1 1 1
v 4.47 0 -14.16 1 1 1 1
v 5.11 0 -14.8 1 1 1 1
v 4.47 0 -14.8 1 1 1 1
v 5.11 0 -14.16 1 1 1 1
v 5.11 0 -14.16 1 1 1 1
v 5.75 0 -14.8 1 1 1 1
v 5.11 0 -14.8 1 1 1 1
v 5.75 0 -14.16 1 1 1 1
v 5.75 0 -14.16 1 1 1 1
v 6.390000000000001 0 -14.8 1 1 1 1
v 5.75 0 -14.8 1 1 1 1
v 6.390000000000001 0 -14.16 1 1 1 1
v 6.390000000000001 0 -14.16 1 1 1 1
v 7.03 0 -14.8 1 1 1 1
v 6.390000000000001 0 -14.8 1 1 1 1
v 7.03 0 -14.16 1 1 1 1
v 7.03 0 -14.16 1 1 1 1
v 7.67 0 -14.8 1 1 1 1
v 7.03 0 -14.8 1 1 1 1
v 7.67 0 -14.16 1 1 1 1
v 7.67 0 -14.16 1 1 1 1
v 8.31 0 -14.8 1 1 1 1
v 7.67 0 -14.8 1 1 1 1
v 8.31 0 -14.16 1 1 1 1
v 8.31 0 -14.16 1 1 1 1
v 8.950000000000001 0 -14.8 1 1 1 1
v 8.31 0 -14.8 1 1 1 1
v 8.950000000000001 0 -14.16 1 1 1 1
v 8.950000000000001 0 -14.16 1 1 1 1
v 9.59 0 -14.8 1 1 1 1
v 8.950000000000001 0 -14.8 1 1 1 1
v 9.59 0 -14.16 1 1 1 1
v 9.59 0 -14.16 1 1 1 1
v 10.23 0 -14.8 1 1 1 1
v 9.59 0 -14.8 1 1 1 1
v 10.23 0 -14.16 1 1 1 1
v 9.59 0 -13.52 1 1 1 1
v 10.23 0 -14.16 1 1 1 1
v 9.59 0 -14.16 1 1 1 1
v 10.23 0 -13.52 1 1 1 1
v 9.59 0 -12.88 1 1 1 1
v 10.23 0 -13.52 1 1 1 1
v 9.59 0 -13.52 1 1 1 1
v 10.23 0 -12.88 1 1 1 1
v 9.59 0 -12.24 1 1 1 1
v 10.23 0 -12.88 1 1 1 1
v 9.59 0 -12.88 1 1 1 1
v 10.23 0 -12.24 1 1 1 1
v 9.59 0 -11.6 1 1 1 1
v 10.23 0 -12.24 1 1 1 1
v 9.59 0 -12.24 1 1 1 1
v 10.23 0 -11.6 1 1 1 1
v 9.59 0 -10.96 1 1 1 1
v 10.23 0 -11.6 1 1 1 1
v 9.59 0 -11.6 1 1 1 1
v 10.23 0 -10.96 1 1 1 1
v 9.59 0 -10.32 1 1 1 1
v 10.23 0 -10.96 1 1 1 1
v 9.59 0 -10.96 1 1 1 1
v 10.23 0 -10.32 1 1 1 1
v 8.950000000000001 0 -10.32 1 1 1 1
v 9.59 0 -10.96 1 1 1 1
v 8.950000000000001 0 -10.96 1 1 1 1
v 9.59 0 -10.32 1 1 1 1
v 8.31 0 -10.32 1 1 1 1
v 8.950000000000001 0 -10.96 1 1 1 1
v 8.31 0 -10.96 1 1 1 1
v 8.950000000000001 0 -10.32 1 1 1 1
v 7.67 0 -10.32 1 1 1 1
v 8.31 0 -10.96 1 1 1 1
v 7.67 0 -10.96 1 1 1 1
v 8.31 0 -10.32 1 1 1 1
v 7.03 0 -10.32 1 1 1 1
v 7.67 0 -10.96 1 1 1 1
v 7.03 0 -10.96 1 1 1 1
v 7.67 0 -10.32 1 1 1 1
v 6.390000000000001 0 -10.32 1 1 1 1
v 7.03 0 -10.96 1 1 1 1
v 6.390000000000001 0 -10.96 1 1 1 1
v 7.03 0 -10.32 1 1 1 1
v 5.75 0 -10.32 1 1 1 1
v 6.390000000000001 0 -10.96 1 1 1 1
v 5.75 0 -10.96 1 1 1 1
v 6.390000000000001 0 -10.32 1 1 1 1
v 5.11 0 -10.32 1 1 1 1
v 5.75 0 -10.96 1 1 1 1
v 5.11 0 -10.96 1 1 1 1
v 5.75 0 -10.32 1 1 1 1
v 4.47 0 -10.32 1 1 1 1
v 5.11 0 -10.96 1 1 1 1
v 4.47 0 -10.96 1 1 1 1
v 5.11 0 -10.32 1 1 1 1
v 3.83 0 -10.32 1 1 1 1
v 4.47 0 -10.96 1 1 1 1
v 3.83 0 -10.96 1 1 1 1
v 4.47 0 -10.32 1 1 1 1
v 3.19 0 -10.32 1 1 1 1
v 3.83 0 -10.96 1 1 1 1
v 3.19 0 -10.96 1 1 1 1
v 3.83 0 -10.32 1 1 1 1
v 2.5500000000000003 0 -10.32 1 1 1 1
v 3.19 0 -10.96 1 1 1 1
v 2.5500000000000003 0 -10.96 1 1 1 1
v 3.19 0 -10.32 1 1 1 1
v 1.9100000000000001 0 -10.32 1 1 1 1
v 2.5500000000000003 0 -10.96 1 1 1 1
v 1.9100000000000001 0 -10.96 1 1 1 1
v 2.5500000000000003 0 -10.32 1 1 1 1
v 1.27 0 -10.32 1 1 1 1
v 1.9100000000000001 0 -10.96 1 1 1 1
v 1.27 0 -10.96 1 1 1 1
v 1.9100000000000001 0 -10.32 1 1 1 1
v 0.63 0 -10.32 1 1 1 1
v 1.27 0 -10.96 1 1 1 1
v 0.63 0 -10.96 1 1 1 1
v 1.27 0 -10.32 1 1 1 1
v 0.63 0 -10.96 1 1 1 1
v 1.27 0 -11.6 1 1 1 1
v 0.63 0 -11.6 1 1 1 1
v 1.27 0 -10.96 1 1 1 1
v 0.63 0 -11.6 1 1 1 1
v 1.27 0 -12.24 1 1 1 1
v 0.63 0 -12.24 1 1 1 1
v 1.27 0 -11.6 1 1 1 1
v 0.63 0 -12.24 1 1 1 1
v 1.27 0 -12.88 1 1 1 1
v 0.63 0 -12.88 1 1 1 1
v 1.27 0 -12.24 1 1 1 1
v 0.63 0 -12.88 1 1 1 1
v 1.27 0 -13.52 1 1 1 1
v 0.63 0 -13.52 1 1 1 1
v 1.27 0 -12.88 1 1 1 1
v 0.63 0 -13.52 1 1 1 1
v 1.27 0 -14.16 1 1 1 1
v 0.63 0 -14.16 1 1 1 1
v 1.27 0 -13.52 1 1 1 1
v 1.27 0 -13.52 1 1 1 1
v 1.9100000000000001 0 -14.16 1 1 1 1
v 1.27 0 -14.16 1 1 1 1
v 1.9100000000000001 0 -13.52 1 1 1 1
v 1.9100000000000001 0 -13.52 1 1 1 1
v 2.5500000000000003 0 -14.16 1 1 1 1
v 1.9100000000000001 0 -14.16 1 1 1 1
v 2.5500000000000003 0 -13.52 1 1 1 1
v 2.5500000000000003 0 -13.52 1 1 1 1
v 3.19 0 -14.16 1 1 1 1
v 2.5500000000000003 0 -14.16 1 1 1 1
v 3.19 0 -13.52 1 1 1 1
v 3.19 0 -13.52 1 1 1 1
v 3.83 0 -14.16 1 1 1 1
v 3.19 0 -14.16 1 1 1 1
v 3.83 0 -13.52 1 1 1 1
v 3.83 0 -13.52 1 1 1 1
v 4.47 0 -14.16 1 1 1 1
v 3.83 0 -14.16 1 1 1 1
v 4.47 0 -13.52 1 1 1 1
v 4.47 0 -13.52 1 1 1 1
v 5.11 0 -14.16 1 1 1 1
v 4.47 0 -14.16 1 1 1 1
v 5.11 0 -13.52 1 1 1 1
v 5.11 0 -13.52 1 1 1 1
v 5.75 0 -14.16 1 1 1 1
v 5.11 0 -14.16 1 1 1 1
v 5.75 0 -13.52 1 1 1 1
v 5.75 0 -13.52 1 1 1 1
v 6.390000000000001 0 -14.16 1 1 1 1
v 5.75 0 -14.16 1 1 1 1
v 6.390000000000001 0 -13.52 1 1 1 1
v 6.390000000000001 0 -13.52 1 1 1 1
v 7.03 0 -14.16 1 1 1 1
v 6.390000000000001 0 -14.16 1 1 1 1
v 7.03 0 -13.52 1 1 1 1
v 7.03 0 -13.52 1 1 1 1
v 7.67 0 -14.16 1 1 1 1
v 7.03 0 -14.16 1 1 1 1
v 7.67 0 -13.52 1 1 1 1
v 7.67 0 -13.52 1 1 1 1
v 8.31 0 -14.16 1 1 1 1
v 7.67 0 -14.16 1 1 1 1
v 8.31 0 -13.52 1 1 1 1
v 8.31 0 -13.52 1 1 1 1
v 8.950000000000001 0 -14.16 1 1 1 1
v 8.31 0 -14.16 1 1 1 1
v 8.950000000000001 0 -13.52 1 1 1 1
v 8.950000000000001 0 -13.52 1 1 1 1
v 9.59 0 -14.16 1 1 1 1
v 8.950000000000001 0 -14.16 1 1 1 1
v 9.59 0 -13.52 1 1 1 1
v 8.950000000000001 0 -12.88 1 1 1 1
v 9.59 0 -13.52 1 1 1 1
v 8.950000000000001 0 -13.52 1 1 1 1
v 9.59 0 -12.88 1 1 1 1
v 8.950000000000001 0 -12.24 1 1 1 1
v 9.59 0 -12.88 1 1 1 1
v 8.950000000000001 0 -12.88 1 1 1 1
v 9.59 0 -12.24 1 1 1 1
v 8.950000000000001 0 -11.6 1 1 1 1
v 9.59 0 -12.24 1 1 1 1
v 8.950000000000001 0 -12.24 1 1 1 1
v 9.59 0 -11.6 1 1 1 1
v 8.950000000000001 0 -10.96 1 1 1 1
v 9.59 0 -11.6 1 1 1 1
v 8.950000000000001 0 -11.6 1 1 1 1
v 9.59 0 -10.96 1 1 1 1
v 8.31 0 -10.96 1 1 1 1
v 8.950000000000001 0 -11.6 1 1 1 1
v 8.31 0 -11.6 1 1 1 1
v 8.950000000000001 0 -10.96 1 1 1 1
v 7.67 0 -10.96 1 1 1 1
v 8.31 0 -11.6 1 1 1 1
v 7.67 0 -11.6 1 1 1 1
v 8.31 0 -10.96 1 1 1 1
v 7.03 0 -10.96 1 1 1 1
v 7.67 0 -11.6 1 1 1 1
v 7.03 0 -11.6 1 1 1 1
v 7.67 0 -10.96 1 1 1 1
v 6.390000000000001 0 -10.96 1 1 1 1
v 7.03 0 -11.6 1 1 1 1
v 6.390000000000001 0 -11.6 1 1 1 1
v 7.03 0 -10.96 1 1 1 1
v 5.75 0 -10.96 1 1 1 1
v 6.390000000000001 0 -11.6 1 1 1 1
v 5.75 0 -11.6 1 1 1 1
v 6.390000000000001 0 -10.96 1 1 1 1
v 5.11 0 -10.96 1 1 1 1
v 5.75 0 -11.6 1 1 1 1
v 5.11 0 -11.6 1 1 1 1
v 5.75 0 -10.96 1 1 1 1
v 4.47 0 -10.96 1 1 1 1
v 5.11 0 -11.6 1 1 1 1
v 4.47 0 -11.6 1 1 1 1
v 5.11 0 -10.96 1 1 1 1
v 3.83 0 -10.96 1 1 1 1
v 4.47 0 -11.6 1 1 1 1
v 3.83 0 -11.6 1 1 1 1
v 4.47 0 -10.96 1 1 1 1
v 3.19 0 -10.96 1 1 1 1
v 3.83 0 -11.6 1 1 1 1
v 3.19 0 -11.6 1 1 1 1
v 3.83 0 -10.96 1 1 1 1
v 2.5500000000000003 0 -10.96 1 1 1 1
v 3.19 0 -11.6 1 1 1 1
v 2.5500000000000003 0 -11.6 1 1 1 1
v 3.19 0 -10.96 1 1 1 1
v 1.9100000000000001 0 -10.96 1 1 1 1
v 2.5500000000000003 0 -11.6 1 1 1 1
v 1.9100000000000001 0 -11.6 1 1 1 1
v 2.5500000000000003 0 -10.96 1 1 1 1
v 1.27 0 -10.96 1 1 1 1
v 1.9100000000000001 0 -11.6 1 1 1 1
v 1.27 0 -11.6 1 1 1 1
v 1.9100000000000001 0 -10.96 1 1 1 1
v 1.27 0 -11.6 1 1 1 1
v 1.9100000000000001 0 -12.24 1 1 1 1
v 1.27 0 -12.24 1 1 1 1
v 1.9100000000000001 0 -11.6 1 1 1 1
v 1.27 0 -12.24 1 1 1 1
v 1.9100000000000001 0 -12.88 1 1 1 1
v 1.27 0 -12.88 1 1 1 1
v 1.9100000000000001 0 -12.24 1 1 1 1
v 1.27 0 -12.88 1 1 1 1
v 1.9100000000000001 0 -13.52 1 1 1 1
v 1.27 0 -13.52 1 1 1 1
v 1.9100000000000001 0 -12.88 1 1 1 1
v 1.9100000000000001 0 -12.88 1 1 1 1
v 2.5500000000000003 0 -13.52 1 1 1 1
v 1.9100000000000001 0 -13.52 1 1 1 1
v 2.5500000000000003 0 -12.88 1 1 1 1
v 2.5500000000000003 0 -12.88 1 1 1 1
v 3.19 0 -13.52 1 1 1 1
v 2.5500000000000003 0 -13.52 1 1 1 1
v 3.19 0 -12.88 1 1 1 1
v 3.19 0 -12.88 1 1 1 1
v 3.83 0 -13.52 1 1 1 1
v 3.19 0 -13.52 1 1 1 1
v 3.83 0 -12.88 1 1 1 1
v 3.83 0 -12.88 1 1 1 1
v 4.47 0 -13.52 1 1 1 1
v 3.83 0 -13.52 1 1 1 1
v 4.47 0 -12.88 1 1 1 1
v 4.47 0 -12.88 1 1 1 1
v 5.11 0 -13.52 1 1 1 1
v 4.47 0 -13.52 1 1 1 1
v 5.11 0 -12.88 1 1 1 1
v 5.11 0 -12.88 1 1 1 1
v 5.75 0 -13.52 1 1 1 1
v 5.11 0 -13.52 1 1 1 1
v 5.75 0 -12.88 1 1 1 1
v 5.75 0 -12.88 1 1 1 1
v 6.390000000000001 0 -13.52 1 1 1 1
v 5.75 0 -13.52 1 1 1 1
v 6.390000000000001 0 -12.88 1 1 1 1
v 6.390000000000001 0 -12.88 1 1 1 1
v 7.03 0 -13.52 1 1 1 1
v 6.390000000000001 0 -13.52 1 1 1 1
v 7.03 0 -12.88 1 1 1 1
v 7.03 0 -12.88 1 1 1 1
v 7.67 0 -13.52 1 1 1 1
v 7.03 0 -13.52 1 1 1 1
v 7.67 0 -12.88 1 1 1 1
v 7.67 0 -12.88 1 1 1 1
v 8.31 0 -13.52 1 1 1 1
v 7.67 0 -13.52 1 1 1 1
v 8.31 0 -12.88 1 1 1 1
v 8.31 0 -12.88 1 1 1 1
v 8.950000000000001 0 -13.52 1 1 1 1
v 8.31 0 -13.52 1 1 1 1
v 8.950000000000001 0 -12.88 1 1 1 1
v 8.31 0 -12.24 1 1 1 1
v 8.950000000000001 0 -12.88 1 1 1 1
v 8.31 0 -12.88 1 1 1 1
v 8.950000000000001 0 -12.24 1 1 1 1
v 8.31 0 -11.6 1 1 1 1
v 8.950000000000001 0 -12.24 1 1 1 1
v 8.31 0 -12.24 1 1 1 1
v 8.950000000000001 0 -11.6 1 1 1 1
v 7.67 0 -11.6 1 1 1 1
v 8.31 0 -12.24 1 1 1 1
v 7.67 0 -12.24 1 1 1 1
v 8.31 0 -11.6 1 1 1 1
v 7.03 0 -11.6 1 1 1 1
v 7.67 0 -12.24 1 1 1 1
v 7.03 0 -12.24 1 1 1 1
v 7.67 0 -11.6 1 1 1 1
v 6.390000000000001 0 -11.6 1 1 1 1
v 7.03 0 -12.24 1 1 1 1
v 6.390000000000001 0 -12.24 1 1 1 1
v 7.03 0 -11.6 1 1 1 1
v 5.75 0 -11.6 1 1 1 1
v 6.390000000000001 0 -12.24 1 1 1 1
v 5.75 0 -12.24 1 1 1 1
v 6.390000000000001 0 -11.6 1 1 1 1
v 5.11 0 -11.6 1 1 1 1
v 5.75 0 -12.24 1 1 1 1
v 5.11 0 -12.24 1 1 1 1
v 5.75 0 -11.6 1 1 1 1
v 4.47 0 -11.6 1 1 1 1
v 5.11 0 -12.24 1 1 1 1
v 4.47 0 -12.24 1 1 1 1
v 5.11 0 -11.6 1 1 1 1
v 3.83 0 -11.6 1 1 1 1
v 4.47 0 -12.24 1 1 1 1
v 3.83 0 -12.24 1 1 1 1
v 4.47 0 -11.6 1 1 1 1
v 3.19 0 -11.6 1 1 1 1
v 3.83 0 -12.24 1 1 1 1
v 3.19 0 -12.24 1 1 1 1
v 3.83 0 -11.6 1 1 1 1
v 2.5500000000000003 0 -11.6 1 1 1 1
v 3.19 0 -12.24 1 1 1 1
v 2.5500000000000003 0 -12.24 1 1 1 1
v 3.19 0 -11.6 1 1 1 1
v 1.9100000000000001 0 -11.6 1 1 1 1
v 2.5500000000000003 0 -12.24 1 1 1 1
v 1.9100000000000001 0 -12.24 1 1 1 1
v 2.5500000000000003 0 -11.6 1 1 1 1
v 1.9100000000000001 0 -12.24 1 1 1 1
v 2.5500000000000003 0 -12.88 1 1 1 1
v 1.9100000000000001 0 -12.88 1 1 1 1
v 2.5500000000000003 0 -12.24 1 1 1 1
v 2.5500000000000003 0 -12.24 1 1 1 1
v 3.19 0 -12.88 1 1 1 1
v 2.5500000000000003 0 -12.88 1 1 1 1
v 3.19 0 -12.24 1 1 1 1
v 3.19 0 -12.24 1 1 1 1
v 3.83 0 -12.88 1 1 1 1
v 3.19 0 -12.88 1 1 1 1
v 3.83 0 -12.24 1 1 1 1
v 3.83 0 -12.24 1 1 1 1
v 4.47 0 -12.88 1 1 1 1
v 3.83 0 -12.88 1 1 1 1
v 4.47 0 -12.24 1 1 1 1
v 4.47 0 -12.24 1 1 1 1
v 5.11 0 -12.88 1 1 1 1
v 4.47 0 -12.88 1 1 1 1
v 5.11 0 -12.24 1 1 1 1
v 5.11 0 -12.24 1 1 1 1
v 5.75 0 -12.88 1 1 1 1
v 5.11 0 -12.88 1 1 1 1
v 5.75 0 -12.24 1 1 1 1
v 5.75 0 -12.24 1 1 1 1
v 6.390000000000001 0 -12.88 1 1 1 1
v 5.75 0 -12.88 1 1 1 1
v 6.390000000000001 0 -12.24 1 1 1 1
v 6.390000000000001 0 -12.24 1 1 1 1
v 7.03 0 -12.88 1 1 1 1
v 6.390000000000001 0 -12.88 1 1 1 1
v 7.03 0 -12.24 1 1 1 1
v 7.03 0 -12.24 1 1 1 1
v 7.67 0 -12.88 1 1 1 1
v 7.03 0 -12.88 1 1 1 1
v 7.67 0 -12.24 1 1 1 1
v 7.67 0 -12.24 1 1 1 1
v 8.31 0 -12.88 1 1 1 1
v 7.67 0 -12.88 1 1 1 1
v 8.31 0 -12.24 1 1 1 1
v -8.97 0 -0.72 1 1 1 1
v -9.61 0 -0.08 1 1 1 1
v -8.97 0 -0.08 1 1 1 1
v -9.61 0 -0.72 1 1 1 1
v -8.97 0 -1.36 1 1 1 1
v -9.61 0 -0.72 1 1 1 1
v -8.97 0 -0.72 1 1 1 1
v -9.61 0 -1.36 1 1 1 1
v -8.97 0 -2 1 1 1 1
v -9.61 0 -1.36 1 1 1 1
v -8.97 0 -1.36 1 1 1 1
v -9.61 0 -2 1 1 1 1
v -8.97 0 -2.64 1 1 1 1
v -9.61 0 -2 1 1 1 1
v -8.97 0 -2 1 1 1 1
v -9.61 0 -2.64 1 1 1 1
v -8.97 0 -3.2800000000000002 1 1 1 1
v -9.61 0 -2.64 1 1 1 1
v -8.97 0 -2.64 1 1 1 1
v -9.61 0 -3.2800000000000002 1 1 1 1
v -8.97 0 -3.92 1 1 1 1
v -9.61 0 -3.2800000000000002 1 1 1 1
v -8.97 0 -3.2800000000000002 1 1 1 1
v -9.61 0 -3.92 1 1 1 1
v -8.97 0 -4.5600000000000005 1 1 1 1
v -9.61 0 -3.92 1 1 1 1
v -8.97 0 -3.92 1 1 1 1
v -9.61 0 -4.5600000000000005 1 1 1 1
v -8.97 0 -5.2 1 1 1 1
v -9.61 0 -4.5600000000000005 1 1 1 1
v -8.97 0 -4.5600000000000005 1 1 1 1
v -9.61 0 -5.2 1 1 1 1
v -8.97 0 -5.84 1 1 1 1
v -9.61 0 -5.2 1 1 1 1
v -8.97 0 -5.2 1 1 1 1
v -9.61 0 -5.84 1 1 1 1
v -8.97 0 -6.48 1 1 1 1
v -9.61 0 -5.84 1 1 1 1
v -8.97 0 -5.84 1 1 1 1
v -9.61 0 -6.48 1 1 1 1
v -8.97 0 -7.12 1 1 1 1
v -9.61 0 -6.48 1 1 1 1
v -8.97 0 -6.48 1 1 1 1
v -9.61 0 -7.12 1 1 1 1
v -8.97 0 -7.76 1 1 1 1
v -9.61 0 -7.12 1 1 1 1
v -8.97 0 -7.12 1 1 1 1
v -9.61 0 -7.76 1 1 1 1
v -8.97 0 -8.4 1 1 1 1
v -9.61 0 -7.76 1 1 1 1
v -8.97 0 -7.76 1 1 1 1
v -9.61 0 -8.4 1 1 1 1
v -8.97 0 -9.040000000000001 1 1 1 1
v -9.61 0 -8.4 1 1 1 1
v -8.97 0 -8.4 1 1 1 1
v -9.61 0 -9.040000000000001 1 1 1 1
v -8.97 0 -9.68 1 1 1 1
v -9.61 0 -9.040000000000001 1 1 1 1
v -8.97 0 -9.040000000000001 1 1 1 1
v -9.61 0 -9.68 1 1 1 1
v -8.97 0 -10.32 1 1 1 1
v -9.61 0 -9.68 1 1 1 1
v -8.97 0 -9.68 1 1 1 1
v -9.61 0 -10.32 1 1 1 1
v -8.97 0 -10.96 1 1 1 1
v -9.61 0 -10.32 1 1 1 1
v -8.97 0 -10.32 1 1 1 1
v -9.61 0 -10.96 1 1 1 1
v -8.97 0 -11.6 1 1 1 1
v -9.61 0 -10.96 1 1 1 1
v -8.97 0 -10.96 1 1 1 1
v -9.61 0 -11.6 1 1 1 1
v -8.97 0 -12.24 1 1 1 1
v -9.61 0 -11.6 1 1 1 1
v -8.97 0 -11.6 1 1 1 1
v -9.61 0 -12.24 1 1 1 1
v -8.97 0 -12.88 1 1 1 1
v -9.61 0 -12.24 1 1 1 1
v -8.97 0 -12.24 1 1 1 1
v -9.61 0 -12.88 1 1 1 1
v -8.97 0 -13.52 1 1 1 1
v -9.61 0 -12.88 1 1 1 1
v -8.97 0 -12.88 1 1 1 1
v -9.61 0 -13.52 1 1 1 1
v -8.97 0 -14.16 1 1 1 1
v -9.61 0 -13.52 1 1 1 1
v -8.97 0 -13.52 1 1 1 1
v -9.61 0 -14.16 1 1 1 1
v -8.97 0 -14.8 1 1 1 1
v -9.61 0 -14.16 1 1 1 1
v -8.97 0 -14.16 1 1 1 1
v -9.61 0 -14.8 1 1 1 1
v -8.97 0 -15.44 1 1 1 1
v -9.61 0 -14.8 1 1 1 1
v -8.97 0 -14.8 1 1 1 1
v -9.61 0 -15.44 1 1 1 1
v -8.97 0 -16.080000000000002 1 1 1 1
v -9.61 0 -15.44 1 1 1 1
v -8.97 0 -15.44 1 1 1 1
v -9.61 0 -16.080000000000002 1 1 1 1
vt 0.5 0
vt 0.5625 0.0625
vt 0.5 0.0625
vt 0.5625 0
vt 0.8125 0
vt 0.875 0.125
vt 0.8125 0.125
vt 0.875 0
vt 0.5625 0.6875
vt 0.5 0.75
vt 0.5 0.6875
vt 0.5625 0.75
vt 0.75 0
vt 1 0.25
vt 0.75 0.25
vt 1 0
vt 0.6875 0.75
vt 0.3125 0.875
vt 0.3125 0.75
vt 0.6875 0.875
vt 0.6875 1
vt 0.3125 1
vt 0.875 0.25
vt 1 0.375
vt 0.875 0.375
vt 1 0.0625
vt 0.875 0.0625
vt 0.9375 0.0625
vt 0.8125 0.0625
vt 0.9375 0
vt 0.75 0.0625
vt 0.9375 0.25
vt 0.8125 0.25
vt 0.6875 0.125
vt 0.3125 0.125
vn 0 1 0
vn 0 0 1
vn -1 0 0
vn 1 0 0
vn 0 0 -1
g Scene
usemtl 0
f 1/1/1 3/2/1 2/3/1
f 1/1/1 4/4/1 3/2/1
f 5/1/1 6/2/1 7/3/1
f 5/1/1 8/4/1 6/2/1
f 9/1/1 10/2/1 11/3/1
f 9/1/1 12/4/1 10/2/1
f 13/1/1 14/2/1 15/3/1
f 13/1/1 16/4/1 14/2/1
f 17/1/1 18/2/1 19/3/1
f 17/1/1 20/4/1 18/2/1
f 21/1/1 22/2/1 23/3/1
f 21/1/1 24/4/1 22/2/1
f 25/1/1 26/2/1 27/3/1
f 25/1/1 28/4/1 26/2/1
f 29/1/1 30/2/1 31/3/1
f 29/1/1 32/4/1 30/2/1
f 33/1/1 34/2/1 35/3/1
f 33/1/1 36/4/1 34/2/1
f 37/1/1 38/2/1 39/3/1
f 37/1/1 40/4/1 38/2/1
f 41/1/1 42/2/1 43/3/1
f 41/1/1 44/4/1 42/2/1
f 45/1/1 46/2/1 47/3/1
f 45/1/1 48/4/1 46/2/1
f 49/5/1 50/6/1 51/7/1
f 49/5/1 52/8/1 50/6/1
f 53/1/1 54/2/1 55/3/1
f 53/1/1 56/4/1 54/2/1
f 57/5/1 58/6/1 59/7/1
f 57/5/1 60/8/1 58/6/1
f 61/1/1 62/2/1 63/3/1
f 61/1/1 64/4/1 62/2/1
f 65/1/1 66/2/1 67/3/1
f 65/1/1 68/4/1 66/2/1
f 69/5/1 70/6/1 71/7/1
f 69/5/1 72/8/1 70/6/1
f 73/5/1 74/6/1 75/7/1
f 73/5/1 76/8/1 74/6/1
f 77/1/1 78/2/1 79/3/1
f 77/1/1 80/4/1 78/2/1
f 81/9/2 82/10/2 83/11/2
f 81/9/2 84/12/2 82/10/2
f 85/1/1 86/2/1 87/3/1
f 85/1/1 88/4/1 86/2/1
f 89/1/1 90/2/1 91/3/1
f 89/1/1 92/4/1 90/2/1
f 93/1/1 94/2/1 95/3/1
f 93/1/1 96/4/1 94/2/1
f 97/9/2 98/10/2 99/11/2
f 97/9/2 100/12/2 98/10/2
f 101/1/1 102/2/1 103/3/1
f 101/1/1 104/4/1 102/2/1
f 105/1/1 106/2/1 107/3/1
f 105/1/1 108/4/1 106/2/1
f 109/1/1 110/2/1 111/3/1
f 109/1/1 112/4/1 110/2/1
f 113/1/1 114/2/1 115/3/1
f 113/1/1 116/4/1 114/2/1
f 117/5/1 118/6/1 119/7/1
f 117/5/1 120/8/1 118/6/1
f 121/1/1 122/2/1 123/3/1
f 121/1/1 124/4/1 122/2/1
f 125/1/1 126/2/1 127/3/1
f 125/1/1 128/4/1 126/2/1
f 129/1/1 130/2/1 131/3/1
f 129/1/1 132/4/1 130/2/1
f 133/1/1 134/2/1 135/3/1
f 133/1/1 136/4/1 134/2/1
f 137/1/1 138/2/1 139/3/1
f 137/1/1 140/4/1 138/2/1
f 141/1/1 142/2/1 143/3/1
f 141/1/1 144/4/1 142/2/1
f 145/1/1 146/2/1 147/3/1
f 145/1/1 148/4/1 146/2/1
f 149/1/1 150/2/1 151/3/1
f 149/1/1 152/4/1 150/2/1
f 153/13/1 154/14/1 155/15/1
f 153/13/1 156/16/1 154/14/1
f 157/13/1 158/14/1 159/15/1
f 157/13/1 160/16/1 158/14/1
f 161/13/1 162/14/1 163/15/1
f 161/13/1 164/16/1 162/14/1
f 165/13/1 166/14/1 167/15/1
f 165/13/1 168/16/1 166/14/1
f 169/13/1 170/14/1 171/15/1
f 169/13/1 172/16/1 170/14/1
f 173/13/1 174/14/1 175/15/1
f 173/13/1 176/16/1 174/14/1
f 177/13/1 178/14/1 179/15/1
f 177/13/1 180/16/1 178/14/1
f 181/13/1 182/14/1 183/15/1
f 181/13/1 184/16/1 182/14/1
f 185/13/1 186/14/1 187/15/1
f 185/13/1 188/16/1 186/14/1
f 189/13/1 190/14/1 191/15/1
f 189/13/1 192/16/1 190/14/1
f 193/17/3 194/18/3 195/19/3
f 193/17/3 196/20/3 194/18/3
f 197/17/4 198/18/4 199/19/4
f 197/17/4 200/20/4 198/18/4
f 201/17/3 202/18/3 203/19/3
f 201/17/3 204/20/3 202/18/3
f 205/17/4 206/18/4 207/19/4
f 205/17/4 208/20/4 206/18/4
f 209/17/5 210/18/5 211/19/5
f 209/17/5 212/20/5 210/18/5
f 213/17/3 214/18/3 215/19/3
f 213/17/3 216/20/3 214/18/3
f 217/17/2 218/18/2 219/19/2
f 217/17/2 220/20/2 218/18/2
f 221/17/4 222/18/4 223/19/4
f 221/17/4 224/20/4 222/18/4
f 225/18/1 226/21/1 227/22/1
f 225/18/1 228/20/1 226/21/1
f 229/18/1 230/21/1 231/22/1
f 229/18/1 232/20/1 230/21/1
f 233/18/1 234/21/1 235/22/1
f 233/18/1 236/20/1 234/21/1
f 237/17/3 238/18/3 239/19/3
f 237/17/3 240/20/3 238/18/3
f 241/17/4 242/18/4 243/19/4
f 241/17/4 244/20/4 242/18/4
f 245/17/3 246/18/3 247/19/3
f 245/17/3 248/20/3 246/18/3
f 249/17/4 250/18/4 251/19/4
f 249/17/4 252/20/4 250/18/4
f 253/17/5 254/18/5 255/19/5
f 253/17/5 256/20/5 254/18/5
f 257/17/3 258/18/3 259/19/3
f 257/17/3 260/20/3 258/18/3
f 261/17/2 262/18/2 263/19/2
f 261/17/2 264/20/2 262/18/2
f 265/17/4 266/18/4 267/19/4
f 265/17/4 268/20/4 266/18/4
f 269/18/1 270/21/1 271/22/1
f 269/18/1 272/20/1 270/21/1
f 273/18/1 274/21/1 275/22/1
f 273/18/1 276/20/1 274/21/1
f 277/18/1 278/21/1 279/22/1
f 277/18/1 280/20/1 278/21/1
f 281/23/1 282/24/1 283/25/1
f 281/23/1 284/14/1 282/24/1
f 285/23/1 286/24/1 287/25/1
f 285/23/1 288/14/1 286/24/1
f 289/23/1 290/24/1 291/25/1
f 289/23/1 292/14/1 290/24/1
f 293/23/1 294/24/1 295/25/1
f 293/23/1 296/14/1 294/24/1
f 297/23/1 298/24/1 299/25/1
f 297/23/1 300/14/1 298/24/1
f 301/23/1 302/24/1 303/25/1
f 301/23/1 304/14/1 302/24/1
f 305/23/1 306/24/1 307/25/1
f 305/23/1 308/14/1 306/24/1
f 309/23/1 310/24/1 311/25/1
f 309/23/1 312/14/1 310/24/1
f 313/23/1 314/24/1 315/25/1
f 313/23/1 316/14/1 314/24/1
f 317/23/1 318/24/1 319/25/1
f 317/23/1 320/14/1 318/24/1
f 321/23/1 322/24/1 323/25/1
f 321/23/1 324/14/1 322/24/1
f 325/23/1 326/24/1 327/25/1
f 325/23/1 328/14/1 326/24/1
f 329/23/1 330/24/1 331/25/1
f 329/23/1 332/14/1 330/24/1
f 333/23/1 334/24/1 335/25/1
f 333/23/1 336/14/1 334/24/1
f 337/23/1 338/24/1 339/25/1
f 337/23/1 340/14/1 338/24/1
f 341/23/1 342/24/1 343/25/1
f 341/23/1 344/14/1 342/24/1
f 345/23/1 346/24/1 347/25/1
f 345/23/1 348/14/1 346/24/1
f 349/23/1 350/24/1 351/25/1
f 349/23/1 352/14/1 350/24/1
f 353/23/1 354/24/1 355/25/1
f 353/23/1 356/14/1 354/24/1
f 357/23/1 358/24/1 359/25/1
f 357/23/1 360/14/1 358/24/1
f 361/23/1 362/24/1 363/25/1
f 361/23/1 364/14/1 362/24/1
f 365/23/1 366/24/1 367/25/1
f 365/23/1 368/14/1 366/24/1
f 369/23/1 370/24/1 371/25/1
f 369/23/1 372/14/1 370/24/1
f 373/23/1 374/24/1 375/25/1
f 373/23/1 376/14/1 374/24/1
f 377/23/1 378/24/1 379/25/1
f 377/23/1 380/14/1 378/24/1
f 381/23/1 382/24/1 383/25/1
f 381/23/1 384/14/1 382/24/1
f 385/23/1 386/24/1 387/25/1
f 385/23/1 388/14/1 386/24/1
f 389/23/1 390/24/1 391/25/1
f 389/23/1 392/14/1 390/24/1
f 393/23/1 394/24/1 395/25/1
f 393/23/1 396/14/1 394/24/1
f 397/23/1 398/24/1 399/25/1
f 397/23/1 400/14/1 398/24/1
f 401/23/1 402/24/1 403/25/1
f 401/23/1 404/14/1 402/24/1
f 405/23/1 406/24/1 407/25/1
f 405/23/1 408/14/1 406/24/1
f 409/23/1 410/24/1 411/25/1
f 409/23/1 412/14/1 410/24/1
f 413/23/1 414/24/1 415/25/1
f 413/23/1 416/14/1 414/24/1
f 417/23/1 418/24/1 419/25/1
f 417/23/1 420/14/1 418/24/1
f 421/23/1 422/24/1 423/25/1
f 421/23/1 424/14/1 422/24/1
f 425/23/1 426/24/1 427/25/1
f 425/23/1 428/14/1 426/24/1
f 429/23/1 430/24/1 431/25/1
f 429/23/1 432/14/1 430/24/1
f 433/23/1 434/24/1 435/25/1
f 433/23/1 436/14/1 434/24/1
f 437/23/1 438/24/1 439/25/1
f 437/23/1 440/14/1 438/24/1
f 441/23/1 442/24/1 443/25/1
f 441/23/1 444/14/1 442/24/1
f 445/23/1 446/24/1 447/25/1
f 445/23/1 448/14/1 446/24/1
f 449/23/1 450/24/1 451/25/1
f 449/23/1 452/14/1 450/24/1
f 453/23/1 454/24/1 455/25/1
f 453/23/1 456/14/1 454/24/1
f 457/23/1 458/24/1 459/25/1
f 457/23/1 460/14/1 458/24/1
f 461/23/1 462/24/1 463/25/1
f 461/23/1 464/14/1 462/24/1
f 465/23/1 466/24/1 467/25/1
f 465/23/1 468/14/1 466/24/1
f 469/23/1 470/24/1 471/25/1
f 469/23/1 472/14/1 470/24/1
f 473/23/1 474/24/1 475/25/1
f 473/23/1 476/14/1 474/24/1
f 477/23/1 478/24/1 479/25/1
f 477/23/1 480/14/1 478/24/1
f 481/23/1 482/24/1 483/25/1
f 481/23/1 484/14/1 482/24/1
f 485/23/1 486/24/1 487/25/1
f 485/23/1 488/14/1 486/24/1
f 489/23/1 490/24/1 491/25/1
f 489/23/1 492/14/1 490/24/1
f 493/23/1 494/24/1 495/25/1
f 493/23/1 496/14/1 494/24/1
f 497/23/1 498/24/1 499/25/1
f 497/23/1 500/14/1 498/24/1
f 501/23/1 502/24/1 503/25/1
f 501/23/1 504/14/1 502/24/1
f 505/23/1 506/24/1 507/25/1
f 505/23/1 508/14/1 506/24/1
f 509/23/1 510/24/1 511/25/1
f 509/23/1 512/14/1 510/24/1
f 513/23/1 514/24/1 515/25/1
f 513/23/1 516/14/1 514/24/1
f 517/23/1 518/24/1 519/25/1
f 517/23/1 520/14/1 518/24/1
f 521/23/1 522/24/1 523/25/1
f 521/23/1 524/14/1 522/24/1
f 525/23/1 526/24/1 527/25/1
f 525/23/1 528/14/1 526/24/1
f 529/23/1 530/24/1 531/25/1
f 529/23/1 532/14/1 530/24/1
f 533/23/1 534/24/1 535/25/1
f 533/23/1 536/14/1 534/24/1
f 537/23/1 538/24/1 539/25/1
f 537/23/1 540/14/1 538/24/1
f 541/23/1 542/24/1 543/25/1
f 541/23/1 544/14/1 542/24/1
f 545/23/1 546/24/1 547/25/1
f 545/23/1 548/14/1 546/24/1
f 549/23/1 550/24/1 551/25/1
f 549/23/1 552/14/1 550/24/1
f 553/23/1 554/24/1 555/25/1
f 553/23/1 556/14/1 554/24/1
f 557/23/1 558/24/1 559/25/1
f 557/23/1 560/14/1 558/24/1
f 561/23/1 562/24/1 563/25/1
f 561/23/1 564/14/1 562/24/1
f 565/23/1 566/24/1 567/25/1
f 565/23/1 568/14/1 566/24/1
f 569/23/1 570/24/1 571/25/1
f 569/23/1 572/14/1 570/24/1
f 573/23/1 574/24/1 575/25/1
f 573/23/1 576/14/1 574/24/1
f 577/23/1 578/24/1 579/25/1
f 577/23/1 580/14/1 578/24/1
f 581/23/1 582/24/1 583/25/1
f 581/23/1 584/14/1 582/24/1
f 585/23/1 586/24/1 587/25/1
f 585/23/1 588/14/1 586/24/1
f 589/23/1 590/24/1 591/25/1
f 589/23/1 592/14/1 590/24/1
f 593/23/1 594/24/1 595/25/1
f 593/23/1 596/14/1 594/24/1
f 597/23/1 598/24/1 599/25/1
f 597/23/1 600/14/1 598/24/1
f 601/23/1 602/24/1 603/25/1
f 601/23/1 604/14/1 602/24/1
f 605/23/1 606/24/1 607/25/1
f 605/23/1 608/14/1 606/24/1
f 609/23/1 610/24/1 611/25/1
f 609/23/1 612/14/1 610/24/1
f 613/23/1 614/24/1 615/25/1
f 613/23/1 616/14/1 614/24/1
f 617/23/1 618/24/1 619/25/1
f 617/23/1 620/14/1 618/24/1
f 621/23/1 622/24/1 623/25/1
f 621/23/1 624/14/1 622/24/1
f 625/23/1 626/24/1 627/25/1
f 625/23/1 628/14/1 626/24/1
f 629/23/1 630/24/1 631/25/1
f 629/23/1 632/14/1 630/24/1
f 633/23/1 634/24/1 635/25/1
f 633/23/1 636/14/1 634/24/1
f 637/23/1 638/24/1 639/25/1
f 637/23/1 640/14/1 638/24/1
f 641/23/1 642/24/1 643/25/1
f 641/23/1 644/14/1 642/24/1
f 645/23/1 646/24/1 647/25/1
f 645/23/1 648/14/1 646/24/1
f 649/23/1 650/24/1 651/25/1
f 649/23/1 652/14/1 650/24/1
f 653/23/1 654/24/1 655/25/1
f 653/23/1 656/14/1 654/24/1
f 657/23/1 658/24/1 659/25/1
f 657/23/1 660/14/1 658/24/1
f 661/23/1 662/24/1 663/25/1
f 661/23/1 664/14/1 662/24/1
f 665/23/1 666/24/1 667/25/1
f 665/23/1 668/14/1 666/24/1
f 669/23/1 670/24/1 671/25/1
f 669/23/1 672/14/1 670/24/1
f 673/23/1 674/24/1 675/25/1
f 673/23/1 676/14/1 674/24/1
f 677/23/1 678/24/1 679/25/1
f 677/23/1 680/14/1 678/24/1
f 681/23/1 682/24/1 683/25/1
f 681/23/1 684/14/1 682/24/1
f 685/23/1 686/24/1 687/25/1
f 685/23/1 688/14/1 686/24/1
f 689/23/1 690/24/1 691/25/1
f 689/23/1 692/14/1 690/24/1
f 693/23/1 694/24/1 695/25/1
f 693/23/1 696/14/1 694/24/1
f 697/23/1 698/24/1 699/25/1
f 697/23/1 700/14/1 698/24/1
f 701/23/1 702/24/1 703/25/1
f 701/23/1 704/14/1 702/24/1
f 705/23/1 706/24/1 707/25/1
f 705/23/1 708/14/1 706/24/1
f 709/23/1 710/24/1 711/25/1
f 709/23/1 712/14/1 710/24/1
f 713/23/1 714/24/1 715/25/1
f 713/23/1 716/14/1 714/24/1
f 717/23/1 718/24/1 719/25/1
f 717/23/1 720/14/1 718/24/1
f 721/23/1 722/24/1 723/25/1
f 721/23/1 724/14/1 722/24/1
f 725/23/1 726/24/1 727/25/1
f 725/23/1 728/14/1 726/24/1
f 729/23/1 730/24/1 731/25/1
f 729/23/1 732/14/1 730/24/1
f 733/23/1 734/24/1 735/25/1
f 733/23/1 736/14/1 734/24/1
f 737/23/1 738/24/1 739/25/1
f 737/23/1 740/14/1 738/24/1
f 741/23/1 742/24/1 743/25/1
f 741/23/1 744/14/1 742/24/1
f 745/23/1 746/24/1 747/25/1
f 745/23/1 748/14/1 746/24/1
f 749/23/1 750/24/1 751/25/1
f 749/23/1 752/14/1 750/24/1
f 753/23/1 754/24/1 755/25/1
f 753/23/1 756/14/1 754/24/1
f 757/23/1 758/24/1 759/25/1
f 757/23/1 760/14/1 758/24/1
f 761/23/1 762/24/1 763/25/1
f 761/23/1 764/14/1 762/24/1
f 765/23/1 766/24/1 767/25/1
f 765/23/1 768/14/1 766/24/1
f 769/23/1 770/24/1 771/25/1
f 769/23/1 772/14/1 770/24/1
f 773/23/1 774/24/1 775/25/1
f 773/23/1 776/14/1 774/24/1
f 777/23/1 778/24/1 779/25/1
f 777/23/1 780/14/1 778/24/1
f 781/23/1 782/24/1 783/25/1
f 781/23/1 784/14/1 782/24/1
f 785/23/1 786/24/1 787/25/1
f 785/23/1 788/14/1 786/24/1
f 789/23/1 790/24/1 791/25/1
f 789/23/1 792/14/1 790/24/1
f 793/23/1 794/24/1 795/25/1
f 793/23/1 796/14/1 794/24/1
f 797/23/1 798/24/1 799/25/1
f 797/23/1 800/14/1 798/24/1
f 801/23/1 802/24/1 803/25/1
f 801/23/1 804/14/1 802/24/1
f 805/23/1 806/24/1 807/25/1
f 805/23/1 808/14/1 806/24/1
f 809/23/1 810/24/1 811/25/1
f 809/23/1 812/14/1 810/24/1
f 813/23/1 814/24/1 815/25/1
f 813/23/1 816/14/1 814/24/1
f 817/23/1 818/24/1 819/25/1
f 817/23/1 820/14/1 818/24/1
f 821/23/1 822/24/1 823/25/1
f 821/23/1 824/14/1 822/24/1
f 825/23/1 826/24/1 827/25/1
f 825/23/1 828/14/1 826/24/1
f 829/23/1 830/24/1 831/25/1
f 829/23/1 832/14/1 830/24/1
f 833/23/1 834/24/1 835/25/1
f 833/23/1 836/14/1 834/24/1
f 837/23/1 838/24/1 839/25/1
f 837/23/1 840/14/1 838/24/1
f 841/23/1 842/24/1 843/25/1
f 841/23/1 844/14/1 842/24/1
f 845/23/1 846/24/1 847/25/1
f 845/23/1 848/14/1 846/24/1
f 849/23/1 850/24/1 851/25/1
f 849/23/1 852/14/1 850/24/1
f 853/23/1 854/24/1 855/25/1
f 853/23/1 856/14/1 854/24/1
f 857/23/1 858/24/1 859/25/1
f 857/23/1 860/14/1 858/24/1
f 861/23/1 862/24/1 863/25/1
f 861/23/1 864/14/1 862/24/1
f 865/23/1 866/24/1 867/25/1
f 865/23/1 868/14/1 866/24/1
f 869/23/1 870/24/1 871/25/1
f 869/23/1 872/14/1 870/24/1
f 873/23/1 874/24/1 875/25/1
f 873/23/1 876/14/1 874/24/1
f 877/23/1 878/24/1 879/25/1
f 877/23/1 880/14/1 878/24/1
f 881/23/1 882/24/1 883/25/1
f 881/23/1 884/14/1 882/24/1
f 885/23/1 886/24/1 887/25/1
f 885/23/1 888/14/1 886/24/1
f 889/23/1 890/24/1 891/25/1
f 889/23/1 892/14/1 890/24/1
f 893/23/1 894/24/1 895/25/1
f 893/23/1 896/14/1 894/24/1
f 897/23/1 898/24/1 899/25/1
f 897/23/1 900/14/1 898/24/1
f 901/23/1 902/24/1 903/25/1
f 901/23/1 904/14/1 902/24/1
f 905/23/1 906/24/1 907/25/1
f 905/23/1 908/14/1 906/24/1
f 909/23/1 910/24/1 911/25/1
f 909/23/1 912/14/1 910/24/1
f 913/23/1 914/24/1 915/25/1
f 913/23/1 916/14/1 914/24/1
f 917/23/1 918/24/1 919/25/1
f 917/23/1 920/14/1 918/24/1
f 921/23/1 922/24/1 923/25/1
f 921/23/1 924/14/1 922/24/1
f 925/23/1 926/24/1 927/25/1
f 925/23/1 928/14/1 926/24/1
f 929/23/1 930/24/1 931/25/1
f 929/23/1 932/14/1 930/24/1
f 933/23/1 934/24/1 935/25/1
f 933/23/1 936/14/1 934/24/1
f 937/23/1 938/24/1 939/25/1
f 937/23/1 940/14/1 938/24/1
f 941/23/1 942/24/1 943/25/1
f 941/23/1 944/14/1 942/24/1
f 945/23/1 946/24/1 947/25/1
f 945/23/1 948/14/1 946/24/1
f 949/23/1 950/24/1 951/25/1
f 949/23/1 952/14/1 950/24/1
f 953/23/1 954/24/1 955/25/1
f 953/23/1 956/14/1 954/24/1
f 957/23/1 958/24/1 959/25/1
f 957/23/1 960/14/1 958/24/1
f 961/23/1 962/24/1 963/25/1
f 961/23/1 964/14/1 962/24/1
f 965/23/1 966/24/1 967/25/1
f 965/23/1 968/14/1 966/24/1
f 969/23/1 970/24/1 971/25/1
f 969/23/1 972/14/1 970/24/1
f 973/23/1 974/24/1 975/25/1
f 973/23/1 976/14/1 974/24/1
f 977/23/1 978/24/1 979/25/1
f 977/23/1 980/14/1 978/24/1
f 981/23/1 982/24/1 983/25/1
f 981/23/1 984/14/1 982/24/1
f 985/23/1 986/24/1 987/25/1
f 985/23/1 988/14/1 986/24/1
f 989/23/1 990/24/1 991/25/1
f 989/23/1 992/14/1 990/24/1
f 993/23/1 994/24/1 995/25/1
f 993/23/1 996/14/1 994/24/1
f 997/23/1 998/24/1 999/25/1
f 997/23/1 1000/14/1 998/24/1
f 1001/23/1 1002/24/1 1003/25/1
f 1001/23/1 1004/14/1 1002/24/1
f 1005/23/1 1006/24/1 1007/25/1
f 1005/23/1 1008/14/1 1006/24/1
f 1009/23/1 1010/24/1 1011/25/1
f 1009/23/1 1012/14/1 1010/24/1
f 1013/23/1 1014/24/1 1015/25/1
f 1013/23/1 1016/14/1 1014/24/1
f 1017/23/1 1018/24/1 1019/25/1
f 1017/23/1 1020/14/1 1018/24/1
f 1021/23/1 1022/24/1 1023/25/1
f 1021/23/1 1024/14/1 1022/24/1
f 1025/23/1 1026/24/1 1027/25/1
f 1025/23/1 1028/14/1 1026/24/1
f 1029/23/1 1030/24/1 1031/25/1
f 1029/23/1 1032/14/1 1030/24/1
f 1033/23/1 1034/24/1 1035/25/1
f 1033/23/1 1036/14/1 1034/24/1
f 1037/23/1 1038/24/1 1039/25/1
f 1037/23/1 1040/14/1 1038/24/1
f 1041/23/1 1042/24/1 1043/25/1
f 1041/23/1 1044/14/1 1042/24/1
f 1045/23/1 1046/24/1 1047/25/1
f 1045/23/1 1048/14/1 1046/24/1
f 1049/23/1 1050/24/1 1051/25/1
f 1049/23/1 1052/14/1 1050/24/1
f 1053/23/1 1054/24/1 1055/25/1
f 1053/23/1 1056/14/1 1054/24/1
f 1057/23/1 1058/24/1 1059/25/1
f 1057/23/1 1060/14/1 1058/24/1
f 1061/23/1 1062/24/1 1063/25/1
f 1061/23/1 1064/14/1 1062/24/1
f 1065/23/1 1066/24/1 1067/25/1
f 1065/23/1 1068/14/1 1066/24/1
f 1069/23/1 1070/24/1 1071/25/1
f 1069/23/1 1072/14/1 1070/24/1
f 1073/23/1 1074/24/1 1075/25/1
f 1073/23/1 1076/14/1 1074/24/1
f 1077/23/1 1078/24/1 1079/25/1
f 1077/23/1 1080/14/1 1078/24/1
f 1081/23/1 1082/24/1 1083/25/1
f 1081/23/1 1084/14/1 1082/24/1
f 1085/23/1 1086/24/1 1087/25/1
f 1085/23/1 1088/14/1 1086/24/1
f 1089/23/1 1090/24/1 1091/25/1
f 1089/23/1 1092/14/1 1090/24/1
f 1093/23/1 1094/24/1 1095/25/1
f 1093/23/1 1096/14/1 1094/24/1
f 1097/23/1 1098/24/1 1099/25/1
f 1097/23/1 1100/14/1 1098/24/1
f 1101/23/1 1102/24/1 1103/25/1
f 1101/23/1 1104/14/1 1102/24/1
f 1105/23/1 1106/24/1 1107/25/1
f 1105/23/1 1108/14/1 1106/24/1
f 1109/23/1 1110/24/1 1111/25/1
f 1109/23/1 1112/14/1 1110/24/1
f 1113/23/1 1114/24/1 1115/25/1
f 1113/23/1 1116/14/1 1114/24/1
f 1117/23/1 1118/24/1 1119/25/1
f 1117/23/1 1120/14/1 1118/24/1
f 1121/23/1 1122/24/1 1123/25/1
f 1121/23/1 1124/14/1 1122/24/1
f 1125/23/1 1126/24/1 1127/25/1
f 1125/23/1 1128/14/1 1126/24/1
f 1129/23/1 1130/24/1 1131/25/1
f 1129/23/1 1132/14/1 1130/24/1
f 1133/23/1 1134/24/1 1135/25/1
f 1133/23/1 1136/14/1 1134/24/1
f 1137/23/1 1138/24/1 1139/25/1
f 1137/23/1 1140/14/1 1138/24/1
f 1141/23/1 1142/24/1 1143/25/1
f 1141/23/1 1144/14/1 1142/24/1
f 1145/23/1 1146/24/1 1147/25/1
f 1145/23/1 1148/14/1 1146/24/1
f 1149/23/1 1150/24/1 1151/25/1
f 1149/23/1 1152/14/1 1150/24/1
f 1153/23/1 1154/24/1 1155/25/1
f 1153/23/1 1156/14/1 1154/24/1
f 1157/23/1 1158/24/1 1159/25/1
f 1157/23/1 1160/14/1 1158/24/1
f 1161/23/1 1162/24/1 1163/25/1
f 1161/23/1 1164/14/1 1162/24/1
f 1165/23/1 1166/24/1 1167/25/1
f 1165/23/1 1168/14/1 1166/24/1
f 1169/23/1 1170/24/1 1171/25/1
f 1169/23/1 1172/14/1 1170/24/1
f 1173/23/1 1174/24/1 1175/25/1
f 1173/23/1 1176/14/1 1174/24/1
f 1177/23/1 1178/24/1 1179/25/1
f 1177/23/1 1180/14/1 1178/24/1
f 1181/23/1 1182/24/1 1183/25/1
f 1181/23/1 1184/14/1 1182/24/1
f 1185/23/1 1186/24/1 1187/25/1
f 1185/23/1 1188/14/1 1186/24/1
f 1189/23/1 1190/24/1 1191/25/1
f 1189/23/1 1192/14/1 1190/24/1
f 1193/23/1 1194/24/1 1195/25/1
f 1193/23/1 1196/14/1 1194/24/1
f 1197/23/1 1198/24/1 1199/25/1
f 1197/23/1 1200/14/1 1198/24/1
f 1201/23/1 1202/24/1 1203/25/1
f 1201/23/1 1204/14/1 1202/24/1
f 1205/23/1 1206/24/1 1207/25/1
f 1205/23/1 1208/14/1 1206/24/1
f 1209/23/1 1210/24/1 1211/25/1
f 1209/23/1 1212/14/1 1210/24/1
f 1213/23/1 1214/24/1 1215/25/1
f 1213/23/1 1216/14/1 1214/24/1
f 1217/23/1 1218/24/1 1219/25/1
f 1217/23/1 1220/14/1 1218/24/1
f 1221/23/1 1222/24/1 1223/25/1
f 1221/23/1 1224/14/1 1222/24/1
f 1225/23/1 1226/24/1 1227/25/1
f 1225/23/1 1228/14/1 1226/24/1
f 1229/23/1 1230/24/1 1231/25/1
f 1229/23/1 1232/14/1 1230/24/1
f 1233/23/1 1234/24/1 1235/25/1
f 1233/23/1 1236/14/1 1234/24/1
f 1237/23/1 1238/24/1 1239/25/1
f 1237/23/1 1240/14/1 1238/24/1
f 1241/23/1 1242/24/1 1243/25/1
f 1241/23/1 1244/14/1 1242/24/1
f 1245/23/1 1246/24/1 1247/25/1
f 1245/23/1 1248/14/1 1246/24/1
f 1249/23/1 1250/24/1 1251/25/1
f 1249/23/1 1252/14/1 1250/24/1
f 1253/23/1 1254/24/1 1255/25/1
f 1253/23/1 1256/14/1 1254/24/1
f 1257/23/1 1258/24/1 1259/25/1
f 1257/23/1 1260/14/1 1258/24/1
f 1261/23/1 1262/24/1 1263/25/1
f 1261/23/1 1264/14/1 1262/24/1
f 1265/23/1 1266/24/1 1267/25/1
f 1265/23/1 1268/14/1 1266/24/1
f 1269/23/1 1270/24/1 1271/25/1
f 1269/23/1 1272/14/1 1270/24/1
f 1273/23/1 1274/24/1 1275/25/1
f 1273/23/1 1276/14/1 1274/24/1
f 1277/23/1 1278/24/1 1279/25/1
f 1277/23/1 1280/14/1 1278/24/1
f 1281/23/1 1282/24/1 1283/25/1
f 1281/23/1 1284/14/1 1282/24/1
f 1285/23/1 1286/24/1 1287/25/1
f 1285/23/1 1288/14/1 1286/24/1
f 1289/23/1 1290/24/1 1291/25/1
f 1289/23/1 1292/14/1 1290/24/1
f 1293/23/1 1294/24/1 1295/25/1
f 1293/23/1 1296/14/1 1294/24/1
f 1297/23/1 1298/24/1 1299/25/1
f 1297/23/1 1300/14/1 1298/24/1
f 1301/23/1 1302/24/1 1303/25/1
f 1301/23/1 1304/14/1 1302/24/1
f 1305/23/1 1306/24/1 1307/25/1
f 1305/23/1 1308/14/1 1306/24/1
f 1309/23/1 1310/24/1 1311/25/1
f 1309/23/1 1312/14/1 1310/24/1
f 1313/23/1 1314/24/1 1315/25/1
f 1313/23/1 1316/14/1 1314/24/1
f 1317/23/1 1318/24/1 1319/25/1
f 1317/23/1 1320/14/1 1318/24/1
f 1321/23/1 1322/24/1 1323/25/1
f 1321/23/1 1324/14/1 1322/24/1
f 1325/23/1 1326/24/1 1327/25/1
f 1325/23/1 1328/14/1 1326/24/1
f 1329/23/1 1330/24/1 1331/25/1
f 1329/23/1 1332/14/1 1330/24/1
f 1333/23/1 1334/24/1 1335/25/1
f 1333/23/1 1336/14/1 1334/24/1
f 1337/23/1 1338/24/1 1339/25/1
f 1337/23/1 1340/14/1 1338/24/1
f 1341/23/1 1342/24/1 1343/25/1
f 1341/23/1 1344/14/1 1342/24/1
f 1345/23/1 1346/24/1 1347/25/1
f 1345/23/1 1348/14/1 1346/24/1
f 1349/23/1 1350/24/1 1351/25/1
f 1349/23/1 1352/14/1 1350/24/1
f 1353/23/1 1354/24/1 1355/25/1
f 1353/23/1 1356/14/1 1354/24/1
f 1357/23/1 1358/24/1 1359/25/1
f 1357/23/1 1360/14/1 1358/24/1
f 1361/23/1 1362/24/1 1363/25/1
f 1361/23/1 1364/14/1 1362/24/1
f 1365/23/1 1366/24/1 1367/25/1
f 1365/23/1 1368/14/1 1366/24/1
f 1369/23/1 1370/24/1 1371/25/1
f 1369/23/1 1372/14/1 1370/24/1
f 1373/23/1 1374/24/1 1375/25/1
f 1373/23/1 1376/14/1 1374/24/1
f 1377/23/1 1378/24/1 1379/25/1
f 1377/23/1 1380/14/1 1378/24/1
f 1381/23/1 1382/24/1 1383/25/1
f 1381/23/1 1384/14/1 1382/24/1
f 1385/23/1 1386/24/1 1387/25/1
f 1385/23/1 1388/14/1 1386/24/1
f 1389/23/1 1390/24/1 1391/25/1
f 1389/23/1 1392/14/1 1390/24/1
f 1393/23/1 1394/24/1 1395/25/1
f 1393/23/1 1396/14/1 1394/24/1
f 1397/23/1 1398/24/1 1399/25/1
f 1397/23/1 1400/14/1 1398/24/1
f 1401/23/1 1402/24/1 1403/25/1
f 1401/23/1 1404/14/1 1402/24/1
f 1405/23/1 1406/24/1 1407/25/1
f 1405/23/1 1408/14/1 1406/24/1
f 1409/23/1 1410/24/1 1411/25/1
f 1409/23/1 1412/14/1 1410/24/1
f 1413/23/1 1414/24/1 1415/25/1
f 1413/23/1 1416/14/1 1414/24/1
f 1417/23/1 1418/24/1 1419/25/1
f 1417/23/1 1420/14/1 1418/24/1
f 1421/23/1 1422/24/1 1423/25/1
f 1421/23/1 1424/14/1 1422/24/1
f 1425/23/1 1426/24/1 1427/25/1
f 1425/23/1 1428/14/1 1426/24/1
f 1429/23/1 1430/24/1 1431/25/1
f 1429/23/1 1432/14/1 1430/24/1
f 1433/23/1 1434/24/1 1435/25/1
f 1433/23/1 1436/14/1 1434/24/1
f 1437/23/1 1438/24/1 1439/25/1
f 1437/23/1 1440/14/1 1438/24/1
f 1441/23/1 1442/24/1 1443/25/1
f 1441/23/1 1444/14/1 1442/24/1
f 1445/23/1 1446/24/1 1447/25/1
f 1445/23/1 1448/14/1 1446/24/1
f 1449/23/1 1450/24/1 1451/25/1
f 1449/23/1 1452/14/1 1450/24/1
f 1453/23/1 1454/24/1 1455/25/1
f 1453/23/1 1456/14/1 1454/24/1
f 1457/23/1 1458/24/1 1459/25/1
f 1457/23/1 1460/14/1 1458/24/1
f 1461/23/1 1462/24/1 1463/25/1
f 1461/23/1 1464/14/1 1462/24/1
f 1465/23/1 1466/24/1 1467/25/1
f 1465/23/1 1468/14/1 1466/24/1
f 1469/23/1 1470/24/1 1471/25/1
f 1469/23/1 1472/14/1 1470/24/1
f 1473/23/1 1474/24/1 1475/25/1
f 1473/23/1 1476/14/1 1474/24/1
f 1477/23/1 1478/24/1 1479/25/1
f 1477/23/1 1480/14/1 1478/24/1
f 1481/23/1 1482/24/1 1483/25/1
f 1481/23/1 1484/14/1 1482/24/1
f 1485/23/1 1486/24/1 1487/25/1
f 1485/23/1 1488/14/1 1486/24/1
f 1489/23/1 1490/24/1 1491/25/1
f 1489/23/1 1492/14/1 1490/24/1
f 1493/23/1 1494/24/1 1495/25/1
f 1493/23/1 1496/14/1 1494/24/1
f 1497/23/1 1498/24/1 1499/25/1
f 1497/23/1 1500/14/1 1498/24/1
f 1501/23/1 1502/24/1 1503/25/1
f 1501/23/1 1504/14/1 1502/24/1
f 1505/23/1 1506/24/1 1507/25/1
f 1505/23/1 1508/14/1 1506/24/1
f 1509/23/1 1510/24/1 1511/25/1
f 1509/23/1 1512/14/1 1510/24/1
f 1513/23/1 1514/24/1 1515/25/1
f 1513/23/1 1516/14/1 1514/24/1
f 1517/23/1 1518/24/1 1519/25/1
f 1517/23/1 1520/14/1 1518/24/1
f 1521/23/1 1522/24/1 1523/25/1
f 1521/23/1 1524/14/1 1522/24/1
f 1525/23/1 1526/24/1 1527/25/1
f 1525/23/1 1528/14/1 1526/24/1
f 1529/23/1 1530/24/1 1531/25/1
f 1529/23/1 1532/14/1 1530/24/1
f 1533/23/1 1534/24/1 1535/25/1
f 1533/23/1 1536/14/1 1534/24/1
f 1537/23/1 1538/24/1 1539/25/1
f 1537/23/1 1540/14/1 1538/24/1
f 1541/23/1 1542/24/1 1543/25/1
f 1541/23/1 1544/14/1 1542/24/1
f 1545/23/1 1546/24/1 1547/25/1
f 1545/23/1 1548/14/1 1546/24/1
f 1549/23/1 1550/24/1 1551/25/1
f 1549/23/1 1552/14/1 1550/24/1
f 1553/23/1 1554/24/1 1555/25/1
f 1553/23/1 1556/14/1 1554/24/1
f 1557/23/1 1558/24/1 1559/25/1
f 1557/23/1 1560/14/1 1558/24/1
f 1561/23/1 1562/24/1 1563/25/1
f 1561/23/1 1564/14/1 1562/24/1
f 1565/23/1 1566/24/1 1567/25/1
f 1565/23/1 1568/14/1 1566/24/1
f 1569/23/1 1570/24/1 1571/25/1
f 1569/23/1 1572/14/1 1570/24/1
f 1573/23/1 1574/24/1 1575/25/1
f 1573/23/1 1576/14/1 1574/24/1
f 1577/23/1 1578/24/1 1579/25/1
f 1577/23/1 1580/14/1 1578/24/1
f 1581/23/1 1582/24/1 1583/25/1
f 1581/23/1 1584/14/1 1582/24/1
f 1585/23/1 1586/24/1 1587/25/1
f 1585/23/1 1588/14/1 1586/24/1
f 1589/23/1 1590/24/1 1591/25/1
f 1589/23/1 1592/14/1 1590/24/1
f 1593/23/1 1594/24/1 1595/25/1
f 1593/23/1 1596/14/1 1594/24/1
f 1597/23/1 1598/24/1 1599/25/1
f 1597/23/1 1600/14/1 1598/24/1
f 1601/23/1 1602/24/1 1603/25/1
f 1601/23/1 1604/14/1 1602/24/1
f 1605/23/1 1606/24/1 1607/25/1
f 1605/23/1 1608/14/1 1606/24/1
f 1609/23/1 1610/24/1 1611/25/1
f 1609/23/1 1612/14/1 1610/24/1
f 1613/23/1 1614/24/1 1615/25/1
f 1613/23/1 1616/14/1 1614/24/1
f 1617/23/1 1618/24/1 1619/25/1
f 1617/23/1 1620/14/1 1618/24/1
f 1621/23/1 1622/24/1 1623/25/1
f 1621/23/1 1624/14/1 1622/24/1
f 1625/23/1 1626/24/1 1627/25/1
f 1625/23/1 1628/14/1 1626/24/1
f 1629/23/1 1630/24/1 1631/25/1
f 1629/23/1 1632/14/1 1630/24/1
f 1633/23/1 1634/24/1 1635/25/1
f 1633/23/1 1636/14/1 1634/24/1
f 1637/23/1 1638/24/1 1639/25/1
f 1637/23/1 1640/14/1 1638/24/1
f 1641/23/1 1642/24/1 1643/25/1
f 1641/23/1 1644/14/1 1642/24/1
f 1645/23/1 1646/24/1 1647/25/1
f 1645/23/1 1648/14/1 1646/24/1
f 1649/23/1 1650/24/1 1651/25/1
f 1649/23/1 1652/14/1 1650/24/1
f 1653/23/1 1654/24/1 1655/25/1
f 1653/23/1 1656/14/1 1654/24/1
f 1657/23/1 1658/24/1 1659/25/1
f 1657/23/1 1660/14/1 1658/24/1
f 1661/23/1 1662/24/1 1663/25/1
f 1661/23/1 1664/14/1 1662/24/1
f 1665/23/1 1666/24/1 1667/25/1
f 1665/23/1 1668/14/1 1666/24/1
f 1669/23/1 1670/24/1 1671/25/1
f 1669/23/1 1672/14/1 1670/24/1
f 1673/23/1 1674/24/1 1675/25/1
f 1673/23/1 1676/14/1 1674/24/1
f 1677/23/1 1678/24/1 1679/25/1
f 1677/23/1 1680/14/1 1678/24/1
f 1681/23/1 1682/24/1 1683/25/1
f 1681/23/1 1684/14/1 1682/24/1
f 1685/23/1 1686/24/1 1687/25/1
f 1685/23/1 1688/14/1 1686/24/1
f 1689/23/1 1690/24/1 1691/25/1
f 1689/23/1 1692/14/1 1690/24/1
f 1693/23/1 1694/24/1 1695/25/1
f 1693/23/1 1696/14/1 1694/24/1
f 1697/23/1 1698/24/1 1699/25/1
f 1697/23/1 1700/14/1 1698/24/1
f 1701/23/1 1702/24/1 1703/25/1
f 1701/23/1 1704/14/1 1702/24/1
f 1705/23/1 1706/24/1 1707/25/1
f 1705/23/1 1708/14/1 1706/24/1
f 1709/23/1 1710/24/1 1711/25/1
f 1709/23/1 1712/14/1 1710/24/1
f 1713/23/1 1714/24/1 1715/25/1
f 1713/23/1 1716/14/1 1714/24/1
f 1717/23/1 1718/24/1 1719/25/1
f 1717/23/1 1720/14/1 1718/24/1
f 1721/23/1 1722/24/1 1723/25/1
f 1721/23/1 1724/14/1 1722/24/1
f 1725/23/1 1726/24/1 1727/25/1
f 1725/23/1 1728/14/1 1726/24/1
f 1729/23/1 1730/24/1 1731/25/1
f 1729/23/1 1732/14/1 1730/24/1
f 1733/23/1 1734/24/1 1735/25/1
f 1733/23/1 1736/14/1 1734/24/1
f 1737/23/1 1738/24/1 1739/25/1
f 1737/23/1 1740/14/1 1738/24/1
f 1741/23/1 1742/24/1 1743/25/1
f 1741/23/1 1744/14/1 1742/24/1
f 1745/23/1 1746/24/1 1747/25/1
f 1745/23/1 1748/14/1 1746/24/1
f 1749/23/1 1750/24/1 1751/25/1
f 1749/23/1 1752/14/1 1750/24/1
f 1753/23/1 1754/24/1 1755/25/1
f 1753/23/1 1756/14/1 1754/24/1
f 1757/23/1 1758/24/1 1759/25/1
f 1757/23/1 1760/14/1 1758/24/1
f 1761/23/1 1762/24/1 1763/25/1
f 1761/23/1 1764/14/1 1762/24/1
f 1765/23/1 1766/24/1 1767/25/1
f 1765/23/1 1768/14/1 1766/24/1
f 1769/23/1 1770/24/1 1771/25/1
f 1769/23/1 1772/14/1 1770/24/1
f 1773/23/1 1774/24/1 1775/25/1
f 1773/23/1 1776/14/1 1774/24/1
f 1777/23/1 1778/24/1 1779/25/1
f 1777/23/1 1780/14/1 1778/24/1
f 1781/23/1 1782/24/1 1783/25/1
f 1781/23/1 1784/14/1 1782/24/1
f 1785/23/1 1786/24/1 1787/25/1
f 1785/23/1 1788/14/1 1786/24/1
f 1789/23/1 1790/24/1 1791/25/1
f 1789/23/1 1792/14/1 1790/24/1
f 1793/23/1 1794/24/1 1795/25/1
f 1793/23/1 1796/14/1 1794/24/1
f 1797/23/1 1798/24/1 1799/25/1
f 1797/23/1 1800/14/1 1798/24/1
f 1801/23/1 1802/24/1 1803/25/1
f 1801/23/1 1804/14/1 1802/24/1
f 1805/23/1 1806/24/1 1807/25/1
f 1805/23/1 1808/14/1 1806/24/1
f 1809/23/1 1810/24/1 1811/25/1
f 1809/23/1 1812/14/1 1810/24/1
f 1813/23/1 1814/24/1 1815/25/1
f 1813/23/1 1816/14/1 1814/24/1
f 1817/23/1 1818/24/1 1819/25/1
f 1817/23/1 1820/14/1 1818/24/1
f 1821/23/1 1822/24/1 1823/25/1
f 1821/23/1 1824/14/1 1822/24/1
f 1825/23/1 1826/24/1 1827/25/1
f 1825/23/1 1828/14/1 1826/24/1
f 1829/23/1 1830/24/1 1831/25/1
f 1829/23/1 1832/14/1 1830/24/1
f 1833/23/1 1834/24/1 1835/25/1
f 1833/23/1 1836/14/1 1834/24/1
f 1837/23/1 1838/24/1 1839/25/1
f 1837/23/1 1840/14/1 1838/24/1
f 1841/23/1 1842/24/1 1843/25/1
f 1841/23/1 1844/14/1 1842/24/1
f 1845/23/1 1846/24/1 1847/25/1
f 1845/23/1 1848/14/1 1846/24/1
f 1849/23/1 1850/24/1 1851/25/1
f 1849/23/1 1852/14/1 1850/24/1
f 1853/23/1 1854/24/1 1855/25/1
f 1853/23/1 1856/14/1 1854/24/1
f 1857/23/1 1858/24/1 1859/25/1
f 1857/23/1 1860/14/1 1858/24/1
f 1861/23/1 1862/24/1 1863/25/1
f 1861/23/1 1864/14/1 1862/24/1
f 1865/23/1 1866/24/1 1867/25/1
f 1865/23/1 1868/14/1 1866/24/1
f 1869/23/1 1870/24/1 1871/25/1
f 1869/23/1 1872/14/1 1870/24/1
f 1873/23/1 1874/24/1 1875/25/1
f 1873/23/1 1876/14/1 1874/24/1
f 1877/23/1 1878/24/1 1879/25/1
f 1877/23/1 1880/14/1 1878/24/1
f 1881/23/1 1882/24/1 1883/25/1
f 1881/23/1 1884/14/1 1882/24/1
f 1885/23/1 1886/24/1 1887/25/1
f 1885/23/1 1888/14/1 1886/24/1
f 1889/23/1 1890/24/1 1891/25/1
f 1889/23/1 1892/14/1 1890/24/1
f 1893/23/1 1894/24/1 1895/25/1
f 1893/23/1 1896/14/1 1894/24/1
f 1897/23/1 1898/24/1 1899/25/1
f 1897/23/1 1900/14/1 1898/24/1
f 1901/23/1 1902/24/1 1903/25/1
f 1901/23/1 1904/14/1 1902/24/1
f 1905/23/1 1906/24/1 1907/25/1
f 1905/23/1 1908/14/1 1906/24/1
f 1909/23/1 1910/24/1 1911/25/1
f 1909/23/1 1912/14/1 1910/24/1
f 1913/23/1 1914/24/1 1915/25/1
f 1913/23/1 1916/14/1 1914/24/1
f 1917/23/1 1918/24/1 1919/25/1
f 1917/23/1 1920/14/1 1918/24/1
f 1921/23/1 1922/24/1 1923/25/1
f 1921/23/1 1924/14/1 1922/24/1
f 1925/23/1 1926/24/1 1927/25/1
f 1925/23/1 1928/14/1 1926/24/1
f 1929/23/1 1930/24/1 1931/25/1
f 1929/23/1 1932/14/1 1930/24/1
f 1933/23/1 1934/24/1 1935/25/1
f 1933/23/1 1936/14/1 1934/24/1
f 1937/23/1 1938/24/1 1939/25/1
f 1937/23/1 1940/14/1 1938/24/1
f 1941/23/1 1942/24/1 1943/25/1
f 1941/23/1 1944/14/1 1942/24/1
f 1945/23/1 1946/24/1 1947/25/1
f 1945/23/1 1948/14/1 1946/24/1
f 1949/23/1 1950/24/1 1951/25/1
f 1949/23/1 1952/14/1 1950/24/1
f 1953/23/1 1954/24/1 1955/25/1
f 1953/23/1 1956/14/1 1954/24/1
f 1957/23/1 1958/24/1 1959/25/1
f 1957/23/1 1960/14/1 1958/24/1
f 1961/23/1 1962/24/1 1963/25/1
f 1961/23/1 1964/14/1 1962/24/1
f 1965/23/1 1966/24/1 1967/25/1
f 1965/23/1 1968/14/1 1966/24/1
f 1969/23/1 1970/24/1 1971/25/1
f 1969/23/1 1972/14/1 1970/24/1
f 1973/23/1 1974/24/1 1975/25/1
f 1973/23/1 1976/14/1 1974/24/1
f 1977/23/1 1978/24/1 1979/25/1
f 1977/23/1 1980/14/1 1978/24/1
f 1981/23/1 1982/24/1 1983/25/1
f 1981/23/1 1984/14/1 1982/24/1
f 1985/23/1 1986/24/1 1987/25/1
f 1985/23/1 1988/14/1 1986/24/1
f 1989/23/1 1990/24/1 1991/25/1
f 1989/23/1 1992/14/1 1990/24/1
f 1993/23/1 1994/24/1 1995/25/1
f 1993/23/1 1996/14/1 1994/24/1
f 1997/23/1 1998/24/1 1999/25/1
f 1997/23/1 2000/14/1 1998/24/1
f 2001/23/1 2002/24/1 2003/25/1
f 2001/23/1 2004/14/1 2002/24/1
f 2005/23/1 2006/24/1 2007/25/1
f 2005/23/1 2008/14/1 2006/24/1
f 2009/23/1 2010/24/1 2011/25/1
f 2009/23/1 2012/14/1 2010/24/1
f 2013/23/1 2014/24/1 2015/25/1
f 2013/23/1 2016/14/1 2014/24/1
f 2017/23/1 2018/24/1 2019/25/1
f 2017/23/1 2020/14/1 2018/24/1
f 2021/23/1 2022/24/1 2023/25/1
f 2021/23/1 2024/14/1 2022/24/1
f 2025/23/1 2026/24/1 2027/25/1
f 2025/23/1 2028/14/1 2026/24/1
f 2029/23/1 2030/24/1 2031/25/1
f 2029/23/1 2032/14/1 2030/24/1
f 2033/23/1 2034/24/1 2035/25/1
f 2033/23/1 2036/14/1 2034/24/1
f 2037/23/1 2038/24/1 2039/25/1
f 2037/23/1 2040/14/1 2038/24/1
f 2041/23/1 2042/24/1 2043/25/1
f 2041/23/1 2044/14/1 2042/24/1
f 2045/23/1 2046/24/1 2047/25/1
f 2045/23/1 2048/14/1 2046/24/1
f 2049/23/1 2050/24/1 2051/25/1
f 2049/23/1 2052/14/1 2050/24/1
f 2053/23/1 2054/24/1 2055/25/1
f 2053/23/1 2056/14/1 2054/24/1
f 2057/23/1 2058/24/1 2059/25/1
f 2057/23/1 2060/14/1 2058/24/1
f 2061/23/1 2062/24/1 2063/25/1
f 2061/23/1 2064/14/1 2062/24/1
f 2065/23/1 2066/24/1 2067/25/1
f 2065/23/1 2068/14/1 2066/24/1
f 2069/23/1 2070/24/1 2071/25/1
f 2069/23/1 2072/14/1 2070/24/1
f 2073/23/1 2074/24/1 2075/25/1
f 2073/23/1 2076/14/1 2074/24/1
f 2077/23/1 2078/24/1 2079/25/1
f 2077/23/1 2080/14/1 2078/24/1
f 2081/23/1 2082/24/1 2083/25/1
f 2081/23/1 2084/14/1 2082/24/1
f 2085/23/1 2086/24/1 2087/25/1
f 2085/23/1 2088/14/1 2086/24/1
f 2089/23/1 2090/24/1 2091/25/1
f 2089/23/1 2092/14/1 2090/24/1
f 2093/23/1 2094/24/1 2095/25/1
f 2093/23/1 2096/14/1 2094/24/1
f 2097/23/1 2098/24/1 2099/25/1
f 2097/23/1 2100/14/1 2098/24/1
f 2101/23/1 2102/24/1 2103/25/1
f 2101/23/1 2104/14/1 2102/24/1
f 2105/23/1 2106/24/1 2107/25/1
f 2105/23/1 2108/14/1 2106/24/1
f 2109/23/1 2110/24/1 2111/25/1
f 2109/23/1 2112/14/1 2110/24/1
f 2113/23/1 2114/24/1 2115/25/1
f 2113/23/1 2116/14/1 2114/24/1
f 2117/23/1 2118/24/1 2119/25/1
f 2117/23/1 2120/14/1 2118/24/1
f 2121/23/1 2122/24/1 2123/25/1
f 2121/23/1 2124/14/1 2122/24/1
f 2125/23/1 2126/24/1 2127/25/1
f 2125/23/1 2128/14/1 2126/24/1
f 2129/23/1 2130/24/1 2131/25/1
f 2129/23/1 2132/14/1 2130/24/1
f 2133/23/1 2134/24/1 2135/25/1
f 2133/23/1 2136/14/1 2134/24/1
f 2137/23/1 2138/24/1 2139/25/1
f 2137/23/1 2140/14/1 2138/24/1
f 2141/23/1 2142/24/1 2143/25/1
f 2141/23/1 2144/14/1 2142/24/1
f 2145/23/1 2146/24/1 2147/25/1
f 2145/23/1 2148/14/1 2146/24/1
f 2149/23/1 2150/24/1 2151/25/1
f 2149/23/1 2152/14/1 2150/24/1
f 2153/23/1 2154/24/1 2155/25/1
f 2153/23/1 2156/14/1 2154/24/1
f 2157/23/1 2158/24/1 2159/25/1
f 2157/23/1 2160/14/1 2158/24/1
f 2161/23/1 2162/24/1 2163/25/1
f 2161/23/1 2164/14/1 2162/24/1
f 2165/23/1 2166/24/1 2167/25/1
f 2165/23/1 2168/14/1 2166/24/1
f 2169/23/1 2170/24/1 2171/25/1
f 2169/23/1 2172/14/1 2170/24/1
f 2173/23/1 2174/24/1 2175/25/1
f 2173/23/1 2176/14/1 2174/24/1
f 2177/23/1 2178/24/1 2179/25/1
f 2177/23/1 2180/14/1 2178/24/1
f 2181/23/1 2182/24/1 2183/25/1
f 2181/23/1 2184/14/1 2182/24/1
f 2185/23/1 2186/24/1 2187/25/1
f 2185/23/1 2188/14/1 2186/24/1
f 2189/23/1 2190/24/1 2191/25/1
f 2189/23/1 2192/14/1 2190/24/1
f 2193/23/1 2194/24/1 2195/25/1
f 2193/23/1 2196/14/1 2194/24/1
f 2197/23/1 2198/24/1 2199/25/1
f 2197/23/1 2200/14/1 2198/24/1
f 2201/23/1 2202/24/1 2203/25/1
f 2201/23/1 2204/14/1 2202/24/1
f 2205/23/1 2206/24/1 2207/25/1
f 2205/23/1 2208/14/1 2206/24/1
f 2209/23/1 2210/24/1 2211/25/1
f 2209/23/1 2212/14/1 2210/24/1
f 2213/23/1 2214/24/1 2215/25/1
f 2213/23/1 2216/14/1 2214/24/1
f 2217/23/1 2218/24/1 2219/25/1
f 2217/23/1 2220/14/1 2218/24/1
f 2221/23/1 2222/24/1 2223/25/1
f 2221/23/1 2224/14/1 2222/24/1
f 2225/23/1 2226/24/1 2227/25/1
f 2225/23/1 2228/14/1 2226/24/1
f 2229/23/1 2230/24/1 2231/25/1
f 2229/23/1 2232/14/1 2230/24/1
f 2233/23/1 2234/24/1 2235/25/1
f 2233/23/1 2236/14/1 2234/24/1
f 2237/23/1 2238/24/1 2239/25/1
f 2237/23/1 2240/14/1 2238/24/1
f 2241/23/1 2242/24/1 2243/25/1
f 2241/23/1 2244/14/1 2242/24/1
f 2245/23/1 2246/24/1 2247/25/1
f 2245/23/1 2248/14/1 2246/24/1
f 2249/23/1 2250/24/1 2251/25/1
f 2249/23/1 2252/14/1 2250/24/1
f 2253/23/1 2254/24/1 2255/25/1
f 2253/23/1 2256/14/1 2254/24/1
f 2257/23/1 2258/24/1 2259/25/1
f 2257/23/1 2260/14/1 2258/24/1
f 2261/23/1 2262/24/1 2263/25/1
f 2261/23/1 2264/14/1 2262/24/1
f 2265/23/1 2266/24/1 2267/25/1
f 2265/23/1 2268/14/1 2266/24/1
f 2269/23/1 2270/24/1 2271/25/1
f 2269/23/1 2272/14/1 2270/24/1
f 2273/23/1 2274/24/1 2275/25/1
f 2273/23/1 2276/14/1 2274/24/1
f 2277/23/1 2278/24/1 2279/25/1
f 2277/23/1 2280/14/1 2278/24/1
f 2281/23/1 2282/24/1 2283/25/1
f 2281/23/1 2284/14/1 2282/24/1
f 2285/23/1 2286/24/1 2287/25/1
f 2285/23/1 2288/14/1 2286/24/1
f 2289/23/1 2290/24/1 2291/25/1
f 2289/23/1 2292/14/1 2290/24/1
f 2293/23/1 2294/24/1 2295/25/1
f 2293/23/1 2296/14/1 2294/24/1
f 2297/23/1 2298/24/1 2299/25/1
f 2297/23/1 2300/14/1 2298/24/1
f 2301/23/1 2302/24/1 2303/25/1
f 2301/23/1 2304/14/1 2302/24/1
f 2305/23/1 2306/24/1 2307/25/1
f 2305/23/1 2308/14/1 2306/24/1
f 2309/23/1 2310/24/1 2311/25/1
f 2309/23/1 2312/14/1 2310/24/1
f 2313/23/1 2314/24/1 2315/25/1
f 2313/23/1 2316/14/1 2314/24/1
f 2317/23/1 2318/24/1 2319/25/1
f 2317/23/1 2320/14/1 2318/24/1
f 2321/23/1 2322/24/1 2323/25/1
f 2321/23/1 2324/14/1 2322/24/1
f 2325/23/1 2326/24/1 2327/25/1
f 2325/23/1 2328/14/1 2326/24/1
f 2329/23/1 2330/24/1 2331/25/1
f 2329/23/1 2332/14/1 2330/24/1
f 2333/23/1 2334/24/1 2335/25/1
f 2333/23/1 2336/14/1 2334/24/1
f 2337/23/1 2338/24/1 2339/25/1
f 2337/23/1 2340/14/1 2338/24/1
f 2341/23/1 2342/24/1 2343/25/1
f 2341/23/1 2344/14/1 2342/24/1
f 2345/23/1 2346/24/1 2347/25/1
f 2345/23/1 2348/14/1 2346/24/1
f 2349/23/1 2350/24/1 2351/25/1
f 2349/23/1 2352/14/1 2350/24/1
f 2353/23/1 2354/24/1 2355/25/1
f 2353/23/1 2356/14/1 2354/24/1
f 2357/23/1 2358/24/1 2359/25/1
f 2357/23/1 2360/14/1 2358/24/1
f 2361/23/1 2362/24/1 2363/25/1
f 2361/23/1 2364/14/1 2362/24/1
f 2365/23/1 2366/24/1 2367/25/1
f 2365/23/1 2368/14/1 2366/24/1
f 2369/23/1 2370/24/1 2371/25/1
f 2369/23/1 2372/14/1 2370/24/1
f 2373/23/1 2374/24/1 2375/25/1
f 2373/23/1 2376/14/1 2374/24/1
f 2377/23/1 2378/24/1 2379/25/1
f 2377/23/1 2380/14/1 2378/24/1
f 2381/23/1 2382/24/1 2383/25/1
f 2381/23/1 2384/14/1 2382/24/1
f 2385/23/1 2386/24/1 2387/25/1
f 2385/23/1 2388/14/1 2386/24/1
f 2389/23/1 2390/24/1 2391/25/1
f 2389/23/1 2392/14/1 2390/24/1
f 2393/23/1 2394/24/1 2395/25/1
f 2393/23/1 2396/14/1 2394/24/1
f 2397/23/1 2398/24/1 2399/25/1
f 2397/23/1 2400/14/1 2398/24/1
f 2401/23/1 2402/24/1 2403/25/1
f 2401/23/1 2404/14/1 2402/24/1
f 2405/23/1 2406/24/1 2407/25/1
f 2405/23/1 2408/14/1 2406/24/1
f 2409/23/1 2410/24/1 2411/25/1
f 2409/23/1 2412/14/1 2410/24/1
f 2413/23/1 2414/24/1 2415/25/1
f 2413/23/1 2416/14/1 2414/24/1
f 2417/23/1 2418/24/1 2419/25/1
f 2417/23/1 2420/14/1 2418/24/1
f 2421/23/1 2422/24/1 2423/25/1
f 2421/23/1 2424/14/1 2422/24/1
f 2425/23/1 2426/24/1 2427/25/1
f 2425/23/1 2428/14/1 2426/24/1
f 2429/23/1 2430/24/1 2431/25/1
f 2429/23/1 2432/14/1 2430/24/1
f 2433/23/1 2434/24/1 2435/25/1
f 2433/23/1 2436/14/1 2434/24/1
f 2437/23/1 2438/24/1 2439/25/1
f 2437/23/1 2440/14/1 2438/24/1
f 2441/23/1 2442/24/1 2443/25/1
f 2441/23/1 2444/14/1 2442/24/1
f 2445/23/1 2446/24/1 2447/25/1
f 2445/23/1 2448/14/1 2446/24/1
f 2449/23/1 2450/24/1 2451/25/1
f 2449/23/1 2452/14/1 2450/24/1
f 2453/23/1 2454/24/1 2455/25/1
f 2453/23/1 2456/14/1 2454/24/1
f 2457/23/1 2458/24/1 2459/25/1
f 2457/23/1 2460/14/1 2458/24/1
f 2461/23/1 2462/24/1 2463/25/1
f 2461/23/1 2464/14/1 2462/24/1
f 2465/23/1 2466/24/1 2467/25/1
f 2465/23/1 2468/14/1 2466/24/1
f 2469/23/1 2470/24/1 2471/25/1
f 2469/23/1 2472/14/1 2470/24/1
f 2473/23/1 2474/24/1 2475/25/1
f 2473/23/1 2476/14/1 2474/24/1
f 2477/23/1 2478/24/1 2479/25/1
f 2477/23/1 2480/14/1 2478/24/1
f 2481/23/1 2482/24/1 2483/25/1
f 2481/23/1 2484/14/1 2482/24/1
f 2485/23/1 2486/24/1 2487/25/1
f 2485/23/1 2488/14/1 2486/24/1
f 2489/23/1 2490/24/1 2491/25/1
f 2489/23/1 2492/14/1 2490/24/1
f 2493/23/1 2494/24/1 2495/25/1
f 2493/23/1 2496/14/1 2494/24/1
f 2497/23/1 2498/24/1 2499/25/1
f 2497/23/1 2500/14/1 2498/24/1
f 2501/23/1 2502/24/1 2503/25/1
f 2501/23/1 2504/14/1 2502/24/1
f 2505/23/1 2506/24/1 2507/25/1
f 2505/23/1 2508/14/1 2506/24/1
f 2509/23/1 2510/24/1 2511/25/1
f 2509/23/1 2512/14/1 2510/24/1
f 2513/23/1 2514/24/1 2515/25/1
f 2513/23/1 2516/14/1 2514/24/1
f 2517/23/1 2518/24/1 2519/25/1
f 2517/23/1 2520/14/1 2518/24/1
f 2521/23/1 2522/24/1 2523/25/1
f 2521/23/1 2524/14/1 2522/24/1
f 2525/23/1 2526/24/1 2527/25/1
f 2525/23/1 2528/14/1 2526/24/1
f 2529/23/1 2530/24/1 2531/25/1
f 2529/23/1 2532/14/1 2530/24/1
f 2533/23/1 2534/24/1 2535/25/1
f 2533/23/1 2536/14/1 2534/24/1
f 2537/23/1 2538/24/1 2539/25/1
f 2537/23/1 2540/14/1 2538/24/1
f 2541/23/1 2542/24/1 2543/25/1
f 2541/23/1 2544/14/1 2542/24/1
f 2545/23/1 2546/24/1 2547/25/1
f 2545/23/1 2548/14/1 2546/24/1
f 2549/23/1 2550/24/1 2551/25/1
f 2549/23/1 2552/14/1 2550/24/1
f 2553/23/1 2554/24/1 2555/25/1
f 2553/23/1 2556/14/1 2554/24/1
f 2557/23/1 2558/24/1 2559/25/1
f 2557/23/1 2560/14/1 2558/24/1
f 2561/23/1 2562/24/1 2563/25/1
f 2561/23/1 2564/14/1 2562/24/1
f 2565/23/1 2566/24/1 2567/25/1
f 2565/23/1 2568/14/1 2566/24/1
f 2569/23/1 2570/24/1 2571/25/1
f 2569/23/1 2572/14/1 2570/24/1
f 2573/23/1 2574/24/1 2575/25/1
f 2573/23/1 2576/14/1 2574/24/1
f 2577/23/1 2578/24/1 2579/25/1
f 2577/23/1 2580/14/1 2578/24/1
f 2581/23/1 2582/24/1 2583/25/1
f 2581/23/1 2584/14/1 2582/24/1
f 2585/8/1 2586/26/1 2587/27/1
f 2585/8/1 2588/16/1 2586/26/1
f 2589/5/1 2590/28/1 2591/29/1
f 2589/5/1 2592/30/1 2590/28/1
f 2593/5/1 2594/28/1 2595/29/1
f 2593/5/1 2596/30/1 2594/28/1
f 2597/13/1 2598/27/1 2599/31/1
f 2597/13/1 2600/8/1 2598/27/1
f 2601/29/1 2602/32/1 2603/33/1
f 2601/29/1 2604/28/1 2602/32/1
f 2605/29/1 2606/32/1 2607/33/1
f 2605/29/1 2608/28/1 2606/32/1
f 2609/29/1 2610/32/1 2611/33/1
f 2609/29/1 2612/28/1 2610/32/1
f 2613/29/1 2614/32/1 2615/33/1
f 2613/29/1 2616/28/1 2614/32/1
f 2617/29/1 2618/32/1 2619/33/1
f 2617/29/1 2620/28/1 2618/32/1
f 2621/29/1 2622/32/1 2623/33/1
f 2621/29/1 2624/28/1 2622/32/1
f 2625/29/1 2626/32/1 2627/33/1
f 2625/29/1 2628/28/1 2626/32/1
f 2629/29/1 2630/32/1 2631/33/1
f 2629/29/1 2632/28/1 2630/32/1
f 2633/29/1 2634/32/1 2635/33/1
f 2633/29/1 2636/28/1 2634/32/1
f 2637/29/1 2638/32/1 2639/33/1
f 2637/29/1 2640/28/1 2638/32/1
f 2641/29/1 2642/32/1 2643/33/1
f 2641/29/1 2644/28/1 2642/32/1
f 2645/29/1 2646/32/1 2647/33/1
f 2645/29/1 2648/28/1 2646/32/1
f 2649/29/1 2650/32/1 2651/33/1
f 2649/29/1 2652/28/1 2650/32/1
f 2653/27/1 2654/14/1 2655/23/1
f 2653/27/1 2656/26/1 2654/14/1
f 2657/27/1 2658/14/1 2659/23/1
f 2657/27/1 2660/26/1 2658/14/1
f 2661/27/1 2662/14/1 2663/23/1
f 2661/27/1 2664/26/1 2662/14/1
f 2665/27/1 2666/14/1 2667/23/1
f 2665/27/1 2668/26/1 2666/14/1
f 2669/27/1 2670/14/1 2671/23/1
f 2669/27/1 2672/26/1 2670/14/1
f 2673/27/1 2674/14/1 2675/23/1
f 2673/27/1 2676/26/1 2674/14/1
f 2677/27/1 2678/14/1 2679/23/1
f 2677/27/1 2680/26/1 2678/14/1
f 2681/29/1 2682/32/1 2683/33/1
f 2681/29/1 2684/28/1 2682/32/1
f 2685/31/1 2686/23/1 2687/15/1
f 2685/31/1 2688/27/1 2686/23/1
f 2689/31/1 2690/23/1 2691/15/1
f 2689/31/1 2692/27/1 2690/23/1
f 2693/31/1 2694/23/1 2695/15/1
f 2693/31/1 2696/27/1 2694/23/1
f 2697/31/1 2698/23/1 2699/15/1
f 2697/31/1 2700/27/1 2698/23/1
f 2701/31/1 2702/23/1 2703/15/1
f 2701/31/1 2704/27/1 2702/23/1
f 2705/31/1 2706/23/1 2707/15/1
f 2705/31/1 2708/27/1 2706/23/1
f 2709/31/1 2710/23/1 2711/15/1
f 2709/31/1 2712/27/1 2710/23/1
f 2713/19/1 2714/21/1 2715/22/1
f 2713/19/1 2716/17/1 2714/21/1
f 2717/19/1 2718/21/1 2719/22/1
f 2717/19/1 2720/17/1 2718/21/1
f 2721/19/1 2722/21/1 2723/22/1
f 2721/19/1 2724/17/1 2722/21/1
f 2725/19/1 2726/21/1 2727/22/1
f 2725/19/1 2728/17/1 2726/21/1
f 2729/19/1 2730/21/1 2731/22/1
f 2729/19/1 2732/17/1 2730/21/1
f 2733/19/1 2734/21/1 2735/22/1
f 2733/19/1 2736/17/1 2734/21/1
f 2737/19/1 2738/21/1 2739/22/1
f 2737/19/1 2740/17/1 2738/21/1
f 2741/19/1 2742/21/1 2743/22/1
f 2741/19/1 2744/17/1 2742/21/1
f 2745/19/1 2746/21/1 2747/22/1
f 2745/19/1 2748/17/1 2746/21/1
f 2749/19/1 2750/21/1 2751/22/1
f 2749/19/1 2752/17/1 2750/21/1
f 2753/19/1 2754/21/1 2755/22/1
f 2753/19/1 2756/17/1 2754/21/1
f 2757/19/1 2758/21/1 2759/22/1
f 2757/19/1 2760/17/1 2758/21/1
f 2761/19/1 2762/21/1 2763/22/1
f 2761/19/1 2764/17/1 2762/21/1
f 2765/19/1 2766/21/1 2767/22/1
f 2765/19/1 2768/17/1 2766/21/1
f 2769/19/1 2770/21/1 2771/22/1
f 2769/19/1 2772/17/1 2770/21/1
f 2773/19/1 2774/21/1 2775/22/1
f 2773/19/1 2776/17/1 2774/21/1
f 2777/19/1 2778/21/1 2779/22/1
f 2777/19/1 2780/17/1 2778/21/1
f 2781/19/1 2782/21/1 2783/22/1
f 2781/19/1 2784/17/1 2782/21/1
f 2785/19/1 2786/21/1 2787/22/1
f 2785/19/1 2788/17/1 2786/21/1
f 2789/19/1 2790/21/1 2791/22/1
f 2789/19/1 2792/17/1 2790/21/1
f 2793/19/1 2794/21/1 2795/22/1
f 2793/19/1 2796/17/1 2794/21/1
f 2797/19/1 2798/21/1 2799/22/1
f 2797/19/1 2800/17/1 2798/21/1
f 2801/19/1 2802/21/1 2803/22/1
f 2801/19/1 2804/17/1 2802/21/1
f 2805/19/1 2806/21/1 2807/22/1
f 2805/19/1 2808/17/1 2806/21/1
f 2809/19/1 2810/21/1 2811/22/1
f 2809/19/1 2812/17/1 2810/21/1
f 2813/19/1 2814/21/1 2815/22/1
f 2813/19/1 2816/17/1 2814/21/1
f 2817/19/1 2818/21/1 2819/22/1
f 2817/19/1 2820/17/1 2818/21/1
f 2821/19/1 2822/21/1 2823/22/1
f 2821/19/1 2824/17/1 2822/21/1
f 2825/19/1 2826/21/1 2827/22/1
f 2825/19/1 2828/17/1 2826/21/1
f 2829/19/1 2830/21/1 2831/22/1
f 2829/19/1 2832/17/1 2830/21/1
f 2833/19/1 2834/21/1 2835/22/1
f 2833/19/1 2836/17/1 2834/21/1
f 2837/19/1 2838/21/1 2839/22/1
f 2837/19/1 2840/17/1 2838/21/1
f 2841/19/1 2842/21/1 2843/22/1
f 2841/19/1 2844/17/1 2842/21/1
f 2845/19/1 2846/21/1 2847/22/1
f 2845/19/1 2848/17/1 2846/21/1
f 2849/34/3 2850/22/3 2851/35/3
f 2849/34/3 2852/21/3 2850/22/3
f 2853/34/2 2854/22/2 2855/35/2
f 2853/34/2 2856/21/2 2854/22/2
f 2857/34/5 2858/22/5 2859/35/5
f 2857/34/5 2860/21/5 2858/22/5
f 2861/34/2 2862/22/2 2863/35/2
f 2861/34/2 2864/21/2 2862/22/2
f 2865/34/5 2866/22/5 2867/35/5
f 2865/34/5 2868/21/5 2866/22/5
f 2869/34/2 2870/22/2 2871/35/2
f 2869/34/2 2872/21/2 2870/22/2
f 2873/34/5 2874/22/5 2875/35/5
f 2873/34/5 2876/21/5 2874/22/5
f 2877/34/2 2878/22/2 2879/35/2
f 2877/34/2 2880/21/2 2878/22/2
f 2881/34/5 2882/22/5 2883/35/5
f 2881/34/5 2884/21/5 2882/22/5
f 2885/19/1 2886/21/1 2887/22/1
f 2885/19/1 2888/17/1 2886/21/1
f 2889/1/1 2890/2/1 2891/3/1
f 2889/1/1 2892/4/1 2890/2/1
f 2893/34/2 2894/22/2 2895/35/2
f 2893/34/2 2896/21/2 2894/22/2
f 2897/34/4 2898/22/4 2899/35/4
f 2897/34/4 2900/21/4 2898/22/4
f 2901/34/5 2902/22/5 2903/35/5
f 2901/34/5 2904/21/5 2902/22/5
f 2905/34/5 2906/22/5 2907/35/5
f 2905/34/5 2908/21/5 2906/22/5
f 2909/34/2 2910/22/2 2911/35/2
f 2909/34/2 2912/21/2 2910/22/2
f 2913/34/5 2914/22/5 2915/35/5
f 2913/34/5 2916/21/5 2914/22/5
f 2917/34/2 2918/22/2 2919/35/2
f 2917/34/2 2920/21/2 2918/22/2
f 2921/34/5 2922/22/5 2923/35/5
f 2921/34/5 2924/21/5 2922/22/5
f 2925/34/2 2926/22/2 2927/35/2
f 2925/34/2 2928/21/2 2926/22/2
f 2929/34/2 2930/22/2 2931/35/2
f 2929/34/2 2932/21/2 2930/22/2
f 2933/19/1 2934/21/1 2935/22/1
f 2933/19/1 2936/17/1 2934/21/1
f 2937/34/2 2938/22/2 2939/35/2
f 2937/34/2 2940/21/2 2938/22/2
f 2941/19/1 2942/21/1 2943/22/1
f 2941/19/1 2944/17/1 2942/21/1
f 2945/19/1 2946/21/1 2947/22/1
f 2945/19/1 2948/17/1 2946/21/1
f 2949/19/1 2950/21/1 2951/22/1
f 2949/19/1 2952/17/1 2950/21/1
f 2953/19/1 2954/21/1 2955/22/1
f 2953/19/1 2956/17/1 2954/21/1
f 2957/19/1 2958/21/1 2959/22/1
f 2957/19/1 2960/17/1 2958/21/1
f 2961/19/1 2962/21/1 2963/22/1
f 2961/19/1 2964/17/1 2962/21/1
f 2965/19/1 2966/21/1 2967/22/1
f 2965/19/1 2968/17/1 2966/21/1
f 2969/34/5 2970/22/5 2971/35/5
f 2969/34/5 2972/21/5 2970/22/5
f 2973/34/5 2974/22/5 2975/35/5
f 2973/34/5 2976/21/5 2974/22/5
f 2977/19/1 2978/21/1 2979/22/1
f 2977/19/1 2980/17/1 2978/21/1
f 2981/34/2 2982/22/2 2983/35/2
f 2981/34/2 2984/21/2 2982/22/2
f 2985/34/4 2986/22/4 2987/35/4
f 2985/34/4 2988/21/4 2986/22/4
f 2989/34/5 2990/22/5 2991/35/5
f 2989/34/5 2992/21/5 2990/22/5
f 2993/34/5 2994/22/5 2995/35/5
f 2993/34/5 2996/21/5 2994/22/5
f 2997/34/2 2998/22/2 2999/35/2
f 2997/34/2 3000/21/2 2998/22/2
f 3001/19/1 3002/21/1 3003/22/1
f 3001/19/1 3004/17/1 3002/21/1
f 3005/19/1 3006/21/1 3007/22/1
f 3005/19/1 3008/17/1 3006/21/1
f 3009/34/5 3010/22/5 3011/35/5
f 3009/34/5 3012/21/5 3010/22/5
f 3013/34/2 3014/22/2 3015/35/2
f 3013/34/2 3016/21/2 3014/22/2
f 3017/34/3 3018/22/3 3019/35/3
f 3017/34/3 3020/21/3 3018/22/3
f 3021/34/2 3022/22/2 3023/35/2
f 3021/34/2 3024/21/2 3022/22/2
f 3025/34/5 3026/22/5 3027/35/5
f 3025/34/5 3028/21/5 3026/22/5
f 3029/34/2 3030/22/2 3031/35/2
f 3029/34/2 3032/21/2 3030/22/2
f 3033/19/1 3034/21/1 3035/22/1
f 3033/19/1 3036/17/1 3034/21/1
f 3037/34/5 3038/22/5 3039/35/5
f 3037/34/5 3040/21/5 3038/22/5
f 3041/34/2 3042/22/2 3043/35/2
f 3041/34/2 3044/21/2 3042/22/2
f 3045/34/5 3046/22/5 3047/35/5
f 3045/34/5 3048/21/5 3046/22/5
f 3049/34/2 3050/22/2 3051/35/2
f 3049/34/2 3052/21/2 3050/22/2
f 3053/34/5 3054/22/5 3055/35/5
f 3053/34/5 3056/21/5 3054/22/5
f 3057/34/2 3058/22/2 3059/35/2
f 3057/34/2 3060/21/2 3058/22/2
f 3061/19/1 3062/21/1 3063/22/1
f 3061/19/1 3064/17/1 3062/21/1
f 3065/19/1 3066/21/1 3067/22/1
f 3065/19/1 3068/17/1 3066/21/1
f 3069/19/1 3070/21/1 3071/22/1
f 3069/19/1 3072/17/1 3070/21/1
f 3073/34/5 3074/22/5 3075/35/5
f 3073/34/5 3076/21/5 3074/22/5
f 3077/19/1 3078/21/1 3079/22/1
f 3077/19/1 3080/17/1 3078/21/1
f 3081/34/2 3082/22/2 3083/35/2
f 3081/34/2 3084/21/2 3082/22/2
f 3085/19/1 3086/21/1 3087/22/1
f 3085/19/1 3088/17/1 3086/21/1
f 3089/34/5 3090/22/5 3091/35/5
f 3089/34/5 3092/21/5 3090/22/5
f 3093/34/5 3094/22/5 3095/35/5
f 3093/34/5 3096/21/5 3094/22/5
f 3097/34/2 3098/22/2 3099/35/2
f 3097/34/2 3100/21/2 3098/22/2
f 3101/19/1 3102/21/1 3103/22/1
f 3101/19/1 3104/17/1 3102/21/1
f 3105/19/1 3106/21/1 3107/22/1
f 3105/19/1 3108/17/1 3106/21/1
f 3109/13/1 3110/14/1 3111/15/1
f 3109/13/1 3112/16/1 3110/14/1
f 3113/13/1 3114/14/1 3115/15/1
f 3113/13/1 3116/16/1 3114/14/1
f 3117/13/1 3118/14/1 3119/15/1
f 3117/13/1 3120/16/1 3118/14/1
f 3121/13/1 3122/14/1 3123/15/1
f 3121/13/1 3124/16/1 3122/14/1
f 3125/13/1 3126/14/1 3127/15/1
f 3125/13/1 3128/16/1 3126/14/1
f 3129/13/1 3130/14/1 3131/15/1
f 3129/13/1 3132/16/1 3130/14/1
f 3133/13/1 3134/14/1 3135/15/1
f 3133/13/1 3136/16/1 3134/14/1
f 3137/13/1 3138/14/1 3139/15/1
f 3137/13/1 3140/16/1 3138/14/1
f 3141/13/1 3142/14/1 3143/15/1
f 3141/13/1 3144/16/1 3142/14/1
f 3145/13/1 3146/14/1 3147/15/1
f 3145/13/1 3148/16/1 3146/14/1
f 3149/13/1 3150/14/1 3151/15/1
f 3149/13/1 3152/16/1 3150/14/1
f 3153/13/1 3154/14/1 3155/15/1
f 3153/13/1 3156/16/1 3154/14/1
f 3157/13/1 3158/14/1 3159/15/1
f 3157/13/1 3160/16/1 3158/14/1
f 3161/13/1 3162/14/1 3163/15/1
f 3161/13/1 3164/16/1 3162/14/1
f 3165/13/1 3166/14/1 3167/15/1
f 3165/13/1 3168/16/1 3166/14/1
f 3169/13/1 3170/14/1 3171/15/1
f 3169/13/1 3172/16/1 3170/14/1
f 3173/13/1 3174/14/1 3175/15/1
f 3173/13/1 3176/16/1 3174/14/1
f 3177/13/1 3178/14/1 3179/15/1
f 3177/13/1 3180/16/1 3178/14/1
f 3181/13/1 3182/14/1 3183/15/1
f 3181/13/1 3184/16/1 3182/14/1
f 3185/13/1 3186/14/1 3187/15/1
f 3185/13/1 3188/16/1 3186/14/1
f 3189/13/1 3190/14/1 3191/15/1
f 3189/13/1 3192/16/1 3190/14/1
f 3193/13/1 3194/14/1 3195/15/1
f 3193/13/1 3196/16/1 3194/14/1
f 3197/13/1 3198/14/1 3199/15/1
f 3197/13/1 3200/16/1 3198/14/1
f 3201/13/1 3202/14/1 3203/15/1
f 3201/13/1 3204/16/1 3202/14/1
f 3205/13/1 3206/14/1 3207/15/1
f 3205/13/1 3208/16/1 3206/14/1
f 3209/13/1 3210/14/1 3211/15/1
f 3209/13/1 3212/16/1 3210/14/1
f 3213/13/1 3214/14/1 3215/15/1
f 3213/13/1 3216/16/1 3214/14/1
f 3217/13/1 3218/14/1 3219/15/1
f 3217/13/1 3220/16/1 3218/14/1
f 3221/13/1 3222/14/1 3223/15/1
f 3221/13/1 3224/16/1 3222/14/1
f 3225/13/1 3226/14/1 3227/15/1
f 3225/13/1 3228/16/1 3226/14/1
f 3229/13/1 3230/14/1 3231/15/1
f 3229/13/1 3232/16/1 3230/14/1
f 3233/13/1 3234/14/1 3235/15/1
f 3233/13/1 3236/16/1 3234/14/1
f 3237/13/1 3238/14/1 3239/15/1
f 3237/13/1 3240/16/1 3238/14/1
f 3241/13/1 3242/14/1 3243/15/1
f 3241/13/1 3244/16/1 3242/14/1
f 3245/13/1 3246/14/1 3247/15/1
f 3245/13/1 3248/16/1 3246/14/1
f 3249/13/1 3250/14/1 3251/15/1
f 3249/13/1 3252/16/1 3250/14/1
f 3253/13/1 3254/14/1 3255/15/1
f 3253/13/1 3256/16/1 3254/14/1
f 3257/13/1 3258/14/1 3259/15/1
f 3257/13/1 3260/16/1 3258/14/1
f 3261/13/1 3262/14/1 3263/15/1
f 3261/13/1 3264/16/1 3262/14/1
f 3265/13/1 3266/14/1 3267/15/1
f 3265/13/1 3268/16/1 3266/14/1
f 3269/13/1 3270/14/1 3271/15/1
f 3269/13/1 3272/16/1 3270/14/1
f 3273/13/1 3274/14/1 3275/15/1
f 3273/13/1 3276/16/1 3274/14/1
f 3277/13/1 3278/14/1 3279/15/1
f 3277/13/1 3280/16/1 3278/14/1
f 3281/13/1 3282/14/1 3283/15/1
f 3281/13/1 3284/16/1 3282/14/1
f 3285/13/1 3286/14/1 3287/15/1
f 3285/13/1 3288/16/1 3286/14/1
f 3289/13/1 3290/14/1 3291/15/1
f 3289/13/1 3292/16/1 3290/14/1
f 3293/13/1 3294/14/1 3295/15/1
f 3293/13/1 3296/16/1 3294/14/1
f 3297/13/1 3298/14/1 3299/15/1
f 3297/13/1 3300/16/1 3298/14/1
f 3301/13/1 3302/14/1 3303/15/1
f 3301/13/1 3304/16/1 3302/14/1
f 3305/13/1 3306/14/1 3307/15/1
f 3305/13/1 3308/16/1 3306/14/1
f 3309/13/1 3310/14/1 3311/15/1
f 3309/13/1 3312/16/1 3310/14/1
f 3313/13/1 3314/14/1 3315/15/1
f 3313/13/1 3316/16/1 3314/14/1
f 3317/13/1 3318/14/1 3319/15/1
f 3317/13/1 3320/16/1 3318/14/1
f 3321/13/1 3322/14/1 3323/15/1
f 3321/13/1 3324/16/1 3322/14/1
f 3325/13/1 3326/14/1 3327/15/1
f 3325/13/1 3328/16/1 3326/14/1
f 3329/13/1 3330/14/1 3331/15/1
f 3329/13/1 3332/16/1 3330/14/1
f 3333/13/1 3334/14/1 3335/15/1
f 3333/13/1 3336/16/1 3334/14/1
f 3337/13/1 3338/14/1 3339/15/1
f 3337/13/1 3340/16/1 3338/14/1
f 3341/13/1 3342/14/1 3343/15/1
f 3341/13/1 3344/16/1 3342/14/1
f 3345/13/1 3346/14/1 3347/15/1
f 3345/13/1 3348/16/1 3346/14/1
f 3349/13/1 3350/14/1 3351/15/1
f 3349/13/1 3352/16/1 3350/14/1
f 3353/13/1 3354/14/1 3355/15/1
f 3353/13/1 3356/16/1 3354/14/1
f 3357/13/1 3358/14/1 3359/15/1
f 3357/13/1 3360/16/1 3358/14/1
f 3361/13/1 3362/14/1 3363/15/1
f 3361/13/1 3364/16/1 3362/14/1
f 3365/13/1 3366/14/1 3367/15/1
f 3365/13/1 3368/16/1 3366/14/1
f 3369/13/1 3370/14/1 3371/15/1
f 3369/13/1 3372/16/1 3370/14/1
f 3373/13/1 3374/14/1 3375/15/1
f 3373/13/1 3376/16/1 3374/14/1
f 3377/13/1 3378/14/1 3379/15/1
f 3377/13/1 3380/16/1 3378/14/1
f 3381/13/1 3382/14/1 3383/15/1
f 3381/13/1 3384/16/1 3382/14/1
f 3385/13/1 3386/14/1 3387/15/1
f 3385/13/1 3388/16/1 3386/14/1
f 3389/13/1 3390/14/1 3391/15/1
f 3389/13/1 3392/16/1 3390/14/1
f 3393/13/1 3394/14/1 3395/15/1
f 3393/13/1 3396/16/1 3394/14/1
f 3397/13/1 3398/14/1 3399/15/1
f 3397/13/1 3400/16/1 3398/14/1
f 3401/13/1 3402/14/1 3403/15/1
f 3401/13/1 3404/16/1 3402/14/1
f 3405/13/1 3406/14/1 3407/15/1
f 3405/13/1 3408/16/1 3406/14/1
f 3409/13/1 3410/14/1 3411/15/1
f 3409/13/1 3412/16/1 3410/14/1
f 3413/13/1 3414/14/1 3415/15/1
f 3413/13/1 3416/16/1 3414/14/1
f 3417/13/1 3418/14/1 3419/15/1
f 3417/13/1 3420/16/1 3418/14/1
f 3421/13/1 3422/14/1 3423/15/1
f 3421/13/1 3424/16/1 3422/14/1
f 3425/13/1 3426/14/1 3427/15/1
f 3425/13/1 3428/16/1 3426/14/1
f 3429/13/1 3430/14/1 3431/15/1
f 3429/13/1 3432/16/1 3430/14/1
f 3433/13/1 3434/14/1 3435/15/1
f 3433/13/1 3436/16/1 3434/14/1
f 3437/13/1 3438/14/1 3439/15/1
f 3437/13/1 3440/16/1 3438/14/1
f 3441/13/1 3442/14/1 3443/15/1
f 3441/13/1 3444/16/1 3442/14/1
f 3445/13/1 3446/14/1 3447/15/1
f 3445/13/1 3448/16/1 3446/14/1
f 3449/13/1 3450/14/1 3451/15/1
f 3449/13/1 3452/16/1 3450/14/1
f 3453/13/1 3454/14/1 3455/15/1
f 3453/13/1 3456/16/1 3454/14/1
f 3457/13/1 3458/14/1 3459/15/1
f 3457/13/1 3460/16/1 3458/14/1
f 3461/13/1 3462/14/1 3463/15/1
f 3461/13/1 3464/16/1 3462/14/1
f 3465/13/1 3466/14/1 3467/15/1
f 3465/13/1 3468/16/1 3466/14/1
f 3469/13/1 3470/14/1 3471/15/1
f 3469/13/1 3472/16/1 3470/14/1
f 3473/13/1 3474/14/1 3475/15/1
f 3473/13/1 3476/16/1 3474/14/1
f 3477/13/1 3478/14/1 3479/15/1
f 3477/13/1 3480/16/1 3478/14/1
f 3481/13/1 3482/14/1 3483/15/1
f 3481/13/1 3484/16/1 3482/14/1
f 3485/13/1 3486/14/1 3487/15/1
f 3485/13/1 3488/16/1 3486/14/1
f 3489/13/1 3490/14/1 3491/15/1
f 3489/13/1 3492/16/1 3490/14/1
f 3493/13/1 3494/14/1 3495/15/1
f 3493/13/1 3496/16/1 3494/14/1
f 3497/13/1 3498/14/1 3499/15/1
f 3497/13/1 3500/16/1 3498/14/1
f 3501/13/1 3502/14/1 3503/15/1
f 3501/13/1 3504/16/1 3502/14/1
f 3505/13/1 3506/14/1 3507/15/1
f 3505/13/1 3508/16/1 3506/14/1
f 3509/13/1 3510/14/1 3511/15/1
f 3509/13/1 3512/16/1 3510/14/1
f 3513/13/1 3514/14/1 3515/15/1
f 3513/13/1 3516/16/1 3514/14/1
f 3517/13/1 3518/14/1 3519/15/1
f 3517/13/1 3520/16/1 3518/14/1
f 3521/13/1 3522/14/1 3523/15/1
f 3521/13/1 3524/16/1 3522/14/1
f 3525/13/1 3526/14/1 3527/15/1
f 3525/13/1 3528/16/1 3526/14/1
f 3529/13/1 3530/14/1 3531/15/1
f 3529/13/1 3532/16/1 3530/14/1
f 3533/13/1 3534/14/1 3535/15/1
f 3533/13/1 3536/16/1 3534/14/1
f 3537/13/1 3538/14/1 3539/15/1
f 3537/13/1 3540/16/1 3538/14/1
f 3541/13/1 3542/14/1 3543/15/1
f 3541/13/1 3544/16/1 3542/14/1
f 3545/13/1 3546/14/1 3547/15/1
f 3545/13/1 3548/16/1 3546/14/1
f 3549/13/1 3550/14/1 3551/15/1
f 3549/13/1 3552/16/1 3550/14/1
f 3553/13/1 3554/14/1 3555/15/1
f 3553/13/1 3556/16/1 3554/14/1
f 3557/13/1 3558/14/1 3559/15/1
f 3557/13/1 3560/16/1 3558/14/1
f 3561/13/1 3562/14/1 3563/15/1
f 3561/13/1 3564/16/1 3562/14/1
f 3565/13/1 3566/14/1 3567/15/1
f 3565/13/1 3568/16/1 3566/14/1
f 3569/13/1 3570/14/1 3571/15/1
f 3569/13/1 3572/16/1 3570/14/1
f 3573/13/1 3574/14/1 3575/15/1
f 3573/13/1 3576/16/1 3574/14/1
f 3577/13/1 3578/14/1 3579/15/1
f 3577/13/1 3580/16/1 3578/14/1
f 3581/13/1 3582/14/1 3583/15/1
f 3581/13/1 3584/16/1 3582/14/1
f 3585/13/1 3586/14/1 3587/15/1
f 3585/13/1 3588/16/1 3586/14/1
f 3589/13/1 3590/14/1 3591/15/1
f 3589/13/1 3592/16/1 3590/14/1
f 3593/13/1 3594/14/1 3595/15/1
f 3593/13/1 3596/16/1 3594/14/1
f 3597/13/1 3598/14/1 3599/15/1
f 3597/13/1 3600/16/1 3598/14/1
f 3601/13/1 3602/14/1 3603/15/1
f 3601/13/1 3604/16/1 3602/14/1
f 3605/13/1 3606/14/1 3607/15/1
f 3605/13/1 3608/16/1 3606/14/1
f 3609/13/1 3610/14/1 3611/15/1
f 3609/13/1 3612/16/1 3610/14/1
f 3613/13/1 3614/14/1 3615/15/1
f 3613/13/1 3616/16/1 3614/14/1
f 3617/13/1 3618/14/1 3619/15/1
f 3617/13/1 3620/16/1 3618/14/1
f 3621/13/1 3622/14/1 3623/15/1
f 3621/13/1 3624/16/1 3622/14/1
f 3625/13/1 3626/14/1 3627/15/1
f 3625/13/1 3628/16/1 3626/14/1
f 3629/13/1 3630/14/1 3631/15/1
f 3629/13/1 3632/16/1 3630/14/1
f 3633/13/1 3634/14/1 3635/15/1
f 3633/13/1 3636/16/1 3634/14/1
f 3637/13/1 3638/14/1 3639/15/1
f 3637/13/1 3640/16/1 3638/14/1
f 3641/13/1 3642/14/1 3643/15/1
f 3641/13/1 3644/16/1 3642/14/1
f 3645/13/1 3646/14/1 3647/15/1
f 3645/13/1 3648/16/1 3646/14/1
f 3649/13/1 3650/14/1 3651/15/1
f 3649/13/1 3652/16/1 3650/14/1
f 3653/13/1 3654/14/1 3655/15/1
f 3653/13/1 3656/16/1 3654/14/1
f 3657/13/1 3658/14/1 3659/15/1
f 3657/13/1 3660/16/1 3658/14/1
f 3661/13/1 3662/14/1 3663/15/1
f 3661/13/1 3664/16/1 3662/14/1
f 3665/13/1 3666/14/1 3667/15/1
f 3665/13/1 3668/16/1 3666/14/1
f 3669/13/1 3670/14/1 3671/15/1
f 3669/13/1 3672/16/1 3670/14/1
f 3673/13/1 3674/14/1 3675/15/1
f 3673/13/1 3676/16/1 3674/14/1
f 3677/13/1 3678/14/1 3679/15/1
f 3677/13/1 3680/16/1 3678/14/1
f 3681/13/1 3682/14/1 3683/15/1
f 3681/13/1 3684/16/1 3682/14/1
f 3685/13/1 3686/14/1 3687/15/1
f 3685/13/1 3688/16/1 3686/14/1
f 3689/13/1 3690/14/1 3691/15/1
f 3689/13/1 3692/16/1 3690/14/1
f 3693/13/1 3694/14/1 3695/15/1
f 3693/13/1 3696/16/1 3694/14/1
f 3697/13/1 3698/14/1 3699/15/1
f 3697/13/1 3700/16/1 3698/14/1
f 3701/13/1 3702/14/1 3703/15/1
f 3701/13/1 3704/16/1 3702/14/1
f 3705/13/1 3706/14/1 3707/15/1
f 3705/13/1 3708/16/1 3706/14/1
f 3709/13/1 3710/14/1 3711/15/1
f 3709/13/1 3712/16/1 3710/14/1
f 3713/13/1 3714/14/1 3715/15/1
f 3713/13/1 3716/16/1 3714/14/1
f 3717/13/1 3718/14/1 3719/15/1
f 3717/13/1 3720/16/1 3718/14/1
f 3721/13/1 3722/14/1 3723/15/1
f 3721/13/1 3724/16/1 3722/14/1
f 3725/13/1 3726/14/1 3727/15/1
f 3725/13/1 3728/16/1 3726/14/1
f 3729/13/1 3730/14/1 3731/15/1
f 3729/13/1 3732/16/1 3730/14/1
f 3733/13/1 3734/14/1 3735/15/1
f 3733/13/1 3736/16/1 3734/14/1
f 3737/13/1 3738/14/1 3739/15/1
f 3737/13/1 3740/16/1 3738/14/1
f 3741/13/1 3742/14/1 3743/15/1
f 3741/13/1 3744/16/1 3742/14/1
f 3745/13/1 3746/14/1 3747/15/1
f 3745/13/1 3748/16/1 3746/14/1
f 3749/13/1 3750/14/1 3751/15/1
f 3749/13/1 3752/16/1 3750/14/1
f 3753/13/1 3754/14/1 3755/15/1
f 3753/13/1 3756/16/1 3754/14/1
f 3757/13/1 3758/14/1 3759/15/1
f 3757/13/1 3760/16/1 3758/14/1
f 3761/13/1 3762/14/1 3763/15/1
f 3761/13/1 3764/16/1 3762/14/1
f 3765/13/1 3766/14/1 3767/15/1
f 3765/13/1 3768/16/1 3766/14/1
f 3769/13/1 3770/14/1 3771/15/1
f 3769/13/1 3772/16/1 3770/14/1
f 3773/13/1 3774/14/1 3775/15/1
f 3773/13/1 3776/16/1 3774/14/1
f 3777/13/1 3778/14/1 3779/15/1
f 3777/13/1 3780/16/1 3778/14/1
f 3781/13/1 3782/14/1 3783/15/1
f 3781/13/1 3784/16/1 3782/14/1
f 3785/13/1 3786/14/1 3787/15/1
f 3785/13/1 3788/16/1 3786/14/1
f 3789/13/1 3790/14/1 3791/15/1
f 3789/13/1 3792/16/1 3790/14/1
f 3793/13/1 3794/14/1 3795/15/1
f 3793/13/1 3796/16/1 3794/14/1
f 3797/13/1 3798/14/1 3799/15/1
f 3797/13/1 3800/16/1 3798/14/1
f 3801/13/1 3802/14/1 3803/15/1
f 3801/13/1 3804/16/1 3802/14/1
f 3805/13/1 3806/14/1 3807/15/1
f 3805/13/1 3808/16/1 3806/14/1
f 3809/13/1 3810/14/1 3811/15/1
f 3809/13/1 3812/16/1 3810/14/1
f 3813/13/1 3814/14/1 3815/15/1
f 3813/13/1 3816/16/1 3814/14/1
f 3817/13/1 3818/14/1 3819/15/1
f 3817/13/1 3820/16/1 3818/14/1
f 3821/13/1 3822/14/1 3823/15/1
f 3821/13/1 3824/16/1 3822/14/1
f 3825/13/1 3826/14/1 3827/15/1
f 3825/13/1 3828/16/1 3826/14/1
f 3829/13/1 3830/14/1 3831/15/1
f 3829/13/1 3832/16/1 3830/14/1
f 3833/13/1 3834/14/1 3835/15/1
f 3833/13/1 3836/16/1 3834/14/1
f 3837/13/1 3838/14/1 3839/15/1
f 3837/13/1 3840/16/1 3838/14/1
f 3841/13/1 3842/14/1 3843/15/1
f 3841/13/1 3844/16/1 3842/14/1
f 3845/13/1 3846/14/1 3847/15/1
f 3845/13/1 3848/16/1 3846/14/1
f 3849/13/1 3850/14/1 3851/15/1
f 3849/13/1 3852/16/1 3850/14/1
f 3853/13/1 3854/14/1 3855/15/1
f 3853/13/1 3856/16/1 3854/14/1
f 3857/13/1 3858/14/1 3859/15/1
f 3857/13/1 3860/16/1 3858/14/1
f 3861/13/1 3862/14/1 3863/15/1
f 3861/13/1 3864/16/1 3862/14/1
f 3865/13/1 3866/14/1 3867/15/1
f 3865/13/1 3868/16/1 3866/14/1
f 3869/13/1 3870/14/1 3871/15/1
f 3869/13/1 3872/16/1 3870/14/1
f 3873/13/1 3874/14/1 3875/15/1
f 3873/13/1 3876/16/1 3874/14/1
f 3877/13/1 3878/14/1 3879/15/1
f 3877/13/1 3880/16/1 3878/14/1
f 3881/13/1 3882/14/1 3883/15/1
f 3881/13/1 3884/16/1 3882/14/1
f 3885/13/1 3886/14/1 3887/15/1
f 3885/13/1 3888/16/1 3886/14/1
f 3889/13/1 3890/14/1 3891/15/1
f 3889/13/1 3892/16/1 3890/14/1
f 3893/13/1 3894/14/1 3895/15/1
f 3893/13/1 3896/16/1 3894/14/1
f 3897/13/1 3898/14/1 3899/15/1
f 3897/13/1 3900/16/1 3898/14/1
f 3901/13/1 3902/14/1 3903/15/1
f 3901/13/1 3904/16/1 3902/14/1
f 3905/13/1 3906/14/1 3907/15/1
f 3905/13/1 3908/16/1 3906/14/1
f 3909/13/1 3910/14/1 3911/15/1
f 3909/13/1 3912/16/1 3910/14/1
f 3913/13/1 3914/14/1 3915/15/1
f 3913/13/1 3916/16/1 3914/14/1
f 3917/13/1 3918/14/1 3919/15/1
f 3917/13/1 3920/16/1 3918/14/1
f 3921/13/1 3922/14/1 3923/15/1
f 3921/13/1 3924/16/1 3922/14/1
f 3925/13/1 3926/14/1 3927/15/1
f 3925/13/1 3928/16/1 3926/14/1
f 3929/13/1 3930/14/1 3931/15/1
f 3929/13/1 3932/16/1 3930/14/1
f 3933/13/1 3934/14/1 3935/15/1
f 3933/13/1 3936/16/1 3934/14/1
f 3937/13/1 3938/14/1 3939/15/1
f 3937/13/1 3940/16/1 3938/14/1
f 3941/13/1 3942/14/1 3943/15/1
f 3941/13/1 3944/16/1 3942/14/1
f 3945/13/1 3946/14/1 3947/15/1
f 3945/13/1 3948/16/1 3946/14/1
f 3949/13/1 3950/14/1 3951/15/1
f 3949/13/1 3952/16/1 3950/14/1
f 3953/13/1 3954/14/1 3955/15/1
f 3953/13/1 3956/16/1 3954/14/1
f 3957/13/1 3958/14/1 3959/15/1
f 3957/13/1 3960/16/1 3958/14/1
f 3961/13/1 3962/14/1 3963/15/1
f 3961/13/1 3964/16/1 3962/14/1
f 3965/13/1 3966/14/1 3967/15/1
f 3965/13/1 3968/16/1 3966/14/1
f 3969/13/1 3970/14/1 3971/15/1
f 3969/13/1 3972/16/1 3970/14/1
f 3973/13/1 3974/14/1 3975/15/1
f 3973/13/1 3976/16/1 3974/14/1
f 3977/13/1 3978/14/1 3979/15/1
f 3977/13/1 3980/16/1 3978/14/1
f 3981/13/1 3982/14/1 3983/15/1
f 3981/13/1 3984/16/1 3982/14/1
f 3985/13/1 3986/14/1 3987/15/1
f 3985/13/1 3988/16/1 3986/14/1
f 3989/13/1 3990/14/1 3991/15/1
f 3989/13/1 3992/16/1 3990/14/1
f 3993/13/1 3994/14/1 3995/15/1
f 3993/13/1 3996/16/1 3994/14/1
f 3997/13/1 3998/14/1 3999/15/1
f 3997/13/1 4000/16/1 3998/14/1
f 4001/13/1 4002/14/1 4003/15/1
f 4001/13/1 4004/16/1 4002/14/1
f 4005/13/1 4006/14/1 4007/15/1
f 4005/13/1 4008/16/1 4006/14/1
f 4009/13/1 4010/14/1 4011/15/1
f 4009/13/1 4012/16/1 4010/14/1
f 4013/13/1 4014/14/1 4015/15/1
f 4013/13/1 4016/16/1 4014/14/1
f 4017/13/1 4018/14/1 4019/15/1
f 4017/13/1 4020/16/1 4018/14/1
f 4021/13/1 4022/14/1 4023/15/1
f 4021/13/1 4024/16/1 4022/14/1
f 4025/13/1 4026/14/1 4027/15/1
f 4025/13/1 4028/16/1 4026/14/1
f 4029/13/1 4030/14/1 4031/15/1
f 4029/13/1 4032/16/1 4030/14/1
f 4033/13/1 4034/14/1 4035/15/1
f 4033/13/1 4036/16/1 4034/14/1
f 4037/13/1 4038/14/1 4039/15/1
f 4037/13/1 4040/16/1 4038/14/1
f 4041/13/1 4042/14/1 4043/15/1
f 4041/13/1 4044/16/1 4042/14/1
f 4045/13/1 4046/14/1 4047/15/1
f 4045/13/1 4048/16/1 4046/14/1
f 4049/13/1 4050/14/1 4051/15/1
f 4049/13/1 4052/16/1 4050/14/1
f 4053/13/1 4054/14/1 4055/15/1
f 4053/13/1 4056/16/1 4054/14/1
f 4057/13/1 4058/14/1 4059/15/1
f 4057/13/1 4060/16/1 4058/14/1
f 4061/13/1 4062/14/1 4063/15/1
f 4061/13/1 4064/16/1 4062/14/1
f 4065/13/1 4066/14/1 4067/15/1
f 4065/13/1 4068/16/1 4066/14/1
f 4069/13/1 4070/14/1 4071/15/1
f 4069/13/1 4072/16/1 4070/14/1
f 4073/13/1 4074/14/1 4075/15/1
f 4073/13/1 4076/16/1 4074/14/1
f 4077/13/1 4078/14/1 4079/15/1
f 4077/13/1 4080/16/1 4078/14/1
f 4081/13/1 4082/14/1 4083/15/1
f 4081/13/1 4084/16/1 4082/14/1
f 4085/13/1 4086/14/1 4087/15/1
f 4085/13/1 4088/16/1 4086/14/1
f 4089/13/1 4090/14/1 4091/15/1
f 4089/13/1 4092/16/1 4090/14/1
f 4093/13/1 4094/14/1 4095/15/1
f 4093/13/1 4096/16/1 4094/14/1
f 4097/13/1 4098/14/1 4099/15/1
f 4097/13/1 4100/16/1 4098/14/1
f 4101/13/1 4102/14/1 4103/15/1
f 4101/13/1 4104/16/1 4102/14/1
f 4105/13/1 4106/14/1 4107/15/1
f 4105/13/1 4108/16/1 4106/14/1
f 4109/13/1 4110/14/1 4111/15/1
f 4109/13/1 4112/16/1 4110/14/1
f 4113/13/1 4114/14/1 4115/15/1
f 4113/13/1 4116/16/1 4114/14/1
f 4117/13/1 4118/14/1 4119/15/1
f 4117/13/1 4120/16/1 4118/14/1
f 4121/13/1 4122/14/1 4123/15/1
f 4121/13/1 4124/16/1 4122/14/1
f 4125/13/1 4126/14/1 4127/15/1
f 4125/13/1 4128/16/1 4126/14/1
f 4129/13/1 4130/14/1 4131/15/1
f 4129/13/1 4132/16/1 4130/14/1
f 4133/13/1 4134/14/1 4135/15/1
f 4133/13/1 4136/16/1 4134/14/1
f 4137/13/1 4138/14/1 4139/15/1
f 4137/13/1 4140/16/1 4138/14/1
f 4141/13/1 4142/14/1 4143/15/1
f 4141/13/1 4144/16/1 4142/14/1
f 4145/13/1 4146/14/1 4147/15/1
f 4145/13/1 4148/16/1 4146/14/1
f 4149/13/1 4150/14/1 4151/15/1
f 4149/13/1 4152/16/1 4150/14/1
f 4153/13/1 4154/14/1 4155/15/1
f 4153/13/1 4156/16/1 4154/14/1
f 4157/13/1 4158/14/1 4159/15/1
f 4157/13/1 4160/16/1 4158/14/1
f 4161/13/1 4162/14/1 4163/15/1
f 4161/13/1 4164/16/1 4162/14/1
f 4165/13/1 4166/14/1 4167/15/1
f 4165/13/1 4168/16/1 4166/14/1
f 4169/13/1 4170/14/1 4171/15/1
f 4169/13/1 4172/16/1 4170/14/1
f 4173/13/1 4174/14/1 4175/15/1
f 4173/13/1 4176/16/1 4174/14/1
f 4177/13/1 4178/14/1 4179/15/1
f 4177/13/1 4180/16/1 4178/14/1
f 4181/13/1 4182/14/1 4183/15/1
f 4181/13/1 4184/16/1 4182/14/1
f 4185/13/1 4186/14/1 4187/15/1
f 4185/13/1 4188/16/1 4186/14/1
f 4189/13/1 4190/14/1 4191/15/1
f 4189/13/1 4192/16/1 4190/14/1
f 4193/13/1 4194/14/1 4195/15/1
f 4193/13/1 4196/16/1 4194/14/1
f 4197/13/1 4198/14/1 4199/15/1
f 4197/13/1 4200/16/1 4198/14/1
f 4201/13/1 4202/14/1 4203/15/1
f 4201/13/1 4204/16/1 4202/14/1
f 4205/13/1 4206/14/1 4207/15/1
f 4205/13/1 4208/16/1 4206/14/1
f 4209/13/1 4210/14/1 4211/15/1
f 4209/13/1 4212/16/1 4210/14/1
f 4213/13/1 4214/14/1 4215/15/1
f 4213/13/1 4216/16/1 4214/14/1
f 4217/13/1 4218/14/1 4219/15/1
f 4217/13/1 4220/16/1 4218/14/1
f 4221/13/1 4222/14/1 4223/15/1
f 4221/13/1 4224/16/1 4222/14/1
f 4225/13/1 4226/14/1 4227/15/1
f 4225/13/1 4228/16/1 4226/14/1
f 4229/13/1 4230/14/1 4231/15/1
f 4229/13/1 4232/16/1 4230/14/1
f 4233/13/1 4234/14/1 4235/15/1
f 4233/13/1 4236/16/1 4234/14/1
f 4237/13/1 4238/14/1 4239/15/1
f 4237/13/1 4240/16/1 4238/14/1
f 4241/13/1 4242/14/1 4243/15/1
f 4241/13/1 4244/16/1 4242/14/1
f 4245/13/1 4246/14/1 4247/15/1
f 4245/13/1 4248/16/1 4246/14/1
f 4249/13/1 4250/14/1 4251/15/1
f 4249/13/1 4252/16/1 4250/14/1
f 4253/13/1 4254/14/1 4255/15/1
f 4253/13/1 4256/16/1 4254/14/1
f 4257/13/1 4258/14/1 4259/15/1
f 4257/13/1 4260/16/1 4258/14/1
f 4261/13/1 4262/14/1 4263/15/1
f 4261/13/1 4264/16/1 4262/14/1
f 4265/13/1 4266/14/1 4267/15/1
f 4265/13/1 4268/16/1 4266/14/1
f 4269/13/1 4270/14/1 4271/15/1
f 4269/13/1 4272/16/1 4270/14/1
f 4273/13/1 4274/14/1 4275/15/1
f 4273/13/1 4276/16/1 4274/14/1
f 4277/13/1 4278/14/1 4279/15/1
f 4277/13/1 4280/16/1 4278/14/1
f 4281/13/1 4282/14/1 4283/15/1
f 4281/13/1 4284/16/1 4282/14/1
f 4285/13/1 4286/14/1 4287/15/1
f 4285/13/1 4288/16/1 4286/14/1
f 4289/13/1 4290/14/1 4291/15/1
f 4289/13/1 4292/16/1 4290/14/1
f 4293/13/1 4294/14/1 4295/15/1
f 4293/13/1 4296/16/1 4294/14/1
f 4297/13/1 4298/14/1 4299/15/1
f 4297/13/1 4300/16/1 4298/14/1
f 4301/13/1 4302/14/1 4303/15/1
f 4301/13/1 4304/16/1 4302/14/1
f 4305/13/1 4306/14/1 4307/15/1
f 4305/13/1 4308/16/1 4306/14/1
f 4309/13/1 4310/14/1 4311/15/1
f 4309/13/1 4312/16/1 4310/14/1
f 4313/13/1 4314/14/1 4315/15/1
f 4313/13/1 4316/16/1 4314/14/1
f 4317/13/1 4318/14/1 4319/15/1
f 4317/13/1 4320/16/1 4318/14/1
f 4321/13/1 4322/14/1 4323/15/1
f 4321/13/1 4324/16/1 4322/14/1
f 4325/13/1 4326/14/1 4327/15/1
f 4325/13/1 4328/16/1 4326/14/1
f 4329/13/1 4330/14/1 4331/15/1
f 4329/13/1 4332/16/1 4330/14/1
f 4333/13/1 4334/14/1 4335/15/1
f 4333/13/1 4336/16/1 4334/14/1
f 4337/13/1 4338/14/1 4339/15/1
f 4337/13/1 4340/16/1 4338/14/1
f 4341/13/1 4342/14/1 4343/15/1
f 4341/13/1 4344/16/1 4342/14/1
f 4345/13/1 4346/14/1 4347/15/1
f 4345/13/1 4348/16/1 4346/14/1
f 4349/13/1 4350/14/1 4351/15/1
f 4349/13/1 4352/16/1 4350/14/1
f 4353/13/1 4354/14/1 4355/15/1
f 4353/13/1 4356/16/1 4354/14/1
f 4357/13/1 4358/14/1 4359/15/1
f 4357/13/1 4360/16/1 4358/14/1
f 4361/13/1 4362/14/1 4363/15/1
f 4361/13/1 4364/16/1 4362/14/1
f 4365/13/1 4366/14/1 4367/15/1
f 4365/13/1 4368/16/1 4366/14/1
f 4369/13/1 4370/14/1 4371/15/1
f 4369/13/1 4372/16/1 4370/14/1
f 4373/13/1 4374/14/1 4375/15/1
f 4373/13/1 4376/16/1 4374/14/1
f 4377/13/1 4378/14/1 4379/15/1
f 4377/13/1 4380/16/1 4378/14/1
f 4381/13/1 4382/14/1 4383/15/1
f 4381/13/1 4384/16/1 4382/14/1
f 4385/13/1 4386/14/1 4387/15/1
f 4385/13/1 4388/16/1 4386/14/1
f 4389/13/1 4390/14/1 4391/15/1
f 4389/13/1 4392/16/1 4390/14/1
f 4393/13/1 4394/14/1 4395/15/1
f 4393/13/1 4396/16/1 4394/14/1
f 4397/13/1 4398/14/1 4399/15/1
f 4397/13/1 4400/16/1 4398/14/1
f 4401/13/1 4402/14/1 4403/15/1
f 4401/13/1 4404/16/1 4402/14/1
f 4405/13/1 4406/14/1 4407/15/1
f 4405/13/1 4408/16/1 4406/14/1
f 4409/13/1 4410/14/1 4411/15/1
f 4409/13/1 4412/16/1 4410/14/1
f 4413/13/1 4414/14/1 4415/15/1
f 4413/13/1 4416/16/1 4414/14/1
f 4417/13/1 4418/14/1 4419/15/1
f 4417/13/1 4420/16/1 4418/14/1
f 4421/13/1 4422/14/1 4423/15/1
f 4421/13/1 4424/16/1 4422/14/1
f 4425/13/1 4426/14/1 4427/15/1
f 4425/13/1 4428/16/1 4426/14/1
f 4429/13/1 4430/14/1 4431/15/1
f 4429/13/1 4432/16/1 4430/14/1
f 4433/13/1 4434/14/1 4435/15/1
f 4433/13/1 4436/16/1 4434/14/1
f 4437/13/1 4438/14/1 4439/15/1
f 4437/13/1 4440/16/1 4438/14/1
f 4441/13/1 4442/14/1 4443/15/1
f 4441/13/1 4444/16/1 4442/14/1
f 4445/13/1 4446/14/1 4447/15/1
f 4445/13/1 4448/16/1 4446/14/1
f 4449/13/1 4450/14/1 4451/15/1
f 4449/13/1 4452/16/1 4450/14/1
f 4453/13/1 4454/14/1 4455/15/1
f 4453/13/1 4456/16/1 4454/14/1
f 4457/13/1 4458/14/1 4459/15/1
f 4457/13/1 4460/16/1 4458/14/1
f 4461/13/1 4462/14/1 4463/15/1
f 4461/13/1 4464/16/1 4462/14/1
f 4465/13/1 4466/14/1 4467/15/1
f 4465/13/1 4468/16/1 4466/14/1
f 4469/13/1 4470/14/1 4471/15/1
f 4469/13/1 4472/16/1 4470/14/1
f 4473/13/1 4474/14/1 4475/15/1
f 4473/13/1 4476/16/1 4474/14/1
f 4477/13/1 4478/14/1 4479/15/1
f 4477/13/1 4480/16/1 4478/14/1
f 4481/13/1 4482/14/1 4483/15/1
f 4481/13/1 4484/16/1 4482/14/1
f 4485/13/1 4486/14/1 4487/15/1
f 4485/13/1 4488/16/1 4486/14/1
f 4489/13/1 4490/14/1 4491/15/1
f 4489/13/1 4492/16/1 4490/14/1
f 4493/13/1 4494/14/1 4495/15/1
f 4493/13/1 4496/16/1 4494/14/1
f 4497/13/1 4498/14/1 4499/15/1
f 4497/13/1 4500/16/1 4498/14/1
f 4501/13/1 4502/14/1 4503/15/1
f 4501/13/1 4504/16/1 4502/14/1
f 4505/13/1 4506/14/1 4507/15/1
f 4505/13/1 4508/16/1 4506/14/1
f 4509/13/1 4510/14/1 4511/15/1
f 4509/13/1 4512/16/1 4510/14/1
f 4513/13/1 4514/14/1 4515/15/1
f 4513/13/1 4516/16/1 4514/14/1
f 4517/13/1 4518/14/1 4519/15/1
f 4517/13/1 4520/16/1 4518/14/1
f 4521/13/1 4522/14/1 4523/15/1
f 4521/13/1 4524/16/1 4522/14/1
f 4525/13/1 4526/14/1 4527/15/1
f 4525/13/1 4528/16/1 4526/14/1
f 4529/13/1 4530/14/1 4531/15/1
f 4529/13/1 4532/16/1 4530/14/1
f 4533/13/1 4534/14/1 4535/15/1
f 4533/13/1 4536/16/1 4534/14/1
f 4537/13/1 4538/14/1 4539/15/1
f 4537/13/1 4540/16/1 4538/14/1
f 4541/13/1 4542/14/1 4543/15/1
f 4541/13/1 4544/16/1 4542/14/1
f 4545/13/1 4546/14/1 4547/15/1
f 4545/13/1 4548/16/1 4546/14/1
f 4549/13/1 4550/14/1 4551/15/1
f 4549/13/1 4552/16/1 4550/14/1
f 4553/13/1 4554/14/1 4555/15/1
f 4553/13/1 4556/16/1 4554/14/1
f 4557/13/1 4558/14/1 4559/15/1
f 4557/13/1 4560/16/1 4558/14/1
f 4561/13/1 4562/14/1 4563/15/1
f 4561/13/1 4564/16/1 4562/14/1
f 4565/13/1 4566/14/1 4567/15/1
f 4565/13/1 4568/16/1 4566/14/1
f 4569/13/1 4570/14/1 4571/15/1
f 4569/13/1 4572/16/1 4570/14/1
f 4573/13/1 4574/14/1 4575/15/1
f 4573/13/1 4576/16/1 4574/14/1
f 4577/13/1 4578/14/1 4579/15/1
f 4577/13/1 4580/16/1 4578/14/1
f 4581/13/1 4582/14/1 4583/15/1
f 4581/13/1 4584/16/1 4582/14/1
f 4585/13/1 4586/14/1 4587/15/1
f 4585/13/1 4588/16/1 4586/14/1
f 4589/13/1 4590/14/1 4591/15/1
f 4589/13/1 4592/16/1 4590/14/1
f 4593/13/1 4594/14/1 4595/15/1
f 4593/13/1 4596/16/1 4594/14/1
f 4597/13/1 4598/14/1 4599/15/1
f 4597/13/1 4600/16/1 4598/14/1
f 4601/13/1 4602/14/1 4603/15/1
f 4601/13/1 4604/16/1 4602/14/1
f 4605/13/1 4606/14/1 4607/15/1
f 4605/13/1 4608/16/1 4606/14/1
f 4609/13/1 4610/14/1 4611/15/1
f 4609/13/1 4612/16/1 4610/14/1
f 4613/13/1 4614/14/1 4615/15/1
f 4613/13/1 4616/16/1 4614/14/1
f 4617/13/1 4618/14/1 4619/15/1
f 4617/13/1 4620/16/1 4618/14/1
f 4621/13/1 4622/14/1 4623/15/1
f 4621/13/1 4624/16/1 4622/14/1
f 4625/13/1 4626/14/1 4627/15/1
f 4625/13/1 4628/16/1 4626/14/1
f 4629/13/1 4630/14/1 4631/15/1
f 4629/13/1 4632/16/1 4630/14/1
f 4633/13/1 4634/14/1 4635/15/1
f 4633/13/1 4636/16/1 4634/14/1
f 4637/13/1 4638/14/1 4639/15/1
f 4637/13/1 4640/16/1 4638/14/1
f 4641/13/1 4642/14/1 4643/15/1
f 4641/13/1 4644/16/1 4642/14/1
f 4645/13/1 4646/14/1 4647/15/1
f 4645/13/1 4648/16/1 4646/14/1
f 4649/13/1 4650/14/1 4651/15/1
f 4649/13/1 4652/16/1 4650/14/1
f 4653/13/1 4654/14/1 4655/15/1
f 4653/13/1 4656/16/1 4654/14/1
f 4657/13/1 4658/14/1 4659/15/1
f 4657/13/1 4660/16/1 4658/14/1
f 4661/13/1 4662/14/1 4663/15/1
f 4661/13/1 4664/16/1 4662/14/1
f 4665/13/1 4666/14/1 4667/15/1
f 4665/13/1 4668/16/1 4666/14/1
f 4669/13/1 4670/14/1 4671/15/1
f 4669/13/1 4672/16/1 4670/14/1
f 4673/13/1 4674/14/1 4675/15/1
f 4673/13/1 4676/16/1 4674/14/1
f 4677/13/1 4678/14/1 4679/15/1
f 4677/13/1 4680/16/1 4678/14/1
f 4681/13/1 4682/14/1 4683/15/1
f 4681/13/1 4684/16/1 4682/14/1
f 4685/13/1 4686/14/1 4687/15/1
f 4685/13/1 4688/16/1 4686/14/1
f 4689/13/1 4690/14/1 4691/15/1
f 4689/13/1 4692/16/1 4690/14/1
f 4693/13/1 4694/14/1 4695/15/1
f 4693/13/1 4696/16/1 4694/14/1
f 4697/13/1 4698/14/1 4699/15/1
f 4697/13/1 4700/16/1 4698/14/1
f 4701/13/1 4702/14/1 4703/15/1
f 4701/13/1 4704/16/1 4702/14/1
f 4705/13/1 4706/14/1 4707/15/1
f 4705/13/1 4708/16/1 4706/14/1
f 4709/13/1 4710/14/1 4711/15/1
f 4709/13/1 4712/16/1 4710/14/1
f 4713/13/1 4714/14/1 4715/15/1
f 4713/13/1 4716/16/1 4714/14/1
f 4717/13/1 4718/14/1 4719/15/1
f 4717/13/1 4720/16/1 4718/14/1
f 4721/13/1 4722/14/1 4723/15/1
f 4721/13/1 4724/16/1 4722/14/1
f 4725/13/1 4726/14/1 4727/15/1
f 4725/13/1 4728/16/1 4726/14/1
f 4729/13/1 4730/14/1 4731/15/1
f 4729/13/1 4732/16/1 4730/14/1
f 4733/13/1 4734/14/1 4735/15/1
f 4733/13/1 4736/16/1 4734/14/1
f 4737/13/1 4738/14/1 4739/15/1
f 4737/13/1 4740/16/1 4738/14/1
f 4741/13/1 4742/14/1 4743/15/1
f 4741/13/1 4744/16/1 4742/14/1
f 4745/13/1 4746/14/1 4747/15/1
f 4745/13/1 4748/16/1 4746/14/1
f 4749/13/1 4750/14/1 4751/15/1
f 4749/13/1 4752/16/1 4750/14/1
f 4753/13/1 4754/14/1 4755/15/1
f 4753/13/1 4756/16/1 4754/14/1
f 4757/13/1 4758/14/1 4759/15/1
f 4757/13/1 4760/16/1 4758/14/1
f 4761/13/1 4762/14/1 4763/15/1
f 4761/13/1 4764/16/1 4762/14/1
f 4765/13/1 4766/14/1 4767/15/1
f 4765/13/1 4768/16/1 4766/14/1
f 4769/13/1 4770/14/1 4771/15/1
f 4769/13/1 4772/16/1 4770/14/1
f 4773/13/1 4774/14/1 4775/15/1
f 4773/13/1 4776/16/1 4774/14/1
f 4777/13/1 4778/14/1 4779/15/1
f 4777/13/1 4780/16/1 4778/14/1
f 4781/13/1 4782/14/1 4783/15/1
f 4781/13/1 4784/16/1 4782/14/1
f 4785/13/1 4786/14/1 4787/15/1
f 4785/13/1 4788/16/1 4786/14/1
f 4789/13/1 4790/14/1 4791/15/1
f 4789/13/1 4792/16/1 4790/14/1
f 4793/13/1 4794/14/1 4795/15/1
f 4793/13/1 4796/16/1 4794/14/1
f 4797/13/1 4798/14/1 4799/15/1
f 4797/13/1 4800/16/1 4798/14/1
f 4801/13/1 4802/14/1 4803/15/1
f 4801/13/1 4804/16/1 4802/14/1
f 4805/13/1 4806/14/1 4807/15/1
f 4805/13/1 4808/16/1 4806/14/1
f 4809/13/1 4810/14/1 4811/15/1
f 4809/13/1 4812/16/1 4810/14/1
f 4813/13/1 4814/14/1 4815/15/1
f 4813/13/1 4816/16/1 4814/14/1
f 4817/13/1 4818/14/1 4819/15/1
f 4817/13/1 4820/16/1 4818/14/1
f 4821/13/1 4822/14/1 4823/15/1
f 4821/13/1 4824/16/1 4822/14/1
f 4825/13/1 4826/14/1 4827/15/1
f 4825/13/1 4828/16/1 4826/14/1
f 4829/13/1 4830/14/1 4831/15/1
f 4829/13/1 4832/16/1 4830/14/1
f 4833/13/1 4834/14/1 4835/15/1
f 4833/13/1 4836/16/1 4834/14/1
f 4837/13/1 4838/14/1 4839/15/1
f 4837/13/1 4840/16/1 4838/14/1
f 4841/13/1 4842/14/1 4843/15/1
f 4841/13/1 4844/16/1 4842/14/1
f 4845/13/1 4846/14/1 4847/15/1
f 4845/13/1 4848/16/1 4846/14/1
f 4849/13/1 4850/14/1 4851/15/1
f 4849/13/1 4852/16/1 4850/14/1
f 4853/13/1 4854/14/1 4855/15/1
f 4853/13/1 4856/16/1 4854/14/1
f 4857/13/1 4858/14/1 4859/15/1
f 4857/13/1 4860/16/1 4858/14/1
f 4861/13/1 4862/14/1 4863/15/1
f 4861/13/1 4864/16/1 4862/14/1
f 4865/13/1 4866/14/1 4867/15/1
f 4865/13/1 4868/16/1 4866/14/1
f 4869/13/1 4870/14/1 4871/15/1
f 4869/13/1 4872/16/1 4870/14/1
f 4873/13/1 4874/14/1 4875/15/1
f 4873/13/1 4876/16/1 4874/14/1
f 4877/13/1 4878/14/1 4879/15/1
f 4877/13/1 4880/16/1 4878/14/1
f 4881/13/1 4882/14/1 4883/15/1
f 4881/13/1 4884/16/1 4882/14/1
f 4885/13/1 4886/14/1 4887/15/1
f 4885/13/1 4888/16/1 4886/14/1
f 4889/13/1 4890/14/1 4891/15/1
f 4889/13/1 4892/16/1 4890/14/1
f 4893/13/1 4894/14/1 4895/15/1
f 4893/13/1 4896/16/1 4894/14/1
f 4897/13/1 4898/14/1 4899/15/1
f 4897/13/1 4900/16/1 4898/14/1
f 4901/13/1 4902/14/1 4903/15/1
f 4901/13/1 4904/16/1 4902/14/1
f 4905/13/1 4906/14/1 4907/15/1
f 4905/13/1 4908/16/1 4906/14/1
f 4909/13/1 4910/14/1 4911/15/1
f 4909/13/1 4912/16/1 4910/14/1
f 4913/13/1 4914/14/1 4915/15/1
f 4913/13/1 4916/16/1 4914/14/1
f 4917/13/1 4918/14/1 4919/15/1
f 4917/13/1 4920/16/1 4918/14/1
f 4921/13/1 4922/14/1 4923/15/1
f 4921/13/1 4924/16/1 4922/14/1
f 4925/13/1 4926/14/1 4927/15/1
f 4925/13/1 4928/16/1 4926/14/1
f 4929/13/1 4930/14/1 4931/15/1
f 4929/13/1 4932/16/1 4930/14/1
f 4933/13/1 4934/14/1 4935/15/1
f 4933/13/1 4936/16/1 4934/14/1
f 4937/13/1 4938/14/1 4939/15/1
f 4937/13/1 4940/16/1 4938/14/1
f 4941/13/1 4942/14/1 4943/15/1
f 4941/13/1 4944/16/1 4942/14/1
f 4945/13/1 4946/14/1 4947/15/1
f 4945/13/1 4948/16/1 4946/14/1
f 4949/13/1 4950/14/1 4951/15/1
f 4949/13/1 4952/16/1 4950/14/1
f 4953/13/1 4954/14/1 4955/15/1
f 4953/13/1 4956/16/1 4954/14/1
f 4957/13/1 4958/14/1 4959/15/1
f 4957/13/1 4960/16/1 4958/14/1
f 4961/13/1 4962/14/1 4963/15/1
f 4961/13/1 4964/16/1 4962/14/1
f 4965/13/1 4966/14/1 4967/15/1
f 4965/13/1 4968/16/1 4966/14/1
f 4969/13/1 4970/14/1 4971/15/1
f 4969/13/1 4972/16/1 4970/14/1
f 4973/13/1 4974/14/1 4975/15/1
f 4973/13/1 4976/16/1 4974/14/1
f 4977/13/1 4978/14/1 4979/15/1
f 4977/13/1 4980/16/1 4978/14/1
f 4981/13/1 4982/14/1 4983/15/1
f 4981/13/1 4984/16/1 4982/14/1
f 4985/13/1 4986/14/1 4987/15/1
f 4985/13/1 4988/16/1 4986/14/1
f 4989/13/1 4990/14/1 4991/15/1
f 4989/13/1 4992/16/1 4990/14/1
f 4993/13/1 4994/14/1 4995/15/1
f 4993/13/1 4996/16/1 4994/14/1
f 4997/13/1 4998/14/1 4999/15/1
f 4997/13/1 5000/16/1 4998/14/1
f 5001/13/1 5002/14/1 5003/15/1
f 5001/13/1 5004/16/1 5002/14/1
f 5005/13/1 5006/14/1 5007/15/1
f 5005/13/1 5008/16/1 5006/14/1
f 5009/13/1 5010/14/1 5011/15/1
f 5009/13/1 5012/16/1 5010/14/1
f 5013/13/1 5014/14/1 5015/15/1
f 5013/13/1 5016/16/1 5014/14/1
f 5017/13/1 5018/14/1 5019/15/1
f 5017/13/1 5020/16/1 5018/14/1
f 5021/13/1 5022/14/1 5023/15/1
f 5021/13/1 5024/16/1 5022/14/1
f 5025/13/1 5026/14/1 5027/15/1
f 5025/13/1 5028/16/1 5026/14/1
f 5029/13/1 5030/14/1 5031/15/1
f 5029/13/1 5032/16/1 5030/14/1
f 5033/13/1 5034/14/1 5035/15/1
f 5033/13/1 5036/16/1 5034/14/1
f 5037/13/1 5038/14/1 5039/15/1
f 5037/13/1 5040/16/1 5038/14/1
f 5041/13/1 5042/14/1 5043/15/1
f 5041/13/1 5044/16/1 5042/14/1
f 5045/13/1 5046/14/1 5047/15/1
f 5045/13/1 5048/16/1 5046/14/1
f 5049/13/1 5050/14/1 5051/15/1
f 5049/13/1 5052/16/1 5050/14/1
f 5053/13/1 5054/14/1 5055/15/1
f 5053/13/1 5056/16/1 5054/14/1
f 5057/13/1 5058/14/1 5059/15/1
f 5057/13/1 5060/16/1 5058/14/1
f 5061/13/1 5062/14/1 5063/15/1
f 5061/13/1 5064/16/1 5062/14/1
f 5065/13/1 5066/14/1 5067/15/1
f 5065/13/1 5068/16/1 5066/14/1
f 5069/13/1 5070/14/1 5071/15/1
f 5069/13/1 5072/16/1 5070/14/1
f 5073/13/1 5074/14/1 5075/15/1
f 5073/13/1 5076/16/1 5074/14/1
f 5077/13/1 5078/14/1 5079/15/1
f 5077/13/1 5080/16/1 5078/14/1
f 5081/13/1 5082/14/1 5083/15/1
f 5081/13/1 5084/16/1 5082/14/1
f 5085/13/1 5086/14/1 5087/15/1
f 5085/13/1 5088/16/1 5086/14/1
f 5089/13/1 5090/14/1 5091/15/1
f 5089/13/1 5092/16/1 5090/14/1
f 5093/13/1 5094/14/1 5095/15/1
f 5093/13/1 5096/16/1 5094/14/1
f 5097/13/1 5098/14/1 5099/15/1
f 5097/13/1 5100/16/1 5098/14/1
f 5101/13/1 5102/14/1 5103/15/1
f 5101/13/1 5104/16/1 5102/14/1
f 5105/13/1 5106/14/1 5107/15/1
f 5105/13/1 5108/16/1 5106/14/1
f 5109/13/1 5110/14/1 5111/15/1
f 5109/13/1 5112/16/1 5110/14/1
f 5113/13/1 5114/14/1 5115/15/1
f 5113/13/1 5116/16/1 5114/14/1
f 5117/13/1 5118/14/1 5119/15/1
f 5117/13/1 5120/16/1 5118/14/1
f 5121/13/1 5122/14/1 5123/15/1
f 5121/13/1 5124/16/1 5122/14/1
f 5125/13/1 5126/14/1 5127/15/1
f 5125/13/1 5128/16/1 5126/14/1
f 5129/13/1 5130/14/1 5131/15/1
f 5129/13/1 5132/16/1 5130/14/1
f 5133/13/1 5134/14/1 5135/15/1
f 5133/13/1 5136/16/1 5134/14/1
f 5137/13/1 5138/14/1 5139/15/1
f 5137/13/1 5140/16/1 5138/14/1
f 5141/13/1 5142/14/1 5143/15/1
f 5141/13/1 5144/16/1 5142/14/1
f 5145/13/1 5146/14/1 5147/15/1
f 5145/13/1 5148/16/1 5146/14/1
f 5149/13/1 5150/14/1 5151/15/1
f 5149/13/1 5152/16/1 5150/14/1
f 5153/13/1 5154/14/1 5155/15/1
f 5153/13/1 5156/16/1 5154/14/1
f 5157/13/1 5158/14/1 5159/15/1
f 5157/13/1 5160/16/1 5158/14/1
f 5161/13/1 5162/14/1 5163/15/1
f 5161/13/1 5164/16/1 5162/14/1
f 5165/13/1 5166/14/1 5167/15/1
f 5165/13/1 5168/16/1 5166/14/1
f 5169/13/1 5170/14/1 5171/15/1
f 5169/13/1 5172/16/1 5170/14/1
f 5173/13/1 5174/14/1 5175/15/1
f 5173/13/1 5176/16/1 5174/14/1
f 5177/13/1 5178/14/1 5179/15/1
f 5177/13/1 5180/16/1 5178/14/1
f 5181/13/1 5182/14/1 5183/15/1
f 5181/13/1 5184/16/1 5182/14/1
f 5185/13/1 5186/14/1 5187/15/1
f 5185/13/1 5188/16/1 5186/14/1
f 5189/13/1 5190/14/1 5191/15/1
f 5189/13/1 5192/16/1 5190/14/1
f 5193/13/1 5194/14/1 5195/15/1
f 5193/13/1 5196/16/1 5194/14/1
f 5197/13/1 5198/14/1 5199/15/1
f 5197/13/1 5200/16/1 5198/14/1
f 5201/13/1 5202/14/1 5203/15/1
f 5201/13/1 5204/16/1 5202/14/1
f 5205/13/1 5206/14/1 5207/15/1
f 5205/13/1 5208/16/1 5206/14/1
f 5209/13/1 5210/14/1 5211/15/1
f 5209/13/1 5212/16/1 5210/14/1
f 5213/13/1 5214/14/1 5215/15/1
f 5213/13/1 5216/16/1 5214/14/1
f 5217/13/1 5218/14/1 5219/15/1
f 5217/13/1 5220/16/1 5218/14/1
f 5221/13/1 5222/14/1 5223/15/1
f 5221/13/1 5224/16/1 5222/14/1
f 5225/13/1 5226/14/1 5227/15/1
f 5225/13/1 5228/16/1 5226/14/1
f 5229/13/1 5230/14/1 5231/15/1
f 5229/13/1 5232/16/1 5230/14/1
f 5233/13/1 5234/14/1 5235/15/1
f 5233/13/1 5236/16/1 5234/14/1
f 5237/13/1 5238/14/1 5239/15/1
f 5237/13/1 5240/16/1 5238/14/1
f 5241/13/1 5242/14/1 5243/15/1
f 5241/13/1 5244/16/1 5242/14/1
f 5245/13/1 5246/14/1 5247/15/1
f 5245/13/1 5248/16/1 5246/14/1
f 5249/13/1 5250/14/1 5251/15/1
f 5249/13/1 5252/16/1 5250/14/1
f 5253/13/1 5254/14/1 5255/15/1
f 5253/13/1 5256/16/1 5254/14/1
f 5257/13/1 5258/14/1 5259/15/1
f 5257/13/1 5260/16/1 5258/14/1
f 5261/13/1 5262/14/1 5263/15/1
f 5261/13/1 5264/16/1 5262/14/1
f 5265/13/1 5266/14/1 5267/15/1
f 5265/13/1 5268/16/1 5266/14/1
f 5269/13/1 5270/14/1 5271/15/1
f 5269/13/1 5272/16/1 5270/14/1
f 5273/13/1 5274/14/1 5275/15/1
f 5273/13/1 5276/16/1 5274/14/1
f 5277/13/1 5278/14/1 5279/15/1
f 5277/13/1 5280/16/1 5278/14/1
f 5281/13/1 5282/14/1 5283/15/1
f 5281/13/1 5284/16/1 5282/14/1
f 5285/13/1 5286/14/1 5287/15/1
f 5285/13/1 5288/16/1 5286/14/1
f 5289/13/1 5290/14/1 5291/15/1
f 5289/13/1 5292/16/1 5290/14/1
f 5293/13/1 5294/14/1 5295/15/1
f 5293/13/1 5296/16/1 5294/14/1
f 5297/13/1 5298/14/1 5299/15/1
f 5297/13/1 5300/16/1 5298/14/1
f 5301/13/1 5302/14/1 5303/15/1
f 5301/13/1 5304/16/1 5302/14/1
f 5305/13/1 5306/14/1 5307/15/1
f 5305/13/1 5308/16/1 5306/14/1
f 5309/13/1 5310/14/1 5311/15/1
f 5309/13/1 5312/16/1 5310/14/1
f 5313/13/1 5314/14/1 5315/15/1
f 5313/13/1 5316/16/1 5314/14/1
f 5317/13/1 5318/14/1 5319/15/1
f 5317/13/1 5320/16/1 5318/14/1
f 5321/13/1 5322/14/1 5323/15/1
f 5321/13/1 5324/16/1 5322/14/1
f 5325/13/1 5326/14/1 5327/15/1
f 5325/13/1 5328/16/1 5326/14/1
f 5329/13/1 5330/14/1 5331/15/1
f 5329/13/1 5332/16/1 5330/14/1
f 5333/13/1 5334/14/1 5335/15/1
f 5333/13/1 5336/16/1 5334/14/1
f 5337/13/1 5338/14/1 5339/15/1
f 5337/13/1 5340/16/1 5338/14/1
f 5341/13/1 5342/14/1 5343/15/1
f 5341/13/1 5344/16/1 5342/14/1
f 5345/13/1 5346/14/1 5347/15/1
f 5345/13/1 5348/16/1 5346/14/1
f 5349/13/1 5350/14/1 5351/15/1
f 5349/13/1 5352/16/1 5350/14/1
f 5353/13/1 5354/14/1 5355/15/1
f 5353/13/1 5356/16/1 5354/14/1
f 5357/13/1 5358/14/1 5359/15/1
f 5357/13/1 5360/16/1 5358/14/1
f 5361/13/1 5362/14/1 5363/15/1
f 5361/13/1 5364/16/1 5362/14/1
f 5365/13/1 5366/14/1 5367/15/1
f 5365/13/1 5368/16/1 5366/14/1
f 5369/13/1 5370/14/1 5371/15/1
f 5369/13/1 5372/16/1 5370/14/1
f 5373/13/1 5374/14/1 5375/15/1
f 5373/13/1 5376/16/1 5374/14/1
f 5377/13/1 5378/14/1 5379/15/1
f 5377/13/1 5380/16/1 5378/14/1
f 5381/13/1 5382/14/1 5383/15/1
f 5381/13/1 5384/16/1 5382/14/1
f 5385/13/1 5386/14/1 5387/15/1
f 5385/13/1 5388/16/1 5386/14/1
f 5389/13/1 5390/14/1 5391/15/1
f 5389/13/1 5392/16/1 5390/14/1
f 5393/13/1 5394/14/1 5395/15/1
f 5393/13/1 5396/16/1 5394/14/1
f 5397/13/1 5398/14/1 5399/15/1
f 5397/13/1 5400/16/1 5398/14/1
f 5401/13/1 5402/14/1 5403/15/1
f 5401/13/1 5404/16/1 5402/14/1
f 5405/13/1 5406/14/1 5407/15/1
f 5405/13/1 5408/16/1 5406/14/1
f 5409/13/1 5410/14/1 5411/15/1
f 5409/13/1 5412/16/1 5410/14/1
f 5413/13/1 5414/14/1 5415/15/1
f 5413/13/1 5416/16/1 5414/14/1
f 5417/13/1 5418/14/1 5419/15/1
f 5417/13/1 5420/16/1 5418/14/1
f 5421/13/1 5422/14/1 5423/15/1
f 5421/13/1 5424/16/1 5422/14/1
f 5425/13/1 5426/14/1 5427/15/1
f 5425/13/1 5428/16/1 5426/14/1
f 5429/13/1 5430/14/1 5431/15/1
f 5429/13/1 5432/16/1 5430/14/1
f 5433/13/1 5434/14/1 5435/15/1
f 5433/13/1 5436/16/1 5434/14/1
f 5437/13/1 5438/14/1 5439/15/1
f 5437/13/1 5440/16/1 5438/14/1
f 5441/13/1 5442/14/1 5443/15/1
f 5441/13/1 5444/16/1 5442/14/1
f 5445/13/1 5446/14/1 5447/15/1
f 5445/13/1 5448/16/1 5446/14/1
f 5449/13/1 5450/14/1 5451/15/1
f 5449/13/1 5452/16/1 5450/14/1
f 5453/13/1 5454/14/1 5455/15/1
f 5453/13/1 5456/16/1 5454/14/1
f 5457/13/1 5458/14/1 5459/15/1
f 5457/13/1 5460/16/1 5458/14/1
f 5461/13/1 5462/14/1 5463/15/1
f 5461/13/1 5464/16/1 5462/14/1
f 5465/13/1 5466/14/1 5467/15/1
f 5465/13/1 5468/16/1 5466/14/1
f 5469/13/1 5470/14/1 5471/15/1
f 5469/13/1 5472/16/1 5470/14/1
f 5473/13/1 5474/14/1 5475/15/1
f 5473/13/1 5476/16/1 5474/14/1
f 5477/13/1 5478/14/1 5479/15/1
f 5477/13/1 5480/16/1 5478/14/1
f 5481/13/1 5482/14/1 5483/15/1
f 5481/13/1 5484/16/1 5482/14/1
f 5485/13/1 5486/14/1 5487/15/1
f 5485/13/1 5488/16/1 5486/14/1
f 5489/13/1 5490/14/1 5491/15/1
f 5489/13/1 5492/16/1 5490/14/1
f 5493/13/1 5494/14/1 5495/15/1
f 5493/13/1 5496/16/1 5494/14/1
f 5497/13/1 5498/14/1 5499/15/1
f 5497/13/1 5500/16/1 5498/14/1
f 5501/13/1 5502/14/1 5503/15/1
f 5501/13/1 5504/16/1 5502/14/1
f 5505/13/1 5506/14/1 5507/15/1
f 5505/13/1 5508/16/1 5506/14/1
f 5509/13/1 5510/14/1 5511/15/1
f 5509/13/1 5512/16/1 5510/14/1
f 5513/13/1 5514/14/1 5515/15/1
f 5513/13/1 5516/16/1 5514/14/1
f 5517/13/1 5518/14/1 5519/15/1
f 5517/13/1 5520/16/1 5518/14/1
f 5521/13/1 5522/14/1 5523/15/1
f 5521/13/1 5524/16/1 5522/14/1
f 5525/13/1 5526/14/1 5527/15/1
f 5525/13/1 5528/16/1 5526/14/1
f 5529/13/1 5530/14/1 5531/15/1
f 5529/13/1 5532/16/1 5530/14/1
f 5533/13/1 5534/14/1 5535/15/1
f 5533/13/1 5536/16/1 5534/14/1
f 5537/13/1 5538/14/1 5539/15/1
f 5537/13/1 5540/16/1 5538/14/1
f 5541/13/1 5542/14/1 5543/15/1
f 5541/13/1 5544/16/1 5542/14/1
f 5545/13/1 5546/14/1 5547/15/1
f 5545/13/1 5548/16/1 5546/14/1
f 5549/13/1 5550/14/1 5551/15/1
f 5549/13/1 5552/16/1 5550/14/1
f 5553/13/1 5554/14/1 5555/15/1
f 5553/13/1 5556/16/1 5554/14/1
f 5557/13/1 5558/14/1 5559/15/1
f 5557/13/1 5560/16/1 5558/14/1
f 5561/13/1 5562/14/1 5563/15/1
f 5561/13/1 5564/16/1 5562/14/1
f 5565/13/1 5566/14/1 5567/15/1
f 5565/13/1 5568/16/1 5566/14/1
f 5569/13/1 5570/14/1 5571/15/1
f 5569/13/1 5572/16/1 5570/14/1
f 5573/13/1 5574/14/1 5575/15/1
f 5573/13/1 5576/16/1 5574/14/1
f 5577/13/1 5578/14/1 5579/15/1
f 5577/13/1 5580/16/1 5578/14/1
f 5581/13/1 5582/14/1 5583/15/1
f 5581/13/1 5584/16/1 5582/14/1
f 5585/13/1 5586/14/1 5587/15/1
f 5585/13/1 5588/16/1 5586/14/1
f 5589/13/1 5590/14/1 5591/15/1
f 5589/13/1 5592/16/1 5590/14/1
f 5593/13/1 5594/14/1 5595/15/1
f 5593/13/1 5596/16/1 5594/14/1
f 5597/13/1 5598/14/1 5599/15/1
f 5597/13/1 5600/16/1 5598/14/1
f 5601/13/1 5602/14/1 5603/15/1
f 5601/13/1 5604/16/1 5602/14/1
f 5605/13/1 5606/14/1 5607/15/1
f 5605/13/1 5608/16/1 5606/14/1
f 5609/13/1 5610/14/1 5611/15/1
f 5609/13/1 5612/16/1 5610/14/1
f 5613/13/1 5614/14/1 5615/15/1
f 5613/13/1 5616/16/1 5614/14/1
f 5617/13/1 5618/14/1 5619/15/1
f 5617/13/1 5620/16/1 5618/14/1
f 5621/13/1 5622/14/1 5623/15/1
f 5621/13/1 5624/16/1 5622/14/1
f 5625/13/1 5626/14/1 5627/15/1
f 5625/13/1 5628/16/1 5626/14/1
f 5629/13/1 5630/14/1 5631/15/1
f 5629/13/1 5632/16/1 5630/14/1
f 5633/13/1 5634/14/1 5635/15/1
f 5633/13/1 5636/16/1 5634/14/1
f 5637/13/1 5638/14/1 5639/15/1
f 5637/13/1 5640/16/1 5638/14/1
f 5641/13/1 5642/14/1 5643/15/1
f 5641/13/1 5644/16/1 5642/14/1
f 5645/13/1 5646/14/1 5647/15/1
f 5645/13/1 5648/16/1 5646/14/1
f 5649/13/1 5650/14/1 5651/15/1
f 5649/13/1 5652/16/1 5650/14/1
f 5653/13/1 5654/14/1 5655/15/1
f 5653/13/1 5656/16/1 5654/14/1
f 5657/13/1 5658/14/1 5659/15/1
f 5657/13/1 5660/16/1 5658/14/1
f 5661/13/1 5662/14/1 5663/15/1
f 5661/13/1 5664/16/1 5662/14/1
f 5665/13/1 5666/14/1 5667/15/1
f 5665/13/1 5668/16/1 5666/14/1
f 5669/13/1 5670/14/1 5671/15/1
f 5669/13/1 5672/16/1 5670/14/1
f 5673/13/1 5674/14/1 5675/15/1
f 5673/13/1 5676/16/1 5674/14/1
f 5677/13/1 5678/14/1 5679/15/1
f 5677/13/1 5680/16/1 5678/14/1
f 5681/13/1 5682/14/1 5683/15/1
f 5681/13/1 5684/16/1 5682/14/1
f 5685/13/1 5686/14/1 5687/15/1
f 5685/13/1 5688/16/1 5686/14/1
f 5689/13/1 5690/14/1 5691/15/1
f 5689/13/1 5692/16/1 5690/14/1
f 5693/13/1 5694/14/1 5695/15/1
f 5693/13/1 5696/16/1 5694/14/1
f 5697/13/1 5698/14/1 5699/15/1
f 5697/13/1 5700/16/1 5698/14/1
f 5701/13/1 5702/14/1 5703/15/1
f 5701/13/1 5704/16/1 5702/14/1
f 5705/13/1 5706/14/1 5707/15/1
f 5705/13/1 5708/16/1 5706/14/1
f 5709/13/1 5710/14/1 5711/15/1
f 5709/13/1 5712/16/1 5710/14/1
f 5713/13/1 5714/14/1 5715/15/1
f 5713/13/1 5716/16/1 5714/14/1
f 5717/13/1 5718/14/1 5719/15/1
f 5717/13/1 5720/16/1 5718/14/1
f 5721/13/1 5722/14/1 5723/15/1
f 5721/13/1 5724/16/1 5722/14/1
f 5725/13/1 5726/14/1 5727/15/1
f 5725/13/1 5728/16/1 5726/14/1
f 5729/13/1 5730/14/1 5731/15/1
f 5729/13/1 5732/16/1 5730/14/1
f 5733/13/1 5734/14/1 5735/15/1
f 5733/13/1 5736/16/1 5734/14/1
f 5737/13/1 5738/14/1 5739/15/1
f 5737/13/1 5740/16/1 5738/14/1
f 5741/13/1 5742/14/1 5743/15/1
f 5741/13/1 5744/16/1 5742/14/1
f 5745/13/1 5746/14/1 5747/15/1
f 5745/13/1 5748/16/1 5746/14/1
f 5749/13/1 5750/14/1 5751/15/1
f 5749/13/1 5752/16/1 5750/14/1
f 5753/13/1 5754/14/1 5755/15/1
f 5753/13/1 5756/16/1 5754/14/1
f 5757/13/1 5758/14/1 5759/15/1
f 5757/13/1 5760/16/1 5758/14/1
f 5761/13/1 5762/14/1 5763/15/1
f 5761/13/1 5764/16/1 5762/14/1
f 5765/13/1 5766/14/1 5767/15/1
f 5765/13/1 5768/16/1 5766/14/1
f 5769/13/1 5770/14/1 5771/15/1
f 5769/13/1 5772/16/1 5770/14/1
f 5773/13/1 5774/14/1 5775/15/1
f 5773/13/1 5776/16/1 5774/14/1
f 5777/13/1 5778/14/1 5779/15/1
f 5777/13/1 5780/16/1 5778/14/1
f 5781/13/1 5782/14/1 5783/15/1
f 5781/13/1 5784/16/1 5782/14/1
f 5785/13/1 5786/14/1 5787/15/1
f 5785/13/1 5788/16/1 5786/14/1
f 5789/13/1 5790/14/1 5791/15/1
f 5789/13/1 5792/16/1 5790/14/1
f 5793/13/1 5794/14/1 5795/15/1
f 5793/13/1 5796/16/1 5794/14/1
f 5797/13/1 5798/14/1 5799/15/1
f 5797/13/1 5800/16/1 5798/14/1
f 5801/13/1 5802/14/1 5803/15/1
f 5801/13/1 5804/16/1 5802/14/1
f 5805/13/1 5806/14/1 5807/15/1
f 5805/13/1 5808/16/1 5806/14/1
f 5809/13/1 5810/14/1 5811/15/1
f 5809/13/1 5812/16/1 5810/14/1
f 5813/13/1 5814/14/1 5815/15/1
f 5813/13/1 5816/16/1 5814/14/1
f 5817/13/1 5818/14/1 5819/15/1
f 5817/13/1 5820/16/1 5818/14/1
f 5821/13/1 5822/14/1 5823/15/1
f 5821/13/1 5824/16/1 5822/14/1
f 5825/13/1 5826/14/1 5827/15/1
f 5825/13/1 5828/16/1 5826/14/1
f 5829/13/1 5830/14/1 5831/15/1
f 5829/13/1 5832/16/1 5830/14/1
f 5833/13/1 5834/14/1 5835/15/1
f 5833/13/1 5836/16/1 5834/14/1
f 5837/13/1 5838/14/1 5839/15/1
f 5837/13/1 5840/16/1 5838/14/1
f 5841/13/1 5842/14/1 5843/15/1
f 5841/13/1 5844/16/1 5842/14/1
f 5845/13/1 5846/14/1 5847/15/1
f 5845/13/1 5848/16/1 5846/14/1
f 5849/13/1 5850/14/1 5851/15/1
f 5849/13/1 5852/16/1 5850/14/1
f 5853/13/1 5854/14/1 5855/15/1
f 5853/13/1 5856/16/1 5854/14/1
f 5857/13/1 5858/14/1 5859/15/1
f 5857/13/1 5860/16/1 5858/14/1
f 5861/13/1 5862/14/1 5863/15/1
f 5861/13/1 5864/16/1 5862/14/1
f 5865/13/1 5866/14/1 5867/15/1
f 5865/13/1 5868/16/1 5866/14/1
f 5869/13/1 5870/14/1 5871/15/1
f 5869/13/1 5872/16/1 5870/14/1
f 5873/13/1 5874/14/1 5875/15/1
f 5873/13/1 5876/16/1 5874/14/1
f 5877/13/1 5878/14/1 5879/15/1
f 5877/13/1 5880/16/1 5878/14/1
f 5881/13/1 5882/14/1 5883/15/1
f 5881/13/1 5884/16/1 5882/14/1
f 5885/13/1 5886/14/1 5887/15/1
f 5885/13/1 5888/16/1 5886/14/1
f 5889/13/1 5890/14/1 5891/15/1
f 5889/13/1 5892/16/1 5890/14/1
f 5893/13/1 5894/14/1 5895/15/1
f 5893/13/1 5896/16/1 5894/14/1
f 5897/13/1 5898/14/1 5899/15/1
f 5897/13/1 5900/16/1 5898/14/1
f 5901/13/1 5902/14/1 5903/15/1
f 5901/13/1 5904/16/1 5902/14/1
f 5905/13/1 5906/14/1 5907/15/1
f 5905/13/1 5908/16/1 5906/14/1
f 5909/13/1 5910/14/1 5911/15/1
f 5909/13/1 5912/16/1 5910/14/1
f 5913/13/1 5914/14/1 5915/15/1
f 5913/13/1 5916/16/1 5914/14/1
f 5917/13/1 5918/14/1 5919/15/1
f 5917/13/1 5920/16/1 5918/14/1
f 5921/13/1 5922/14/1 5923/15/1
f 5921/13/1 5924/16/1 5922/14/1
f 5925/13/1 5926/14/1 5927/15/1
f 5925/13/1 5928/16/1 5926/14/1
f 5929/13/1 5930/14/1 5931/15/1
f 5929/13/1 5932/16/1 5930/14/1
f 5933/13/1 5934/14/1 5935/15/1
f 5933/13/1 5936/16/1 5934/14/1
f 5937/13/1 5938/14/1 5939/15/1
f 5937/13/1 5940/16/1 5938/14/1
f 5941/13/1 5942/14/1 5943/15/1
f 5941/13/1 5944/16/1 5942/14/1
f 5945/13/1 5946/14/1 5947/15/1
f 5945/13/1 5948/16/1 5946/14/1
f 5949/13/1 5950/14/1 5951/15/1
f 5949/13/1 5952/16/1 5950/14/1
f 5953/13/1 5954/14/1 5955/15/1
f 5953/13/1 5956/16/1 5954/14/1
f 5957/13/1 5958/14/1 5959/15/1
f 5957/13/1 5960/16/1 5958/14/1
f 5961/13/1 5962/14/1 5963/15/1
f 5961/13/1 5964/16/1 5962/14/1
f 5965/13/1 5966/14/1 5967/15/1
f 5965/13/1 5968/16/1 5966/14/1
f 5969/13/1 5970/14/1 5971/15/1
f 5969/13/1 5972/16/1 5970/14/1
f 5973/13/1 5974/14/1 5975/15/1
f 5973/13/1 5976/16/1 5974/14/1
f 5977/13/1 5978/14/1 5979/15/1
f 5977/13/1 5980/16/1 5978/14/1
f 5981/13/1 5982/14/1 5983/15/1
f 5981/13/1 5984/16/1 5982/14/1
f 5985/13/1 5986/14/1 5987/15/1
f 5985/13/1 5988/16/1 5986/14/1
f 5989/13/1 5990/14/1 5991/15/1
f 5989/13/1 5992/16/1 5990/14/1
f 5993/13/1 5994/14/1 5995/15/1
f 5993/13/1 5996/16/1 5994/14/1
f 5997/13/1 5998/14/1 5999/15/1
f 5997/13/1 6000/16/1 5998/14/1
f 6001/13/1 6002/14/1 6003/15/1
f 6001/13/1 6004/16/1 6002/14/1
f 6005/13/1 6006/14/1 6007/15/1
f 6005/13/1 6008/16/1 6006/14/1
f 6009/13/1 6010/14/1 6011/15/1
f 6009/13/1 6012/16/1 6010/14/1
f 6013/13/1 6014/14/1 6015/15/1
f 6013/13/1 6016/16/1 6014/14/1
f 6017/13/1 6018/14/1 6019/15/1
f 6017/13/1 6020/16/1 6018/14/1
f 6021/13/1 6022/14/1 6023/15/1
f 6021/13/1 6024/16/1 6022/14/1
f 6025/13/1 6026/14/1 6027/15/1
f 6025/13/1 6028/16/1 6026/14/1
f 6029/13/1 6030/14/1 6031/15/1
f 6029/13/1 6032/16/1 6030/14/1
f 6033/13/1 6034/14/1 6035/15/1
f 6033/13/1 6036/16/1 6034/14/1
f 6037/13/1 6038/14/1 6039/15/1
f 6037/13/1 6040/16/1 6038/14/1
f 6041/13/1 6042/14/1 6043/15/1
f 6041/13/1 6044/16/1 6042/14/1
f 6045/13/1 6046/14/1 6047/15/1
f 6045/13/1 6048/16/1 6046/14/1
f 6049/13/1 6050/14/1 6051/15/1
f 6049/13/1 6052/16/1 6050/14/1
f 6053/13/1 6054/14/1 6055/15/1
f 6053/13/1 6056/16/1 6054/14/1
f 6057/13/1 6058/14/1 6059/15/1
f 6057/13/1 6060/16/1 6058/14/1
f 6061/13/1 6062/14/1 6063/15/1
f 6061/13/1 6064/16/1 6062/14/1
f 6065/13/1 6066/14/1 6067/15/1
f 6065/13/1 6068/16/1 6066/14/1
f 6069/13/1 6070/14/1 6071/15/1
f 6069/13/1 6072/16/1 6070/14/1
f 6073/13/1 6074/14/1 6075/15/1
f 6073/13/1 6076/16/1 6074/14/1
f 6077/13/1 6078/14/1 6079/15/1
f 6077/13/1 6080/16/1 6078/14/1
f 6081/13/1 6082/14/1 6083/15/1
f 6081/13/1 6084/16/1 6082/14/1
f 6085/13/1 6086/14/1 6087/15/1
f 6085/13/1 6088/16/1 6086/14/1
f 6089/13/1 6090/14/1 6091/15/1
f 6089/13/1 6092/16/1 6090/14/1
f 6093/13/1 6094/14/1 6095/15/1
f 6093/13/1 6096/16/1 6094/14/1
f 6097/13/1 6098/14/1 6099/15/1
f 6097/13/1 6100/16/1 6098/14/1
f 6101/13/1 6102/14/1 6103/15/1
f 6101/13/1 6104/16/1 6102/14/1
f 6105/13/1 6106/14/1 6107/15/1
f 6105/13/1 6108/16/1 6106/14/1
f 6109/13/1 6110/14/1 6111/15/1
f 6109/13/1 6112/16/1 6110/14/1
f 6113/13/1 6114/14/1 6115/15/1
f 6113/13/1 6116/16/1 6114/14/1
f 6117/13/1 6118/14/1 6119/15/1
f 6117/13/1 6120/16/1 6118/14/1
f 6121/13/1 6122/14/1 6123/15/1
f 6121/13/1 6124/16/1 6122/14/1
f 6125/13/1 6126/14/1 6127/15/1
f 6125/13/1 6128/16/1 6126/14/1
f 6129/13/1 6130/14/1 6131/15/1
f 6129/13/1 6132/16/1 6130/14/1
f 6133/13/1 6134/14/1 6135/15/1
f 6133/13/1 6136/16/1 6134/14/1
f 6137/13/1 6138/14/1 6139/15/1
f 6137/13/1 6140/16/1 6138/14/1
f 6141/13/1 6142/14/1 6143/15/1
f 6141/13/1 6144/16/1 6142/14/1
f 6145/13/1 6146/14/1 6147/15/1
f 6145/13/1 6148/16/1 6146/14/1
f 6149/13/1 6150/14/1 6151/15/1
f 6149/13/1 6152/16/1 6150/14/1
f 6153/13/1 6154/14/1 6155/15/1
f 6153/13/1 6156/16/1 6154/14/1
f 6157/13/1 6158/14/1 6159/15/1
f 6157/13/1 6160/16/1 6158/14/1
f 6161/13/1 6162/14/1 6163/15/1
f 6161/13/1 6164/16/1 6162/14/1
f 6165/13/1 6166/14/1 6167/15/1
f 6165/13/1 6168/16/1 6166/14/1
f 6169/13/1 6170/14/1 6171/15/1
f 6169/13/1 6172/16/1 6170/14/1
f 6173/13/1 6174/14/1 6175/15/1
f 6173/13/1 6176/16/1 6174/14/1
f 6177/13/1 6178/14/1 6179/15/1
f 6177/13/1 6180/16/1 6178/14/1
f 6181/13/1 6182/14/1 6183/15/1
f 6181/13/1 6184/16/1 6182/14/1
f 6185/13/1 6186/14/1 6187/15/1
f 6185/13/1 6188/16/1 6186/14/1
f 6189/13/1 6190/14/1 6191/15/1
f 6189/13/1 6192/16/1 6190/14/1
f 6193/13/1 6194/14/1 6195/15/1
f 6193/13/1 6196/16/1 6194/14/1
f 6197/13/1 6198/14/1 6199/15/1
f 6197/13/1 6200/16/1 6198/14/1
f 6201/13/1 6202/14/1 6203/15/1
f 6201/13/1 6204/16/1 6202/14/1
f 6205/13/1 6206/14/1 6207/15/1
f 6205/13/1 6208/16/1 6206/14/1
f 6209/13/1 6210/14/1 6211/15/1
f 6209/13/1 6212/16/1 6210/14/1
f 6213/13/1 6214/14/1 6215/15/1
f 6213/13/1 6216/16/1 6214/14/1
f 6217/13/1 6218/14/1 6219/15/1
f 6217/13/1 6220/16/1 6218/14/1
f 6221/13/1 6222/14/1 6223/15/1
f 6221/13/1 6224/16/1 6222/14/1
f 6225/13/1 6226/14/1 6227/15/1
f 6225/13/1 6228/16/1 6226/14/1
f 6229/13/1 6230/14/1 6231/15/1
f 6229/13/1 6232/16/1 6230/14/1
f 6233/13/1 6234/14/1 6235/15/1
f 6233/13/1 6236/16/1 6234/14/1
f 6237/13/1 6238/14/1 6239/15/1
f 6237/13/1 6240/16/1 6238/14/1
f 6241/13/1 6242/14/1 6243/15/1
f 6241/13/1 6244/16/1 6242/14/1
f 6245/13/1 6246/14/1 6247/15/1
f 6245/13/1 6248/16/1 6246/14/1
f 6249/13/1 6250/14/1 6251/15/1
f 6249/13/1 6252/16/1 6250/14/1
f 6253/13/1 6254/14/1 6255/15/1
f 6253/13/1 6256/16/1 6254/14/1
f 6257/13/1 6258/14/1 6259/15/1
f 6257/13/1 6260/16/1 6258/14/1
f 6261/13/1 6262/14/1 6263/15/1
f 6261/13/1 6264/16/1 6262/14/1
f 6265/13/1 6266/14/1 6267/15/1
f 6265/13/1 6268/16/1 6266/14/1
f 6269/13/1 6270/14/1 6271/15/1
f 6269/13/1 6272/16/1 6270/14/1
f 6273/13/1 6274/14/1 6275/15/1
f 6273/13/1 6276/16/1 6274/14/1
f 6277/13/1 6278/14/1 6279/15/1
f 6277/13/1 6280/16/1 6278/14/1
f 6281/13/1 6282/14/1 6283/15/1
f 6281/13/1 6284/16/1 6282/14/1
f 6285/13/1 6286/14/1 6287/15/1
f 6285/13/1 6288/16/1 6286/14/1
f 6289/13/1 6290/14/1 6291/15/1
f 6289/13/1 6292/16/1 6290/14/1
f 6293/13/1 6294/14/1 6295/15/1
f 6293/13/1 6296/16/1 6294/14/1
f 6297/13/1 6298/14/1 6299/15/1
f 6297/13/1 6300/16/1 6298/14/1
f 6301/13/1 6302/14/1 6303/15/1
f 6301/13/1 6304/16/1 6302/14/1
f 6305/13/1 6306/14/1 6307/15/1
f 6305/13/1 6308/16/1 6306/14/1
