mtllib material.mtl
o Default
v -8.65 -0.72 -9.93 1 1 1 1
v -8.17 -0.72 -9.93 1 1 1 1
v -8.17 0.4 -9.93 1 1 1 1
v -8.65 0.4 -9.93 1 1 1 1
v -8.65 -0.72 -8.97 1 1 1 1
v -8.65 0.4 -9.93 1 1 1 1
v -8.65 -0.72 -9.93 1 1 1 1
v -8.65 0.4 -8.97 1 1 1 1
v -8.17 -0.72 -8.97 1 1 1 1
v -8.17 0.4 -8.01 1 1 1 1
v -8.17 -0.72 -8.01 1 1 1 1
v -8.17 0.4 -8.97 1 1 1 1
v -8.65 -0.72 -8.01 1 1 1 1
v -8.65 0.4 -8.97 1 1 1 1
v -8.65 -0.72 -8.97 1 1 1 1
v -8.65 0.4 -8.01 1 1 1 1
v -8.17 -0.72 -8.01 1 1 1 1
v -8.17 0.4 -7.05 1 1 1 1
v -8.17 -0.72 -7.05 1 1 1 1
v -8.17 0.4 -8.01 1 1 1 1
v -8.65 -0.72 -7.05 1 1 1 1
v -8.65 0.4 -8.01 1 1 1 1
v -8.65 -0.72 -8.01 1 1 1 1
v -8.65 0.4 -7.05 1 1 1 1
v -8.17 -0.72 -7.05 1 1 1 1
v -8.17 0.4 -6.09 1 1 1 1
v -8.17 -0.72 -6.09 1 1 1 1
v -8.17 0.4 -7.05 1 1 1 1
v -8.65 -0.72 -6.09 1 1 1 1
v -8.65 0.4 -7.05 1 1 1 1
v -8.65 -0.72 -7.05 1 1 1 1
v -8.65 0.4 -6.09 1 1 1 1
v -8.17 -0.72 -6.09 1 1 1 1
v -8.65 0.4 -6.09 1 1 1 1
v -8.65 -0.72 -6.09 1 1 1 1
v -8.17 0.4 -6.09 1 1 1 1
v -0.66 0.37 -10.02 1 1 1 1
v 0.3 0.37 -10.5 1 1 1 1
v -0.66 0.37 -10.5 1 1 1 1
v 0.3 0.37 -10.02 1 1 1 1
v 0.3 0.37 -10.02 1 1 1 1
v 1.26 0.37 -10.5 1 1 1 1
v 0.3 0.37 -10.5 1 1 1 1
v 1.26 0.37 -10.02 1 1 1 1
v 1.26 0.37 -10.02 1 1 1 1
v 2.22 0.37 -10.5 1 1 1 1
v 1.26 0.37 -10.5 1 1 1 1
v 2.22 0.37 -10.02 1 1 1 1
v 2.22 0.37 -10.02 1 1 1 1
v 3.18 0.37 -10.5 1 1 1 1
v 2.22 0.37 -10.5 1 1 1 1
v 3.18 0.37 -10.02 1 1 1 1
v 2.22 -0.75 -10.5 1 1 1 1
v 3.18 0.37 -10.5 1 1 1 1
v 3.18 -0.75 -10.5 1 1 1 1
v 2.22 0.37 -10.5 1 1 1 1
v 3.18 -0.75 -10.5 1 1 1 1
v 3.18 0.37 -10.02 1 1 1 1
v 3.18 -0.75 -10.02 1 1 1 1
v 3.18 0.37 -10.5 1 1 1 1
v 3.18 -0.75 -10.02 1 1 1 1
v 2.22 0.37 -10.02 1 1 1 1
v 2.22 -0.75 -10.02 1 1 1 1
v 3.18 0.37 -10.02 1 1 1 1
v 1.26 -0.75 -10.5 1 1 1 1
v 2.22 0.37 -10.5 1 1 1 1
v 2.22 -0.75 -10.5 1 1 1 1
v 1.26 0.37 -10.5 1 1 1 1
v 2.22 -0.75 -10.02 1 1 1 1
v 1.26 0.37 -10.02 1 1 1 1
v 1.26 -0.75 -10.02 1 1 1 1
v 2.22 0.37 -10.02 1 1 1 1
v 0.3 -0.75 -10.5 1 1 1 1
v 1.26 0.37 -10.5 1 1 1 1
v 1.26 -0.75 -10.5 1 1 1 1
v 0.3 0.37 -10.5 1 1 1 1
v 1.26 -0.75 -10.02 1 1 1 1
v 0.3 0.37 -10.02 1 1 1 1
v 0.3 -0.75 -10.02 1 1 1 1
v 1.26 0.37 -10.02 1 1 1 1
v -0.66 -0.75 -10.02 1 1 1 1
v -0.66 0.37 -10.5 1 1 1 1
v -0.66 -0.75 -10.5 1 1 1 1
v -0.66 0.37 -10.02 1 1 1 1
v -0.66 -0.75 -10.5 1 1 1 1
v 0.3 0.37 -10.5 1 1 1 1
v 0.3 -0.75 -10.5 1 1 1 1
v -0.66 0.37 -10.5 1 1 1 1
v 0.3 -0.75 -10.02 1 1 1 1
v -0.66 0.37 -10.02 1 1 1 1
v -0.66 -0.75 -10.02 1 1 1 1
v 0.3 0.37 -10.02 1 1 1 1
v 3.46 0.36 -8.32 1 1 1 1
v 4.42 0.36 -8.8 1 1 1 1
v 3.46 0.36 -8.8 1 1 1 1
v 4.42 0.36 -8.32 1 1 1 1
v 2.5 0.36 -8.32 1 1 1 1
v 3.46 0.36 -8.8 1 1 1 1
v 2.5 0.36 -8.8 1 1 1 1
v 3.46 0.36 -8.32 1 1 1 1
v 6.34 0.36 -8.32 1 1 1 1
v 7.3 0.36 -8.8 1 1 1 1
v 6.34 0.36 -8.8 1 1 1 1
v 7.3 0.36 -8.32 1 1 1 1
v 5.38 0.36 -8.32 1 1 1 1
v 6.34 0.36 -8.8 1 1 1 1
v 5.38 0.36 -8.8 1 1 1 1
v 6.34 0.36 -8.32 1 1 1 1
v 4.42 0.36 -8.32 1 1 1 1
v 5.38 0.36 -8.8 1 1 1 1
v 4.42 0.36 -8.8 1 1 1 1
v 5.38 0.36 -8.32 1 1 1 1
v 7.3 0.36 -8.8 1 1 1 1
v 6.82 0.36 -9.76 1 1 1 1
v 6.82 0.36 -8.8 1 1 1 1
v 7.3 0.36 -9.76 1 1 1 1
v 7.3 0.36 -9.76 1 1 1 1
v 6.82 0.36 -10.72 1 1 1 1
v 6.82 0.36 -9.76 1 1 1 1
v 7.3 0.36 -10.72 1 1 1 1
v 6.34 -0.76 -8.8 1 1 1 1
v 7.3 0.36 -8.8 1 1 1 1
v 7.3 -0.76 -8.8 1 1 1 1
v 6.34 0.36 -8.8 1 1 1 1
v 7.3 -0.76 -8.8 1 1 1 1
v 7.3 0.36 -8.32 1 1 1 1
v 7.3 -0.76 -8.32 1 1 1 1
v 7.3 0.36 -8.8 1 1 1 1
v 7.3 -0.76 -8.32 1 1 1 1
v 6.34 0.36 -8.32 1 1 1 1
v 6.34 -0.76 -8.32 1 1 1 1
v 7.3 0.36 -8.32 1 1 1 1
v 4.42 -0.76 -8.8 1 1 1 1
v 5.38 0.36 -8.8 1 1 1 1
v 5.38 -0.76 -8.8 1 1 1 1
v 4.42 0.36 -8.8 1 1 1 1
v 5.38 -0.76 -8.32 1 1 1 1
v 4.42 0.36 -8.32 1 1 1 1
v 4.42 -0.76 -8.32 1 1 1 1
v 5.38 0.36 -8.32 1 1 1 1
v 6.82 -0.76 -9.76 1 1 1 1
v 6.82 0.36 -10.72 1 1 1 1
v 6.82 -0.76 -10.72 1 1 1 1
v 6.82 0.36 -9.76 1 1 1 1
v 6.82 -0.76 -10.72 1 1 1 1
v 7.3 0.36 -10.72 1 1 1 1
v 7.3 -0.76 -10.72 1 1 1 1
v 6.82 0.36 -10.72 1 1 1 1
v 7.3 -0.76 -10.72 1 1 1 1
v 7.3 0.36 -9.76 1 1 1 1
v 7.3 -0.76 -9.76 1 1 1 1
v 7.3 0.36 -10.72 1 1 1 1
v 7.3 -0.76 -8.8 1 1 1 1
v 6.82 0.36 -8.8 1 1 1 1
v 6.82 -0.76 -8.8 1 1 1 1
v 7.3 0.36 -8.8 1 1 1 1
v 6.82 -0.76 -8.8 1 1 1 1
v 6.82 0.36 -9.76 1 1 1 1
v 6.82 -0.76 -9.76 1 1 1 1
v 6.82 0.36 -8.8 1 1 1 1
v 7.3 -0.76 -9.76 1 1 1 1
v 7.3 0.36 -8.8 1 1 1 1
v 7.3 -0.76 -8.8 1 1 1 1
v 7.3 0.36 -9.76 1 1 1 1
v 5.38 -0.76 -8.8 1 1 1 1
v 6.34 0.36 -8.8 1 1 1 1
v 6.34 -0.76 -8.8 1 1 1 1
v 5.38 0.36 -8.8 1 1 1 1
v 6.34 -0.76 -8.32 1 1 1 1
v 5.38 0.36 -8.32 1 1 1 1
v 5.38 -0.76 -8.32 1 1 1 1
v 6.34 0.36 -8.32 1 1 1 1
v 3.46 -0.76 -8.8 1 1 1 1
v 4.42 0.36 -8.8 1 1 1 1
v 4.42 -0.76 -8.8 1 1 1 1
v 3.46 0.36 -8.8 1 1 1 1
v 4.42 -0.76 -8.32 1 1 1 1
v 3.46 0.36 -8.32 1 1 1 1
v 3.46 -0.76 -8.32 1 1 1 1
v 4.42 0.36 -8.32 1 1 1 1
v 2.5 -0.76 -8.32 1 1 1 1
v 2.5 0.36 -8.8 1 1 1 1
v 2.5 -0.76 -8.8 1 1 1 1
v 2.5 0.36 -8.32 1 1 1 1
v 2.5 -0.76 -8.8 1 1 1 1
v 3.46 0.36 -8.8 1 1 1 1
v 3.46 -0.76 -8.8 1 1 1 1
v 2.5 0.36 -8.8 1 1 1 1
v 3.46 -0.76 -8.32 1 1 1 1
v 2.5 0.36 -8.32 1 1 1 1
v 2.5 -0.76 -8.32 1 1 1 1
v 3.46 0.36 -8.32 1 1 1 1
v -8.17 0.4 -7.05 1 1 1 1
v -8.65 0.4 -8.01 1 1 1 1
v -8.65 0.4 -7.05 1 1 1 1
v -8.17 0.4 -8.01 1 1 1 1
v -8.17 0.4 -6.09 1 1 1 1
v -8.65 0.4 -7.05 1 1 1 1
v -8.65 0.4 -6.09 1 1 1 1
v -8.17 0.4 -7.05 1 1 1 1
v -8.17 0.4 -8.97 1 1 1 1
v -8.65 0.4 -9.93 1 1 1 1
v -8.65 0.4 -8.97 1 1 1 1
v -8.17 0.4 -9.93 1 1 1 1
v -8.17 0.4 -8.01 1 1 1 1
v -8.65 0.4 -8.97 1 1 1 1
v -8.65 0.4 -8.01 1 1 1 1
v -8.17 0.4 -8.97 1 1 1 1
v -3.86 -0.74 -8.74 1 1 1 1
v -3.06 0.54 -8.73992431640625 1 1 1 1
v -3.86 0.54 -8.74 1 1 1 1
v -3.06 -0.74 -8.73992431640625 1 1 1 1
v -5.46 -0.74 -8.7401513671875 1 1 1 1
v -4.66 0.54 -8.74007568359375 1 1 1 1
v -5.46 0.54 -8.7401513671875 1 1 1 1
v -4.66 -0.74 -8.74007568359375 1 1 1 1
v -4.66 -0.74 -8.74007568359375 1 1 1 1
v -3.86 0.54 -8.74 1 1 1 1
v -4.66 0.54 -8.74007568359375 1 1 1 1
v -3.86 -0.74 -8.74 1 1 1 1
v -3.06 -0.74 -8.73992431640625 1 1 1 1
v -2.2600000000000002 0.54 -8.7398486328125 1 1 1 1
v -3.06 0.54 -8.73992431640625 1 1 1 1
v -2.2600000000000002 -0.74 -8.7398486328125 1 1 1 1
v -3.06 0.54 -8.73992431640625 1 1 1 1
v -3.86 0.54 -8.78 1 1 1 1
v -3.86 0.54 -8.74 1 1 1 1
v -3.06 0.54 -8.78 1 1 1 1
v -3.86 0.54 -8.74 1 1 1 1
v -4.66 0.54 -8.78 1 1 1 1
v -4.66 0.54 -8.74007568359375 1 1 1 1
v -3.86 0.54 -8.78 1 1 1 1
v -5.46 0.54 -8.7401513671875 1 1 1 1
v -5.46 -0.74 -8.78 1 1 1 1
v -5.46 -0.74 -8.7401513671875 1 1 1 1
v -5.46 0.54 -8.78 1 1 1 1
v -4.66 0.54 -8.74007568359375 1 1 1 1
v -5.46 0.54 -8.78 1 1 1 1
v -5.46 0.54 -8.7401513671875 1 1 1 1
v -4.66 0.54 -8.78 1 1 1 1
v -3.06 -0.74 -8.73992431640625 1 1 1 1
v -2.2600000000000002 -0.74 -8.78 1 1 1 1
v -2.2600000000000002 -0.74 -8.7398486328125 1 1 1 1
v -3.06 -0.74 -8.78 1 1 1 1
v -2.2600000000000002 0.54 -8.7398486328125 1 1 1 1
v -3.06 0.54 -8.78 1 1 1 1
v -3.06 0.54 -8.73992431640625 1 1 1 1
v -2.2600000000000002 0.54 -8.78 1 1 1 1
v -2.2600000000000002 -0.74 -8.7398486328125 1 1 1 1
v -2.2600000000000002 0.54 -8.78 1 1 1 1
v -2.2600000000000002 0.54 -8.7398486328125 1 1 1 1
v -2.2600000000000002 -0.74 -8.78 1 1 1 1
v -4.66 -0.74 -8.78 1 1 1 1
v -5.46 0.54 -8.78 1 1 1 1
v -4.66 0.54 -8.78 1 1 1 1
v -5.46 -0.74 -8.78 1 1 1 1
v -3.06 -0.74 -8.78 1 1 1 1
v -3.86 0.54 -8.78 1 1 1 1
v -3.06 0.54 -8.78 1 1 1 1
v -3.86 -0.74 -8.78 1 1 1 1
v -2.2600000000000002 -0.74 -8.78 1 1 1 1
v -3.06 0.54 -8.78 1 1 1 1
v -2.2600000000000002 0.54 -8.78 1 1 1 1
v -3.06 -0.74 -8.78 1 1 1 1
v -3.86 -0.74 -8.78 1 1 1 1
v -4.66 0.54 -8.78 1 1 1 1
v -3.86 0.54 -8.78 1 1 1 1
v -4.66 -0.74 -8.78 1 1 1 1
v -2.6382107543945312 -0.74 -2.4479574584960937 1 1 1 1
v -2.6404397583007815 0.54 -3.2479544067382813 1 1 1 1
v -2.6382107543945312 0.54 -2.4479574584960937 1 1 1 1
v -2.6404397583007815 -0.74 -3.2479544067382813 1 1 1 1
v -2.6337539672851564 -0.74 -0.8479637908935547 1 1 1 1
v -2.6359829711914062 0.54 -1.6479605102539063 1 1 1 1
v -2.6337539672851564 0.54 -0.8479637908935547 1 1 1 1
v -2.6359829711914062 -0.74 -1.6479605102539063 1 1 1 1
v -2.6359829711914062 -0.74 -1.6479605102539063 1 1 1 1
v -2.6382107543945312 0.54 -2.4479574584960937 1 1 1 1
v -2.6359829711914062 0.54 -1.6479605102539063 1 1 1 1
v -2.6382107543945312 -0.74 -2.4479574584960937 1 1 1 1
v -2.6404397583007815 -0.74 -3.2479544067382813 1 1 1 1
v -2.6426690673828124 0.54 -4.047951354980468 1 1 1 1
v -2.6404397583007815 0.54 -3.2479544067382813 1 1 1 1
v -2.6426690673828124 -0.74 -4.047951354980468 1 1 1 1
v -2.6404397583007815 0.54 -3.2479544067382813 1 1 1 1
v -2.6782110595703124 0.54 -2.4478428649902346 1 1 1 1
v -2.6382107543945312 0.54 -2.4479574584960937 1 1 1 1
v -2.6805157470703125 0.54 -3.247839050292969 1 1 1 1
v -2.6382107543945312 0.54 -2.4479574584960937 1 1 1 1
v -2.6759063720703127 0.54 -1.6478453063964844 1 1 1 1
v -2.6359829711914062 0.54 -1.6479605102539063 1 1 1 1
v -2.6782110595703124 0.54 -2.4478428649902346 1 1 1 1
v -2.6337539672851564 0.54 -0.8479637908935547 1 1 1 1
v -2.6736029052734374 -0.74 -0.8478489685058594 1 1 1 1
v -2.6337539672851564 -0.74 -0.8479637908935547 1 1 1 1
v -2.6736029052734374 0.54 -0.8478489685058594 1 1 1 1
v -2.6359829711914062 0.54 -1.6479605102539063 1 1 1 1
v -2.6736029052734374 0.54 -0.8478489685058594 1 1 1 1
v -2.6337539672851564 0.54 -0.8479637908935547 1 1 1 1
v -2.6759063720703127 0.54 -1.6478453063964844 1 1 1 1
v -2.6404397583007815 -0.74 -3.2479544067382813 1 1 1 1
v -2.6828204345703126 -0.74 -4.047835388183594 1 1 1 1
v -2.6426690673828124 -0.74 -4.047951354980468 1 1 1 1
v -2.6805157470703125 -0.74 -3.247839050292969 1 1 1 1
v -2.6426690673828124 0.54 -4.047951354980468 1 1 1 1
v -2.6805157470703125 0.54 -3.247839050292969 1 1 1 1
v -2.6404397583007815 0.54 -3.2479544067382813 1 1 1 1
v -2.6828204345703126 0.54 -4.047835388183594 1 1 1 1
v -2.6426690673828124 -0.74 -4.047951354980468 1 1 1 1
v -2.6828204345703126 0.54 -4.047835388183594 1 1 1 1
v -2.6426690673828124 0.54 -4.047951354980468 1 1 1 1
v -2.6828204345703126 -0.74 -4.047835388183594 1 1 1 1
v -2.6759066772460938 -0.74 -1.6478456115722657 1 1 1 1
v -2.6736029052734374 0.54 -0.8478489685058594 1 1 1 1
v -2.6759063720703127 0.54 -1.6478453063964844 1 1 1 1
v -2.6736029052734374 -0.74 -0.8478489685058594 1 1 1 1
v -2.6805157470703125 -0.74 -3.247839050292969 1 1 1 1
v -2.6782110595703124 0.54 -2.4478428649902346 1 1 1 1
v -2.6805157470703125 0.54 -3.247839050292969 1 1 1 1
v -2.6782110595703124 -0.74 -2.447842254638672 1 1 1 1
v -2.6828204345703126 -0.74 -4.047835388183594 1 1 1 1
v -2.6805157470703125 0.54 -3.247839050292969 1 1 1 1
v -2.6828204345703126 0.54 -4.047835388183594 1 1 1 1
v -2.6805157470703125 -0.74 -3.247839050292969 1 1 1 1
v -2.6782110595703124 -0.74 -2.447842254638672 1 1 1 1
v -2.6759063720703127 0.54 -1.6478453063964844 1 1 1 1
v -2.6782110595703124 0.54 -2.4478428649902346 1 1 1 1
v -2.6759066772460938 -0.74 -1.6478456115722657 1 1 1 1
v -2.74 -0.74 -4.8100000000000005 1 1 1 1
v -1.94 0.54 -4.80992431640625 1 1 1 1
v -2.74 0.54 -4.8100000000000005 1 1 1 1
v -1.94 -0.74 -4.80992431640625 1 1 1 1
v -4.34 -0.74 -4.8101513671875 1 1 1 1
v -3.54 0.54 -4.81007568359375 1 1 1 1
v -4.34 0.54 -4.8101513671875 1 1 1 1
v -3.54 -0.74 -4.81007568359375 1 1 1 1
v -3.54 -0.74 -4.81007568359375 1 1 1 1
v -2.74 0.54 -4.8100000000000005 1 1 1 1
v -3.54 0.54 -4.81007568359375 1 1 1 1
v -2.74 -0.74 -4.8100000000000005 1 1 1 1
v -1.94 -0.74 -4.80992431640625 1 1 1 1
v -1.1400000000000001 0.54 -4.8098486328125 1 1 1 1
v -1.94 0.54 -4.80992431640625 1 1 1 1
v -1.1400000000000001 -0.74 -4.8098486328125 1 1 1 1
v -1.94 0.54 -4.80992431640625 1 1 1 1
v -2.74 0.54 -4.8500000000000005 1 1 1 1
v -2.74 0.54 -4.8100000000000005 1 1 1 1
v -1.94 0.54 -4.8500000000000005 1 1 1 1
v -2.74 0.54 -4.8100000000000005 1 1 1 1
v -3.54 0.54 -4.8500000000000005 1 1 1 1
v -3.54 0.54 -4.81007568359375 1 1 1 1
v -2.74 0.54 -4.8500000000000005 1 1 1 1
v -4.34 0.54 -4.8101513671875 1 1 1 1
v -4.34 -0.74 -4.8500000000000005 1 1 1 1
v -4.34 -0.74 -4.8101513671875 1 1 1 1
v -4.34 0.54 -4.8500000000000005 1 1 1 1
v -3.54 0.54 -4.81007568359375 1 1 1 1
v -4.34 0.54 -4.8500000000000005 1 1 1 1
v -4.34 0.54 -4.8101513671875 1 1 1 1
v -3.54 0.54 -4.8500000000000005 1 1 1 1
v -1.94 -0.74 -4.80992431640625 1 1 1 1
v -1.1400000000000001 -0.74 -4.8500000000000005 1 1 1 1
v -1.1400000000000001 -0.74 -4.8098486328125 1 1 1 1
v -1.94 -0.74 -4.8500000000000005 1 1 1 1
v -1.1400000000000001 0.54 -4.8098486328125 1 1 1 1
v -1.94 0.54 -4.8500000000000005 1 1 1 1
v -1.94 0.54 -4.80992431640625 1 1 1 1
v -1.1400000000000001 0.54 -4.8500000000000005 1 1 1 1
v -1.1400000000000001 -0.74 -4.8098486328125 1 1 1 1
v -1.1400000000000001 0.54 -4.8500000000000005 1 1 1 1
v -1.1400000000000001 0.54 -4.8098486328125 1 1 1 1
v -1.1400000000000001 -0.74 -4.8500000000000005 1 1 1 1
v -3.54 -0.74 -4.8500000000000005 1 1 1 1
v -4.34 0.54 -4.8500000000000005 1 1 1 1
v -3.54 0.54 -4.8500000000000005 1 1 1 1
v -4.34 -0.74 -4.8500000000000005 1 1 1 1
v -1.94 -0.74 -4.8500000000000005 1 1 1 1
v -2.74 0.54 -4.8500000000000005 1 1 1 1
v -1.94 0.54 -4.8500000000000005 1 1 1 1
v -2.74 -0.74 -4.8500000000000005 1 1 1 1
v -1.1400000000000001 -0.74 -4.8500000000000005 1 1 1 1
v -1.94 0.54 -4.8500000000000005 1 1 1 1
v -1.1400000000000001 0.54 -4.8500000000000005 1 1 1 1
v -1.94 -0.74 -4.8500000000000005 1 1 1 1
v -2.74 -0.74 -4.8500000000000005 1 1 1 1
v -3.54 0.54 -4.8500000000000005 1 1 1 1
v -2.74 0.54 -4.8500000000000005 1 1 1 1
v -3.54 -0.74 -4.8500000000000005 1 1 1 1
v 1.61 -0.74 -11.67 1 1 1 1
v 2.41 0.54 -11.66992431640625 1 1 1 1
v 1.61 0.54 -11.67 1 1 1 1
v 2.41 -0.74 -11.66992431640625 1 1 1 1
v 0.01 -0.74 -11.6701513671875 1 1 1 1
v 0.81 0.54 -11.67007568359375 1 1 1 1
v 0.01 0.54 -11.6701513671875 1 1 1 1
v 0.81 -0.74 -11.67007568359375 1 1 1 1
v 0.81 -0.74 -11.67007568359375 1 1 1 1
v 1.61 0.54 -11.67 1 1 1 1
v 0.81 0.54 -11.67007568359375 1 1 1 1
v 1.61 -0.74 -11.67 1 1 1 1
v 2.41 -0.74 -11.66992431640625 1 1 1 1
v 3.21 0.54 -11.669848632812501 1 1 1 1
v 2.41 0.54 -11.66992431640625 1 1 1 1
v 3.21 -0.74 -11.669848632812501 1 1 1 1
v 2.41 0.54 -11.66992431640625 1 1 1 1
v 1.61 0.54 -11.71 1 1 1 1
v 1.61 0.54 -11.67 1 1 1 1
v 2.41 0.54 -11.71 1 1 1 1
v 1.61 0.54 -11.67 1 1 1 1
v 0.81 0.54 -11.71 1 1 1 1
v 0.81 0.54 -11.67007568359375 1 1 1 1
v 1.61 0.54 -11.71 1 1 1 1
v 0.01 0.54 -11.6701513671875 1 1 1 1
v 0.01 -0.74 -11.71 1 1 1 1
v 0.01 -0.74 -11.6701513671875 1 1 1 1
v 0.01 0.54 -11.71 1 1 1 1
v 0.81 0.54 -11.67007568359375 1 1 1 1
v 0.01 0.54 -11.71 1 1 1 1
v 0.01 0.54 -11.6701513671875 1 1 1 1
v 0.81 0.54 -11.71 1 1 1 1
v 2.41 -0.74 -11.66992431640625 1 1 1 1
v 3.21 -0.74 -11.71 1 1 1 1
v 3.21 -0.74 -11.669848632812501 1 1 1 1
v 2.41 -0.74 -11.71 1 1 1 1
v 3.21 0.54 -11.669848632812501 1 1 1 1
v 2.41 0.54 -11.71 1 1 1 1
v 2.41 0.54 -11.66992431640625 1 1 1 1
v 3.21 0.54 -11.71 1 1 1 1
v 3.21 -0.74 -11.669848632812501 1 1 1 1
v 3.21 0.54 -11.71 1 1 1 1
v 3.21 0.54 -11.669848632812501 1 1 1 1
v 3.21 -0.74 -11.71 1 1 1 1
v 0.81 -0.74 -11.71 1 1 1 1
v 0.01 0.54 -11.71 1 1 1 1
v 0.81 0.54 -11.71 1 1 1 1
v 0.01 -0.74 -11.71 1 1 1 1
v 2.41 -0.74 -11.71 1 1 1 1
v 1.61 0.54 -11.71 1 1 1 1
v 2.41 0.54 -11.71 1 1 1 1
v 1.61 -0.74 -11.71 1 1 1 1
v 3.21 -0.74 -11.71 1 1 1 1
v 2.41 0.54 -11.71 1 1 1 1
v 3.21 0.54 -11.71 1 1 1 1
v 2.41 -0.74 -11.71 1 1 1 1
v 1.61 -0.74 -11.71 1 1 1 1
v 0.81 0.54 -11.71 1 1 1 1
v 1.61 0.54 -11.71 1 1 1 1
v 0.81 -0.74 -11.71 1 1 1 1
v 5.7 -0.75 -11.66 1 1 1 1
v 6.5 0.53 -11.65992431640625 1 1 1 1
v 5.7 0.53 -11.66 1 1 1 1
v 6.5 -0.75 -11.65992431640625 1 1 1 1
v 4.1 -0.75 -11.6601513671875 1 1 1 1
v 4.9 0.53 -11.66007568359375 1 1 1 1
v 4.1 0.53 -11.6601513671875 1 1 1 1
v 4.9 -0.75 -11.66007568359375 1 1 1 1
v 4.9 -0.75 -11.66007568359375 1 1 1 1
v 5.7 0.53 -11.66 1 1 1 1
v 4.9 0.53 -11.66007568359375 1 1 1 1
v 5.7 -0.75 -11.66 1 1 1 1
v 6.5 -0.75 -11.65992431640625 1 1 1 1
v 7.3 0.53 -11.6598486328125 1 1 1 1
v 6.5 0.53 -11.65992431640625 1 1 1 1
v 7.3 -0.75 -11.6598486328125 1 1 1 1
v 6.5 0.53 -11.65992431640625 1 1 1 1
v 5.7 0.53 -11.700000000000001 1 1 1 1
v 5.7 0.53 -11.66 1 1 1 1
v 6.5 0.53 -11.700000000000001 1 1 1 1
v 5.7 0.53 -11.66 1 1 1 1
v 4.9 0.53 -11.700000000000001 1 1 1 1
v 4.9 0.53 -11.66007568359375 1 1 1 1
v 5.7 0.53 -11.700000000000001 1 1 1 1
v 4.1 0.53 -11.6601513671875 1 1 1 1
v 4.1 -0.75 -11.700000000000001 1 1 1 1
v 4.1 -0.75 -11.6601513671875 1 1 1 1
v 4.1 0.53 -11.700000000000001 1 1 1 1
v 4.9 0.53 -11.66007568359375 1 1 1 1
v 4.1 0.53 -11.700000000000001 1 1 1 1
v 4.1 0.53 -11.6601513671875 1 1 1 1
v 4.9 0.53 -11.700000000000001 1 1 1 1
v 6.5 -0.75 -11.65992431640625 1 1 1 1
v 7.3 -0.75 -11.700000000000001 1 1 1 1
v 7.3 -0.75 -11.6598486328125 1 1 1 1
v 6.5 -0.75 -11.700000000000001 1 1 1 1
v 7.3 0.53 -11.6598486328125 1 1 1 1
v 6.5 0.53 -11.700000000000001 1 1 1 1
v 6.5 0.53 -11.65992431640625 1 1 1 1
v 7.3 0.53 -11.700000000000001 1 1 1 1
v 7.3 -0.75 -11.6598486328125 1 1 1 1
v 7.3 0.53 -11.700000000000001 1 1 1 1
v 7.3 0.53 -11.6598486328125 1 1 1 1
v 7.3 -0.75 -11.700000000000001 1 1 1 1
v 4.9 -0.75 -11.700000000000001 1 1 1 1
v 4.1 0.53 -11.700000000000001 1 1 1 1
v 4.9 0.53 -11.700000000000001 1 1 1 1
v 4.1 -0.75 -11.700000000000001 1 1 1 1
v 6.5 -0.75 -11.700000000000001 1 1 1 1
v 5.7 0.53 -11.700000000000001 1 1 1 1
v 6.5 0.53 -11.700000000000001 1 1 1 1
v 5.7 -0.75 -11.700000000000001 1 1 1 1
v 7.3 -0.75 -11.700000000000001 1 1 1 1
v 6.5 0.53 -11.700000000000001 1 1 1 1
v 7.3 0.53 -11.700000000000001 1 1 1 1
v 6.5 -0.75 -11.700000000000001 1 1 1 1
v 5.7 -0.75 -11.700000000000001 1 1 1 1
v 4.9 0.53 -11.700000000000001 1 1 1 1
v 5.7 0.53 -11.700000000000001 1 1 1 1
v 4.9 -0.75 -11.700000000000001 1 1 1 1
v 9.26 -0.75 -12.65 1 1 1 1
v 10.06 0.53 -12.649924316406251 1 1 1 1
v 9.26 0.53 -12.65 1 1 1 1
v 10.06 -0.75 -12.649924316406251 1 1 1 1
v 7.66 -0.75 -12.650151367187501 1 1 1 1
v 8.46 0.53 -12.65007568359375 1 1 1 1
v 7.66 0.53 -12.650151367187501 1 1 1 1
v 8.46 -0.75 -12.65007568359375 1 1 1 1
v 8.46 -0.75 -12.65007568359375 1 1 1 1
v 9.26 0.53 -12.65 1 1 1 1
v 8.46 0.53 -12.65007568359375 1 1 1 1
v 9.26 -0.75 -12.65 1 1 1 1
v 10.06 -0.75 -12.649924316406251 1 1 1 1
v 10.86 0.53 -12.6498486328125 1 1 1 1
v 10.06 0.53 -12.649924316406251 1 1 1 1
v 10.86 -0.75 -12.6498486328125 1 1 1 1
v 10.06 0.53 -12.649924316406251 1 1 1 1
v 9.26 0.53 -12.69 1 1 1 1
v 9.26 0.53 -12.65 1 1 1 1
v 10.06 0.53 -12.69 1 1 1 1
v 9.26 0.53 -12.65 1 1 1 1
v 8.46 0.53 -12.69 1 1 1 1
v 8.46 0.53 -12.65007568359375 1 1 1 1
v 9.26 0.53 -12.69 1 1 1 1
v 7.66 0.53 -12.650151367187501 1 1 1 1
v 7.66 -0.75 -12.69 1 1 1 1
v 7.66 -0.75 -12.650151367187501 1 1 1 1
v 7.66 0.53 -12.69 1 1 1 1
v 8.46 0.53 -12.65007568359375 1 1 1 1
v 7.66 0.53 -12.69 1 1 1 1
v 7.66 0.53 -12.650151367187501 1 1 1 1
v 8.46 0.53 -12.69 1 1 1 1
v 10.06 -0.75 -12.649924316406251 1 1 1 1
v 10.86 -0.75 -12.69 1 1 1 1
v 10.86 -0.75 -12.6498486328125 1 1 1 1
v 10.06 -0.75 -12.69 1 1 1 1
v 10.86 0.53 -12.6498486328125 1 1 1 1
v 10.06 0.53 -12.69 1 1 1 1
v 10.06 0.53 -12.649924316406251 1 1 1 1
v 10.86 0.53 -12.69 1 1 1 1
v 10.86 -0.75 -12.6498486328125 1 1 1 1
v 10.86 0.53 -12.69 1 1 1 1
v 10.86 0.53 -12.6498486328125 1 1 1 1
v 10.86 -0.75 -12.69 1 1 1 1
v 8.46 -0.75 -12.69 1 1 1 1
v 7.66 0.53 -12.69 1 1 1 1
v 8.46 0.53 -12.69 1 1 1 1
v 7.66 -0.75 -12.69 1 1 1 1
v 10.06 -0.75 -12.69 1 1 1 1
v 9.26 0.53 -12.69 1 1 1 1
v 10.06 0.53 -12.69 1 1 1 1
v 9.26 -0.75 -12.69 1 1 1 1
v 10.86 -0.75 -12.69 1 1 1 1
v 10.06 0.53 -12.69 1 1 1 1
v 10.86 0.53 -12.69 1 1 1 1
v 10.06 -0.75 -12.69 1 1 1 1
v 9.26 -0.75 -12.69 1 1 1 1
v 8.46 0.53 -12.69 1 1 1 1
v 9.26 0.53 -12.69 1 1 1 1
v 8.46 -0.75 -12.69 1 1 1 1
v 7.79 0.37 -11.69 1 1 1 1
v 7.3100000000000005 0.37 -12.65 1 1 1 1
v 7.3100000000000005 0.37 -11.69 1 1 1 1
v 7.79 0.37 -12.65 1 1 1 1
v 7.79 -0.75 -11.69 1 1 1 1
v 7.3100000000000005 0.37 -11.69 1 1 1 1
v 7.3100000000000005 -0.75 -11.69 1 1 1 1
v 7.79 0.37 -11.69 1 1 1 1
v 7.3100000000000005 -0.75 -11.69 1 1 1 1
v 7.3100000000000005 0.37 -12.65 1 1 1 1
v 7.3100000000000005 -0.75 -12.65 1 1 1 1
v 7.3100000000000005 0.37 -11.69 1 1 1 1
v 7.3100000000000005 -0.75 -12.65 1 1 1 1
v 7.79 0.37 -12.65 1 1 1 1
v 7.79 -0.75 -12.65 1 1 1 1
v 7.3100000000000005 0.37 -12.65 1 1 1 1
v 7.79 -0.75 -12.65 1 1 1 1
v 7.79 0.37 -11.69 1 1 1 1
v 7.79 -0.75 -11.69 1 1 1 1
v 7.79 0.37 -12.65 1 1 1 1
v 9.89 -0.75 -7.05 1 1 1 1
v 9.89 0.37 -6.09 1 1 1 1
v 9.89 -0.75 -6.09 1 1 1 1
v 9.89 0.37 -7.05 1 1 1 1
v 9.41 -0.75 -6.09 1 1 1 1
v 9.41 0.37 -7.05 1 1 1 1
v 9.41 -0.75 -7.05 1 1 1 1
v 9.41 0.37 -6.09 1 1 1 1
v 9.89 -0.75 -6.09 1 1 1 1
v 9.89 0.37 -5.13 1 1 1 1
v 9.89 -0.75 -5.13 1 1 1 1
v 9.89 0.37 -6.09 1 1 1 1
v 9.41 -0.75 -5.13 1 1 1 1
v 9.41 0.37 -6.09 1 1 1 1
v 9.41 -0.75 -6.09 1 1 1 1
v 9.41 0.37 -5.13 1 1 1 1
v 9.89 -0.75 -5.13 1 1 1 1
v 9.41 0.37 -5.13 1 1 1 1
v 9.41 -0.75 -5.13 1 1 1 1
v 9.89 0.37 -5.13 1 1 1 1
v 9.89 0.37 -6.09 1 1 1 1
v 9.41 0.37 -7.05 1 1 1 1
v 9.41 0.37 -6.09 1 1 1 1
v 9.89 0.37 -7.05 1 1 1 1
v 9.89 0.37 -5.13 1 1 1 1
v 9.41 0.37 -6.09 1 1 1 1
v 9.41 0.37 -5.13 1 1 1 1
v 9.89 0.37 -6.09 1 1 1 1
v 9.41 -0.75 -7.05 1 1 1 1
v 9.89 0.37 -7.05 1 1 1 1
v 9.89 -0.75 -7.05 1 1 1 1
v 9.41 0.37 -7.05 1 1 1 1
v 1.25 0.37 -4.65 1 1 1 1
v 2.21 0.37 -5.13 1 1 1 1
v 1.25 0.37 -5.13 1 1 1 1
v 2.21 0.37 -4.65 1 1 1 1
v 2.21 0.37 -4.65 1 1 1 1
v 3.17 0.37 -5.13 1 1 1 1
v 2.21 0.37 -5.13 1 1 1 1
v 3.17 0.37 -4.65 1 1 1 1
v 3.17 0.37 -4.65 1 1 1 1
v 4.13 0.37 -5.13 1 1 1 1
v 3.17 0.37 -5.13 1 1 1 1
v 4.13 0.37 -4.65 1 1 1 1
v 4.13 0.37 -4.65 1 1 1 1
v 5.09 0.37 -5.13 1 1 1 1
v 4.13 0.37 -5.13 1 1 1 1
v 5.09 0.37 -4.65 1 1 1 1
v 5.09 0.37 -4.65 1 1 1 1
v 6.05 0.37 -5.13 1 1 1 1
v 5.09 0.37 -5.13 1 1 1 1
v 6.05 0.37 -4.65 1 1 1 1
v 6.05 0.37 -4.65 1 1 1 1
v 7.01 0.37 -5.13 1 1 1 1
v 6.05 0.37 -5.13 1 1 1 1
v 7.01 0.37 -4.65 1 1 1 1
v 7.01 0.37 -4.65 1 1 1 1
v 7.97 0.37 -5.13 1 1 1 1
v 7.01 0.37 -5.13 1 1 1 1
v 7.97 0.37 -4.65 1 1 1 1
v 7.97 0.37 -4.65 1 1 1 1
v 8.93 0.37 -5.13 1 1 1 1
v 7.97 0.37 -5.13 1 1 1 1
v 8.93 0.37 -4.65 1 1 1 1
v 8.93 0.37 -4.65 1 1 1 1
v 9.89 0.37 -5.13 1 1 1 1
v 8.93 0.37 -5.13 1 1 1 1
v 9.89 0.37 -4.65 1 1 1 1
v 1.25 -0.75 -4.65 1 1 1 1
v 1.25 0.37 -5.13 1 1 1 1
v 1.25 -0.75 -5.13 1 1 1 1
v 1.25 0.37 -4.65 1 1 1 1
v 1.25 -0.75 -5.13 1 1 1 1
v 2.21 0.37 -5.13 1 1 1 1
v 2.21 -0.75 -5.13 1 1 1 1
v 1.25 0.37 -5.13 1 1 1 1
v 2.21 -0.75 -4.65 1 1 1 1
v 1.25 0.37 -4.65 1 1 1 1
v 1.25 -0.75 -4.65 1 1 1 1
v 2.21 0.37 -4.65 1 1 1 1
v 2.21 -0.75 -5.13 1 1 1 1
v 3.17 0.37 -5.13 1 1 1 1
v 3.17 -0.75 -5.13 1 1 1 1
v 2.21 0.37 -5.13 1 1 1 1
v 3.17 -0.75 -4.65 1 1 1 1
v 2.21 0.37 -4.65 1 1 1 1
v 2.21 -0.75 -4.65 1 1 1 1
v 3.17 0.37 -4.65 1 1 1 1
v 3.17 -0.75 -5.13 1 1 1 1
v 4.13 0.37 -5.13 1 1 1 1
v 4.13 -0.75 -5.13 1 1 1 1
v 3.17 0.37 -5.13 1 1 1 1
v 4.13 -0.75 -4.65 1 1 1 1
v 3.17 0.37 -4.65 1 1 1 1
v 3.17 -0.75 -4.65 1 1 1 1
v 4.13 0.37 -4.65 1 1 1 1
v 4.13 -0.75 -5.13 1 1 1 1
v 5.09 0.37 -5.13 1 1 1 1
v 5.09 -0.75 -5.13 1 1 1 1
v 4.13 0.37 -5.13 1 1 1 1
v 5.09 -0.75 -4.65 1 1 1 1
v 4.13 0.37 -4.65 1 1 1 1
v 4.13 -0.75 -4.65 1 1 1 1
v 5.09 0.37 -4.65 1 1 1 1
v 5.09 -0.75 -5.13 1 1 1 1
v 6.05 0.37 -5.13 1 1 1 1
v 6.05 -0.75 -5.13 1 1 1 1
v 5.09 0.37 -5.13 1 1 1 1
v 6.05 -0.75 -4.65 1 1 1 1
v 5.09 0.37 -4.65 1 1 1 1
v 5.09 -0.75 -4.65 1 1 1 1
v 6.05 0.37 -4.65 1 1 1 1
v 6.05 -0.75 -5.13 1 1 1 1
v 7.01 0.37 -5.13 1 1 1 1
v 7.01 -0.75 -5.13 1 1 1 1
v 6.05 0.37 -5.13 1 1 1 1
v 7.01 -0.75 -4.65 1 1 1 1
v 6.05 0.37 -4.65 1 1 1 1
v 6.05 -0.75 -4.65 1 1 1 1
v 7.01 0.37 -4.65 1 1 1 1
v 7.01 -0.75 -5.13 1 1 1 1
v 7.97 0.37 -5.13 1 1 1 1
v 7.97 -0.75 -5.13 1 1 1 1
v 7.01 0.37 -5.13 1 1 1 1
v 7.97 -0.75 -4.65 1 1 1 1
v 7.01 0.37 -4.65 1 1 1 1
v 7.01 -0.75 -4.65 1 1 1 1
v 7.97 0.37 -4.65 1 1 1 1
v 7.97 -0.75 -5.13 1 1 1 1
v 8.93 0.37 -5.13 1 1 1 1
v 8.93 -0.75 -5.13 1 1 1 1
v 7.97 0.37 -5.13 1 1 1 1
v 8.93 -0.75 -4.65 1 1 1 1
v 7.97 0.37 -4.65 1 1 1 1
v 7.97 -0.75 -4.65 1 1 1 1
v 8.93 0.37 -4.65 1 1 1 1
v 8.93 -0.75 -5.13 1 1 1 1
v 9.89 0.37 -5.13 1 1 1 1
v 9.89 -0.75 -5.13 1 1 1 1
v 8.93 0.37 -5.13 1 1 1 1
v 9.89 -0.75 -5.13 1 1 1 1
v 9.89 0.37 -4.65 1 1 1 1
v 9.89 -0.75 -4.65 1 1 1 1
v 9.89 0.37 -5.13 1 1 1 1
v 9.89 -0.75 -4.65 1 1 1 1
v 8.93 0.37 -4.65 1 1 1 1
v 8.93 -0.75 -4.65 1 1 1 1
v 9.89 0.37 -4.65 1 1 1 1
v -2.373397216796875 1.4804487609863282 -15.9743896484375 1 1 1 1
v -1.4133972167968751 1.4804487609863282 -16.614389648437502 1 1 1 1
v -2.373397216796875 1.4804487609863282 -16.614389648437502 1 1 1 1
v -1.4133972167968751 1.4804487609863282 -15.9743896484375 1 1 1 1
v 10.106602783203126 1.4804487609863282 -15.9743896484375 1 1 1 1
v 11.066602783203125 1.4804487609863282 -16.614389648437502 1 1 1 1
v 10.106602783203126 1.4804487609863282 -16.614389648437502 1 1 1 1
v 11.066602783203125 1.4804487609863282 -15.9743896484375 1 1 1 1
v 9.146602783203125 1.4804487609863282 -15.9743896484375 1 1 1 1
v 10.106602783203126 1.4804487609863282 -16.614389648437502 1 1 1 1
v 9.146602783203125 1.4804487609863282 -16.614389648437502 1 1 1 1
v 10.106602783203126 1.4804487609863282 -15.9743896484375 1 1 1 1
v 8.186602783203124 1.4804487609863282 -15.9743896484375 1 1 1 1
v 9.146602783203125 1.4804487609863282 -16.614389648437502 1 1 1 1
v 8.186602783203124 1.4804487609863282 -16.614389648437502 1 1 1 1
v 9.146602783203125 1.4804487609863282 -15.9743896484375 1 1 1 1
v 7.226602783203125 1.4804487609863282 -15.9743896484375 1 1 1 1
v 8.186602783203124 1.4804487609863282 -16.614389648437502 1 1 1 1
v 7.226602783203125 1.4804487609863282 -16.614389648437502 1 1 1 1
v 8.186602783203124 1.4804487609863282 -15.9743896484375 1 1 1 1
v 6.266602783203125 1.4804487609863282 -15.9743896484375 1 1 1 1
v 7.226602783203125 1.4804487609863282 -16.614389648437502 1 1 1 1
v 6.266602783203125 1.4804487609863282 -16.614389648437502 1 1 1 1
v 7.226602783203125 1.4804487609863282 -15.9743896484375 1 1 1 1
v 5.306602783203125 1.4804487609863282 -15.9743896484375 1 1 1 1
v 6.266602783203125 1.4804487609863282 -16.614389648437502 1 1 1 1
v 5.306602783203125 1.4804487609863282 -16.614389648437502 1 1 1 1
v 6.266602783203125 1.4804487609863282 -15.9743896484375 1 1 1 1
v 4.346602783203125 1.4804487609863282 -15.9743896484375 1 1 1 1
v 5.306602783203125 1.4804487609863282 -16.614389648437502 1 1 1 1
v 4.346602783203125 1.4804487609863282 -16.614389648437502 1 1 1 1
v 5.306602783203125 1.4804487609863282 -15.9743896484375 1 1 1 1
v 3.386602783203125 1.4804487609863282 -15.9743896484375 1 1 1 1
v 4.346602783203125 1.4804487609863282 -16.614389648437502 1 1 1 1
v 3.386602783203125 1.4804487609863282 -16.614389648437502 1 1 1 1
v 4.346602783203125 1.4804487609863282 -15.9743896484375 1 1 1 1
v 2.426602783203125 1.4804487609863282 -15.9743896484375 1 1 1 1
v 3.386602783203125 1.4804487609863282 -16.614389648437502 1 1 1 1
v 2.426602783203125 1.4804487609863282 -16.614389648437502 1 1 1 1
v 3.386602783203125 1.4804487609863282 -15.9743896484375 1 1 1 1
v 1.466602783203125 1.4804487609863282 -15.9743896484375 1 1 1 1
v 2.426602783203125 1.4804487609863282 -16.614389648437502 1 1 1 1
v 1.466602783203125 1.4804487609863282 -16.614389648437502 1 1 1 1
v 2.426602783203125 1.4804487609863282 -15.9743896484375 1 1 1 1
v 0.5066028594970703 1.4804487609863282 -15.9743896484375 1 1 1 1
v 1.466602783203125 1.4804487609863282 -16.614389648437502 1 1 1 1
v 0.5066028594970703 1.4804487609863282 -16.614389648437502 1 1 1 1
v 1.466602783203125 1.4804487609863282 -15.9743896484375 1 1 1 1
v -0.4533971405029297 1.4804487609863282 -15.9743896484375 1 1 1 1
v 0.5066028594970703 1.4804487609863282 -16.614389648437502 1 1 1 1
v -0.4533971405029297 1.4804487609863282 -16.614389648437502 1 1 1 1
v 0.5066028594970703 1.4804487609863282 -15.9743896484375 1 1 1 1
v -1.4133972167968751 1.4804487609863282 -15.9743896484375 1 1 1 1
v -0.4533971405029297 1.4804487609863282 -16.614389648437502 1 1 1 1
v -1.4133972167968751 1.4804487609863282 -16.614389648437502 1 1 1 1
v -0.4533971405029297 1.4804487609863282 -15.9743896484375 1 1 1 1
v -10.053397216796876 1.4804487609863282 -15.9743896484375 1 1 1 1
v -9.093397216796875 1.4804487609863282 -16.614389648437502 1 1 1 1
v -10.053397216796876 1.4804487609863282 -16.614389648437502 1 1 1 1
v -9.093397216796875 1.4804487609863282 -15.9743896484375 1 1 1 1
v -9.093397216796875 1.4804487609863282 -15.9743896484375 1 1 1 1
v -8.133397216796876 1.4804487609863282 -16.614389648437502 1 1 1 1
v -9.093397216796875 1.4804487609863282 -16.614389648437502 1 1 1 1
v -8.133397216796876 1.4804487609863282 -15.9743896484375 1 1 1 1
v -8.133397216796876 1.4804487609863282 -15.9743896484375 1 1 1 1
v -7.173397216796875 1.4804487609863282 -16.614389648437502 1 1 1 1
v -8.133397216796876 1.4804487609863282 -16.614389648437502 1 1 1 1
v -7.173397216796875 1.4804487609863282 -15.9743896484375 1 1 1 1
v -7.173397216796875 1.4804487609863282 -15.9743896484375 1 1 1 1
v -6.213397216796875 1.4804487609863282 -16.614389648437502 1 1 1 1
v -7.173397216796875 1.4804487609863282 -16.614389648437502 1 1 1 1
v -6.213397216796875 1.4804487609863282 -15.9743896484375 1 1 1 1
v -6.213397216796875 1.4804487609863282 -15.9743896484375 1 1 1 1
v -5.253397216796875 1.4804487609863282 -16.614389648437502 1 1 1 1
v -6.213397216796875 1.4804487609863282 -16.614389648437502 1 1 1 1
v -5.253397216796875 1.4804487609863282 -15.9743896484375 1 1 1 1
v -5.253397216796875 1.4804487609863282 -15.9743896484375 1 1 1 1
v -4.293397216796875 1.4804487609863282 -16.614389648437502 1 1 1 1
v -5.253397216796875 1.4804487609863282 -16.614389648437502 1 1 1 1
v -4.293397216796875 1.4804487609863282 -15.9743896484375 1 1 1 1
v -4.293397216796875 1.4804487609863282 -15.9743896484375 1 1 1 1
v -3.3333972167968753 1.4804487609863282 -16.614389648437502 1 1 1 1
v -4.293397216796875 1.4804487609863282 -16.614389648437502 1 1 1 1
v -3.3333972167968753 1.4804487609863282 -15.9743896484375 1 1 1 1
v -3.3333972167968753 1.4804487609863282 -15.9743896484375 1 1 1 1
v -2.373397216796875 1.4804487609863282 -16.614389648437502 1 1 1 1
v -3.3333972167968753 1.4804487609863282 -16.614389648437502 1 1 1 1
v -2.373397216796875 1.4804487609863282 -15.9743896484375 1 1 1 1
v -9.103397216796875 -0.7295511627197265 -16.614389648437502 1 1 1 1
v -8.143397216796876 1.5104487609863282 -16.614389648437502 1 1 1 1
v -8.143397216796876 -0.7295511627197265 -16.614389648437502 1 1 1 1
v -9.103397216796875 1.5104487609863282 -16.614389648437502 1 1 1 1
v -8.143397216796876 -0.7295511627197265 -15.9743896484375 1 1 1 1
v -9.103397216796875 1.5104487609863282 -15.9743896484375 1 1 1 1
v -9.103397216796875 -0.7295511627197265 -15.9743896484375 1 1 1 1
v -8.143397216796876 1.5104487609863282 -15.9743896484375 1 1 1 1
v -10.063397216796876 -0.7295511627197265 -15.9743896484375 1 1 1 1
v -10.063397216796876 1.5104487609863282 -16.614389648437502 1 1 1 1
v -10.063397216796876 -0.7295511627197265 -16.614389648437502 1 1 1 1
v -10.063397216796876 1.5104487609863282 -15.9743896484375 1 1 1 1
v -10.063397216796876 -0.7295511627197265 -16.614389648437502 1 1 1 1
v -9.103397216796875 1.5104487609863282 -16.614389648437502 1 1 1 1
v -9.103397216796875 -0.7295511627197265 -16.614389648437502 1 1 1 1
v -10.063397216796876 1.5104487609863282 -16.614389648437502 1 1 1 1
v -9.103397216796875 -0.7295511627197265 -15.9743896484375 1 1 1 1
v -10.063397216796876 1.5104487609863282 -15.9743896484375 1 1 1 1
v -10.063397216796876 -0.7295511627197265 -15.9743896484375 1 1 1 1
v -9.103397216796875 1.5104487609863282 -15.9743896484375 1 1 1 1
v -8.143397216796876 -0.7295511627197265 -16.614389648437502 1 1 1 1
v -7.183397216796875 1.5104487609863282 -16.614389648437502 1 1 1 1
v -7.183397216796875 -0.7295511627197265 -16.614389648437502 1 1 1 1
v -8.143397216796876 1.5104487609863282 -16.614389648437502 1 1 1 1
v -7.183397216796875 -0.7295511627197265 -15.9743896484375 1 1 1 1
v -8.143397216796876 1.5104487609863282 -15.9743896484375 1 1 1 1
v -8.143397216796876 -0.7295511627197265 -15.9743896484375 1 1 1 1
v -7.183397216796875 1.5104487609863282 -15.9743896484375 1 1 1 1
v -7.183397216796875 -0.7295511627197265 -16.614389648437502 1 1 1 1
v -6.223397216796875 1.5104487609863282 -16.614389648437502 1 1 1 1
v -6.223397216796875 -0.7295511627197265 -16.614389648437502 1 1 1 1
v -7.183397216796875 1.5104487609863282 -16.614389648437502 1 1 1 1
v -6.223397216796875 -0.7295511627197265 -15.9743896484375 1 1 1 1
v -7.183397216796875 1.5104487609863282 -15.9743896484375 1 1 1 1
v -7.183397216796875 -0.7295511627197265 -15.9743896484375 1 1 1 1
v -6.223397216796875 1.5104487609863282 -15.9743896484375 1 1 1 1
v -6.223397216796875 -0.7295511627197265 -16.614389648437502 1 1 1 1
v -5.263397216796875 1.5104487609863282 -16.614389648437502 1 1 1 1
v -5.263397216796875 -0.7295511627197265 -16.614389648437502 1 1 1 1
v -6.223397216796875 1.5104487609863282 -16.614389648437502 1 1 1 1
v -5.263397216796875 -0.7295511627197265 -15.9743896484375 1 1 1 1
v -6.223397216796875 1.5104487609863282 -15.9743896484375 1 1 1 1
v -6.223397216796875 -0.7295511627197265 -15.9743896484375 1 1 1 1
v -5.263397216796875 1.5104487609863282 -15.9743896484375 1 1 1 1
v -5.263397216796875 -0.7295511627197265 -16.614389648437502 1 1 1 1
v -4.303397216796875 1.5104487609863282 -16.614389648437502 1 1 1 1
v -4.303397216796875 -0.7295511627197265 -16.614389648437502 1 1 1 1
v -5.263397216796875 1.5104487609863282 -16.614389648437502 1 1 1 1
v -4.303397216796875 -0.7295511627197265 -15.9743896484375 1 1 1 1
v -5.263397216796875 1.5104487609863282 -15.9743896484375 1 1 1 1
v -5.263397216796875 -0.7295511627197265 -15.9743896484375 1 1 1 1
v -4.303397216796875 1.5104487609863282 -15.9743896484375 1 1 1 1
v -4.303397216796875 -0.7295511627197265 -16.614389648437502 1 1 1 1
v -3.343397216796875 1.5104487609863282 -16.614389648437502 1 1 1 1
v -3.343397216796875 -0.7295511627197265 -16.614389648437502 1 1 1 1
v -4.303397216796875 1.5104487609863282 -16.614389648437502 1 1 1 1
v -3.343397216796875 -0.7295511627197265 -15.9743896484375 1 1 1 1
v -4.303397216796875 1.5104487609863282 -15.9743896484375 1 1 1 1
v -4.303397216796875 -0.7295511627197265 -15.9743896484375 1 1 1 1
v -3.343397216796875 1.5104487609863282 -15.9743896484375 1 1 1 1
v -3.343397216796875 -0.7295511627197265 -16.614389648437502 1 1 1 1
v -2.383397216796875 1.5104487609863282 -16.614389648437502 1 1 1 1
v -2.383397216796875 -0.7295511627197265 -16.614389648437502 1 1 1 1
v -3.343397216796875 1.5104487609863282 -16.614389648437502 1 1 1 1
v -2.383397216796875 -0.7295511627197265 -15.9743896484375 1 1 1 1
v -3.343397216796875 1.5104487609863282 -15.9743896484375 1 1 1 1
v -3.343397216796875 -0.7295511627197265 -15.9743896484375 1 1 1 1
v -2.383397216796875 1.5104487609863282 -15.9743896484375 1 1 1 1
v -2.383397216796875 -0.7295511627197265 -16.614389648437502 1 1 1 1
v -1.423397216796875 1.5104487609863282 -16.614389648437502 1 1 1 1
v -1.423397216796875 -0.7295511627197265 -16.614389648437502 1 1 1 1
v -2.383397216796875 1.5104487609863282 -16.614389648437502 1 1 1 1
v -1.423397216796875 -0.7295511627197265 -15.9743896484375 1 1 1 1
v -2.383397216796875 1.5104487609863282 -15.9743896484375 1 1 1 1
v -2.383397216796875 -0.7295511627197265 -15.9743896484375 1 1 1 1
v -1.423397216796875 1.5104487609863282 -15.9743896484375 1 1 1 1
v -1.423397216796875 -0.7295511627197265 -16.614389648437502 1 1 1 1
v -0.4633971405029297 1.5104487609863282 -16.614389648437502 1 1 1 1
v -0.4633971405029297 -0.7295511627197265 -16.614389648437502 1 1 1 1
v -1.423397216796875 1.5104487609863282 -16.614389648437502 1 1 1 1
v -0.4633971405029297 -0.7295511627197265 -15.9743896484375 1 1 1 1
v -1.423397216796875 1.5104487609863282 -15.9743896484375 1 1 1 1
v -1.423397216796875 -0.7295511627197265 -15.9743896484375 1 1 1 1
v -0.4633971405029297 1.5104487609863282 -15.9743896484375 1 1 1 1
v -0.4633971405029297 -0.7295511627197265 -16.614389648437502 1 1 1 1
v 0.49660285949707034 1.5104487609863282 -16.614389648437502 1 1 1 1
v 0.49660285949707034 -0.7295511627197265 -16.614389648437502 1 1 1 1
v -0.4633971405029297 1.5104487609863282 -16.614389648437502 1 1 1 1
v 0.49660285949707034 -0.7295511627197265 -15.9743896484375 1 1 1 1
v -0.4633971405029297 1.5104487609863282 -15.9743896484375 1 1 1 1
v -0.4633971405029297 -0.7295511627197265 -15.9743896484375 1 1 1 1
v 0.49660285949707034 1.5104487609863282 -15.9743896484375 1 1 1 1
v 0.49660285949707034 -0.7295511627197265 -16.614389648437502 1 1 1 1
v 1.456602783203125 1.5104487609863282 -16.614389648437502 1 1 1 1
v 1.456602783203125 -0.7295511627197265 -16.614389648437502 1 1 1 1
v 0.49660285949707034 1.5104487609863282 -16.614389648437502 1 1 1 1
v 1.456602783203125 -0.7295511627197265 -15.9743896484375 1 1 1 1
v 0.49660285949707034 1.5104487609863282 -15.9743896484375 1 1 1 1
v 0.49660285949707034 -0.7295511627197265 -15.9743896484375 1 1 1 1
v 1.456602783203125 1.5104487609863282 -15.9743896484375 1 1 1 1
v 1.456602783203125 -0.7295511627197265 -16.614389648437502 1 1 1 1
v 2.416602783203125 1.5104487609863282 -16.614389648437502 1 1 1 1
v 2.416602783203125 -0.7295511627197265 -16.614389648437502 1 1 1 1
v 1.456602783203125 1.5104487609863282 -16.614389648437502 1 1 1 1
v 2.416602783203125 -0.7295511627197265 -15.9743896484375 1 1 1 1
v 1.456602783203125 1.5104487609863282 -15.9743896484375 1 1 1 1
v 1.456602783203125 -0.7295511627197265 -15.9743896484375 1 1 1 1
v 2.416602783203125 1.5104487609863282 -15.9743896484375 1 1 1 1
v 2.416602783203125 -0.7295511627197265 -16.614389648437502 1 1 1 1
v 3.376602783203125 1.5104487609863282 -16.614389648437502 1 1 1 1
v 3.376602783203125 -0.7295511627197265 -16.614389648437502 1 1 1 1
v 2.416602783203125 1.5104487609863282 -16.614389648437502 1 1 1 1
v 3.376602783203125 -0.7295511627197265 -15.9743896484375 1 1 1 1
v 2.416602783203125 1.5104487609863282 -15.9743896484375 1 1 1 1
v 2.416602783203125 -0.7295511627197265 -15.9743896484375 1 1 1 1
v 3.376602783203125 1.5104487609863282 -15.9743896484375 1 1 1 1
v 3.376602783203125 -0.7295511627197265 -16.614389648437502 1 1 1 1
v 4.3366027832031255 1.5104487609863282 -16.614389648437502 1 1 1 1
v 4.3366027832031255 -0.7295511627197265 -16.614389648437502 1 1 1 1
v 3.376602783203125 1.5104487609863282 -16.614389648437502 1 1 1 1
v 4.3366027832031255 -0.7295511627197265 -15.9743896484375 1 1 1 1
v 3.376602783203125 1.5104487609863282 -15.9743896484375 1 1 1 1
v 3.376602783203125 -0.7295511627197265 -15.9743896484375 1 1 1 1
v 4.3366027832031255 1.5104487609863282 -15.9743896484375 1 1 1 1
v 4.3366027832031255 -0.7295511627197265 -16.614389648437502 1 1 1 1
v 5.2966027832031255 1.5104487609863282 -16.614389648437502 1 1 1 1
v 5.2966027832031255 -0.7295511627197265 -16.614389648437502 1 1 1 1
v 4.3366027832031255 1.5104487609863282 -16.614389648437502 1 1 1 1
v 5.2966027832031255 -0.7295511627197265 -15.9743896484375 1 1 1 1
v 4.3366027832031255 1.5104487609863282 -15.9743896484375 1 1 1 1
v 4.3366027832031255 -0.7295511627197265 -15.9743896484375 1 1 1 1
v 5.2966027832031255 1.5104487609863282 -15.9743896484375 1 1 1 1
v 5.2966027832031255 -0.7295511627197265 -16.614389648437502 1 1 1 1
v 6.2566027832031255 1.5104487609863282 -16.614389648437502 1 1 1 1
v 6.2566027832031255 -0.7295511627197265 -16.614389648437502 1 1 1 1
v 5.2966027832031255 1.5104487609863282 -16.614389648437502 1 1 1 1
v 6.2566027832031255 -0.7295511627197265 -15.9743896484375 1 1 1 1
v 5.2966027832031255 1.5104487609863282 -15.9743896484375 1 1 1 1
v 5.2966027832031255 -0.7295511627197265 -15.9743896484375 1 1 1 1
v 6.2566027832031255 1.5104487609863282 -15.9743896484375 1 1 1 1
v 6.2566027832031255 -0.7295511627197265 -16.614389648437502 1 1 1 1
v 7.216602783203125 1.5104487609863282 -16.614389648437502 1 1 1 1
v 7.216602783203125 -0.7295511627197265 -16.614389648437502 1 1 1 1
v 6.2566027832031255 1.5104487609863282 -16.614389648437502 1 1 1 1
v 7.216602783203125 -0.7295511627197265 -15.9743896484375 1 1 1 1
v 6.2566027832031255 1.5104487609863282 -15.9743896484375 1 1 1 1
v 6.2566027832031255 -0.7295511627197265 -15.9743896484375 1 1 1 1
v 7.216602783203125 1.5104487609863282 -15.9743896484375 1 1 1 1
v 7.216602783203125 -0.7295511627197265 -16.614389648437502 1 1 1 1
v 8.176602783203125 1.5104487609863282 -16.614389648437502 1 1 1 1
v 8.176602783203125 -0.7295511627197265 -16.614389648437502 1 1 1 1
v 7.216602783203125 1.5104487609863282 -16.614389648437502 1 1 1 1
v 8.176602783203125 -0.7295511627197265 -15.9743896484375 1 1 1 1
v 7.216602783203125 1.5104487609863282 -15.9743896484375 1 1 1 1
v 7.216602783203125 -0.7295511627197265 -15.9743896484375 1 1 1 1
v 8.176602783203125 1.5104487609863282 -15.9743896484375 1 1 1 1
v 8.176602783203125 -0.7295511627197265 -16.614389648437502 1 1 1 1
v 9.136602783203125 1.5104487609863282 -16.614389648437502 1 1 1 1
v 9.136602783203125 -0.7295511627197265 -16.614389648437502 1 1 1 1
v 8.176602783203125 1.5104487609863282 -16.614389648437502 1 1 1 1
v 9.136602783203125 -0.7295511627197265 -15.9743896484375 1 1 1 1
v 8.176602783203125 1.5104487609863282 -15.9743896484375 1 1 1 1
v 8.176602783203125 -0.7295511627197265 -15.9743896484375 1 1 1 1
v 9.136602783203125 1.5104487609863282 -15.9743896484375 1 1 1 1
v 9.136602783203125 -0.7295511627197265 -16.614389648437502 1 1 1 1
v 10.096602783203124 1.5104487609863282 -16.614389648437502 1 1 1 1
v 10.096602783203124 -0.7295511627197265 -16.614389648437502 1 1 1 1
v 9.136602783203125 1.5104487609863282 -16.614389648437502 1 1 1 1
v 10.096602783203124 -0.7295511627197265 -15.9743896484375 1 1 1 1
v 9.136602783203125 1.5104487609863282 -15.9743896484375 1 1 1 1
v 9.136602783203125 -0.7295511627197265 -15.9743896484375 1 1 1 1
v 10.096602783203124 1.5104487609863282 -15.9743896484375 1 1 1 1
v 10.096602783203124 -0.7295511627197265 -16.614389648437502 1 1 1 1
v 11.056602783203125 1.5104487609863282 -16.614389648437502 1 1 1 1
v 11.056602783203125 -0.7295511627197265 -16.614389648437502 1 1 1 1
v 10.096602783203124 1.5104487609863282 -16.614389648437502 1 1 1 1
v 11.056602783203125 -0.7295511627197265 -16.614389648437502 1 1 1 1
v 11.056602783203125 1.5104487609863282 -15.9743896484375 1 1 1 1
v 11.056602783203125 -0.7295511627197265 -15.9743896484375 1 1 1 1
v 11.056602783203125 1.5104487609863282 -16.614389648437502 1 1 1 1
v 11.056602783203125 -0.7295511627197265 -15.9743896484375 1 1 1 1
v 10.096602783203124 1.5104487609863282 -15.9743896484375 1 1 1 1
v 10.096602783203124 -0.7295511627197265 -15.9743896484375 1 1 1 1
v 11.056602783203125 1.5104487609863282 -15.9743896484375 1 1 1 1
v -10.26 1.49 -4.86 1 1 1 1
v -9.620000000000001 1.49 -3.9 1 1 1 1
v -9.620000000000001 1.49 -4.86 1 1 1 1
v -10.26 1.49 -3.9 1 1 1 1
v -10.26 1.49 -5.82 1 1 1 1
v -9.620000000000001 1.49 -4.86 1 1 1 1
v -9.620000000000001 1.49 -5.82 1 1 1 1
v -10.26 1.49 -4.86 1 1 1 1
v -10.26 1.49 -6.78 1 1 1 1
v -9.620000000000001 1.49 -5.82 1 1 1 1
v -9.620000000000001 1.49 -6.78 1 1 1 1
v -10.26 1.49 -5.82 1 1 1 1
v -10.26 1.49 -16.38 1 1 1 1
v -9.620000000000001 1.49 -15.42 1 1 1 1
v -9.620000000000001 1.49 -16.38 1 1 1 1
v -10.26 1.49 -15.42 1 1 1 1
v -10.26 1.49 -15.42 1 1 1 1
v -9.620000000000001 1.49 -14.46 1 1 1 1
v -9.620000000000001 1.49 -15.42 1 1 1 1
v -10.26 1.49 -14.46 1 1 1 1
v -10.26 1.49 -14.46 1 1 1 1
v -9.620000000000001 1.49 -13.5 1 1 1 1
v -9.620000000000001 1.49 -14.46 1 1 1 1
v -10.26 1.49 -13.5 1 1 1 1
v -10.26 1.49 -13.5 1 1 1 1
v -9.620000000000001 1.49 -12.540000000000001 1 1 1 1
v -9.620000000000001 1.49 -13.5 1 1 1 1
v -10.26 1.49 -12.540000000000001 1 1 1 1
v -10.26 1.49 -12.540000000000001 1 1 1 1
v -9.620000000000001 1.49 -11.58 1 1 1 1
v -9.620000000000001 1.49 -12.540000000000001 1 1 1 1
v -10.26 1.49 -11.58 1 1 1 1
v -10.26 1.49 -11.58 1 1 1 1
v -9.620000000000001 1.49 -10.620000000000001 1 1 1 1
v -9.620000000000001 1.49 -11.58 1 1 1 1
v -10.26 1.49 -10.620000000000001 1 1 1 1
v -10.26 1.49 -10.620000000000001 1 1 1 1
v -9.620000000000001 1.49 -9.66 1 1 1 1
v -9.620000000000001 1.49 -10.620000000000001 1 1 1 1
v -10.26 1.49 -9.66 1 1 1 1
v -10.26 1.49 -9.66 1 1 1 1
v -9.620000000000001 1.49 -8.700000000000001 1 1 1 1
v -9.620000000000001 1.49 -9.66 1 1 1 1
v -10.26 1.49 -8.700000000000001 1 1 1 1
v -10.26 1.49 -8.700000000000001 1 1 1 1
v -9.620000000000001 1.49 -7.74 1 1 1 1
v -9.620000000000001 1.49 -8.700000000000001 1 1 1 1
v -10.26 1.49 -7.74 1 1 1 1
v -10.26 1.49 -7.74 1 1 1 1
v -9.620000000000001 1.49 -6.78 1 1 1 1
v -9.620000000000001 1.49 -7.74 1 1 1 1
v -10.26 1.49 -6.78 1 1 1 1
v -10.26 1.49 -3.9 1 1 1 1
v -9.620000000000001 1.49 -2.94 1 1 1 1
v -9.620000000000001 1.49 -3.9 1 1 1 1
v -10.26 1.49 -2.94 1 1 1 1
v -10.26 1.49 -2.94 1 1 1 1
v -9.620000000000001 1.49 -1.98 1 1 1 1
v -9.620000000000001 1.49 -2.94 1 1 1 1
v -10.26 1.49 -1.98 1 1 1 1
v -10.26 1.49 -1.98 1 1 1 1
v -9.620000000000001 1.49 -1.02 1 1 1 1
v -9.620000000000001 1.49 -1.98 1 1 1 1
v -10.26 1.49 -1.02 1 1 1 1
v -10.26 1.49 -1.02 1 1 1 1
v -9.620000000000001 1.49 -0.06 1 1 1 1
v -9.620000000000001 1.49 -1.02 1 1 1 1
v -10.26 1.49 -0.06 1 1 1 1
v -9.620000000000001 -0.75 -1.02 1 1 1 1
v -9.620000000000001 1.49 -0.06 1 1 1 1
v -9.620000000000001 -0.75 -0.06 1 1 1 1
v -9.620000000000001 1.49 -1.02 1 1 1 1
v -9.620000000000001 -0.75 -0.06 1 1 1 1
v -10.26 1.49 -0.06 1 1 1 1
v -10.26 -0.75 -0.06 1 1 1 1
v -9.620000000000001 1.49 -0.06 1 1 1 1
v -10.26 -0.75 -0.06 1 1 1 1
v -10.26 1.49 -1.02 1 1 1 1
v -10.26 -0.75 -1.02 1 1 1 1
v -10.26 1.49 -0.06 1 1 1 1
v -9.620000000000001 -0.75 -2.94 1 1 1 1
v -9.620000000000001 1.49 -1.98 1 1 1 1
v -9.620000000000001 -0.75 -1.98 1 1 1 1
v -9.620000000000001 1.49 -2.94 1 1 1 1
v -10.26 -0.75 -1.98 1 1 1 1
v -10.26 1.49 -2.94 1 1 1 1
v -10.26 -0.75 -2.94 1 1 1 1
v -10.26 1.49 -1.98 1 1 1 1
v -9.620000000000001 -0.75 -1.98 1 1 1 1
v -9.620000000000001 1.49 -1.02 1 1 1 1
v -9.620000000000001 -0.75 -1.02 1 1 1 1
v -9.620000000000001 1.49 -1.98 1 1 1 1
v -10.26 -0.75 -1.02 1 1 1 1
v -10.26 1.49 -1.98 1 1 1 1
v -10.26 -0.75 -1.98 1 1 1 1
v -10.26 1.49 -1.02 1 1 1 1
v -9.620000000000001 -0.75 -3.9 1 1 1 1
v -9.620000000000001 1.49 -2.94 1 1 1 1
v -9.620000000000001 -0.75 -2.94 1 1 1 1
v -9.620000000000001 1.49 -3.9 1 1 1 1
v -10.26 -0.75 -2.94 1 1 1 1
v -10.26 1.49 -3.9 1 1 1 1
v -10.26 -0.75 -3.9 1 1 1 1
v -10.26 1.49 -2.94 1 1 1 1
v -9.620000000000001 -0.75 -4.86 1 1 1 1
v -9.620000000000001 1.49 -3.9 1 1 1 1
v -9.620000000000001 -0.75 -3.9 1 1 1 1
v -9.620000000000001 1.49 -4.86 1 1 1 1
v -10.26 -0.75 -3.9 1 1 1 1
v -10.26 1.49 -4.86 1 1 1 1
v -10.26 -0.75 -4.86 1 1 1 1
v -10.26 1.49 -3.9 1 1 1 1
v -9.620000000000001 -0.75 -8.700000000000001 1 1 1 1
v -9.620000000000001 1.49 -7.74 1 1 1 1
v -9.620000000000001 -0.75 -7.74 1 1 1 1
v -9.620000000000001 1.49 -8.700000000000001 1 1 1 1
v -10.26 -0.75 -7.74 1 1 1 1
v -10.26 1.49 -8.700000000000001 1 1 1 1
v -10.26 -0.75 -8.700000000000001 1 1 1 1
v -10.26 1.49 -7.74 1 1 1 1
v -9.620000000000001 -0.75 -7.74 1 1 1 1
v -9.620000000000001 1.49 -6.78 1 1 1 1
v -9.620000000000001 -0.75 -6.78 1 1 1 1
v -9.620000000000001 1.49 -7.74 1 1 1 1
v -10.26 -0.75 -6.78 1 1 1 1
v -10.26 1.49 -7.74 1 1 1 1
v -10.26 -0.75 -7.74 1 1 1 1
v -10.26 1.49 -6.78 1 1 1 1
v -9.620000000000001 -0.75 -6.78 1 1 1 1
v -9.620000000000001 1.49 -5.82 1 1 1 1
v -9.620000000000001 -0.75 -5.82 1 1 1 1
v -9.620000000000001 1.49 -6.78 1 1 1 1
v -10.26 -0.75 -5.82 1 1 1 1
v -10.26 1.49 -6.78 1 1 1 1
v -10.26 -0.75 -6.78 1 1 1 1
v -10.26 1.49 -5.82 1 1 1 1
v -9.620000000000001 -0.75 -5.82 1 1 1 1
v -9.620000000000001 1.49 -4.86 1 1 1 1
v -9.620000000000001 -0.75 -4.86 1 1 1 1
v -9.620000000000001 1.49 -5.82 1 1 1 1
v -10.26 -0.75 -4.86 1 1 1 1
v -10.26 1.49 -5.82 1 1 1 1
v -10.26 -0.75 -5.82 1 1 1 1
v -10.26 1.49 -4.86 1 1 1 1
v -10.26 -0.75 -16.38 1 1 1 1
v -9.620000000000001 1.49 -16.38 1 1 1 1
v -9.620000000000001 -0.75 -16.38 1 1 1 1
v -10.26 1.49 -16.38 1 1 1 1
v -9.620000000000001 -0.75 -16.38 1 1 1 1
v -9.620000000000001 1.49 -15.42 1 1 1 1
v -9.620000000000001 -0.75 -15.42 1 1 1 1
v -9.620000000000001 1.49 -16.38 1 1 1 1
v -10.26 -0.75 -15.42 1 1 1 1
v -10.26 1.49 -16.38 1 1 1 1
v -10.26 -0.75 -16.38 1 1 1 1
v -10.26 1.49 -15.42 1 1 1 1
v -9.620000000000001 -0.75 -15.42 1 1 1 1
v -9.620000000000001 1.49 -14.46 1 1 1 1
v -9.620000000000001 -0.75 -14.46 1 1 1 1
v -9.620000000000001 1.49 -15.42 1 1 1 1
v -10.26 -0.75 -14.46 1 1 1 1
v -10.26 1.49 -15.42 1 1 1 1
v -10.26 -0.75 -15.42 1 1 1 1
v -10.26 1.49 -14.46 1 1 1 1
v -9.620000000000001 -0.75 -14.46 1 1 1 1
v -9.620000000000001 1.49 -13.5 1 1 1 1
v -9.620000000000001 -0.75 -13.5 1 1 1 1
v -9.620000000000001 1.49 -14.46 1 1 1 1
v -10.26 -0.75 -13.5 1 1 1 1
v -10.26 1.49 -14.46 1 1 1 1
v -10.26 -0.75 -14.46 1 1 1 1
v -10.26 1.49 -13.5 1 1 1 1
v -9.620000000000001 -0.75 -13.5 1 1 1 1
v -9.620000000000001 1.49 -12.540000000000001 1 1 1 1
v -9.620000000000001 -0.75 -12.540000000000001 1 1 1 1
v -9.620000000000001 1.49 -13.5 1 1 1 1
v -10.26 -0.75 -12.540000000000001 1 1 1 1
v -10.26 1.49 -13.5 1 1 1 1
v -10.26 -0.75 -13.5 1 1 1 1
v -10.26 1.49 -12.540000000000001 1 1 1 1
v -9.620000000000001 -0.75 -12.540000000000001 1 1 1 1
v -9.620000000000001 1.49 -11.58 1 1 1 1
v -9.620000000000001 -0.75 -11.58 1 1 1 1
v -9.620000000000001 1.49 -12.540000000000001 1 1 1 1
v -10.26 -0.75 -11.58 1 1 1 1
v -10.26 1.49 -12.540000000000001 1 1 1 1
v -10.26 -0.75 -12.540000000000001 1 1 1 1
v -10.26 1.49 -11.58 1 1 1 1
v -9.620000000000001 -0.75 -11.58 1 1 1 1
v -9.620000000000001 1.49 -10.620000000000001 1 1 1 1
v -9.620000000000001 -0.75 -10.620000000000001 1 1 1 1
v -9.620000000000001 1.49 -11.58 1 1 1 1
v -10.26 -0.75 -10.620000000000001 1 1 1 1
v -10.26 1.49 -11.58 1 1 1 1
v -10.26 -0.75 -11.58 1 1 1 1
v -10.26 1.49 -10.620000000000001 1 1 1 1
v -9.620000000000001 -0.75 -10.620000000000001 1 1 1 1
v -9.620000000000001 1.49 -9.66 1 1 1 1
v -9.620000000000001 -0.75 -9.66 1 1 1 1
v -9.620000000000001 1.49 -10.620000000000001 1 1 1 1
v -10.26 -0.75 -9.66 1 1 1 1
v -10.26 1.49 -10.620000000000001 1 1 1 1
v -10.26 -0.75 -10.620000000000001 1 1 1 1
v -10.26 1.49 -9.66 1 1 1 1
v -9.620000000000001 -0.75 -9.66 1 1 1 1
v -9.620000000000001 1.49 -8.700000000000001 1 1 1 1
v -9.620000000000001 -0.75 -8.700000000000001 1 1 1 1
v -9.620000000000001 1.49 -9.66 1 1 1 1
v -10.26 -0.75 -8.700000000000001 1 1 1 1
v -10.26 1.49 -9.66 1 1 1 1
v -10.26 -0.75 -9.66 1 1 1 1
v -10.26 1.49 -8.700000000000001 1 1 1 1
v 10.86 1.49 -4.5600000000000005 1 1 1 1
v 11.5 1.49 -3.6 1 1 1 1
v 11.5 1.49 -4.5600000000000005 1 1 1 1
v 10.86 1.49 -3.6 1 1 1 1
v 10.86 1.49 -5.5200000000000005 1 1 1 1
v 11.5 1.49 -4.5600000000000005 1 1 1 1
v 11.5 1.49 -5.5200000000000005 1 1 1 1
v 10.86 1.49 -4.5600000000000005 1 1 1 1
v 10.86 1.49 -6.48 1 1 1 1
v 11.5 1.49 -5.5200000000000005 1 1 1 1
v 11.5 1.49 -6.48 1 1 1 1
v 10.86 1.49 -5.5200000000000005 1 1 1 1
v 10.86 1.49 -16.080000000000002 1 1 1 1
v 11.5 1.49 -15.120000000000001 1 1 1 1
v 11.5 1.49 -16.080000000000002 1 1 1 1
v 10.86 1.49 -15.120000000000001 1 1 1 1
v 10.86 1.49 -15.120000000000001 1 1 1 1
v 11.5 1.49 -14.16 1 1 1 1
v 11.5 1.49 -15.120000000000001 1 1 1 1
v 10.86 1.49 -14.16 1 1 1 1
v 10.86 1.49 -14.16 1 1 1 1
v 11.5 1.49 -13.200000000000001 1 1 1 1
v 11.5 1.49 -14.16 1 1 1 1
v 10.86 1.49 -13.200000000000001 1 1 1 1
v 10.86 1.49 -13.200000000000001 1 1 1 1
v 11.5 1.49 -12.24 1 1 1 1
v 11.5 1.49 -13.200000000000001 1 1 1 1
v 10.86 1.49 -12.24 1 1 1 1
v 10.86 1.49 -12.24 1 1 1 1
v 11.5 1.49 -11.28 1 1 1 1
v 11.5 1.49 -12.24 1 1 1 1
v 10.86 1.49 -11.28 1 1 1 1
v 10.86 1.49 -11.28 1 1 1 1
v 11.5 1.49 -10.32 1 1 1 1
v 11.5 1.49 -11.28 1 1 1 1
v 10.86 1.49 -10.32 1 1 1 1
v 10.86 1.49 -10.32 1 1 1 1
v 11.5 1.49 -9.36 1 1 1 1
v 11.5 1.49 -10.32 1 1 1 1
v 10.86 1.49 -9.36 1 1 1 1
v 10.86 1.49 -9.36 1 1 1 1
v 11.5 1.49 -8.4 1 1 1 1
v 11.5 1.49 -9.36 1 1 1 1
v 10.86 1.49 -8.4 1 1 1 1
v 10.86 1.49 -8.4 1 1 1 1
v 11.5 1.49 -7.44 1 1 1 1
v 11.5 1.49 -8.4 1 1 1 1
v 10.86 1.49 -7.44 1 1 1 1
v 10.86 1.49 -7.44 1 1 1 1
v 11.5 1.49 -6.48 1 1 1 1
v 11.5 1.49 -7.44 1 1 1 1
v 10.86 1.49 -6.48 1 1 1 1
v 10.86 1.49 -3.6 1 1 1 1
v 11.5 1.49 -2.64 1 1 1 1
v 11.5 1.49 -3.6 1 1 1 1
v 10.86 1.49 -2.64 1 1 1 1
v 10.86 1.49 -2.64 1 1 1 1
v 11.5 1.49 -1.68 1 1 1 1
v 11.5 1.49 -2.64 1 1 1 1
v 10.86 1.49 -1.68 1 1 1 1
v 10.86 1.49 -1.68 1 1 1 1
v 11.5 1.49 -0.72 1 1 1 1
v 11.5 1.49 -1.68 1 1 1 1
v 10.86 1.49 -0.72 1 1 1 1
v 10.86 1.49 -0.72 1 1 1 1
v 11.5 1.49 0.24 1 1 1 1
v 11.5 1.49 -0.72 1 1 1 1
v 10.86 1.49 0.24 1 1 1 1
v 11.5 -0.75 -0.72 1 1 1 1
v 11.5 1.49 0.24 1 1 1 1
v 11.5 -0.75 0.24 1 1 1 1
v 11.5 1.49 -0.72 1 1 1 1
v 11.5 -0.75 0.24 1 1 1 1
v 10.86 1.49 0.24 1 1 1 1
v 10.86 -0.75 0.24 1 1 1 1
v 11.5 1.49 0.24 1 1 1 1
v 10.86 -0.75 0.24 1 1 1 1
v 10.86 1.49 -0.72 1 1 1 1
v 10.86 -0.75 -0.72 1 1 1 1
v 10.86 1.49 0.24 1 1 1 1
v 11.5 -0.75 -7.44 1 1 1 1
v 11.5 1.49 -6.48 1 1 1 1
v 11.5 -0.75 -6.48 1 1 1 1
v 11.5 1.49 -7.44 1 1 1 1
v 10.86 -0.75 -6.48 1 1 1 1
v 10.86 1.49 -7.44 1 1 1 1
v 10.86 -0.75 -7.44 1 1 1 1
v 10.86 1.49 -6.48 1 1 1 1
v 11.5 -0.75 -6.48 1 1 1 1
v 11.5 1.49 -5.5200000000000005 1 1 1 1
v 11.5 -0.75 -5.5200000000000005 1 1 1 1
v 11.5 1.49 -6.48 1 1 1 1
v 10.86 -0.75 -5.5200000000000005 1 1 1 1
v 10.86 1.49 -6.48 1 1 1 1
v 10.86 -0.75 -6.48 1 1 1 1
v 10.86 1.49 -5.5200000000000005 1 1 1 1
v 11.5 -0.75 -5.5200000000000005 1 1 1 1
v 11.5 1.49 -4.5600000000000005 1 1 1 1
v 11.5 -0.75 -4.5600000000000005 1 1 1 1
v 11.5 1.49 -5.5200000000000005 1 1 1 1
v 10.86 -0.75 -4.5600000000000005 1 1 1 1
v 10.86 1.49 -5.5200000000000005 1 1 1 1
v 10.86 -0.75 -5.5200000000000005 1 1 1 1
v 10.86 1.49 -4.5600000000000005 1 1 1 1
v 11.5 -0.75 -4.5600000000000005 1 1 1 1
v 11.5 1.49 -3.6 1 1 1 1
v 11.5 -0.75 -3.6 1 1 1 1
v 11.5 1.49 -4.5600000000000005 1 1 1 1
v 10.86 -0.75 -3.6 1 1 1 1
v 10.86 1.49 -4.5600000000000005 1 1 1 1
v 10.86 -0.75 -4.5600000000000005 1 1 1 1
v 10.86 1.49 -3.6 1 1 1 1
v 11.5 -0.75 -3.6 1 1 1 1
v 11.5 1.49 -2.64 1 1 1 1
v 11.5 -0.75 -2.64 1 1 1 1
v 11.5 1.49 -3.6 1 1 1 1
v 10.86 -0.75 -2.64 1 1 1 1
v 10.86 1.49 -3.6 1 1 1 1
v 10.86 -0.75 -3.6 1 1 1 1
v 10.86 1.49 -2.64 1 1 1 1
v 11.5 -0.75 -2.64 1 1 1 1
v 11.5 1.49 -1.68 1 1 1 1
v 11.5 -0.75 -1.68 1 1 1 1
v 11.5 1.49 -2.64 1 1 1 1
v 10.86 -0.75 -1.68 1 1 1 1
v 10.86 1.49 -2.64 1 1 1 1
v 10.86 -0.75 -2.64 1 1 1 1
v 10.86 1.49 -1.68 1 1 1 1
v 11.5 -0.75 -1.68 1 1 1 1
v 11.5 1.49 -0.72 1 1 1 1
v 11.5 -0.75 -0.72 1 1 1 1
v 11.5 1.49 -1.68 1 1 1 1
v 10.86 -0.75 -0.72 1 1 1 1
v 10.86 1.49 -1.68 1 1 1 1
v 10.86 -0.75 -1.68 1 1 1 1
v 10.86 1.49 -0.72 1 1 1 1
v 11.5 -0.75 -15.120000000000001 1 1 1 1
v 11.5 1.49 -14.16 1 1 1 1
v 11.5 -0.75 -14.16 1 1 1 1
v 11.5 1.49 -15.120000000000001 1 1 1 1
v 10.86 -0.75 -14.16 1 1 1 1
v 10.86 1.49 -15.120000000000001 1 1 1 1
v 10.86 -0.75 -15.120000000000001 1 1 1 1
v 10.86 1.49 -14.16 1 1 1 1
v 11.5 -0.75 -14.16 1 1 1 1
v 11.5 1.49 -13.200000000000001 1 1 1 1
v 11.5 -0.75 -13.200000000000001 1 1 1 1
v 11.5 1.49 -14.16 1 1 1 1
v 10.86 -0.75 -13.200000000000001 1 1 1 1
v 10.86 1.49 -14.16 1 1 1 1
v 10.86 -0.75 -14.16 1 1 1 1
v 10.86 1.49 -13.200000000000001 1 1 1 1
v 11.5 -0.75 -13.200000000000001 1 1 1 1
v 11.5 1.49 -12.24 1 1 1 1
v 11.5 -0.75 -12.24 1 1 1 1
v 11.5 1.49 -13.200000000000001 1 1 1 1
v 10.86 -0.75 -12.24 1 1 1 1
v 10.86 1.49 -13.200000000000001 1 1 1 1
v 10.86 -0.75 -13.200000000000001 1 1 1 1
v 10.86 1.49 -12.24 1 1 1 1
v 11.5 -0.75 -12.24 1 1 1 1
v 11.5 1.49 -11.28 1 1 1 1
v 11.5 -0.75 -11.28 1 1 1 1
v 11.5 1.49 -12.24 1 1 1 1
v 10.86 -0.75 -11.28 1 1 1 1
v 10.86 1.49 -12.24 1 1 1 1
v 10.86 -0.75 -12.24 1 1 1 1
v 10.86 1.49 -11.28 1 1 1 1
v 11.5 -0.75 -11.28 1 1 1 1
v 11.5 1.49 -10.32 1 1 1 1
v 11.5 -0.75 -10.32 1 1 1 1
v 11.5 1.49 -11.28 1 1 1 1
v 10.86 -0.75 -10.32 1 1 1 1
v 10.86 1.49 -11.28 1 1 1 1
v 10.86 -0.75 -11.28 1 1 1 1
v 10.86 1.49 -10.32 1 1 1 1
v 11.5 -0.75 -10.32 1 1 1 1
v 11.5 1.49 -9.36 1 1 1 1
v 11.5 -0.75 -9.36 1 1 1 1
v 11.5 1.49 -10.32 1 1 1 1
v 10.86 -0.75 -9.36 1 1 1 1
v 10.86 1.49 -10.32 1 1 1 1
v 10.86 -0.75 -10.32 1 1 1 1
v 10.86 1.49 -9.36 1 1 1 1
v 11.5 -0.75 -9.36 1 1 1 1
v 11.5 1.49 -8.4 1 1 1 1
v 11.5 -0.75 -8.4 1 1 1 1
v 11.5 1.49 -9.36 1 1 1 1
v 10.86 -0.75 -8.4 1 1 1 1
v 10.86 1.49 -9.36 1 1 1 1
v 10.86 -0.75 -9.36 1 1 1 1
v 10.86 1.49 -8.4 1 1 1 1
v 11.5 -0.75 -8.4 1 1 1 1
v 11.5 1.49 -7.44 1 1 1 1
v 11.5 -0.75 -7.44 1 1 1 1
v 11.5 1.49 -8.4 1 1 1 1
v 10.86 -0.75 -7.44 1 1 1 1
v 10.86 1.49 -8.4 1 1 1 1
v 10.86 -0.75 -8.4 1 1 1 1
v 10.86 1.49 -7.44 1 1 1 1
v 10.86 -0.75 -16.080000000000002 1 1 1 1
v 11.5 1.49 -16.080000000000002 1 1 1 1
v 11.5 -0.75 -16.080000000000002 1 1 1 1
v 10.86 1.49 -16.080000000000002 1 1 1 1
v 11.5 -0.75 -16.080000000000002 1 1 1 1
v 11.5 1.49 -15.120000000000001 1 1 1 1
v 11.5 -0.75 -15.120000000000001 1 1 1 1
v 11.5 1.49 -16.080000000000002 1 1 1 1
v 10.86 -0.75 -15.120000000000001 1 1 1 1
v 10.86 1.49 -16.080000000000002 1 1 1 1
v 10.86 -0.75 -16.080000000000002 1 1 1 1
v 10.86 1.49 -15.120000000000001 1 1 1 1
v 13.42 -0.75 -0.38 1 1 1 1
v 13.74 -0.75 -0.7000000000000001 1 1 1 1
v 13.42 -0.75 -0.7000000000000001 1 1 1 1
v 13.74 -0.75 -0.38 1 1 1 1
v 13.1 -0.75 -0.38 1 1 1 1
v 13.42 -0.75 -0.7000000000000001 1 1 1 1
v 13.1 -0.75 -0.7000000000000001 1 1 1 1
v 13.42 -0.75 -0.38 1 1 1 1
v 12.780000000000001 -0.75 -0.38 1 1 1 1
v 13.1 -0.75 -0.7000000000000001 1 1 1 1
v 12.780000000000001 -0.75 -0.7000000000000001 1 1 1 1
v 13.1 -0.75 -0.38 1 1 1 1
v 12.46 -0.75 -0.38 1 1 1 1
v 12.780000000000001 -0.75 -0.7000000000000001 1 1 1 1
v 12.46 -0.75 -0.7000000000000001 1 1 1 1
v 12.780000000000001 -0.75 -0.38 1 1 1 1
v 12.14 -0.75 -0.38 1 1 1 1
v 12.46 -0.75 -0.7000000000000001 1 1 1 1
v 12.14 -0.75 -0.7000000000000001 1 1 1 1
v 12.46 -0.75 -0.38 1 1 1 1
v 11.82 -0.75 -0.38 1 1 1 1
v 12.14 -0.75 -0.7000000000000001 1 1 1 1
v 11.82 -0.75 -0.7000000000000001 1 1 1 1
v 12.14 -0.75 -0.38 1 1 1 1
v 11.5 -0.75 -0.38 1 1 1 1
v 11.82 -0.75 -0.7000000000000001 1 1 1 1
v 11.5 -0.75 -0.7000000000000001 1 1 1 1
v 11.82 -0.75 -0.38 1 1 1 1
v 13.42 -0.75 -0.06 1 1 1 1
v 13.74 -0.75 -0.38 1 1 1 1
v 13.42 -0.75 -0.38 1 1 1 1
v 13.74 -0.75 -0.06 1 1 1 1
v 13.1 -0.75 -0.06 1 1 1 1
v 13.42 -0.75 -0.38 1 1 1 1
v 13.1 -0.75 -0.38 1 1 1 1
v 13.42 -0.75 -0.06 1 1 1 1
v 12.780000000000001 -0.75 -0.06 1 1 1 1
v 13.1 -0.75 -0.38 1 1 1 1
v 12.780000000000001 -0.75 -0.38 1 1 1 1
v 13.1 -0.75 -0.06 1 1 1 1
v 12.46 -0.75 -0.06 1 1 1 1
v 12.780000000000001 -0.75 -0.38 1 1 1 1
v 12.46 -0.75 -0.38 1 1 1 1
v 12.780000000000001 -0.75 -0.06 1 1 1 1
v 12.14 -0.75 -0.06 1 1 1 1
v 12.46 -0.75 -0.38 1 1 1 1
v 12.14 -0.75 -0.38 1 1 1 1
v 12.46 -0.75 -0.06 1 1 1 1
v 11.82 -0.75 -0.06 1 1 1 1
v 12.14 -0.75 -0.38 1 1 1 1
v 11.82 -0.75 -0.38 1 1 1 1
v 12.14 -0.75 -0.06 1 1 1 1
v 11.5 -0.75 -0.06 1 1 1 1
v 11.82 -0.75 -0.38 1 1 1 1
v 11.5 -0.75 -0.38 1 1 1 1
v 11.82 -0.75 -0.06 1 1 1 1
v 13.1 -0.75 1.22 1 1 1 1
v 13.42 -0.75 0.9 1 1 1 1
v 13.1 -0.75 0.9 1 1 1 1
v 13.42 -0.75 1.22 1 1 1 1
v 13.1 -0.75 1.54 1 1 1 1
v 13.42 -0.75 1.22 1 1 1 1
v 13.1 -0.75 1.22 1 1 1 1
v 13.42 -0.75 1.54 1 1 1 1
v 13.1 -0.75 1.86 1 1 1 1
v 13.42 -0.75 1.54 1 1 1 1
v 13.1 -0.75 1.54 1 1 1 1
v 13.42 -0.75 1.86 1 1 1 1
v 13.1 -0.75 2.18 1 1 1 1
v 13.42 -0.75 1.86 1 1 1 1
v 13.1 -0.75 1.86 1 1 1 1
v 13.42 -0.75 2.18 1 1 1 1
v 13.1 -0.75 2.5 1 1 1 1
v 13.42 -0.75 2.18 1 1 1 1
v 13.1 -0.75 2.18 1 1 1 1
v 13.42 -0.75 2.5 1 1 1 1
v 13.42 -0.75 2.82 1 1 1 1
v 13.74 -0.75 2.5 1 1 1 1
v 13.42 -0.75 2.5 1 1 1 1
v 13.74 -0.75 2.82 1 1 1 1
v 13.42 -0.75 3.14 1 1 1 1
v 13.74 -0.75 2.82 1 1 1 1
v 13.42 -0.75 2.82 1 1 1 1
v 13.74 -0.75 3.14 1 1 1 1
v 13.42 -0.75 3.46 1 1 1 1
v 13.74 -0.75 3.14 1 1 1 1
v 13.42 -0.75 3.14 1 1 1 1
v 13.74 -0.75 3.46 1 1 1 1
v 13.1 -0.75 3.46 1 1 1 1
v 13.42 -0.75 3.14 1 1 1 1
v 13.1 -0.75 3.14 1 1 1 1
v 13.42 -0.75 3.46 1 1 1 1
v 13.1 -0.75 3.14 1 1 1 1
v 13.42 -0.75 2.82 1 1 1 1
v 13.1 -0.75 2.82 1 1 1 1
v 13.42 -0.75 3.14 1 1 1 1
v 13.1 -0.75 2.82 1 1 1 1
v 13.42 -0.75 2.5 1 1 1 1
v 13.1 -0.75 2.5 1 1 1 1
v 13.42 -0.75 2.82 1 1 1 1
v 13.42 -0.75 2.5 1 1 1 1
v 13.74 -0.75 2.18 1 1 1 1
v 13.42 -0.75 2.18 1 1 1 1
v 13.74 -0.75 2.5 1 1 1 1
v 13.42 -0.75 2.18 1 1 1 1
v 13.74 -0.75 1.86 1 1 1 1
v 13.42 -0.75 1.86 1 1 1 1
v 13.74 -0.75 2.18 1 1 1 1
v 13.42 -0.75 1.86 1 1 1 1
v 13.74 -0.75 1.54 1 1 1 1
v 13.42 -0.75 1.54 1 1 1 1
v 13.74 -0.75 1.86 1 1 1 1
v 13.42 -0.75 1.54 1 1 1 1
v 13.74 -0.75 1.22 1 1 1 1
v 13.42 -0.75 1.22 1 1 1 1
v 13.74 -0.75 1.54 1 1 1 1
v 13.42 -0.75 1.22 1 1 1 1
v 13.74 -0.75 0.9 1 1 1 1
v 13.42 -0.75 0.9 1 1 1 1
v 13.74 -0.75 1.22 1 1 1 1
v 13.42 -0.75 0.58 1 1 1 1
v 13.74 -0.75 0.26 1 1 1 1
v 13.42 -0.75 0.26 1 1 1 1
v 13.74 -0.75 0.58 1 1 1 1
v 13.1 -0.75 0.58 1 1 1 1
v 13.42 -0.75 0.26 1 1 1 1
v 13.1 -0.75 0.26 1 1 1 1
v 13.42 -0.75 0.58 1 1 1 1
v 13.1 -0.75 0.26 1 1 1 1
v 13.42 -0.75 -0.06 1 1 1 1
v 13.1 -0.75 -0.06 1 1 1 1
v 13.42 -0.75 0.26 1 1 1 1
v 13.42 -0.75 0.26 1 1 1 1
v 13.74 -0.75 -0.06 1 1 1 1
v 13.42 -0.75 -0.06 1 1 1 1
v 13.74 -0.75 0.26 1 1 1 1
v 13.42 -0.75 0.9 1 1 1 1
v 13.74 -0.75 0.58 1 1 1 1
v 13.42 -0.75 0.58 1 1 1 1
v 13.74 -0.75 0.9 1 1 1 1
v 13.1 -0.75 0.9 1 1 1 1
v 13.42 -0.75 0.58 1 1 1 1
v 13.1 -0.75 0.58 1 1 1 1
v 13.42 -0.75 0.9 1 1 1 1
v 12.46 -0.75 0.58 1 1 1 1
v 12.780000000000001 -0.75 0.26 1 1 1 1
v 12.46 -0.75 0.26 1 1 1 1
v 12.780000000000001 -0.75 0.58 1 1 1 1
v 12.46 -0.75 0.9 1 1 1 1
v 12.780000000000001 -0.75 0.58 1 1 1 1
v 12.46 -0.75 0.58 1 1 1 1
v 12.780000000000001 -0.75 0.9 1 1 1 1
v 12.46 -0.75 1.22 1 1 1 1
v 12.780000000000001 -0.75 0.9 1 1 1 1
v 12.46 -0.75 0.9 1 1 1 1
v 12.780000000000001 -0.75 1.22 1 1 1 1
v 12.46 -0.75 1.54 1 1 1 1
v 12.780000000000001 -0.75 1.22 1 1 1 1
v 12.46 -0.75 1.22 1 1 1 1
v 12.780000000000001 -0.75 1.54 1 1 1 1
v 12.46 -0.75 1.86 1 1 1 1
v 12.780000000000001 -0.75 1.54 1 1 1 1
v 12.46 -0.75 1.54 1 1 1 1
v 12.780000000000001 -0.75 1.86 1 1 1 1
v 12.46 -0.75 2.18 1 1 1 1
v 12.780000000000001 -0.75 1.86 1 1 1 1
v 12.46 -0.75 1.86 1 1 1 1
v 12.780000000000001 -0.75 2.18 1 1 1 1
v 12.46 -0.75 2.5 1 1 1 1
v 12.780000000000001 -0.75 2.18 1 1 1 1
v 12.46 -0.75 2.18 1 1 1 1
v 12.780000000000001 -0.75 2.5 1 1 1 1
v 12.46 -0.75 2.82 1 1 1 1
v 12.780000000000001 -0.75 2.5 1 1 1 1
v 12.46 -0.75 2.5 1 1 1 1
v 12.780000000000001 -0.75 2.82 1 1 1 1
v 12.46 -0.75 3.14 1 1 1 1
v 12.780000000000001 -0.75 2.82 1 1 1 1
v 12.46 -0.75 2.82 1 1 1 1
v 12.780000000000001 -0.75 3.14 1 1 1 1
v 12.46 -0.75 3.46 1 1 1 1
v 12.780000000000001 -0.75 3.14 1 1 1 1
v 12.46 -0.75 3.14 1 1 1 1
v 12.780000000000001 -0.75 3.46 1 1 1 1
v 12.780000000000001 -0.75 3.46 1 1 1 1
v 13.1 -0.75 3.14 1 1 1 1
v 12.780000000000001 -0.75 3.14 1 1 1 1
v 13.1 -0.75 3.46 1 1 1 1
v 12.780000000000001 -0.75 3.14 1 1 1 1
v 13.1 -0.75 2.82 1 1 1 1
v 12.780000000000001 -0.75 2.82 1 1 1 1
v 13.1 -0.75 3.14 1 1 1 1
v 12.780000000000001 -0.75 2.82 1 1 1 1
v 13.1 -0.75 2.5 1 1 1 1
v 12.780000000000001 -0.75 2.5 1 1 1 1
v 13.1 -0.75 2.82 1 1 1 1
v 12.780000000000001 -0.75 2.5 1 1 1 1
v 13.1 -0.75 2.18 1 1 1 1
v 12.780000000000001 -0.75 2.18 1 1 1 1
v 13.1 -0.75 2.5 1 1 1 1
v 12.780000000000001 -0.75 2.18 1 1 1 1
v 13.1 -0.75 1.86 1 1 1 1
v 12.780000000000001 -0.75 1.86 1 1 1 1
v 13.1 -0.75 2.18 1 1 1 1
v 12.780000000000001 -0.75 1.86 1 1 1 1
v 13.1 -0.75 1.54 1 1 1 1
v 12.780000000000001 -0.75 1.54 1 1 1 1
v 13.1 -0.75 1.86 1 1 1 1
v 12.780000000000001 -0.75 1.54 1 1 1 1
v 13.1 -0.75 1.22 1 1 1 1
v 12.780000000000001 -0.75 1.22 1 1 1 1
v 13.1 -0.75 1.54 1 1 1 1
v 12.780000000000001 -0.75 1.22 1 1 1 1
v 13.1 -0.75 0.9 1 1 1 1
v 12.780000000000001 -0.75 0.9 1 1 1 1
v 13.1 -0.75 1.22 1 1 1 1
v 12.780000000000001 -0.75 0.9 1 1 1 1
v 13.1 -0.75 0.58 1 1 1 1
v 12.780000000000001 -0.75 0.58 1 1 1 1
v 13.1 -0.75 0.9 1 1 1 1
v 12.780000000000001 -0.75 0.58 1 1 1 1
v 13.1 -0.75 0.26 1 1 1 1
v 12.780000000000001 -0.75 0.26 1 1 1 1
v 13.1 -0.75 0.58 1 1 1 1
v 12.780000000000001 -0.75 0.26 1 1 1 1
v 13.1 -0.75 -0.06 1 1 1 1
v 12.780000000000001 -0.75 -0.06 1 1 1 1
v 13.1 -0.75 0.26 1 1 1 1
v 12.46 -0.75 0.26 1 1 1 1
v 12.780000000000001 -0.75 -0.06 1 1 1 1
v 12.46 -0.75 -0.06 1 1 1 1
v 12.780000000000001 -0.75 0.26 1 1 1 1
v 12.14 -0.75 0.26 1 1 1 1
v 12.46 -0.75 -0.06 1 1 1 1
v 12.14 -0.75 -0.06 1 1 1 1
v 12.46 -0.75 0.26 1 1 1 1
v 12.14 -0.75 0.58 1 1 1 1
v 12.46 -0.75 0.26 1 1 1 1
v 12.14 -0.75 0.26 1 1 1 1
v 12.46 -0.75 0.58 1 1 1 1
v 12.14 -0.75 0.9 1 1 1 1
v 12.46 -0.75 0.58 1 1 1 1
v 12.14 -0.75 0.58 1 1 1 1
v 12.46 -0.75 0.9 1 1 1 1
v 12.14 -0.75 1.22 1 1 1 1
v 12.46 -0.75 0.9 1 1 1 1
v 12.14 -0.75 0.9 1 1 1 1
v 12.46 -0.75 1.22 1 1 1 1
v 12.14 -0.75 1.54 1 1 1 1
v 12.46 -0.75 1.22 1 1 1 1
v 12.14 -0.75 1.22 1 1 1 1
v 12.46 -0.75 1.54 1 1 1 1
v 12.14 -0.75 1.86 1 1 1 1
v 12.46 -0.75 1.54 1 1 1 1
v 12.14 -0.75 1.54 1 1 1 1
v 12.46 -0.75 1.86 1 1 1 1
v 12.14 -0.75 2.18 1 1 1 1
v 12.46 -0.75 1.86 1 1 1 1
v 12.14 -0.75 1.86 1 1 1 1
v 12.46 -0.75 2.18 1 1 1 1
v 12.14 -0.75 2.5 1 1 1 1
v 12.46 -0.75 2.18 1 1 1 1
v 12.14 -0.75 2.18 1 1 1 1
v 12.46 -0.75 2.5 1 1 1 1
v 12.14 -0.75 2.82 1 1 1 1
v 12.46 -0.75 2.5 1 1 1 1
v 12.14 -0.75 2.5 1 1 1 1
v 12.46 -0.75 2.82 1 1 1 1
v 12.14 -0.75 3.14 1 1 1 1
v 12.46 -0.75 2.82 1 1 1 1
v 12.14 -0.75 2.82 1 1 1 1
v 12.46 -0.75 3.14 1 1 1 1
v 12.14 -0.75 3.46 1 1 1 1
v 12.46 -0.75 3.14 1 1 1 1
v 12.14 -0.75 3.14 1 1 1 1
v 12.46 -0.75 3.46 1 1 1 1
v 11.82 -0.75 3.46 1 1 1 1
v 12.14 -0.75 3.14 1 1 1 1
v 11.82 -0.75 3.14 1 1 1 1
v 12.14 -0.75 3.46 1 1 1 1
v 11.82 -0.75 3.14 1 1 1 1
v 12.14 -0.75 2.82 1 1 1 1
v 11.82 -0.75 2.82 1 1 1 1
v 12.14 -0.75 3.14 1 1 1 1
v 11.82 -0.75 2.82 1 1 1 1
v 12.14 -0.75 2.5 1 1 1 1
v 11.82 -0.75 2.5 1 1 1 1
v 12.14 -0.75 2.82 1 1 1 1
v 11.82 -0.75 2.5 1 1 1 1
v 12.14 -0.75 2.18 1 1 1 1
v 11.82 -0.75 2.18 1 1 1 1
v 12.14 -0.75 2.5 1 1 1 1
v 11.82 -0.75 2.18 1 1 1 1
v 12.14 -0.75 1.86 1 1 1 1
v 11.82 -0.75 1.86 1 1 1 1
v 12.14 -0.75 2.18 1 1 1 1
v 11.82 -0.75 1.86 1 1 1 1
v 12.14 -0.75 1.54 1 1 1 1
v 11.82 -0.75 1.54 1 1 1 1
v 12.14 -0.75 1.86 1 1 1 1
v 11.82 -0.75 1.54 1 1 1 1
v 12.14 -0.75 1.22 1 1 1 1
v 11.82 -0.75 1.22 1 1 1 1
v 12.14 -0.75 1.54 1 1 1 1
v 11.82 -0.75 1.22 1 1 1 1
v 12.14 -0.75 0.9 1 1 1 1
v 11.82 -0.75 0.9 1 1 1 1
v 12.14 -0.75 1.22 1 1 1 1
v 11.82 -0.75 0.9 1 1 1 1
v 12.14 -0.75 0.58 1 1 1 1
v 11.82 -0.75 0.58 1 1 1 1
v 12.14 -0.75 0.9 1 1 1 1
v 11.82 -0.75 0.58 1 1 1 1
v 12.14 -0.75 0.26 1 1 1 1
v 11.82 -0.75 0.26 1 1 1 1
v 12.14 -0.75 0.58 1 1 1 1
v 11.82 -0.75 0.26 1 1 1 1
v 12.14 -0.75 -0.06 1 1 1 1
v 11.82 -0.75 -0.06 1 1 1 1
v 12.14 -0.75 0.26 1 1 1 1
v 11.5 -0.75 0.26 1 1 1 1
v 11.82 -0.75 -0.06 1 1 1 1
v 11.5 -0.75 -0.06 1 1 1 1
v 11.82 -0.75 0.26 1 1 1 1
v 11.18 -0.75 0.26 1 1 1 1
v 11.5 -0.75 -0.06 1 1 1 1
v 11.18 -0.75 -0.06 1 1 1 1
v 11.5 -0.75 0.26 1 1 1 1
v 10.86 -0.75 0.26 1 1 1 1
v 11.18 -0.75 -0.06 1 1 1 1
v 10.86 -0.75 -0.06 1 1 1 1
v 11.18 -0.75 0.26 1 1 1 1
v 11.5 -0.75 0.58 1 1 1 1
v 11.82 -0.75 0.26 1 1 1 1
v 11.5 -0.75 0.26 1 1 1 1
v 11.82 -0.75 0.58 1 1 1 1
v 11.18 -0.75 0.58 1 1 1 1
v 11.5 -0.75 0.26 1 1 1 1
v 11.18 -0.75 0.26 1 1 1 1
v 11.5 -0.75 0.58 1 1 1 1
v 10.86 -0.75 0.58 1 1 1 1
v 11.18 -0.75 0.26 1 1 1 1
v 10.86 -0.75 0.26 1 1 1 1
v 11.18 -0.75 0.58 1 1 1 1
v -11.540000000000001 -0.75 2.82 1 1 1 1
v -11.22 -0.75 2.5 1 1 1 1
v -11.540000000000001 -0.75 2.5 1 1 1 1
v -11.22 -0.75 2.82 1 1 1 1
v -10.58 -0.75 -0.06 1 1 1 1
v -10.26 -0.75 -0.38 1 1 1 1
v -10.58 -0.75 -0.38 1 1 1 1
v -10.26 -0.75 -0.06 1 1 1 1
v -9.94 -0.75 0.26 1 1 1 1
v -9.620000000000001 -0.75 -0.06 1 1 1 1
v -9.94 -0.75 -0.06 1 1 1 1
v -9.620000000000001 -0.75 0.26 1 1 1 1
v -10.26 -0.75 0.26 1 1 1 1
v -9.94 -0.75 -0.06 1 1 1 1
v -10.26 -0.75 -0.06 1 1 1 1
v -9.94 -0.75 0.26 1 1 1 1
v -10.58 -0.75 0.26 1 1 1 1
v -10.26 -0.75 -0.06 1 1 1 1
v -10.58 -0.75 -0.06 1 1 1 1
v -10.26 -0.75 0.26 1 1 1 1
v -9.94 -0.75 0.58 1 1 1 1
v -9.620000000000001 -0.75 0.26 1 1 1 1
v -9.94 -0.75 0.26 1 1 1 1
v -9.620000000000001 -0.75 0.58 1 1 1 1
v -10.26 -0.75 0.58 1 1 1 1
v -9.94 -0.75 0.26 1 1 1 1
v -10.26 -0.75 0.26 1 1 1 1
v -9.94 -0.75 0.58 1 1 1 1
v -10.58 -0.75 0.58 1 1 1 1
v -10.26 -0.75 0.26 1 1 1 1
v -10.58 -0.75 0.26 1 1 1 1
v -10.26 -0.75 0.58 1 1 1 1
v -10.9 -0.75 -0.06 1 1 1 1
v -10.58 -0.75 -0.38 1 1 1 1
v -10.9 -0.75 -0.38 1 1 1 1
v -10.58 -0.75 -0.06 1 1 1 1
v -11.22 -0.75 -0.06 1 1 1 1
v -10.9 -0.75 -0.38 1 1 1 1
v -11.22 -0.75 -0.38 1 1 1 1
v -10.9 -0.75 -0.06 1 1 1 1
v -11.540000000000001 -0.75 -0.06 1 1 1 1
v -11.22 -0.75 -0.38 1 1 1 1
v -11.540000000000001 -0.75 -0.38 1 1 1 1
v -11.22 -0.75 -0.06 1 1 1 1
v -11.86 -0.75 -0.06 1 1 1 1
v -11.540000000000001 -0.75 -0.38 1 1 1 1
v -11.86 -0.75 -0.38 1 1 1 1
v -11.540000000000001 -0.75 -0.06 1 1 1 1
v -12.18 -0.75 -0.06 1 1 1 1
v -11.86 -0.75 -0.38 1 1 1 1
v -12.18 -0.75 -0.38 1 1 1 1
v -11.86 -0.75 -0.06 1 1 1 1
v -12.5 -0.75 -0.06 1 1 1 1
v -12.18 -0.75 -0.38 1 1 1 1
v -12.5 -0.75 -0.38 1 1 1 1
v -12.18 -0.75 -0.06 1 1 1 1
v -10.9 -0.75 0.26 1 1 1 1
v -10.58 -0.75 -0.06 1 1 1 1
v -10.9 -0.75 -0.06 1 1 1 1
v -10.58 -0.75 0.26 1 1 1 1
v -11.22 -0.75 0.26 1 1 1 1
v -10.9 -0.75 -0.06 1 1 1 1
v -11.22 -0.75 -0.06 1 1 1 1
v -10.9 -0.75 0.26 1 1 1 1
v -11.540000000000001 -0.75 0.26 1 1 1 1
v -11.22 -0.75 -0.06 1 1 1 1
v -11.540000000000001 -0.75 -0.06 1 1 1 1
v -11.22 -0.75 0.26 1 1 1 1
v -11.86 -0.75 0.26 1 1 1 1
v -11.540000000000001 -0.75 -0.06 1 1 1 1
v -11.86 -0.75 -0.06 1 1 1 1
v -11.540000000000001 -0.75 0.26 1 1 1 1
v -12.18 -0.75 0.26 1 1 1 1
v -11.86 -0.75 -0.06 1 1 1 1
v -12.18 -0.75 -0.06 1 1 1 1
v -11.86 -0.75 0.26 1 1 1 1
v -12.5 -0.75 0.26 1 1 1 1
v -12.18 -0.75 -0.06 1 1 1 1
v -12.5 -0.75 -0.06 1 1 1 1
v -12.18 -0.75 0.26 1 1 1 1
v -12.5 -0.75 0.58 1 1 1 1
v -12.18 -0.75 0.26 1 1 1 1
v -12.5 -0.75 0.26 1 1 1 1
v -12.18 -0.75 0.58 1 1 1 1
v -12.18 -0.75 0.58 1 1 1 1
v -11.86 -0.75 0.26 1 1 1 1
v -12.18 -0.75 0.26 1 1 1 1
v -11.86 -0.75 0.58 1 1 1 1
v -11.86 -0.75 0.58 1 1 1 1
v -11.540000000000001 -0.75 0.26 1 1 1 1
v -11.86 -0.75 0.26 1 1 1 1
v -11.540000000000001 -0.75 0.58 1 1 1 1
v -11.540000000000001 -0.75 0.58 1 1 1 1
v -11.22 -0.75 0.26 1 1 1 1
v -11.540000000000001 -0.75 0.26 1 1 1 1
v -11.22 -0.75 0.58 1 1 1 1
v -11.22 -0.75 0.58 1 1 1 1
v -10.9 -0.75 0.26 1 1 1 1
v -11.22 -0.75 0.26 1 1 1 1
v -10.9 -0.75 0.58 1 1 1 1
v -10.9 -0.75 0.58 1 1 1 1
v -10.58 -0.75 0.26 1 1 1 1
v -10.9 -0.75 0.26 1 1 1 1
v -10.58 -0.75 0.58 1 1 1 1
v -10.9 -0.75 3.46 1 1 1 1
v -10.58 -0.75 3.14 1 1 1 1
v -10.9 -0.75 3.14 1 1 1 1
v -10.58 -0.75 3.46 1 1 1 1
v -11.22 -0.75 3.46 1 1 1 1
v -10.9 -0.75 3.14 1 1 1 1
v -11.22 -0.75 3.14 1 1 1 1
v -10.9 -0.75 3.46 1 1 1 1
v -11.540000000000001 -0.75 3.46 1 1 1 1
v -11.22 -0.75 3.14 1 1 1 1
v -11.540000000000001 -0.75 3.14 1 1 1 1
v -11.22 -0.75 3.46 1 1 1 1
v -11.86 -0.75 3.46 1 1 1 1
v -11.540000000000001 -0.75 3.14 1 1 1 1
v -11.86 -0.75 3.14 1 1 1 1
v -11.540000000000001 -0.75 3.46 1 1 1 1
v -12.18 -0.75 3.46 1 1 1 1
v -11.86 -0.75 3.14 1 1 1 1
v -12.18 -0.75 3.14 1 1 1 1
v -11.86 -0.75 3.46 1 1 1 1
v -12.5 -0.75 3.46 1 1 1 1
v -12.18 -0.75 3.14 1 1 1 1
v -12.5 -0.75 3.14 1 1 1 1
v -12.18 -0.75 3.46 1 1 1 1
v -12.5 -0.75 3.14 1 1 1 1
v -12.18 -0.75 2.82 1 1 1 1
v -12.5 -0.75 2.82 1 1 1 1
v -12.18 -0.75 3.14 1 1 1 1
v -12.5 -0.75 2.82 1 1 1 1
v -12.18 -0.75 2.5 1 1 1 1
v -12.5 -0.75 2.5 1 1 1 1
v -12.18 -0.75 2.82 1 1 1 1
v -12.18 -0.75 2.18 1 1 1 1
v -11.86 -0.75 1.86 1 1 1 1
v -12.18 -0.75 1.86 1 1 1 1
v -11.86 -0.75 2.18 1 1 1 1
v -12.18 -0.75 1.86 1 1 1 1
v -11.86 -0.75 1.54 1 1 1 1
v -12.18 -0.75 1.54 1 1 1 1
v -11.86 -0.75 1.86 1 1 1 1
v -11.86 -0.75 1.86 1 1 1 1
v -11.540000000000001 -0.75 1.54 1 1 1 1
v -11.86 -0.75 1.54 1 1 1 1
v -11.540000000000001 -0.75 1.86 1 1 1 1
v -11.540000000000001 -0.75 2.18 1 1 1 1
v -11.22 -0.75 1.86 1 1 1 1
v -11.540000000000001 -0.75 1.86 1 1 1 1
v -11.22 -0.75 2.18 1 1 1 1
v -11.540000000000001 -0.75 1.86 1 1 1 1
v -11.22 -0.75 1.54 1 1 1 1
v -11.540000000000001 -0.75 1.54 1 1 1 1
v -11.22 -0.75 1.86 1 1 1 1
v -11.540000000000001 -0.75 2.5 1 1 1 1
v -11.22 -0.75 2.18 1 1 1 1
v -11.540000000000001 -0.75 2.18 1 1 1 1
v -11.22 -0.75 2.5 1 1 1 1
v -11.86 -0.75 2.18 1 1 1 1
v -11.540000000000001 -0.75 1.86 1 1 1 1
v -11.86 -0.75 1.86 1 1 1 1
v -11.540000000000001 -0.75 2.18 1 1 1 1
v -11.86 -0.75 2.5 1 1 1 1
v -11.540000000000001 -0.75 2.18 1 1 1 1
v -11.86 -0.75 2.18 1 1 1 1
v -11.540000000000001 -0.75 2.5 1 1 1 1
v -11.86 -0.75 2.82 1 1 1 1
v -11.540000000000001 -0.75 2.5 1 1 1 1
v -11.86 -0.75 2.5 1 1 1 1
v -11.540000000000001 -0.75 2.82 1 1 1 1
v -11.22 -0.75 2.82 1 1 1 1
v -10.9 -0.75 2.5 1 1 1 1
v -11.22 -0.75 2.5 1 1 1 1
v -10.9 -0.75 2.82 1 1 1 1
v -11.22 -0.75 2.5 1 1 1 1
v -10.9 -0.75 2.18 1 1 1 1
v -11.22 -0.75 2.18 1 1 1 1
v -10.9 -0.75 2.5 1 1 1 1
v -11.22 -0.75 2.18 1 1 1 1
v -10.9 -0.75 1.86 1 1 1 1
v -11.22 -0.75 1.86 1 1 1 1
v -10.9 -0.75 2.18 1 1 1 1
v -11.22 -0.75 1.86 1 1 1 1
v -10.9 -0.75 1.54 1 1 1 1
v -11.22 -0.75 1.54 1 1 1 1
v -10.9 -0.75 1.86 1 1 1 1
v -11.22 -0.75 1.54 1 1 1 1
v -10.9 -0.75 1.22 1 1 1 1
v -11.22 -0.75 1.22 1 1 1 1
v -10.9 -0.75 1.54 1 1 1 1
v -11.540000000000001 -0.75 1.54 1 1 1 1
v -11.22 -0.75 1.22 1 1 1 1
v -11.540000000000001 -0.75 1.22 1 1 1 1
v -11.22 -0.75 1.54 1 1 1 1
v -11.86 -0.75 1.54 1 1 1 1
v -11.540000000000001 -0.75 1.22 1 1 1 1
v -11.86 -0.75 1.22 1 1 1 1
v -11.540000000000001 -0.75 1.54 1 1 1 1
v -12.18 -0.75 1.54 1 1 1 1
v -11.86 -0.75 1.22 1 1 1 1
v -12.18 -0.75 1.22 1 1 1 1
v -11.86 -0.75 1.54 1 1 1 1
v -12.5 -0.75 1.54 1 1 1 1
v -12.18 -0.75 1.22 1 1 1 1
v -12.5 -0.75 1.22 1 1 1 1
v -12.18 -0.75 1.54 1 1 1 1
v -12.5 -0.75 1.86 1 1 1 1
v -12.18 -0.75 1.54 1 1 1 1
v -12.5 -0.75 1.54 1 1 1 1
v -12.18 -0.75 1.86 1 1 1 1
v -12.5 -0.75 2.18 1 1 1 1
v -12.18 -0.75 1.86 1 1 1 1
v -12.5 -0.75 1.86 1 1 1 1
v -12.18 -0.75 2.18 1 1 1 1
v -12.5 -0.75 2.5 1 1 1 1
v -12.18 -0.75 2.18 1 1 1 1
v -12.5 -0.75 2.18 1 1 1 1
v -12.18 -0.75 2.5 1 1 1 1
v -12.18 -0.75 2.5 1 1 1 1
v -11.86 -0.75 2.18 1 1 1 1
v -12.18 -0.75 2.18 1 1 1 1
v -11.86 -0.75 2.5 1 1 1 1
v -12.18 -0.75 2.82 1 1 1 1
v -11.86 -0.75 2.5 1 1 1 1
v -12.18 -0.75 2.5 1 1 1 1
v -11.86 -0.75 2.82 1 1 1 1
v -12.18 -0.75 3.14 1 1 1 1
v -11.86 -0.75 2.82 1 1 1 1
v -12.18 -0.75 2.82 1 1 1 1
v -11.86 -0.75 3.14 1 1 1 1
v -11.86 -0.75 3.14 1 1 1 1
v -11.540000000000001 -0.75 2.82 1 1 1 1
v -11.86 -0.75 2.82 1 1 1 1
v -11.540000000000001 -0.75 3.14 1 1 1 1
v -11.540000000000001 -0.75 3.14 1 1 1 1
v -11.22 -0.75 2.82 1 1 1 1
v -11.540000000000001 -0.75 2.82 1 1 1 1
v -11.22 -0.75 3.14 1 1 1 1
v -11.22 -0.75 3.14 1 1 1 1
v -10.9 -0.75 2.82 1 1 1 1
v -11.22 -0.75 2.82 1 1 1 1
v -10.9 -0.75 3.14 1 1 1 1
v -10.9 -0.75 3.14 1 1 1 1
v -10.58 -0.75 2.82 1 1 1 1
v -10.9 -0.75 2.82 1 1 1 1
v -10.58 -0.75 3.14 1 1 1 1
v -10.9 -0.75 2.82 1 1 1 1
v -10.58 -0.75 2.5 1 1 1 1
v -10.9 -0.75 2.5 1 1 1 1
v -10.58 -0.75 2.82 1 1 1 1
v -10.9 -0.75 2.5 1 1 1 1
v -10.58 -0.75 2.18 1 1 1 1
v -10.9 -0.75 2.18 1 1 1 1
v -10.58 -0.75 2.5 1 1 1 1
v -10.9 -0.75 2.18 1 1 1 1
v -10.58 -0.75 1.86 1 1 1 1
v -10.9 -0.75 1.86 1 1 1 1
v -10.58 -0.75 2.18 1 1 1 1
v -10.9 -0.75 1.86 1 1 1 1
v -10.58 -0.75 1.54 1 1 1 1
v -10.9 -0.75 1.54 1 1 1 1
v -10.58 -0.75 1.86 1 1 1 1
v -10.9 -0.75 1.54 1 1 1 1
v -10.58 -0.75 1.22 1 1 1 1
v -10.9 -0.75 1.22 1 1 1 1
v -10.58 -0.75 1.54 1 1 1 1
v -10.9 -0.75 1.22 1 1 1 1
v -10.58 -0.75 0.9 1 1 1 1
v -10.9 -0.75 0.9 1 1 1 1
v -10.58 -0.75 1.22 1 1 1 1
v -11.22 -0.75 1.22 1 1 1 1
v -10.9 -0.75 0.9 1 1 1 1
v -11.22 -0.75 0.9 1 1 1 1
v -10.9 -0.75 1.22 1 1 1 1
v -11.540000000000001 -0.75 1.22 1 1 1 1
v -11.22 -0.75 0.9 1 1 1 1
v -11.540000000000001 -0.75 0.9 1 1 1 1
v -11.22 -0.75 1.22 1 1 1 1
v -11.86 -0.75 1.22 1 1 1 1
v -11.540000000000001 -0.75 0.9 1 1 1 1
v -11.86 -0.75 0.9 1 1 1 1
v -11.540000000000001 -0.75 1.22 1 1 1 1
v -12.18 -0.75 1.22 1 1 1 1
v -11.86 -0.75 0.9 1 1 1 1
v -12.18 -0.75 0.9 1 1 1 1
v -11.86 -0.75 1.22 1 1 1 1
v -12.5 -0.75 1.22 1 1 1 1
v -12.18 -0.75 0.9 1 1 1 1
v -12.5 -0.75 0.9 1 1 1 1
v -12.18 -0.75 1.22 1 1 1 1
v -12.5 -0.75 0.9 1 1 1 1
v -12.18 -0.75 0.58 1 1 1 1
v -12.5 -0.75 0.58 1 1 1 1
v -12.18 -0.75 0.9 1 1 1 1
v -12.18 -0.75 0.9 1 1 1 1
v -11.86 -0.75 0.58 1 1 1 1
v -12.18 -0.75 0.58 1 1 1 1
v -11.86 -0.75 0.9 1 1 1 1
v -11.86 -0.75 0.9 1 1 1 1
v -11.540000000000001 -0.75 0.58 1 1 1 1
v -11.86 -0.75 0.58 1 1 1 1
v -11.540000000000001 -0.75 0.9 1 1 1 1
v -11.540000000000001 -0.75 0.9 1 1 1 1
v -11.22 -0.75 0.58 1 1 1 1
v -11.540000000000001 -0.75 0.58 1 1 1 1
v -11.22 -0.75 0.9 1 1 1 1
v -11.22 -0.75 0.9 1 1 1 1
v -10.9 -0.75 0.58 1 1 1 1
v -11.22 -0.75 0.58 1 1 1 1
v -10.9 -0.75 0.9 1 1 1 1
v -10.9 -0.75 0.9 1 1 1 1
v -10.58 -0.75 0.58 1 1 1 1
v -10.9 -0.75 0.58 1 1 1 1
v -10.58 -0.75 0.9 1 1 1 1
v -5.78 -0.75 -9.02 1 1 1 1
v -6.42 -0.75 -8.38 1 1 1 1
v -5.78 -0.75 -8.38 1 1 1 1
v -6.42 -0.75 -9.02 1 1 1 1
v -6.42 -0.75 -9.02 1 1 1 1
v -7.0600000000000005 -0.75 -8.38 1 1 1 1
v -6.42 -0.75 -8.38 1 1 1 1
v -7.0600000000000005 -0.75 -9.02 1 1 1 1
v -7.0600000000000005 -0.75 -9.02 1 1 1 1
v -7.7 -0.75 -8.38 1 1 1 1
v -7.0600000000000005 -0.75 -8.38 1 1 1 1
v -7.7 -0.75 -9.02 1 1 1 1
v -7.7 -0.75 -9.02 1 1 1 1
v -8.34 -0.75 -8.38 1 1 1 1
v -7.7 -0.75 -8.38 1 1 1 1
v -8.34 -0.75 -9.02 1 1 1 1
v -8.34 -0.75 -9.02 1 1 1 1
v -8.98 -0.75 -8.38 1 1 1 1
v -8.34 -0.75 -8.38 1 1 1 1
v -8.98 -0.75 -9.02 1 1 1 1
v 10.86 -0.75 -9.66 1 1 1 1
v 10.22 -0.75 -9.02 1 1 1 1
v 10.86 -0.75 -9.02 1 1 1 1
v 10.22 -0.75 -9.66 1 1 1 1
v 10.86 -0.75 -8.38 1 1 1 1
v 10.22 -0.75 -7.74 1 1 1 1
v 10.86 -0.75 -7.74 1 1 1 1
v 10.22 -0.75 -8.38 1 1 1 1
v -3.86 -0.75 -13.5 1 1 1 1
v -4.5 -0.75 -12.86 1 1 1 1
v -3.86 -0.75 -12.86 1 1 1 1
v -4.5 -0.75 -13.5 1 1 1 1
v -4.5 -0.75 -13.5 1 1 1 1
v -5.14 -0.75 -12.86 1 1 1 1
v -4.5 -0.75 -12.86 1 1 1 1
v -5.14 -0.75 -13.5 1 1 1 1
v -5.14 -0.75 -13.5 1 1 1 1
v -5.78 -0.75 -12.86 1 1 1 1
v -5.14 -0.75 -12.86 1 1 1 1
v -5.78 -0.75 -13.5 1 1 1 1
v -5.78 -0.75 -13.5 1 1 1 1
v -6.42 -0.75 -12.86 1 1 1 1
v -5.78 -0.75 -12.86 1 1 1 1
v -6.42 -0.75 -13.5 1 1 1 1
v -6.42 -0.75 -13.5 1 1 1 1
v -7.0600000000000005 -0.75 -12.86 1 1 1 1
v -6.42 -0.75 -12.86 1 1 1 1
v -7.0600000000000005 -0.75 -13.5 1 1 1 1
v -7.0600000000000005 -0.75 -13.5 1 1 1 1
v -7.7 -0.75 -12.86 1 1 1 1
v -7.0600000000000005 -0.75 -12.86 1 1 1 1
v -7.7 -0.75 -13.5 1 1 1 1
v -7.7 -0.75 -13.5 1 1 1 1
v -8.34 -0.75 -12.86 1 1 1 1
v -7.7 -0.75 -12.86 1 1 1 1
v -8.34 -0.75 -13.5 1 1 1 1
v 7.66 -0.75 -16.06 1 1 1 1
v 7.0200000000000005 -0.75 -15.42 1 1 1 1
v 7.66 -0.75 -15.42 1 1 1 1
v 7.0200000000000005 -0.75 -16.06 1 1 1 1
v -4.5 -0.75 -9.02 1 1 1 1
v -5.14 -0.75 -8.38 1 1 1 1
v -4.5 -0.75 -8.38 1 1 1 1
v -5.14 -0.75 -9.02 1 1 1 1
v -8.34 -0.75 -13.5 1 1 1 1
v -8.98 -0.75 -12.86 1 1 1 1
v -8.34 -0.75 -12.86 1 1 1 1
v -8.98 -0.75 -13.5 1 1 1 1
v 10.86 -0.75 -14.14 1 1 1 1
v 10.22 -0.75 -13.5 1 1 1 1
v 10.86 -0.75 -13.5 1 1 1 1
v 10.22 -0.75 -14.14 1 1 1 1
v -3.86 -0.75 -9.02 1 1 1 1
v -4.5 -0.75 -8.38 1 1 1 1
v -3.86 -0.75 -8.38 1 1 1 1
v -4.5 -0.75 -9.02 1 1 1 1
v -0.02 -0.75 -9.02 1 1 1 1
v -0.66 -0.75 -8.38 1 1 1 1
v -0.02 -0.75 -8.38 1 1 1 1
v -0.66 -0.75 -9.02 1 1 1 1
v -0.66 -0.75 -9.02 1 1 1 1
v -1.3 -0.75 -8.38 1 1 1 1
v -0.66 -0.75 -8.38 1 1 1 1
v -1.3 -0.75 -9.02 1 1 1 1
v -1.3 -0.75 -9.02 1 1 1 1
v -1.94 -0.75 -8.38 1 1 1 1
v -1.3 -0.75 -8.38 1 1 1 1
v -1.94 -0.75 -9.02 1 1 1 1
v -1.94 -0.75 -9.02 1 1 1 1
v -2.58 -0.75 -8.38 1 1 1 1
v -1.94 -0.75 -8.38 1 1 1 1
v -2.58 -0.75 -9.02 1 1 1 1
v -2.58 -0.75 -9.02 1 1 1 1
v -3.22 -0.75 -8.38 1 1 1 1
v -2.58 -0.75 -8.38 1 1 1 1
v -3.22 -0.75 -9.02 1 1 1 1
v -3.22 -0.75 -9.02 1 1 1 1
v -3.86 -0.75 -8.38 1 1 1 1
v -3.22 -0.75 -8.38 1 1 1 1
v -3.86 -0.75 -9.02 1 1 1 1
v -0.02 -0.75 -14.14 1 1 1 1
v -0.66 -0.75 -13.5 1 1 1 1
v -0.02 -0.75 -13.5 1 1 1 1
v -0.66 -0.75 -14.14 1 1 1 1
v -0.02 -0.75 -9.66 1 1 1 1
v -0.66 -0.75 -9.02 1 1 1 1
v -0.02 -0.75 -9.02 1 1 1 1
v -0.66 -0.75 -9.66 1 1 1 1
v -0.02 -0.75 -8.38 1 1 1 1
v -0.66 -0.75 -7.74 1 1 1 1
v -0.02 -0.75 -7.74 1 1 1 1
v -0.66 -0.75 -8.38 1 1 1 1
v -0.66 -0.75 -8.38 1 1 1 1
v -1.3 -0.75 -7.74 1 1 1 1
v -0.66 -0.75 -7.74 1 1 1 1
v -1.3 -0.75 -8.38 1 1 1 1
v -0.66 -0.75 -9.66 1 1 1 1
v -1.3 -0.75 -9.02 1 1 1 1
v -0.66 -0.75 -9.02 1 1 1 1
v -1.3 -0.75 -9.66 1 1 1 1
v -1.3 -0.75 -9.66 1 1 1 1
v -1.94 -0.75 -9.02 1 1 1 1
v -1.3 -0.75 -9.02 1 1 1 1
v -1.94 -0.75 -9.66 1 1 1 1
v -1.94 -0.75 -9.66 1 1 1 1
v -2.58 -0.75 -9.02 1 1 1 1
v -1.94 -0.75 -9.02 1 1 1 1
v -2.58 -0.75 -9.66 1 1 1 1
v -2.58 -0.75 -9.66 1 1 1 1
v -3.22 -0.75 -9.02 1 1 1 1
v -2.58 -0.75 -9.02 1 1 1 1
v -3.22 -0.75 -9.66 1 1 1 1
v -1.3 -0.75 -8.38 1 1 1 1
v -1.94 -0.75 -7.74 1 1 1 1
v -1.3 -0.75 -7.74 1 1 1 1
v -1.94 -0.75 -8.38 1 1 1 1
v -3.22 -0.75 -9.66 1 1 1 1
v -3.86 -0.75 -9.02 1 1 1 1
v -3.22 -0.75 -9.02 1 1 1 1
v -3.86 -0.75 -9.66 1 1 1 1
v -3.86 -0.75 -9.66 1 1 1 1
v -4.5 -0.75 -9.02 1 1 1 1
v -3.86 -0.75 -9.02 1 1 1 1
v -4.5 -0.75 -9.66 1 1 1 1
v -4.5 -0.75 -9.66 1 1 1 1
v -5.14 -0.75 -9.02 1 1 1 1
v -4.5 -0.75 -9.02 1 1 1 1
v -5.14 -0.75 -9.66 1 1 1 1
v -1.94 -0.75 -8.38 1 1 1 1
v -2.58 -0.75 -7.74 1 1 1 1
v -1.94 -0.75 -7.74 1 1 1 1
v -2.58 -0.75 -8.38 1 1 1 1
v -5.14 -0.75 -9.66 1 1 1 1
v -5.78 -0.75 -9.02 1 1 1 1
v -5.14 -0.75 -9.02 1 1 1 1
v -5.78 -0.75 -9.66 1 1 1 1
v -5.78 -0.75 -9.66 1 1 1 1
v -6.42 -0.75 -9.02 1 1 1 1
v -5.78 -0.75 -9.02 1 1 1 1
v -6.42 -0.75 -9.66 1 1 1 1
v -6.42 -0.75 -9.66 1 1 1 1
v -7.0600000000000005 -0.75 -9.02 1 1 1 1
v -6.42 -0.75 -9.02 1 1 1 1
v -7.0600000000000005 -0.75 -9.66 1 1 1 1
v -7.0600000000000005 -0.75 -9.66 1 1 1 1
v -7.7 -0.75 -9.02 1 1 1 1
v -7.0600000000000005 -0.75 -9.02 1 1 1 1
v -7.7 -0.75 -9.66 1 1 1 1
v -7.7 -0.75 -9.66 1 1 1 1
v -8.34 -0.75 -9.02 1 1 1 1
v -7.7 -0.75 -9.02 1 1 1 1
v -8.34 -0.75 -9.66 1 1 1 1
v -8.34 -0.75 -9.66 1 1 1 1
v -8.98 -0.75 -9.02 1 1 1 1
v -8.34 -0.75 -9.02 1 1 1 1
v -8.98 -0.75 -9.66 1 1 1 1
v 10.86 -0.75 -10.3 1 1 1 1
v 10.22 -0.75 -9.66 1 1 1 1
v 10.86 -0.75 -9.66 1 1 1 1
v 10.22 -0.75 -10.3 1 1 1 1
v -0.66 -0.75 -14.14 1 1 1 1
v -1.3 -0.75 -13.5 1 1 1 1
v -0.66 -0.75 -13.5 1 1 1 1
v -1.3 -0.75 -14.14 1 1 1 1
v -1.3 -0.75 -14.14 1 1 1 1
v -1.94 -0.75 -13.5 1 1 1 1
v -1.3 -0.75 -13.5 1 1 1 1
v -1.94 -0.75 -14.14 1 1 1 1
v -1.94 -0.75 -14.14 1 1 1 1
v -2.58 -0.75 -13.5 1 1 1 1
v -1.94 -0.75 -13.5 1 1 1 1
v -2.58 -0.75 -14.14 1 1 1 1
v -2.58 -0.75 -14.14 1 1 1 1
v -3.22 -0.75 -13.5 1 1 1 1
v -2.58 -0.75 -13.5 1 1 1 1
v -3.22 -0.75 -14.14 1 1 1 1
v -3.22 -0.75 -14.14 1 1 1 1
v -3.86 -0.75 -13.5 1 1 1 1
v -3.22 -0.75 -13.5 1 1 1 1
v -3.86 -0.75 -14.14 1 1 1 1
v -3.86 -0.75 -14.14 1 1 1 1
v -4.5 -0.75 -13.5 1 1 1 1
v -3.86 -0.75 -13.5 1 1 1 1
v -4.5 -0.75 -14.14 1 1 1 1
v -4.5 -0.75 -14.14 1 1 1 1
v -5.14 -0.75 -13.5 1 1 1 1
v -4.5 -0.75 -13.5 1 1 1 1
v -5.14 -0.75 -14.14 1 1 1 1
v -5.14 -0.75 -14.14 1 1 1 1
v -5.78 -0.75 -13.5 1 1 1 1
v -5.14 -0.75 -13.5 1 1 1 1
v -5.78 -0.75 -14.14 1 1 1 1
v -5.78 -0.75 -14.14 1 1 1 1
v -6.42 -0.75 -13.5 1 1 1 1
v -5.78 -0.75 -13.5 1 1 1 1
v -6.42 -0.75 -14.14 1 1 1 1
v -5.14 -0.75 -9.02 1 1 1 1
v -5.78 -0.75 -8.38 1 1 1 1
v -5.14 -0.75 -8.38 1 1 1 1
v -5.78 -0.75 -9.02 1 1 1 1
v -6.42 -0.75 -14.14 1 1 1 1
v -7.0600000000000005 -0.75 -13.5 1 1 1 1
v -6.42 -0.75 -13.5 1 1 1 1
v -7.0600000000000005 -0.75 -14.14 1 1 1 1
v -7.0600000000000005 -0.75 -14.14 1 1 1 1
v -7.7 -0.75 -13.5 1 1 1 1
v -7.0600000000000005 -0.75 -13.5 1 1 1 1
v -7.7 -0.75 -14.14 1 1 1 1
v -7.7 -0.75 -14.14 1 1 1 1
v -8.34 -0.75 -13.5 1 1 1 1
v -7.7 -0.75 -13.5 1 1 1 1
v -8.34 -0.75 -14.14 1 1 1 1
v 6.38 -0.75 -16.06 1 1 1 1
v 5.74 -0.75 -15.42 1 1 1 1
v 6.38 -0.75 -15.42 1 1 1 1
v 5.74 -0.75 -16.06 1 1 1 1
v 5.74 -0.75 -16.06 1 1 1 1
v 5.1000000000000005 -0.75 -15.42 1 1 1 1
v 5.74 -0.75 -15.42 1 1 1 1
v 5.1000000000000005 -0.75 -16.06 1 1 1 1
v 5.1000000000000005 -0.75 -16.06 1 1 1 1
v 4.46 -0.75 -15.42 1 1 1 1
v 5.1000000000000005 -0.75 -15.42 1 1 1 1
v 4.46 -0.75 -16.06 1 1 1 1
v 4.46 -0.75 -16.06 1 1 1 1
v 3.8200000000000003 -0.75 -15.42 1 1 1 1
v 4.46 -0.75 -15.42 1 1 1 1
v 3.8200000000000003 -0.75 -16.06 1 1 1 1
v -8.34 -0.75 -16.06 1 1 1 1
v -8.98 -0.75 -15.42 1 1 1 1
v -8.34 -0.75 -15.42 1 1 1 1
v -8.98 -0.75 -16.06 1 1 1 1
v 3.8200000000000003 -0.75 -16.06 1 1 1 1
v 3.18 -0.75 -15.42 1 1 1 1
v 3.8200000000000003 -0.75 -15.42 1 1 1 1
v 3.18 -0.75 -16.06 1 1 1 1
v 3.18 -0.75 -16.06 1 1 1 1
v 2.54 -0.75 -15.42 1 1 1 1
v 3.18 -0.75 -15.42 1 1 1 1
v 2.54 -0.75 -16.06 1 1 1 1
v 2.54 -0.75 -16.06 1 1 1 1
v 1.9000000000000001 -0.75 -15.42 1 1 1 1
v 2.54 -0.75 -15.42 1 1 1 1
v 1.9000000000000001 -0.75 -16.06 1 1 1 1
v 1.9000000000000001 -0.75 -16.06 1 1 1 1
v 1.26 -0.75 -15.42 1 1 1 1
v 1.9000000000000001 -0.75 -15.42 1 1 1 1
v 1.26 -0.75 -16.06 1 1 1 1
v 7.0200000000000005 -0.75 -16.06 1 1 1 1
v 6.38 -0.75 -15.42 1 1 1 1
v 7.0200000000000005 -0.75 -15.42 1 1 1 1
v 6.38 -0.75 -16.06 1 1 1 1
v 1.26 -0.75 -16.06 1 1 1 1
v 0.62 -0.75 -15.42 1 1 1 1
v 1.26 -0.75 -15.42 1 1 1 1
v 0.62 -0.75 -16.06 1 1 1 1
v 0.62 -0.75 -16.06 1 1 1 1
v -0.02 -0.75 -15.42 1 1 1 1
v 0.62 -0.75 -15.42 1 1 1 1
v -0.02 -0.75 -16.06 1 1 1 1
v -0.02 -0.75 -16.06 1 1 1 1
v -0.66 -0.75 -15.42 1 1 1 1
v -0.02 -0.75 -15.42 1 1 1 1
v -0.66 -0.75 -16.06 1 1 1 1
v -0.66 -0.75 -16.06 1 1 1 1
v -1.3 -0.75 -15.42 1 1 1 1
v -0.66 -0.75 -15.42 1 1 1 1
v -1.3 -0.75 -16.06 1 1 1 1
v -1.3 -0.75 -16.06 1 1 1 1
v -1.94 -0.75 -15.42 1 1 1 1
v -1.3 -0.75 -15.42 1 1 1 1
v -1.94 -0.75 -16.06 1 1 1 1
v -1.94 -0.75 -16.06 1 1 1 1
v -2.58 -0.75 -15.42 1 1 1 1
v -1.94 -0.75 -15.42 1 1 1 1
v -2.58 -0.75 -16.06 1 1 1 1
v -2.58 -0.75 -16.06 1 1 1 1
v -3.22 -0.75 -15.42 1 1 1 1
v -2.58 -0.75 -15.42 1 1 1 1
v -3.22 -0.75 -16.06 1 1 1 1
v -3.22 -0.75 -16.06 1 1 1 1
v -3.86 -0.75 -15.42 1 1 1 1
v -3.22 -0.75 -15.42 1 1 1 1
v -3.86 -0.75 -16.06 1 1 1 1
v -3.86 -0.75 -16.06 1 1 1 1
v -4.5 -0.75 -15.42 1 1 1 1
v -3.86 -0.75 -15.42 1 1 1 1
v -4.5 -0.75 -16.06 1 1 1 1
v -4.5 -0.75 -16.06 1 1 1 1
v -5.14 -0.75 -15.42 1 1 1 1
v -4.5 -0.75 -15.42 1 1 1 1
v -5.14 -0.75 -16.06 1 1 1 1
v -5.14 -0.75 -16.06 1 1 1 1
v -5.78 -0.75 -15.42 1 1 1 1
v -5.14 -0.75 -15.42 1 1 1 1
v -5.78 -0.75 -16.06 1 1 1 1
v -5.78 -0.75 -16.06 1 1 1 1
v -6.42 -0.75 -15.42 1 1 1 1
v -5.78 -0.75 -15.42 1 1 1 1
v -6.42 -0.75 -16.06 1 1 1 1
v -6.42 -0.75 -16.06 1 1 1 1
v -7.0600000000000005 -0.75 -15.42 1 1 1 1
v -6.42 -0.75 -15.42 1 1 1 1
v -7.0600000000000005 -0.75 -16.06 1 1 1 1
v -7.0600000000000005 -0.75 -16.06 1 1 1 1
v -7.7 -0.75 -15.42 1 1 1 1
v -7.0600000000000005 -0.75 -15.42 1 1 1 1
v -7.7 -0.75 -16.06 1 1 1 1
v -7.7 -0.75 -16.06 1 1 1 1
v -8.34 -0.75 -15.42 1 1 1 1
v -7.7 -0.75 -15.42 1 1 1 1
v -8.34 -0.75 -16.06 1 1 1 1
v 10.86 -0.75 -0.7000000000000001 1 1 1 1
v 10.22 -0.75 -0.06 1 1 1 1
v 10.86 -0.75 -0.06 1 1 1 1
v 10.22 -0.75 -0.7000000000000001 1 1 1 1
v 10.22 -0.75 -0.7000000000000001 1 1 1 1
v 9.58 -0.75 -0.06 1 1 1 1
v 10.22 -0.75 -0.06 1 1 1 1
v 9.58 -0.75 -0.7000000000000001 1 1 1 1
v 9.58 -0.75 -0.7000000000000001 1 1 1 1
v 8.94 -0.75 -0.06 1 1 1 1
v 9.58 -0.75 -0.06 1 1 1 1
v 8.94 -0.75 -0.7000000000000001 1 1 1 1
v 8.94 -0.75 -0.7000000000000001 1 1 1 1
v 8.3 -0.75 -0.06 1 1 1 1
v 8.94 -0.75 -0.06 1 1 1 1
v 8.3 -0.75 -0.7000000000000001 1 1 1 1
v 8.3 -0.75 -0.7000000000000001 1 1 1 1
v 7.66 -0.75 -0.06 1 1 1 1
v 8.3 -0.75 -0.06 1 1 1 1
v 7.66 -0.75 -0.7000000000000001 1 1 1 1
v 7.66 -0.75 -0.7000000000000001 1 1 1 1
v 7.0200000000000005 -0.75 -0.06 1 1 1 1
v 7.66 -0.75 -0.06 1 1 1 1
v 7.0200000000000005 -0.75 -0.7000000000000001 1 1 1 1
v 7.0200000000000005 -0.75 -0.7000000000000001 1 1 1 1
v 6.38 -0.75 -0.06 1 1 1 1
v 7.0200000000000005 -0.75 -0.06 1 1 1 1
v 6.38 -0.75 -0.7000000000000001 1 1 1 1
v 6.38 -0.75 -0.7000000000000001 1 1 1 1
v 5.74 -0.75 -0.06 1 1 1 1
v 6.38 -0.75 -0.06 1 1 1 1
v 5.74 -0.75 -0.7000000000000001 1 1 1 1
v 5.74 -0.75 -0.7000000000000001 1 1 1 1
v 5.1000000000000005 -0.75 -0.06 1 1 1 1
v 5.74 -0.75 -0.06 1 1 1 1
v 5.1000000000000005 -0.75 -0.7000000000000001 1 1 1 1
v 5.1000000000000005 -0.75 -0.7000000000000001 1 1 1 1
v 4.46 -0.75 -0.06 1 1 1 1
v 5.1000000000000005 -0.75 -0.06 1 1 1 1
v 4.46 -0.75 -0.7000000000000001 1 1 1 1
v 4.46 -0.75 -0.7000000000000001 1 1 1 1
v 3.8200000000000003 -0.75 -0.06 1 1 1 1
v 4.46 -0.75 -0.06 1 1 1 1
v 3.8200000000000003 -0.75 -0.7000000000000001 1 1 1 1
v 3.8200000000000003 -0.75 -0.7000000000000001 1 1 1 1
v 3.18 -0.75 -0.06 1 1 1 1
v 3.8200000000000003 -0.75 -0.06 1 1 1 1
v 3.18 -0.75 -0.7000000000000001 1 1 1 1
v 3.18 -0.75 -0.7000000000000001 1 1 1 1
v 2.54 -0.75 -0.06 1 1 1 1
v 3.18 -0.75 -0.06 1 1 1 1
v 2.54 -0.75 -0.7000000000000001 1 1 1 1
v 2.54 -0.75 -0.7000000000000001 1 1 1 1
v 1.9000000000000001 -0.75 -0.06 1 1 1 1
v 2.54 -0.75 -0.06 1 1 1 1
v 1.9000000000000001 -0.75 -0.7000000000000001 1 1 1 1
v 1.9000000000000001 -0.75 -0.7000000000000001 1 1 1 1
v 1.26 -0.75 -0.06 1 1 1 1
v 1.9000000000000001 -0.75 -0.06 1 1 1 1
v 1.26 -0.75 -0.7000000000000001 1 1 1 1
v 1.26 -0.75 -0.7000000000000001 1 1 1 1
v 0.62 -0.75 -0.06 1 1 1 1
v 1.26 -0.75 -0.06 1 1 1 1
v 0.62 -0.75 -0.7000000000000001 1 1 1 1
v 0.62 -0.75 -0.7000000000000001 1 1 1 1
v -0.02 -0.75 -0.06 1 1 1 1
v 0.62 -0.75 -0.06 1 1 1 1
v -0.02 -0.75 -0.7000000000000001 1 1 1 1
v -0.02 -0.75 -0.7000000000000001 1 1 1 1
v -0.66 -0.75 -0.06 1 1 1 1
v -0.02 -0.75 -0.06 1 1 1 1
v -0.66 -0.75 -0.7000000000000001 1 1 1 1
v -0.66 -0.75 -0.7000000000000001 1 1 1 1
v -1.3 -0.75 -0.06 1 1 1 1
v -0.66 -0.75 -0.06 1 1 1 1
v -1.3 -0.75 -0.7000000000000001 1 1 1 1
v -1.3 -0.75 -0.7000000000000001 1 1 1 1
v -1.94 -0.75 -0.06 1 1 1 1
v -1.3 -0.75 -0.06 1 1 1 1
v -1.94 -0.75 -0.7000000000000001 1 1 1 1
v -1.94 -0.75 -0.7000000000000001 1 1 1 1
v -2.58 -0.75 -0.06 1 1 1 1
v -1.94 -0.75 -0.06 1 1 1 1
v -2.58 -0.75 -0.7000000000000001 1 1 1 1
v -2.58 -0.75 -0.7000000000000001 1 1 1 1
v -3.22 -0.75 -0.06 1 1 1 1
v -2.58 -0.75 -0.06 1 1 1 1
v -3.22 -0.75 -0.7000000000000001 1 1 1 1
v -3.22 -0.75 -0.7000000000000001 1 1 1 1
v -3.86 -0.75 -0.06 1 1 1 1
v -3.22 -0.75 -0.06 1 1 1 1
v -3.86 -0.75 -0.7000000000000001 1 1 1 1
v -3.86 -0.75 -0.7000000000000001 1 1 1 1
v -4.5 -0.75 -0.06 1 1 1 1
v -3.86 -0.75 -0.06 1 1 1 1
v -4.5 -0.75 -0.7000000000000001 1 1 1 1
v -4.5 -0.75 -0.7000000000000001 1 1 1 1
v -5.14 -0.75 -0.06 1 1 1 1
v -4.5 -0.75 -0.06 1 1 1 1
v -5.14 -0.75 -0.7000000000000001 1 1 1 1
v -5.14 -0.75 -0.7000000000000001 1 1 1 1
v -5.78 -0.75 -0.06 1 1 1 1
v -5.14 -0.75 -0.06 1 1 1 1
v -5.78 -0.75 -0.7000000000000001 1 1 1 1
v -5.78 -0.75 -0.7000000000000001 1 1 1 1
v -6.42 -0.75 -0.06 1 1 1 1
v -5.78 -0.75 -0.06 1 1 1 1
v -6.42 -0.75 -0.7000000000000001 1 1 1 1
v -6.42 -0.75 -0.7000000000000001 1 1 1 1
v -7.0600000000000005 -0.75 -0.06 1 1 1 1
v -6.42 -0.75 -0.06 1 1 1 1
v -7.0600000000000005 -0.75 -0.7000000000000001 1 1 1 1
v -7.0600000000000005 -0.75 -0.7000000000000001 1 1 1 1
v -7.7 -0.75 -0.06 1 1 1 1
v -7.0600000000000005 -0.75 -0.06 1 1 1 1
v -7.7 -0.75 -0.7000000000000001 1 1 1 1
v -7.7 -0.75 -0.7000000000000001 1 1 1 1
v -8.34 -0.75 -0.06 1 1 1 1
v -7.7 -0.75 -0.06 1 1 1 1
v -8.34 -0.75 -0.7000000000000001 1 1 1 1
v -8.34 -0.75 -0.7000000000000001 1 1 1 1
v -8.98 -0.75 -0.06 1 1 1 1
v -8.34 -0.75 -0.06 1 1 1 1
v -8.98 -0.75 -0.7000000000000001 1 1 1 1
v 10.86 -0.75 -1.34 1 1 1 1
v 10.22 -0.75 -0.7000000000000001 1 1 1 1
v 10.86 -0.75 -0.7000000000000001 1 1 1 1
v 10.22 -0.75 -1.34 1 1 1 1
v 10.22 -0.75 -1.34 1 1 1 1
v 9.58 -0.75 -0.7000000000000001 1 1 1 1
v 10.22 -0.75 -0.7000000000000001 1 1 1 1
v 9.58 -0.75 -1.34 1 1 1 1
v 9.58 -0.75 -1.34 1 1 1 1
v 8.94 -0.75 -0.7000000000000001 1 1 1 1
v 9.58 -0.75 -0.7000000000000001 1 1 1 1
v 8.94 -0.75 -1.34 1 1 1 1
v 8.94 -0.75 -1.34 1 1 1 1
v 8.3 -0.75 -0.7000000000000001 1 1 1 1
v 8.94 -0.75 -0.7000000000000001 1 1 1 1
v 8.3 -0.75 -1.34 1 1 1 1
v 8.3 -0.75 -1.34 1 1 1 1
v 7.66 -0.75 -0.7000000000000001 1 1 1 1
v 8.3 -0.75 -0.7000000000000001 1 1 1 1
v 7.66 -0.75 -1.34 1 1 1 1
v 7.66 -0.75 -1.34 1 1 1 1
v 7.0200000000000005 -0.75 -0.7000000000000001 1 1 1 1
v 7.66 -0.75 -0.7000000000000001 1 1 1 1
v 7.0200000000000005 -0.75 -1.34 1 1 1 1
v 7.0200000000000005 -0.75 -1.34 1 1 1 1
v 6.38 -0.75 -0.7000000000000001 1 1 1 1
v 7.0200000000000005 -0.75 -0.7000000000000001 1 1 1 1
v 6.38 -0.75 -1.34 1 1 1 1
v 6.38 -0.75 -1.34 1 1 1 1
v 5.74 -0.75 -0.7000000000000001 1 1 1 1
v 6.38 -0.75 -0.7000000000000001 1 1 1 1
v 5.74 -0.75 -1.34 1 1 1 1
v 5.74 -0.75 -1.34 1 1 1 1
v 5.1000000000000005 -0.75 -0.7000000000000001 1 1 1 1
v 5.74 -0.75 -0.7000000000000001 1 1 1 1
v 5.1000000000000005 -0.75 -1.34 1 1 1 1
v 5.1000000000000005 -0.75 -1.34 1 1 1 1
v 4.46 -0.75 -0.7000000000000001 1 1 1 1
v 5.1000000000000005 -0.75 -0.7000000000000001 1 1 1 1
v 4.46 -0.75 -1.34 1 1 1 1
v 4.46 -0.75 -1.34 1 1 1 1
v 3.8200000000000003 -0.75 -0.7000000000000001 1 1 1 1
v 4.46 -0.75 -0.7000000000000001 1 1 1 1
v 3.8200000000000003 -0.75 -1.34 1 1 1 1
v 3.8200000000000003 -0.75 -1.34 1 1 1 1
v 3.18 -0.75 -0.7000000000000001 1 1 1 1
v 3.8200000000000003 -0.75 -0.7000000000000001 1 1 1 1
v 3.18 -0.75 -1.34 1 1 1 1
v 3.18 -0.75 -1.34 1 1 1 1
v 2.54 -0.75 -0.7000000000000001 1 1 1 1
v 3.18 -0.75 -0.7000000000000001 1 1 1 1
v 2.54 -0.75 -1.34 1 1 1 1
v 2.54 -0.75 -1.34 1 1 1 1
v 1.9000000000000001 -0.75 -0.7000000000000001 1 1 1 1
v 2.54 -0.75 -0.7000000000000001 1 1 1 1
v 1.9000000000000001 -0.75 -1.34 1 1 1 1
v 1.9000000000000001 -0.75 -1.34 1 1 1 1
v 1.26 -0.75 -0.7000000000000001 1 1 1 1
v 1.9000000000000001 -0.75 -0.7000000000000001 1 1 1 1
v 1.26 -0.75 -1.34 1 1 1 1
v 1.26 -0.75 -1.34 1 1 1 1
v 0.62 -0.75 -0.7000000000000001 1 1 1 1
v 1.26 -0.75 -0.7000000000000001 1 1 1 1
v 0.62 -0.75 -1.34 1 1 1 1
v 0.62 -0.75 -1.34 1 1 1 1
v -0.02 -0.75 -0.7000000000000001 1 1 1 1
v 0.62 -0.75 -0.7000000000000001 1 1 1 1
v -0.02 -0.75 -1.34 1 1 1 1
v -0.02 -0.75 -1.34 1 1 1 1
v -0.66 -0.75 -0.7000000000000001 1 1 1 1
v -0.02 -0.75 -0.7000000000000001 1 1 1 1
v -0.66 -0.75 -1.34 1 1 1 1
v -0.66 -0.75 -1.34 1 1 1 1
v -1.3 -0.75 -0.7000000000000001 1 1 1 1
v -0.66 -0.75 -0.7000000000000001 1 1 1 1
v -1.3 -0.75 -1.34 1 1 1 1
v -1.3 -0.75 -1.34 1 1 1 1
v -1.94 -0.75 -0.7000000000000001 1 1 1 1
v -1.3 -0.75 -0.7000000000000001 1 1 1 1
v -1.94 -0.75 -1.34 1 1 1 1
v -1.94 -0.75 -1.34 1 1 1 1
v -2.58 -0.75 -0.7000000000000001 1 1 1 1
v -1.94 -0.75 -0.7000000000000001 1 1 1 1
v -2.58 -0.75 -1.34 1 1 1 1
v -2.58 -0.75 -1.34 1 1 1 1
v -3.22 -0.75 -0.7000000000000001 1 1 1 1
v -2.58 -0.75 -0.7000000000000001 1 1 1 1
v -3.22 -0.75 -1.34 1 1 1 1
v -3.22 -0.75 -1.34 1 1 1 1
v -3.86 -0.75 -0.7000000000000001 1 1 1 1
v -3.22 -0.75 -0.7000000000000001 1 1 1 1
v -3.86 -0.75 -1.34 1 1 1 1
v -3.86 -0.75 -1.34 1 1 1 1
v -4.5 -0.75 -0.7000000000000001 1 1 1 1
v -3.86 -0.75 -0.7000000000000001 1 1 1 1
v -4.5 -0.75 -1.34 1 1 1 1
v -4.5 -0.75 -1.34 1 1 1 1
v -5.14 -0.75 -0.7000000000000001 1 1 1 1
v -4.5 -0.75 -0.7000000000000001 1 1 1 1
v -5.14 -0.75 -1.34 1 1 1 1
v -5.14 -0.75 -1.34 1 1 1 1
v -5.78 -0.75 -0.7000000000000001 1 1 1 1
v -5.14 -0.75 -0.7000000000000001 1 1 1 1
v -5.78 -0.75 -1.34 1 1 1 1
v -5.78 -0.75 -1.34 1 1 1 1
v -6.42 -0.75 -0.7000000000000001 1 1 1 1
v -5.78 -0.75 -0.7000000000000001 1 1 1 1
v -6.42 -0.75 -1.34 1 1 1 1
v -6.42 -0.75 -1.34 1 1 1 1
v -7.0600000000000005 -0.75 -0.7000000000000001 1 1 1 1
v -6.42 -0.75 -0.7000000000000001 1 1 1 1
v -7.0600000000000005 -0.75 -1.34 1 1 1 1
v -7.0600000000000005 -0.75 -1.34 1 1 1 1
v -7.7 -0.75 -0.7000000000000001 1 1 1 1
v -7.0600000000000005 -0.75 -0.7000000000000001 1 1 1 1
v -7.7 -0.75 -1.34 1 1 1 1
v -7.7 -0.75 -1.34 1 1 1 1
v -8.34 -0.75 -0.7000000000000001 1 1 1 1
v -7.7 -0.75 -0.7000000000000001 1 1 1 1
v -8.34 -0.75 -1.34 1 1 1 1
v -8.34 -0.75 -1.34 1 1 1 1
v -8.98 -0.75 -0.7000000000000001 1 1 1 1
v -8.34 -0.75 -0.7000000000000001 1 1 1 1
v -8.98 -0.75 -1.34 1 1 1 1
v 10.86 -0.75 -1.98 1 1 1 1
v 10.22 -0.75 -1.34 1 1 1 1
v 10.86 -0.75 -1.34 1 1 1 1
v 10.22 -0.75 -1.98 1 1 1 1
v 10.22 -0.75 -1.98 1 1 1 1
v 9.58 -0.75 -1.34 1 1 1 1
v 10.22 -0.75 -1.34 1 1 1 1
v 9.58 -0.75 -1.98 1 1 1 1
v 9.58 -0.75 -1.98 1 1 1 1
v 8.94 -0.75 -1.34 1 1 1 1
v 9.58 -0.75 -1.34 1 1 1 1
v 8.94 -0.75 -1.98 1 1 1 1
v 8.94 -0.75 -1.98 1 1 1 1
v 8.3 -0.75 -1.34 1 1 1 1
v 8.94 -0.75 -1.34 1 1 1 1
v 8.3 -0.75 -1.98 1 1 1 1
v 8.3 -0.75 -1.98 1 1 1 1
v 7.66 -0.75 -1.34 1 1 1 1
v 8.3 -0.75 -1.34 1 1 1 1
v 7.66 -0.75 -1.98 1 1 1 1
v 7.66 -0.75 -1.98 1 1 1 1
v 7.0200000000000005 -0.75 -1.34 1 1 1 1
v 7.66 -0.75 -1.34 1 1 1 1
v 7.0200000000000005 -0.75 -1.98 1 1 1 1
v 7.0200000000000005 -0.75 -1.98 1 1 1 1
v 6.38 -0.75 -1.34 1 1 1 1
v 7.0200000000000005 -0.75 -1.34 1 1 1 1
v 6.38 -0.75 -1.98 1 1 1 1
v 6.38 -0.75 -1.98 1 1 1 1
v 5.74 -0.75 -1.34 1 1 1 1
v 6.38 -0.75 -1.34 1 1 1 1
v 5.74 -0.75 -1.98 1 1 1 1
v 5.74 -0.75 -1.98 1 1 1 1
v 5.1000000000000005 -0.75 -1.34 1 1 1 1
v 5.74 -0.75 -1.34 1 1 1 1
v 5.1000000000000005 -0.75 -1.98 1 1 1 1
v 5.1000000000000005 -0.75 -1.98 1 1 1 1
v 4.46 -0.75 -1.34 1 1 1 1
v 5.1000000000000005 -0.75 -1.34 1 1 1 1
v 4.46 -0.75 -1.98 1 1 1 1
v 4.46 -0.75 -1.98 1 1 1 1
v 3.8200000000000003 -0.75 -1.34 1 1 1 1
v 4.46 -0.75 -1.34 1 1 1 1
v 3.8200000000000003 -0.75 -1.98 1 1 1 1
v 3.8200000000000003 -0.75 -1.98 1 1 1 1
v 3.18 -0.75 -1.34 1 1 1 1
v 3.8200000000000003 -0.75 -1.34 1 1 1 1
v 3.18 -0.75 -1.98 1 1 1 1
v 3.18 -0.75 -1.98 1 1 1 1
v 2.54 -0.75 -1.34 1 1 1 1
v 3.18 -0.75 -1.34 1 1 1 1
v 2.54 -0.75 -1.98 1 1 1 1
v 2.54 -0.75 -1.98 1 1 1 1
v 1.9000000000000001 -0.75 -1.34 1 1 1 1
v 2.54 -0.75 -1.34 1 1 1 1
v 1.9000000000000001 -0.75 -1.98 1 1 1 1
v 1.9000000000000001 -0.75 -1.98 1 1 1 1
v 1.26 -0.75 -1.34 1 1 1 1
v 1.9000000000000001 -0.75 -1.34 1 1 1 1
v 1.26 -0.75 -1.98 1 1 1 1
v 1.26 -0.75 -1.98 1 1 1 1
v 0.62 -0.75 -1.34 1 1 1 1
v 1.26 -0.75 -1.34 1 1 1 1
v 0.62 -0.75 -1.98 1 1 1 1
v 0.62 -0.75 -1.98 1 1 1 1
v -0.02 -0.75 -1.34 1 1 1 1
v 0.62 -0.75 -1.34 1 1 1 1
v -0.02 -0.75 -1.98 1 1 1 1
v -0.02 -0.75 -1.98 1 1 1 1
v -0.66 -0.75 -1.34 1 1 1 1
v -0.02 -0.75 -1.34 1 1 1 1
v -0.66 -0.75 -1.98 1 1 1 1
v -0.66 -0.75 -1.98 1 1 1 1
v -1.3 -0.75 -1.34 1 1 1 1
v -0.66 -0.75 -1.34 1 1 1 1
v -1.3 -0.75 -1.98 1 1 1 1
v -1.3 -0.75 -1.98 1 1 1 1
v -1.94 -0.75 -1.34 1 1 1 1
v -1.3 -0.75 -1.34 1 1 1 1
v -1.94 -0.75 -1.98 1 1 1 1
v -1.94 -0.75 -1.98 1 1 1 1
v -2.58 -0.75 -1.34 1 1 1 1
v -1.94 -0.75 -1.34 1 1 1 1
v -2.58 -0.75 -1.98 1 1 1 1
v -2.58 -0.75 -1.98 1 1 1 1
v -3.22 -0.75 -1.34 1 1 1 1
v -2.58 -0.75 -1.34 1 1 1 1
v -3.22 -0.75 -1.98 1 1 1 1
v -3.22 -0.75 -1.98 1 1 1 1
v -3.86 -0.75 -1.34 1 1 1 1
v -3.22 -0.75 -1.34 1 1 1 1
v -3.86 -0.75 -1.98 1 1 1 1
v -3.86 -0.75 -1.98 1 1 1 1
v -4.5 -0.75 -1.34 1 1 1 1
v -3.86 -0.75 -1.34 1 1 1 1
v -4.5 -0.75 -1.98 1 1 1 1
v -4.5 -0.75 -1.98 1 1 1 1
v -5.14 -0.75 -1.34 1 1 1 1
v -4.5 -0.75 -1.34 1 1 1 1
v -5.14 -0.75 -1.98 1 1 1 1
v -5.14 -0.75 -1.98 1 1 1 1
v -5.78 -0.75 -1.34 1 1 1 1
v -5.14 -0.75 -1.34 1 1 1 1
v -5.78 -0.75 -1.98 1 1 1 1
v -5.78 -0.75 -1.98 1 1 1 1
v -6.42 -0.75 -1.34 1 1 1 1
v -5.78 -0.75 -1.34 1 1 1 1
v -6.42 -0.75 -1.98 1 1 1 1
v -6.42 -0.75 -1.98 1 1 1 1
v -7.0600000000000005 -0.75 -1.34 1 1 1 1
v -6.42 -0.75 -1.34 1 1 1 1
v -7.0600000000000005 -0.75 -1.98 1 1 1 1
v -7.0600000000000005 -0.75 -1.98 1 1 1 1
v -7.7 -0.75 -1.34 1 1 1 1
v -7.0600000000000005 -0.75 -1.34 1 1 1 1
v -7.7 -0.75 -1.98 1 1 1 1
v -7.7 -0.75 -1.98 1 1 1 1
v -8.34 -0.75 -1.34 1 1 1 1
v -7.7 -0.75 -1.34 1 1 1 1
v -8.34 -0.75 -1.98 1 1 1 1
v -8.34 -0.75 -1.98 1 1 1 1
v -8.98 -0.75 -1.34 1 1 1 1
v -8.34 -0.75 -1.34 1 1 1 1
v -8.98 -0.75 -1.98 1 1 1 1
v 10.86 -0.75 -2.62 1 1 1 1
v 10.22 -0.75 -1.98 1 1 1 1
v 10.86 -0.75 -1.98 1 1 1 1
v 10.22 -0.75 -2.62 1 1 1 1
v -2.58 -0.75 -8.38 1 1 1 1
v -3.22 -0.75 -7.74 1 1 1 1
v -2.58 -0.75 -7.74 1 1 1 1
v -3.22 -0.75 -8.38 1 1 1 1
v -8.34 -0.75 -14.14 1 1 1 1
v -8.98 -0.75 -13.5 1 1 1 1
v -8.34 -0.75 -13.5 1 1 1 1
v -8.98 -0.75 -14.14 1 1 1 1
v 10.86 -0.75 -14.780000000000001 1 1 1 1
v 10.22 -0.75 -14.14 1 1 1 1
v 10.86 -0.75 -14.14 1 1 1 1
v 10.22 -0.75 -14.780000000000001 1 1 1 1
v -3.22 -0.75 -8.38 1 1 1 1
v -3.86 -0.75 -7.74 1 1 1 1
v -3.22 -0.75 -7.74 1 1 1 1
v -3.86 -0.75 -8.38 1 1 1 1
v -3.86 -0.75 -8.38 1 1 1 1
v -4.5 -0.75 -7.74 1 1 1 1
v -3.86 -0.75 -7.74 1 1 1 1
v -4.5 -0.75 -8.38 1 1 1 1
v -0.02 -0.75 -10.3 1 1 1 1
v -0.66 -0.75 -9.66 1 1 1 1
v -0.02 -0.75 -9.66 1 1 1 1
v -0.66 -0.75 -10.3 1 1 1 1
v -0.66 -0.75 -10.3 1 1 1 1
v -1.3 -0.75 -9.66 1 1 1 1
v -0.66 -0.75 -9.66 1 1 1 1
v -1.3 -0.75 -10.3 1 1 1 1
v -1.3 -0.75 -10.3 1 1 1 1
v -1.94 -0.75 -9.66 1 1 1 1
v -1.3 -0.75 -9.66 1 1 1 1
v -1.94 -0.75 -10.3 1 1 1 1
v -1.94 -0.75 -10.3 1 1 1 1
v -2.58 -0.75 -9.66 1 1 1 1
v -1.94 -0.75 -9.66 1 1 1 1
v -2.58 -0.75 -10.3 1 1 1 1
v -2.58 -0.75 -10.3 1 1 1 1
v -3.22 -0.75 -9.66 1 1 1 1
v -2.58 -0.75 -9.66 1 1 1 1
v -3.22 -0.75 -10.3 1 1 1 1
v -3.22 -0.75 -10.3 1 1 1 1
v -3.86 -0.75 -9.66 1 1 1 1
v -3.22 -0.75 -9.66 1 1 1 1
v -3.86 -0.75 -10.3 1 1 1 1
v -3.86 -0.75 -10.3 1 1 1 1
v -4.5 -0.75 -9.66 1 1 1 1
v -3.86 -0.75 -9.66 1 1 1 1
v -4.5 -0.75 -10.3 1 1 1 1
v -4.5 -0.75 -10.3 1 1 1 1
v -5.14 -0.75 -9.66 1 1 1 1
v -4.5 -0.75 -9.66 1 1 1 1
v -5.14 -0.75 -10.3 1 1 1 1
v -5.14 -0.75 -10.3 1 1 1 1
v -5.78 -0.75 -9.66 1 1 1 1
v -5.14 -0.75 -9.66 1 1 1 1
v -5.78 -0.75 -10.3 1 1 1 1
v -5.78 -0.75 -10.3 1 1 1 1
v -6.42 -0.75 -9.66 1 1 1 1
v -5.78 -0.75 -9.66 1 1 1 1
v -6.42 -0.75 -10.3 1 1 1 1
v -6.42 -0.75 -10.3 1 1 1 1
v -7.0600000000000005 -0.75 -9.66 1 1 1 1
v -6.42 -0.75 -9.66 1 1 1 1
v -7.0600000000000005 -0.75 -10.3 1 1 1 1
v -0.02 -0.75 -2.62 1 1 1 1
v -0.66 -0.75 -1.98 1 1 1 1
v -0.02 -0.75 -1.98 1 1 1 1
v -0.66 -0.75 -2.62 1 1 1 1
v -0.66 -0.75 -2.62 1 1 1 1
v -1.3 -0.75 -1.98 1 1 1 1
v -0.66 -0.75 -1.98 1 1 1 1
v -1.3 -0.75 -2.62 1 1 1 1
v -1.3 -0.75 -2.62 1 1 1 1
v -1.94 -0.75 -1.98 1 1 1 1
v -1.3 -0.75 -1.98 1 1 1 1
v -1.94 -0.75 -2.62 1 1 1 1
v -1.94 -0.75 -2.62 1 1 1 1
v -2.58 -0.75 -1.98 1 1 1 1
v -1.94 -0.75 -1.98 1 1 1 1
v -2.58 -0.75 -2.62 1 1 1 1
v -2.58 -0.75 -2.62 1 1 1 1
v -3.22 -0.75 -1.98 1 1 1 1
v -2.58 -0.75 -1.98 1 1 1 1
v -3.22 -0.75 -2.62 1 1 1 1
v -3.22 -0.75 -2.62 1 1 1 1
v -3.86 -0.75 -1.98 1 1 1 1
v -3.22 -0.75 -1.98 1 1 1 1
v -3.86 -0.75 -2.62 1 1 1 1
v -3.86 -0.75 -2.62 1 1 1 1
v -4.5 -0.75 -1.98 1 1 1 1
v -3.86 -0.75 -1.98 1 1 1 1
v -4.5 -0.75 -2.62 1 1 1 1
v -4.5 -0.75 -2.62 1 1 1 1
v -5.14 -0.75 -1.98 1 1 1 1
v -4.5 -0.75 -1.98 1 1 1 1
v -5.14 -0.75 -2.62 1 1 1 1
v -5.14 -0.75 -2.62 1 1 1 1
v -5.78 -0.75 -1.98 1 1 1 1
v -5.14 -0.75 -1.98 1 1 1 1
v -5.78 -0.75 -2.62 1 1 1 1
v -5.78 -0.75 -2.62 1 1 1 1
v -6.42 -0.75 -1.98 1 1 1 1
v -5.78 -0.75 -1.98 1 1 1 1
v -6.42 -0.75 -2.62 1 1 1 1
v -6.42 -0.75 -2.62 1 1 1 1
v -7.0600000000000005 -0.75 -1.98 1 1 1 1
v -6.42 -0.75 -1.98 1 1 1 1
v -7.0600000000000005 -0.75 -2.62 1 1 1 1
v -7.0600000000000005 -0.75 -2.62 1 1 1 1
v -7.7 -0.75 -1.98 1 1 1 1
v -7.0600000000000005 -0.75 -1.98 1 1 1 1
v -7.7 -0.75 -2.62 1 1 1 1
v -7.7 -0.75 -2.62 1 1 1 1
v -8.34 -0.75 -1.98 1 1 1 1
v -7.7 -0.75 -1.98 1 1 1 1
v -8.34 -0.75 -2.62 1 1 1 1
v -8.34 -0.75 -2.62 1 1 1 1
v -8.98 -0.75 -1.98 1 1 1 1
v -8.34 -0.75 -1.98 1 1 1 1
v -8.98 -0.75 -2.62 1 1 1 1
v 10.86 -0.75 -3.2600000000000002 1 1 1 1
v 10.22 -0.75 -2.62 1 1 1 1
v 10.86 -0.75 -2.62 1 1 1 1
v 10.22 -0.75 -3.2600000000000002 1 1 1 1
v -7.0600000000000005 -0.75 -10.3 1 1 1 1
v -7.7 -0.75 -9.66 1 1 1 1
v -7.0600000000000005 -0.75 -9.66 1 1 1 1
v -7.7 -0.75 -10.3 1 1 1 1
v -7.7 -0.75 -10.3 1 1 1 1
v -8.34 -0.75 -9.66 1 1 1 1
v -7.7 -0.75 -9.66 1 1 1 1
v -8.34 -0.75 -10.3 1 1 1 1
v -8.34 -0.75 -10.3 1 1 1 1
v -8.98 -0.75 -9.66 1 1 1 1
v -8.34 -0.75 -9.66 1 1 1 1
v -8.98 -0.75 -10.3 1 1 1 1
v 10.86 -0.75 -10.94 1 1 1 1
v 10.22 -0.75 -10.3 1 1 1 1
v 10.86 -0.75 -10.3 1 1 1 1
v 10.22 -0.75 -10.94 1 1 1 1
v -4.5 -0.75 -8.38 1 1 1 1
v -5.14 -0.75 -7.74 1 1 1 1
v -4.5 -0.75 -7.74 1 1 1 1
v -5.14 -0.75 -8.38 1 1 1 1
v -5.14 -0.75 -8.38 1 1 1 1
v -5.78 -0.75 -7.74 1 1 1 1
v -5.14 -0.75 -7.74 1 1 1 1
v -5.78 -0.75 -8.38 1 1 1 1
v -5.78 -0.75 -8.38 1 1 1 1
v -6.42 -0.75 -7.74 1 1 1 1
v -5.78 -0.75 -7.74 1 1 1 1
v -6.42 -0.75 -8.38 1 1 1 1
v -6.42 -0.75 -8.38 1 1 1 1
v -7.0600000000000005 -0.75 -7.74 1 1 1 1
v -6.42 -0.75 -7.74 1 1 1 1
v -7.0600000000000005 -0.75 -8.38 1 1 1 1
v -7.0600000000000005 -0.75 -8.38 1 1 1 1
v -7.7 -0.75 -7.74 1 1 1 1
v -7.0600000000000005 -0.75 -7.74 1 1 1 1
v -7.7 -0.75 -8.38 1 1 1 1
v -7.7 -0.75 -8.38 1 1 1 1
v -8.34 -0.75 -7.74 1 1 1 1
v -7.7 -0.75 -7.74 1 1 1 1
v -8.34 -0.75 -8.38 1 1 1 1
v -8.34 -0.75 -8.38 1 1 1 1
v -8.98 -0.75 -7.74 1 1 1 1
v -8.34 -0.75 -7.74 1 1 1 1
v -8.98 -0.75 -8.38 1 1 1 1
v 10.86 -0.75 -9.02 1 1 1 1
v 10.22 -0.75 -8.38 1 1 1 1
v 10.86 -0.75 -8.38 1 1 1 1
v 10.22 -0.75 -9.02 1 1 1 1
v -0.02 -0.75 -13.5 1 1 1 1
v -0.66 -0.75 -12.86 1 1 1 1
v -0.02 -0.75 -12.86 1 1 1 1
v -0.66 -0.75 -13.5 1 1 1 1
v -0.66 -0.75 -13.5 1 1 1 1
v -1.3 -0.75 -12.86 1 1 1 1
v -0.66 -0.75 -12.86 1 1 1 1
v -1.3 -0.75 -13.5 1 1 1 1
v -1.3 -0.75 -13.5 1 1 1 1
v -1.94 -0.75 -12.86 1 1 1 1
v -1.3 -0.75 -12.86 1 1 1 1
v -1.94 -0.75 -13.5 1 1 1 1
v -1.94 -0.75 -13.5 1 1 1 1
v -2.58 -0.75 -12.86 1 1 1 1
v -1.94 -0.75 -12.86 1 1 1 1
v -2.58 -0.75 -13.5 1 1 1 1
v -0.02 -0.75 -3.2600000000000002 1 1 1 1
v -0.66 -0.75 -2.62 1 1 1 1
v -0.02 -0.75 -2.62 1 1 1 1
v -0.66 -0.75 -3.2600000000000002 1 1 1 1
v -0.66 -0.75 -3.2600000000000002 1 1 1 1
v -1.3 -0.75 -2.62 1 1 1 1
v -0.66 -0.75 -2.62 1 1 1 1
v -1.3 -0.75 -3.2600000000000002 1 1 1 1
v -1.3 -0.75 -3.2600000000000002 1 1 1 1
v -1.94 -0.75 -2.62 1 1 1 1
v -1.3 -0.75 -2.62 1 1 1 1
v -1.94 -0.75 -3.2600000000000002 1 1 1 1
v -1.94 -0.75 -3.2600000000000002 1 1 1 1
v -2.58 -0.75 -2.62 1 1 1 1
v -1.94 -0.75 -2.62 1 1 1 1
v -2.58 -0.75 -3.2600000000000002 1 1 1 1
v -2.58 -0.75 -3.2600000000000002 1 1 1 1
v -3.22 -0.75 -2.62 1 1 1 1
v -2.58 -0.75 -2.62 1 1 1 1
v -3.22 -0.75 -3.2600000000000002 1 1 1 1
v -3.22 -0.75 -3.2600000000000002 1 1 1 1
v -3.86 -0.75 -2.62 1 1 1 1
v -3.22 -0.75 -2.62 1 1 1 1
v -3.86 -0.75 -3.2600000000000002 1 1 1 1
v -3.86 -0.75 -3.2600000000000002 1 1 1 1
v -4.5 -0.75 -2.62 1 1 1 1
v -3.86 -0.75 -2.62 1 1 1 1
v -4.5 -0.75 -3.2600000000000002 1 1 1 1
v -4.5 -0.75 -3.2600000000000002 1 1 1 1
v -5.14 -0.75 -2.62 1 1 1 1
v -4.5 -0.75 -2.62 1 1 1 1
v -5.14 -0.75 -3.2600000000000002 1 1 1 1
v -5.14 -0.75 -3.2600000000000002 1 1 1 1
v -5.78 -0.75 -2.62 1 1 1 1
v -5.14 -0.75 -2.62 1 1 1 1
v -5.78 -0.75 -3.2600000000000002 1 1 1 1
v -5.78 -0.75 -3.2600000000000002 1 1 1 1
v -6.42 -0.75 -2.62 1 1 1 1
v -5.78 -0.75 -2.62 1 1 1 1
v -6.42 -0.75 -3.2600000000000002 1 1 1 1
v -6.42 -0.75 -3.2600000000000002 1 1 1 1
v -7.0600000000000005 -0.75 -2.62 1 1 1 1
v -6.42 -0.75 -2.62 1 1 1 1
v -7.0600000000000005 -0.75 -3.2600000000000002 1 1 1 1
v -7.0600000000000005 -0.75 -3.2600000000000002 1 1 1 1
v -7.7 -0.75 -2.62 1 1 1 1
v -7.0600000000000005 -0.75 -2.62 1 1 1 1
v -7.7 -0.75 -3.2600000000000002 1 1 1 1
v -7.7 -0.75 -3.2600000000000002 1 1 1 1
v -8.34 -0.75 -2.62 1 1 1 1
v -7.7 -0.75 -2.62 1 1 1 1
v -8.34 -0.75 -3.2600000000000002 1 1 1 1
v -8.34 -0.75 -3.2600000000000002 1 1 1 1
v -8.98 -0.75 -2.62 1 1 1 1
v -8.34 -0.75 -2.62 1 1 1 1
v -8.98 -0.75 -3.2600000000000002 1 1 1 1
v 10.86 -0.75 -3.9 1 1 1 1
v 10.22 -0.75 -3.2600000000000002 1 1 1 1
v 10.86 -0.75 -3.2600000000000002 1 1 1 1
v 10.22 -0.75 -3.9 1 1 1 1
v -2.58 -0.75 -13.5 1 1 1 1
v -3.22 -0.75 -12.86 1 1 1 1
v -2.58 -0.75 -12.86 1 1 1 1
v -3.22 -0.75 -13.5 1 1 1 1
v -3.22 -0.75 -13.5 1 1 1 1
v -3.86 -0.75 -12.86 1 1 1 1
v -3.22 -0.75 -12.86 1 1 1 1
v -3.86 -0.75 -13.5 1 1 1 1
v -0.02 -0.75 -14.780000000000001 1 1 1 1
v -0.66 -0.75 -14.14 1 1 1 1
v -0.02 -0.75 -14.14 1 1 1 1
v -0.66 -0.75 -14.780000000000001 1 1 1 1
v -0.66 -0.75 -14.780000000000001 1 1 1 1
v -1.3 -0.75 -14.14 1 1 1 1
v -0.66 -0.75 -14.14 1 1 1 1
v -1.3 -0.75 -14.780000000000001 1 1 1 1
v -0.02 -0.75 -10.94 1 1 1 1
v -0.66 -0.75 -10.3 1 1 1 1
v -0.02 -0.75 -10.3 1 1 1 1
v -0.66 -0.75 -10.94 1 1 1 1
v -0.66 -0.75 -10.94 1 1 1 1
v -1.3 -0.75 -10.3 1 1 1 1
v -0.66 -0.75 -10.3 1 1 1 1
v -1.3 -0.75 -10.94 1 1 1 1
v -1.3 -0.75 -10.94 1 1 1 1
v -1.94 -0.75 -10.3 1 1 1 1
v -1.3 -0.75 -10.3 1 1 1 1
v -1.94 -0.75 -10.94 1 1 1 1
v -1.94 -0.75 -10.94 1 1 1 1
v -2.58 -0.75 -10.3 1 1 1 1
v -1.94 -0.75 -10.3 1 1 1 1
v -2.58 -0.75 -10.94 1 1 1 1
v -2.58 -0.75 -10.94 1 1 1 1
v -3.22 -0.75 -10.3 1 1 1 1
v -2.58 -0.75 -10.3 1 1 1 1
v -3.22 -0.75 -10.94 1 1 1 1
v -3.22 -0.75 -10.94 1 1 1 1
v -3.86 -0.75 -10.3 1 1 1 1
v -3.22 -0.75 -10.3 1 1 1 1
v -3.86 -0.75 -10.94 1 1 1 1
v -3.86 -0.75 -10.94 1 1 1 1
v -4.5 -0.75 -10.3 1 1 1 1
v -3.86 -0.75 -10.3 1 1 1 1
v -4.5 -0.75 -10.94 1 1 1 1
v -4.5 -0.75 -10.94 1 1 1 1
v -5.14 -0.75 -10.3 1 1 1 1
v -4.5 -0.75 -10.3 1 1 1 1
v -5.14 -0.75 -10.94 1 1 1 1
v -5.14 -0.75 -10.94 1 1 1 1
v -5.78 -0.75 -10.3 1 1 1 1
v -5.14 -0.75 -10.3 1 1 1 1
v -5.78 -0.75 -10.94 1 1 1 1
v -5.78 -0.75 -10.94 1 1 1 1
v -6.42 -0.75 -10.3 1 1 1 1
v -5.78 -0.75 -10.3 1 1 1 1
v -6.42 -0.75 -10.94 1 1 1 1
v -6.42 -0.75 -10.94 1 1 1 1
v -7.0600000000000005 -0.75 -10.3 1 1 1 1
v -6.42 -0.75 -10.3 1 1 1 1
v -7.0600000000000005 -0.75 -10.94 1 1 1 1
v -7.0600000000000005 -0.75 -10.94 1 1 1 1
v -7.7 -0.75 -10.3 1 1 1 1
v -7.0600000000000005 -0.75 -10.3 1 1 1 1
v -7.7 -0.75 -10.94 1 1 1 1
v -0.02 -0.75 -3.9 1 1 1 1
v -0.66 -0.75 -3.2600000000000002 1 1 1 1
v -0.02 -0.75 -3.2600000000000002 1 1 1 1
v -0.66 -0.75 -3.9 1 1 1 1
v -0.66 -0.75 -3.9 1 1 1 1
v -1.3 -0.75 -3.2600000000000002 1 1 1 1
v -0.66 -0.75 -3.2600000000000002 1 1 1 1
v -1.3 -0.75 -3.9 1 1 1 1
v -1.3 -0.75 -3.9 1 1 1 1
v -1.94 -0.75 -3.2600000000000002 1 1 1 1
v -1.3 -0.75 -3.2600000000000002 1 1 1 1
v -1.94 -0.75 -3.9 1 1 1 1
v -1.94 -0.75 -3.9 1 1 1 1
v -2.58 -0.75 -3.2600000000000002 1 1 1 1
v -1.94 -0.75 -3.2600000000000002 1 1 1 1
v -2.58 -0.75 -3.9 1 1 1 1
v -2.58 -0.75 -3.9 1 1 1 1
v -3.22 -0.75 -3.2600000000000002 1 1 1 1
v -2.58 -0.75 -3.2600000000000002 1 1 1 1
v -3.22 -0.75 -3.9 1 1 1 1
v -3.22 -0.75 -3.9 1 1 1 1
v -3.86 -0.75 -3.2600000000000002 1 1 1 1
v -3.22 -0.75 -3.2600000000000002 1 1 1 1
v -3.86 -0.75 -3.9 1 1 1 1
v -3.86 -0.75 -3.9 1 1 1 1
v -4.5 -0.75 -3.2600000000000002 1 1 1 1
v -3.86 -0.75 -3.2600000000000002 1 1 1 1
v -4.5 -0.75 -3.9 1 1 1 1
v -4.5 -0.75 -3.9 1 1 1 1
v -5.14 -0.75 -3.2600000000000002 1 1 1 1
v -4.5 -0.75 -3.2600000000000002 1 1 1 1
v -5.14 -0.75 -3.9 1 1 1 1
v -5.14 -0.75 -3.9 1 1 1 1
v -5.78 -0.75 -3.2600000000000002 1 1 1 1
v -5.14 -0.75 -3.2600000000000002 1 1 1 1
v -5.78 -0.75 -3.9 1 1 1 1
v -5.78 -0.75 -3.9 1 1 1 1
v -6.42 -0.75 -3.2600000000000002 1 1 1 1
v -5.78 -0.75 -3.2600000000000002 1 1 1 1
v -6.42 -0.75 -3.9 1 1 1 1
v -6.42 -0.75 -3.9 1 1 1 1
v -7.0600000000000005 -0.75 -3.2600000000000002 1 1 1 1
v -6.42 -0.75 -3.2600000000000002 1 1 1 1
v -7.0600000000000005 -0.75 -3.9 1 1 1 1
v -7.0600000000000005 -0.75 -3.9 1 1 1 1
v -7.7 -0.75 -3.2600000000000002 1 1 1 1
v -7.0600000000000005 -0.75 -3.2600000000000002 1 1 1 1
v -7.7 -0.75 -3.9 1 1 1 1
v -7.7 -0.75 -3.9 1 1 1 1
v -8.34 -0.75 -3.2600000000000002 1 1 1 1
v -7.7 -0.75 -3.2600000000000002 1 1 1 1
v -8.34 -0.75 -3.9 1 1 1 1
v -8.34 -0.75 -3.9 1 1 1 1
v -8.98 -0.75 -3.2600000000000002 1 1 1 1
v -8.34 -0.75 -3.2600000000000002 1 1 1 1
v -8.98 -0.75 -3.9 1 1 1 1
v 10.86 -0.75 -4.54 1 1 1 1
v 10.22 -0.75 -3.9 1 1 1 1
v 10.86 -0.75 -3.9 1 1 1 1
v 10.22 -0.75 -4.54 1 1 1 1
v -7.7 -0.75 -10.94 1 1 1 1
v -8.34 -0.75 -10.3 1 1 1 1
v -7.7 -0.75 -10.3 1 1 1 1
v -8.34 -0.75 -10.94 1 1 1 1
v -8.34 -0.75 -10.94 1 1 1 1
v -8.98 -0.75 -10.3 1 1 1 1
v -8.34 -0.75 -10.3 1 1 1 1
v -8.98 -0.75 -10.94 1 1 1 1
v 10.86 -0.75 -11.58 1 1 1 1
v 10.22 -0.75 -10.94 1 1 1 1
v 10.86 -0.75 -10.94 1 1 1 1
v 10.22 -0.75 -11.58 1 1 1 1
v -1.3 -0.75 -14.780000000000001 1 1 1 1
v -1.94 -0.75 -14.14 1 1 1 1
v -1.3 -0.75 -14.14 1 1 1 1
v -1.94 -0.75 -14.780000000000001 1 1 1 1
v -1.94 -0.75 -14.780000000000001 1 1 1 1
v -2.58 -0.75 -14.14 1 1 1 1
v -1.94 -0.75 -14.14 1 1 1 1
v -2.58 -0.75 -14.780000000000001 1 1 1 1
v -2.58 -0.75 -14.780000000000001 1 1 1 1
v -3.22 -0.75 -14.14 1 1 1 1
v -2.58 -0.75 -14.14 1 1 1 1
v -3.22 -0.75 -14.780000000000001 1 1 1 1
v -3.22 -0.75 -14.780000000000001 1 1 1 1
v -3.86 -0.75 -14.14 1 1 1 1
v -3.22 -0.75 -14.14 1 1 1 1
v -3.86 -0.75 -14.780000000000001 1 1 1 1
v -3.86 -0.75 -14.780000000000001 1 1 1 1
v -4.5 -0.75 -14.14 1 1 1 1
v -3.86 -0.75 -14.14 1 1 1 1
v -4.5 -0.75 -14.780000000000001 1 1 1 1
v -4.5 -0.75 -14.780000000000001 1 1 1 1
v -5.14 -0.75 -14.14 1 1 1 1
v -4.5 -0.75 -14.14 1 1 1 1
v -5.14 -0.75 -14.780000000000001 1 1 1 1
v -5.14 -0.75 -14.780000000000001 1 1 1 1
v -5.78 -0.75 -14.14 1 1 1 1
v -5.14 -0.75 -14.14 1 1 1 1
v -5.78 -0.75 -14.780000000000001 1 1 1 1
v -5.78 -0.75 -14.780000000000001 1 1 1 1
v -6.42 -0.75 -14.14 1 1 1 1
v -5.78 -0.75 -14.14 1 1 1 1
v -6.42 -0.75 -14.780000000000001 1 1 1 1
v -6.42 -0.75 -14.780000000000001 1 1 1 1
v -7.0600000000000005 -0.75 -14.14 1 1 1 1
v -6.42 -0.75 -14.14 1 1 1 1
v -7.0600000000000005 -0.75 -14.780000000000001 1 1 1 1
v -7.0600000000000005 -0.75 -14.780000000000001 1 1 1 1
v -7.7 -0.75 -14.14 1 1 1 1
v -7.0600000000000005 -0.75 -14.14 1 1 1 1
v -7.7 -0.75 -14.780000000000001 1 1 1 1
v -7.7 -0.75 -14.780000000000001 1 1 1 1
v -8.34 -0.75 -14.14 1 1 1 1
v -7.7 -0.75 -14.14 1 1 1 1
v -8.34 -0.75 -14.780000000000001 1 1 1 1
v -8.34 -0.75 -14.780000000000001 1 1 1 1
v -8.98 -0.75 -14.14 1 1 1 1
v -8.34 -0.75 -14.14 1 1 1 1
v -8.98 -0.75 -14.780000000000001 1 1 1 1
v 10.86 -0.75 -15.42 1 1 1 1
v 10.22 -0.75 -14.780000000000001 1 1 1 1
v 10.86 -0.75 -14.780000000000001 1 1 1 1
v 10.22 -0.75 -15.42 1 1 1 1
v -0.02 -0.75 -4.54 1 1 1 1
v -0.66 -0.75 -3.9 1 1 1 1
v -0.02 -0.75 -3.9 1 1 1 1
v -0.66 -0.75 -4.54 1 1 1 1
v -0.66 -0.75 -4.54 1 1 1 1
v -1.3 -0.75 -3.9 1 1 1 1
v -0.66 -0.75 -3.9 1 1 1 1
v -1.3 -0.75 -4.54 1 1 1 1
v -1.3 -0.75 -4.54 1 1 1 1
v -1.94 -0.75 -3.9 1 1 1 1
v -1.3 -0.75 -3.9 1 1 1 1
v -1.94 -0.75 -4.54 1 1 1 1
v -1.94 -0.75 -4.54 1 1 1 1
v -2.58 -0.75 -3.9 1 1 1 1
v -1.94 -0.75 -3.9 1 1 1 1
v -2.58 -0.75 -4.54 1 1 1 1
v -2.58 -0.75 -4.54 1 1 1 1
v -3.22 -0.75 -3.9 1 1 1 1
v -2.58 -0.75 -3.9 1 1 1 1
v -3.22 -0.75 -4.54 1 1 1 1
v -3.22 -0.75 -4.54 1 1 1 1
v -3.86 -0.75 -3.9 1 1 1 1
v -3.22 -0.75 -3.9 1 1 1 1
v -3.86 -0.75 -4.54 1 1 1 1
v -3.86 -0.75 -4.54 1 1 1 1
v -4.5 -0.75 -3.9 1 1 1 1
v -3.86 -0.75 -3.9 1 1 1 1
v -4.5 -0.75 -4.54 1 1 1 1
v -4.5 -0.75 -4.54 1 1 1 1
v -5.14 -0.75 -3.9 1 1 1 1
v -4.5 -0.75 -3.9 1 1 1 1
v -5.14 -0.75 -4.54 1 1 1 1
v -5.14 -0.75 -4.54 1 1 1 1
v -5.78 -0.75 -3.9 1 1 1 1
v -5.14 -0.75 -3.9 1 1 1 1
v -5.78 -0.75 -4.54 1 1 1 1
v -5.78 -0.75 -4.54 1 1 1 1
v -6.42 -0.75 -3.9 1 1 1 1
v -5.78 -0.75 -3.9 1 1 1 1
v -6.42 -0.75 -4.54 1 1 1 1
v -6.42 -0.75 -4.54 1 1 1 1
v -7.0600000000000005 -0.75 -3.9 1 1 1 1
v -6.42 -0.75 -3.9 1 1 1 1
v -7.0600000000000005 -0.75 -4.54 1 1 1 1
v -7.0600000000000005 -0.75 -4.54 1 1 1 1
v -7.7 -0.75 -3.9 1 1 1 1
v -7.0600000000000005 -0.75 -3.9 1 1 1 1
v -7.7 -0.75 -4.54 1 1 1 1
v -7.7 -0.75 -4.54 1 1 1 1
v -8.34 -0.75 -3.9 1 1 1 1
v -7.7 -0.75 -3.9 1 1 1 1
v -8.34 -0.75 -4.54 1 1 1 1
v -8.34 -0.75 -4.54 1 1 1 1
v -8.98 -0.75 -3.9 1 1 1 1
v -8.34 -0.75 -3.9 1 1 1 1
v -8.98 -0.75 -4.54 1 1 1 1
v 10.86 -0.75 -5.18 1 1 1 1
v 10.22 -0.75 -4.54 1 1 1 1
v 10.86 -0.75 -4.54 1 1 1 1
v 10.22 -0.75 -5.18 1 1 1 1
v 10.22 -0.75 -15.42 1 1 1 1
v 9.58 -0.75 -14.780000000000001 1 1 1 1
v 10.22 -0.75 -14.780000000000001 1 1 1 1
v 9.58 -0.75 -15.42 1 1 1 1
v 9.58 -0.75 -15.42 1 1 1 1
v 8.94 -0.75 -14.780000000000001 1 1 1 1
v 9.58 -0.75 -14.780000000000001 1 1 1 1
v 8.94 -0.75 -15.42 1 1 1 1
v 8.94 -0.75 -15.42 1 1 1 1
v 8.3 -0.75 -14.780000000000001 1 1 1 1
v 8.94 -0.75 -14.780000000000001 1 1 1 1
v 8.3 -0.75 -15.42 1 1 1 1
v -0.02 -0.75 -11.58 1 1 1 1
v -0.66 -0.75 -10.94 1 1 1 1
v -0.02 -0.75 -10.94 1 1 1 1
v -0.66 -0.75 -11.58 1 1 1 1
v -0.66 -0.75 -11.58 1 1 1 1
v -1.3 -0.75 -10.94 1 1 1 1
v -0.66 -0.75 -10.94 1 1 1 1
v -1.3 -0.75 -11.58 1 1 1 1
v -1.3 -0.75 -11.58 1 1 1 1
v -1.94 -0.75 -10.94 1 1 1 1
v -1.3 -0.75 -10.94 1 1 1 1
v -1.94 -0.75 -11.58 1 1 1 1
v -1.94 -0.75 -11.58 1 1 1 1
v -2.58 -0.75 -10.94 1 1 1 1
v -1.94 -0.75 -10.94 1 1 1 1
v -2.58 -0.75 -11.58 1 1 1 1
v -2.58 -0.75 -11.58 1 1 1 1
v -3.22 -0.75 -10.94 1 1 1 1
v -2.58 -0.75 -10.94 1 1 1 1
v -3.22 -0.75 -11.58 1 1 1 1
v -3.22 -0.75 -11.58 1 1 1 1
v -3.86 -0.75 -10.94 1 1 1 1
v -3.22 -0.75 -10.94 1 1 1 1
v -3.86 -0.75 -11.58 1 1 1 1
v -3.86 -0.75 -11.58 1 1 1 1
v -4.5 -0.75 -10.94 1 1 1 1
v -3.86 -0.75 -10.94 1 1 1 1
v -4.5 -0.75 -11.58 1 1 1 1
v -4.5 -0.75 -11.58 1 1 1 1
v -5.14 -0.75 -10.94 1 1 1 1
v -4.5 -0.75 -10.94 1 1 1 1
v -5.14 -0.75 -11.58 1 1 1 1
v -5.14 -0.75 -11.58 1 1 1 1
v -5.78 -0.75 -10.94 1 1 1 1
v -5.14 -0.75 -10.94 1 1 1 1
v -5.78 -0.75 -11.58 1 1 1 1
v -5.78 -0.75 -11.58 1 1 1 1
v -6.42 -0.75 -10.94 1 1 1 1
v -5.78 -0.75 -10.94 1 1 1 1
v -6.42 -0.75 -11.58 1 1 1 1
v -6.42 -0.75 -11.58 1 1 1 1
v -7.0600000000000005 -0.75 -10.94 1 1 1 1
v -6.42 -0.75 -10.94 1 1 1 1
v -7.0600000000000005 -0.75 -11.58 1 1 1 1
v -7.0600000000000005 -0.75 -11.58 1 1 1 1
v -7.7 -0.75 -10.94 1 1 1 1
v -7.0600000000000005 -0.75 -10.94 1 1 1 1
v -7.7 -0.75 -11.58 1 1 1 1
v -7.7 -0.75 -11.58 1 1 1 1
v -8.34 -0.75 -10.94 1 1 1 1
v -7.7 -0.75 -10.94 1 1 1 1
v -8.34 -0.75 -11.58 1 1 1 1
v -0.02 -0.75 -5.18 1 1 1 1
v -0.66 -0.75 -4.54 1 1 1 1
v -0.02 -0.75 -4.54 1 1 1 1
v -0.66 -0.75 -5.18 1 1 1 1
v -0.66 -0.75 -5.18 1 1 1 1
v -1.3 -0.75 -4.54 1 1 1 1
v -0.66 -0.75 -4.54 1 1 1 1
v -1.3 -0.75 -5.18 1 1 1 1
v -1.3 -0.75 -5.18 1 1 1 1
v -1.94 -0.75 -4.54 1 1 1 1
v -1.3 -0.75 -4.54 1 1 1 1
v -1.94 -0.75 -5.18 1 1 1 1
v -1.94 -0.75 -5.18 1 1 1 1
v -2.58 -0.75 -4.54 1 1 1 1
v -1.94 -0.75 -4.54 1 1 1 1
v -2.58 -0.75 -5.18 1 1 1 1
v -2.58 -0.75 -5.18 1 1 1 1
v -3.22 -0.75 -4.54 1 1 1 1
v -2.58 -0.75 -4.54 1 1 1 1
v -3.22 -0.75 -5.18 1 1 1 1
v -3.22 -0.75 -5.18 1 1 1 1
v -3.86 -0.75 -4.54 1 1 1 1
v -3.22 -0.75 -4.54 1 1 1 1
v -3.86 -0.75 -5.18 1 1 1 1
v -3.86 -0.75 -5.18 1 1 1 1
v -4.5 -0.75 -4.54 1 1 1 1
v -3.86 -0.75 -4.54 1 1 1 1
v -4.5 -0.75 -5.18 1 1 1 1
v -4.5 -0.75 -5.18 1 1 1 1
v -5.14 -0.75 -4.54 1 1 1 1
v -4.5 -0.75 -4.54 1 1 1 1
v -5.14 -0.75 -5.18 1 1 1 1
v -5.14 -0.75 -5.18 1 1 1 1
v -5.78 -0.75 -4.54 1 1 1 1
v -5.14 -0.75 -4.54 1 1 1 1
v -5.78 -0.75 -5.18 1 1 1 1
v -5.78 -0.75 -5.18 1 1 1 1
v -6.42 -0.75 -4.54 1 1 1 1
v -5.78 -0.75 -4.54 1 1 1 1
v -6.42 -0.75 -5.18 1 1 1 1
v -6.42 -0.75 -5.18 1 1 1 1
v -7.0600000000000005 -0.75 -4.54 1 1 1 1
v -6.42 -0.75 -4.54 1 1 1 1
v -7.0600000000000005 -0.75 -5.18 1 1 1 1
v -7.0600000000000005 -0.75 -5.18 1 1 1 1
v -7.7 -0.75 -4.54 1 1 1 1
v -7.0600000000000005 -0.75 -4.54 1 1 1 1
v -7.7 -0.75 -5.18 1 1 1 1
v -7.7 -0.75 -5.18 1 1 1 1
v -8.34 -0.75 -4.54 1 1 1 1
v -7.7 -0.75 -4.54 1 1 1 1
v -8.34 -0.75 -5.18 1 1 1 1
v -8.34 -0.75 -5.18 1 1 1 1
v -8.98 -0.75 -4.54 1 1 1 1
v -8.34 -0.75 -4.54 1 1 1 1
v -8.98 -0.75 -5.18 1 1 1 1
v 10.86 -0.75 -5.82 1 1 1 1
v 10.22 -0.75 -5.18 1 1 1 1
v 10.86 -0.75 -5.18 1 1 1 1
v 10.22 -0.75 -5.82 1 1 1 1
v -8.34 -0.75 -11.58 1 1 1 1
v -8.98 -0.75 -10.94 1 1 1 1
v -8.34 -0.75 -10.94 1 1 1 1
v -8.98 -0.75 -11.58 1 1 1 1
v 10.86 -0.75 -12.22 1 1 1 1
v 10.22 -0.75 -11.58 1 1 1 1
v 10.86 -0.75 -11.58 1 1 1 1
v 10.22 -0.75 -12.22 1 1 1 1
v 8.3 -0.75 -15.42 1 1 1 1
v 7.66 -0.75 -14.780000000000001 1 1 1 1
v 8.3 -0.75 -14.780000000000001 1 1 1 1
v 7.66 -0.75 -15.42 1 1 1 1
v 7.66 -0.75 -15.42 1 1 1 1
v 7.0200000000000005 -0.75 -14.780000000000001 1 1 1 1
v 7.66 -0.75 -14.780000000000001 1 1 1 1
v 7.0200000000000005 -0.75 -15.42 1 1 1 1
v 7.0200000000000005 -0.75 -15.42 1 1 1 1
v 6.38 -0.75 -14.780000000000001 1 1 1 1
v 7.0200000000000005 -0.75 -14.780000000000001 1 1 1 1
v 6.38 -0.75 -15.42 1 1 1 1
v 6.38 -0.75 -15.42 1 1 1 1
v 5.74 -0.75 -14.780000000000001 1 1 1 1
v 6.38 -0.75 -14.780000000000001 1 1 1 1
v 5.74 -0.75 -15.42 1 1 1 1
v 5.74 -0.75 -15.42 1 1 1 1
v 5.1000000000000005 -0.75 -14.780000000000001 1 1 1 1
v 5.74 -0.75 -14.780000000000001 1 1 1 1
v 5.1000000000000005 -0.75 -15.42 1 1 1 1
v 5.1000000000000005 -0.75 -15.42 1 1 1 1
v 4.46 -0.75 -14.780000000000001 1 1 1 1
v 5.1000000000000005 -0.75 -14.780000000000001 1 1 1 1
v 4.46 -0.75 -15.42 1 1 1 1
v 4.46 -0.75 -15.42 1 1 1 1
v 3.8200000000000003 -0.75 -14.780000000000001 1 1 1 1
v 4.46 -0.75 -14.780000000000001 1 1 1 1
v 3.8200000000000003 -0.75 -15.42 1 1 1 1
v 3.8200000000000003 -0.75 -15.42 1 1 1 1
v 3.18 -0.75 -14.780000000000001 1 1 1 1
v 3.8200000000000003 -0.75 -14.780000000000001 1 1 1 1
v 3.18 -0.75 -15.42 1 1 1 1
v 3.18 -0.75 -15.42 1 1 1 1
v 2.54 -0.75 -14.780000000000001 1 1 1 1
v 3.18 -0.75 -14.780000000000001 1 1 1 1
v 2.54 -0.75 -15.42 1 1 1 1
v 2.54 -0.75 -15.42 1 1 1 1
v 1.9000000000000001 -0.75 -14.780000000000001 1 1 1 1
v 2.54 -0.75 -14.780000000000001 1 1 1 1
v 1.9000000000000001 -0.75 -15.42 1 1 1 1
v 1.9000000000000001 -0.75 -15.42 1 1 1 1
v 1.26 -0.75 -14.780000000000001 1 1 1 1
v 1.9000000000000001 -0.75 -14.780000000000001 1 1 1 1
v 1.26 -0.75 -15.42 1 1 1 1
v 1.26 -0.75 -15.42 1 1 1 1
v 0.62 -0.75 -14.780000000000001 1 1 1 1
v 1.26 -0.75 -14.780000000000001 1 1 1 1
v 0.62 -0.75 -15.42 1 1 1 1
v 0.62 -0.75 -15.42 1 1 1 1
v -0.02 -0.75 -14.780000000000001 1 1 1 1
v 0.62 -0.75 -14.780000000000001 1 1 1 1
v -0.02 -0.75 -15.42 1 1 1 1
v -0.02 -0.75 -15.42 1 1 1 1
v -0.66 -0.75 -14.780000000000001 1 1 1 1
v -0.02 -0.75 -14.780000000000001 1 1 1 1
v -0.66 -0.75 -15.42 1 1 1 1
v -0.02 -0.75 -5.82 1 1 1 1
v -0.66 -0.75 -5.18 1 1 1 1
v -0.02 -0.75 -5.18 1 1 1 1
v -0.66 -0.75 -5.82 1 1 1 1
v -0.66 -0.75 -5.82 1 1 1 1
v -1.3 -0.75 -5.18 1 1 1 1
v -0.66 -0.75 -5.18 1 1 1 1
v -1.3 -0.75 -5.82 1 1 1 1
v -1.3 -0.75 -5.82 1 1 1 1
v -1.94 -0.75 -5.18 1 1 1 1
v -1.3 -0.75 -5.18 1 1 1 1
v -1.94 -0.75 -5.82 1 1 1 1
v -1.94 -0.75 -5.82 1 1 1 1
v -2.58 -0.75 -5.18 1 1 1 1
v -1.94 -0.75 -5.18 1 1 1 1
v -2.58 -0.75 -5.82 1 1 1 1
v -2.58 -0.75 -5.82 1 1 1 1
v -3.22 -0.75 -5.18 1 1 1 1
v -2.58 -0.75 -5.18 1 1 1 1
v -3.22 -0.75 -5.82 1 1 1 1
v -3.22 -0.75 -5.82 1 1 1 1
v -3.86 -0.75 -5.18 1 1 1 1
v -3.22 -0.75 -5.18 1 1 1 1
v -3.86 -0.75 -5.82 1 1 1 1
v -3.86 -0.75 -5.82 1 1 1 1
v -4.5 -0.75 -5.18 1 1 1 1
v -3.86 -0.75 -5.18 1 1 1 1
v -4.5 -0.75 -5.82 1 1 1 1
v -4.5 -0.75 -5.82 1 1 1 1
v -5.14 -0.75 -5.18 1 1 1 1
v -4.5 -0.75 -5.18 1 1 1 1
v -5.14 -0.75 -5.82 1 1 1 1
v -5.14 -0.75 -5.82 1 1 1 1
v -5.78 -0.75 -5.18 1 1 1 1
v -5.14 -0.75 -5.18 1 1 1 1
v -5.78 -0.75 -5.82 1 1 1 1
v -5.78 -0.75 -5.82 1 1 1 1
v -6.42 -0.75 -5.18 1 1 1 1
v -5.78 -0.75 -5.18 1 1 1 1
v -6.42 -0.75 -5.82 1 1 1 1
v -6.42 -0.75 -5.82 1 1 1 1
v -7.0600000000000005 -0.75 -5.18 1 1 1 1
v -6.42 -0.75 -5.18 1 1 1 1
v -7.0600000000000005 -0.75 -5.82 1 1 1 1
v -7.0600000000000005 -0.75 -5.82 1 1 1 1
v -7.7 -0.75 -5.18 1 1 1 1
v -7.0600000000000005 -0.75 -5.18 1 1 1 1
v -7.7 -0.75 -5.82 1 1 1 1
v -7.7 -0.75 -5.82 1 1 1 1
v -8.34 -0.75 -5.18 1 1 1 1
v -7.7 -0.75 -5.18 1 1 1 1
v -8.34 -0.75 -5.82 1 1 1 1
v -8.34 -0.75 -5.82 1 1 1 1
v -8.98 -0.75 -5.18 1 1 1 1
v -8.34 -0.75 -5.18 1 1 1 1
v -8.98 -0.75 -5.82 1 1 1 1
v 10.86 -0.75 -6.46 1 1 1 1
v 10.22 -0.75 -5.82 1 1 1 1
v 10.86 -0.75 -5.82 1 1 1 1
v 10.22 -0.75 -6.46 1 1 1 1
v -0.66 -0.75 -15.42 1 1 1 1
v -1.3 -0.75 -14.780000000000001 1 1 1 1
v -0.66 -0.75 -14.780000000000001 1 1 1 1
v -1.3 -0.75 -15.42 1 1 1 1
v -1.3 -0.75 -15.42 1 1 1 1
v -1.94 -0.75 -14.780000000000001 1 1 1 1
v -1.3 -0.75 -14.780000000000001 1 1 1 1
v -1.94 -0.75 -15.42 1 1 1 1
v -0.02 -0.75 -12.22 1 1 1 1
v -0.66 -0.75 -11.58 1 1 1 1
v -0.02 -0.75 -11.58 1 1 1 1
v -0.66 -0.75 -12.22 1 1 1 1
v -0.66 -0.75 -12.22 1 1 1 1
v -1.3 -0.75 -11.58 1 1 1 1
v -0.66 -0.75 -11.58 1 1 1 1
v -1.3 -0.75 -12.22 1 1 1 1
v -1.3 -0.75 -12.22 1 1 1 1
v -1.94 -0.75 -11.58 1 1 1 1
v -1.3 -0.75 -11.58 1 1 1 1
v -1.94 -0.75 -12.22 1 1 1 1
v -1.94 -0.75 -12.22 1 1 1 1
v -2.58 -0.75 -11.58 1 1 1 1
v -1.94 -0.75 -11.58 1 1 1 1
v -2.58 -0.75 -12.22 1 1 1 1
v -2.58 -0.75 -12.22 1 1 1 1
v -3.22 -0.75 -11.58 1 1 1 1
v -2.58 -0.75 -11.58 1 1 1 1
v -3.22 -0.75 -12.22 1 1 1 1
v -3.22 -0.75 -12.22 1 1 1 1
v -3.86 -0.75 -11.58 1 1 1 1
v -3.22 -0.75 -11.58 1 1 1 1
v -3.86 -0.75 -12.22 1 1 1 1
v -3.86 -0.75 -12.22 1 1 1 1
v -4.5 -0.75 -11.58 1 1 1 1
v -3.86 -0.75 -11.58 1 1 1 1
v -4.5 -0.75 -12.22 1 1 1 1
v -4.5 -0.75 -12.22 1 1 1 1
v -5.14 -0.75 -11.58 1 1 1 1
v -4.5 -0.75 -11.58 1 1 1 1
v -5.14 -0.75 -12.22 1 1 1 1
v -5.14 -0.75 -12.22 1 1 1 1
v -5.78 -0.75 -11.58 1 1 1 1
v -5.14 -0.75 -11.58 1 1 1 1
v -5.78 -0.75 -12.22 1 1 1 1
v -5.78 -0.75 -12.22 1 1 1 1
v -6.42 -0.75 -11.58 1 1 1 1
v -5.78 -0.75 -11.58 1 1 1 1
v -6.42 -0.75 -12.22 1 1 1 1
v -6.42 -0.75 -12.22 1 1 1 1
v -7.0600000000000005 -0.75 -11.58 1 1 1 1
v -6.42 -0.75 -11.58 1 1 1 1
v -7.0600000000000005 -0.75 -12.22 1 1 1 1
v -7.0600000000000005 -0.75 -12.22 1 1 1 1
v -7.7 -0.75 -11.58 1 1 1 1
v -7.0600000000000005 -0.75 -11.58 1 1 1 1
v -7.7 -0.75 -12.22 1 1 1 1
v -7.7 -0.75 -12.22 1 1 1 1
v -8.34 -0.75 -11.58 1 1 1 1
v -7.7 -0.75 -11.58 1 1 1 1
v -8.34 -0.75 -12.22 1 1 1 1
v -8.34 -0.75 -12.22 1 1 1 1
v -8.98 -0.75 -11.58 1 1 1 1
v -8.34 -0.75 -11.58 1 1 1 1
v -8.98 -0.75 -12.22 1 1 1 1
v -0.02 -0.75 -6.46 1 1 1 1
v -0.66 -0.75 -5.82 1 1 1 1
v -0.02 -0.75 -5.82 1 1 1 1
v -0.66 -0.75 -6.46 1 1 1 1
v -0.66 -0.75 -6.46 1 1 1 1
v -1.3 -0.75 -5.82 1 1 1 1
v -0.66 -0.75 -5.82 1 1 1 1
v -1.3 -0.75 -6.46 1 1 1 1
v -1.3 -0.75 -6.46 1 1 1 1
v -1.94 -0.75 -5.82 1 1 1 1
v -1.3 -0.75 -5.82 1 1 1 1
v -1.94 -0.75 -6.46 1 1 1 1
v -1.94 -0.75 -6.46 1 1 1 1
v -2.58 -0.75 -5.82 1 1 1 1
v -1.94 -0.75 -5.82 1 1 1 1
v -2.58 -0.75 -6.46 1 1 1 1
v -2.58 -0.75 -6.46 1 1 1 1
v -3.22 -0.75 -5.82 1 1 1 1
v -2.58 -0.75 -5.82 1 1 1 1
v -3.22 -0.75 -6.46 1 1 1 1
v -3.22 -0.75 -6.46 1 1 1 1
v -3.86 -0.75 -5.82 1 1 1 1
v -3.22 -0.75 -5.82 1 1 1 1
v -3.86 -0.75 -6.46 1 1 1 1
v -3.86 -0.75 -6.46 1 1 1 1
v -4.5 -0.75 -5.82 1 1 1 1
v -3.86 -0.75 -5.82 1 1 1 1
v -4.5 -0.75 -6.46 1 1 1 1
v -4.5 -0.75 -6.46 1 1 1 1
v -5.14 -0.75 -5.82 1 1 1 1
v -4.5 -0.75 -5.82 1 1 1 1
v -5.14 -0.75 -6.46 1 1 1 1
v -5.14 -0.75 -6.46 1 1 1 1
v -5.78 -0.75 -5.82 1 1 1 1
v -5.14 -0.75 -5.82 1 1 1 1
v -5.78 -0.75 -6.46 1 1 1 1
v -5.78 -0.75 -6.46 1 1 1 1
v -6.42 -0.75 -5.82 1 1 1 1
v -5.78 -0.75 -5.82 1 1 1 1
v -6.42 -0.75 -6.46 1 1 1 1
v -6.42 -0.75 -6.46 1 1 1 1
v -7.0600000000000005 -0.75 -5.82 1 1 1 1
v -6.42 -0.75 -5.82 1 1 1 1
v -7.0600000000000005 -0.75 -6.46 1 1 1 1
v -7.0600000000000005 -0.75 -6.46 1 1 1 1
v -7.7 -0.75 -5.82 1 1 1 1
v -7.0600000000000005 -0.75 -5.82 1 1 1 1
v -7.7 -0.75 -6.46 1 1 1 1
v -7.7 -0.75 -6.46 1 1 1 1
v -8.34 -0.75 -5.82 1 1 1 1
v -7.7 -0.75 -5.82 1 1 1 1
v -8.34 -0.75 -6.46 1 1 1 1
v -8.34 -0.75 -6.46 1 1 1 1
v -8.98 -0.75 -5.82 1 1 1 1
v -8.34 -0.75 -5.82 1 1 1 1
v -8.98 -0.75 -6.46 1 1 1 1
v 10.86 -0.75 -7.1000000000000005 1 1 1 1
v 10.22 -0.75 -6.46 1 1 1 1
v 10.86 -0.75 -6.46 1 1 1 1
v 10.22 -0.75 -7.1000000000000005 1 1 1 1
v 10.86 -0.75 -12.86 1 1 1 1
v 10.22 -0.75 -12.22 1 1 1 1
v 10.86 -0.75 -12.22 1 1 1 1
v 10.22 -0.75 -12.86 1 1 1 1
v -1.94 -0.75 -15.42 1 1 1 1
v -2.58 -0.75 -14.780000000000001 1 1 1 1
v -1.94 -0.75 -14.780000000000001 1 1 1 1
v -2.58 -0.75 -15.42 1 1 1 1
v -2.58 -0.75 -15.42 1 1 1 1
v -3.22 -0.75 -14.780000000000001 1 1 1 1
v -2.58 -0.75 -14.780000000000001 1 1 1 1
v -3.22 -0.75 -15.42 1 1 1 1
v -3.22 -0.75 -15.42 1 1 1 1
v -3.86 -0.75 -14.780000000000001 1 1 1 1
v -3.22 -0.75 -14.780000000000001 1 1 1 1
v -3.86 -0.75 -15.42 1 1 1 1
v -3.86 -0.75 -15.42 1 1 1 1
v -4.5 -0.75 -14.780000000000001 1 1 1 1
v -3.86 -0.75 -14.780000000000001 1 1 1 1
v -4.5 -0.75 -15.42 1 1 1 1
v -4.5 -0.75 -15.42 1 1 1 1
v -5.14 -0.75 -14.780000000000001 1 1 1 1
v -4.5 -0.75 -14.780000000000001 1 1 1 1
v -5.14 -0.75 -15.42 1 1 1 1
v -5.14 -0.75 -15.42 1 1 1 1
v -5.78 -0.75 -14.780000000000001 1 1 1 1
v -5.14 -0.75 -14.780000000000001 1 1 1 1
v -5.78 -0.75 -15.42 1 1 1 1
v -5.78 -0.75 -15.42 1 1 1 1
v -6.42 -0.75 -14.780000000000001 1 1 1 1
v -5.78 -0.75 -14.780000000000001 1 1 1 1
v -6.42 -0.75 -15.42 1 1 1 1
v -6.42 -0.75 -15.42 1 1 1 1
v -7.0600000000000005 -0.75 -14.780000000000001 1 1 1 1
v -6.42 -0.75 -14.780000000000001 1 1 1 1
v -7.0600000000000005 -0.75 -15.42 1 1 1 1
v -7.0600000000000005 -0.75 -15.42 1 1 1 1
v -7.7 -0.75 -14.780000000000001 1 1 1 1
v -7.0600000000000005 -0.75 -14.780000000000001 1 1 1 1
v -7.7 -0.75 -15.42 1 1 1 1
v -7.7 -0.75 -15.42 1 1 1 1
v -8.34 -0.75 -14.780000000000001 1 1 1 1
v -7.7 -0.75 -14.780000000000001 1 1 1 1
v -8.34 -0.75 -15.42 1 1 1 1
v -8.34 -0.75 -15.42 1 1 1 1
v -8.98 -0.75 -14.780000000000001 1 1 1 1
v -8.34 -0.75 -14.780000000000001 1 1 1 1
v -8.98 -0.75 -15.42 1 1 1 1
v 10.86 -0.75 -16.06 1 1 1 1
v 10.22 -0.75 -15.42 1 1 1 1
v 10.86 -0.75 -15.42 1 1 1 1
v 10.22 -0.75 -16.06 1 1 1 1
v 10.22 -0.75 -16.06 1 1 1 1
v 9.58 -0.75 -15.42 1 1 1 1
v 10.22 -0.75 -15.42 1 1 1 1
v 9.58 -0.75 -16.06 1 1 1 1
v 9.58 -0.75 -16.06 1 1 1 1
v 8.94 -0.75 -15.42 1 1 1 1
v 9.58 -0.75 -15.42 1 1 1 1
v 8.94 -0.75 -16.06 1 1 1 1
v 8.94 -0.75 -16.06 1 1 1 1
v 8.3 -0.75 -15.42 1 1 1 1
v 8.94 -0.75 -15.42 1 1 1 1
v 8.3 -0.75 -16.06 1 1 1 1
v -0.02 -0.75 -7.1000000000000005 1 1 1 1
v -0.66 -0.75 -6.46 1 1 1 1
v -0.02 -0.75 -6.46 1 1 1 1
v -0.66 -0.75 -7.1000000000000005 1 1 1 1
v -0.66 -0.75 -7.1000000000000005 1 1 1 1
v -1.3 -0.75 -6.46 1 1 1 1
v -0.66 -0.75 -6.46 1 1 1 1
v -1.3 -0.75 -7.1000000000000005 1 1 1 1
v -1.3 -0.75 -7.1000000000000005 1 1 1 1
v -1.94 -0.75 -6.46 1 1 1 1
v -1.3 -0.75 -6.46 1 1 1 1
v -1.94 -0.75 -7.1000000000000005 1 1 1 1
v -1.94 -0.75 -7.1000000000000005 1 1 1 1
v -2.58 -0.75 -6.46 1 1 1 1
v -1.94 -0.75 -6.46 1 1 1 1
v -2.58 -0.75 -7.1000000000000005 1 1 1 1
v -2.58 -0.75 -7.1000000000000005 1 1 1 1
v -3.22 -0.75 -6.46 1 1 1 1
v -2.58 -0.75 -6.46 1 1 1 1
v -3.22 -0.75 -7.1000000000000005 1 1 1 1
v -3.22 -0.75 -7.1000000000000005 1 1 1 1
v -3.86 -0.75 -6.46 1 1 1 1
v -3.22 -0.75 -6.46 1 1 1 1
v -3.86 -0.75 -7.1000000000000005 1 1 1 1
v -3.86 -0.75 -7.1000000000000005 1 1 1 1
v -4.5 -0.75 -6.46 1 1 1 1
v -3.86 -0.75 -6.46 1 1 1 1
v -4.5 -0.75 -7.1000000000000005 1 1 1 1
v -4.5 -0.75 -7.1000000000000005 1 1 1 1
v -5.14 -0.75 -6.46 1 1 1 1
v -4.5 -0.75 -6.46 1 1 1 1
v -5.14 -0.75 -7.1000000000000005 1 1 1 1
v -5.14 -0.75 -7.1000000000000005 1 1 1 1
v -5.78 -0.75 -6.46 1 1 1 1
v -5.14 -0.75 -6.46 1 1 1 1
v -5.78 -0.75 -7.1000000000000005 1 1 1 1
v -5.78 -0.75 -7.1000000000000005 1 1 1 1
v -6.42 -0.75 -6.46 1 1 1 1
v -5.78 -0.75 -6.46 1 1 1 1
v -6.42 -0.75 -7.1000000000000005 1 1 1 1
v -6.42 -0.75 -7.1000000000000005 1 1 1 1
v -7.0600000000000005 -0.75 -6.46 1 1 1 1
v -6.42 -0.75 -6.46 1 1 1 1
v -7.0600000000000005 -0.75 -7.1000000000000005 1 1 1 1
v -7.0600000000000005 -0.75 -7.1000000000000005 1 1 1 1
v -7.7 -0.75 -6.46 1 1 1 1
v -7.0600000000000005 -0.75 -6.46 1 1 1 1
v -7.7 -0.75 -7.1000000000000005 1 1 1 1
v -7.7 -0.75 -7.1000000000000005 1 1 1 1
v -8.34 -0.75 -6.46 1 1 1 1
v -7.7 -0.75 -6.46 1 1 1 1
v -8.34 -0.75 -7.1000000000000005 1 1 1 1
v -8.34 -0.75 -7.1000000000000005 1 1 1 1
v -8.98 -0.75 -6.46 1 1 1 1
v -8.34 -0.75 -6.46 1 1 1 1
v -8.98 -0.75 -7.1000000000000005 1 1 1 1
v 10.86 -0.75 -7.74 1 1 1 1
v 10.22 -0.75 -7.1000000000000005 1 1 1 1
v 10.86 -0.75 -7.1000000000000005 1 1 1 1
v 10.22 -0.75 -7.74 1 1 1 1
v 8.3 -0.75 -16.06 1 1 1 1
v 7.66 -0.75 -15.42 1 1 1 1
v 8.3 -0.75 -15.42 1 1 1 1
v 7.66 -0.75 -16.06 1 1 1 1
v -0.02 -0.75 -12.86 1 1 1 1
v -0.66 -0.75 -12.22 1 1 1 1
v -0.02 -0.75 -12.22 1 1 1 1
v -0.66 -0.75 -12.86 1 1 1 1
v -0.66 -0.75 -12.86 1 1 1 1
v -1.3 -0.75 -12.22 1 1 1 1
v -0.66 -0.75 -12.22 1 1 1 1
v -1.3 -0.75 -12.86 1 1 1 1
v -1.3 -0.75 -12.86 1 1 1 1
v -1.94 -0.75 -12.22 1 1 1 1
v -1.3 -0.75 -12.22 1 1 1 1
v -1.94 -0.75 -12.86 1 1 1 1
v -1.94 -0.75 -12.86 1 1 1 1
v -2.58 -0.75 -12.22 1 1 1 1
v -1.94 -0.75 -12.22 1 1 1 1
v -2.58 -0.75 -12.86 1 1 1 1
v -2.58 -0.75 -12.86 1 1 1 1
v -3.22 -0.75 -12.22 1 1 1 1
v -2.58 -0.75 -12.22 1 1 1 1
v -3.22 -0.75 -12.86 1 1 1 1
v -3.22 -0.75 -12.86 1 1 1 1
v -3.86 -0.75 -12.22 1 1 1 1
v -3.22 -0.75 -12.22 1 1 1 1
v -3.86 -0.75 -12.86 1 1 1 1
v -3.86 -0.75 -12.86 1 1 1 1
v -4.5 -0.75 -12.22 1 1 1 1
v -3.86 -0.75 -12.22 1 1 1 1
v -4.5 -0.75 -12.86 1 1 1 1
v -4.5 -0.75 -12.86 1 1 1 1
v -5.14 -0.75 -12.22 1 1 1 1
v -4.5 -0.75 -12.22 1 1 1 1
v -5.14 -0.75 -12.86 1 1 1 1
v -5.14 -0.75 -12.86 1 1 1 1
v -5.78 -0.75 -12.22 1 1 1 1
v -5.14 -0.75 -12.22 1 1 1 1
v -5.78 -0.75 -12.86 1 1 1 1
v -5.78 -0.75 -12.86 1 1 1 1
v -6.42 -0.75 -12.22 1 1 1 1
v -5.78 -0.75 -12.22 1 1 1 1
v -6.42 -0.75 -12.86 1 1 1 1
v -6.42 -0.75 -12.86 1 1 1 1
v -7.0600000000000005 -0.75 -12.22 1 1 1 1
v -6.42 -0.75 -12.22 1 1 1 1
v -7.0600000000000005 -0.75 -12.86 1 1 1 1
v -7.0600000000000005 -0.75 -12.86 1 1 1 1
v -7.7 -0.75 -12.22 1 1 1 1
v -7.0600000000000005 -0.75 -12.22 1 1 1 1
v -7.7 -0.75 -12.86 1 1 1 1
v -7.7 -0.75 -12.86 1 1 1 1
v -8.34 -0.75 -12.22 1 1 1 1
v -7.7 -0.75 -12.22 1 1 1 1
v -8.34 -0.75 -12.86 1 1 1 1
v -8.34 -0.75 -12.86 1 1 1 1
v -8.98 -0.75 -12.22 1 1 1 1
v -8.34 -0.75 -12.22 1 1 1 1
v -8.98 -0.75 -12.86 1 1 1 1
v 10.86 -0.75 -13.5 1 1 1 1
v 10.22 -0.75 -12.86 1 1 1 1
v 10.86 -0.75 -12.86 1 1 1 1
v 10.22 -0.75 -13.5 1 1 1 1
v -0.02 -0.75 -7.74 1 1 1 1
v -0.66 -0.75 -7.1000000000000005 1 1 1 1
v -0.02 -0.75 -7.1000000000000005 1 1 1 1
v -0.66 -0.75 -7.74 1 1 1 1
v -0.66 -0.75 -7.74 1 1 1 1
v -1.3 -0.75 -7.1000000000000005 1 1 1 1
v -0.66 -0.75 -7.1000000000000005 1 1 1 1
v -1.3 -0.75 -7.74 1 1 1 1
v -1.3 -0.75 -7.74 1 1 1 1
v -1.94 -0.75 -7.1000000000000005 1 1 1 1
v -1.3 -0.75 -7.1000000000000005 1 1 1 1
v -1.94 -0.75 -7.74 1 1 1 1
v -1.94 -0.75 -7.74 1 1 1 1
v -2.58 -0.75 -7.1000000000000005 1 1 1 1
v -1.94 -0.75 -7.1000000000000005 1 1 1 1
v -2.58 -0.75 -7.74 1 1 1 1
v -2.58 -0.75 -7.74 1 1 1 1
v -3.22 -0.75 -7.1000000000000005 1 1 1 1
v -2.58 -0.75 -7.1000000000000005 1 1 1 1
v -3.22 -0.75 -7.74 1 1 1 1
v -3.22 -0.75 -7.74 1 1 1 1
v -3.86 -0.75 -7.1000000000000005 1 1 1 1
v -3.22 -0.75 -7.1000000000000005 1 1 1 1
v -3.86 -0.75 -7.74 1 1 1 1
v -3.86 -0.75 -7.74 1 1 1 1
v -4.5 -0.75 -7.1000000000000005 1 1 1 1
v -3.86 -0.75 -7.1000000000000005 1 1 1 1
v -4.5 -0.75 -7.74 1 1 1 1
v -4.5 -0.75 -7.74 1 1 1 1
v -5.14 -0.75 -7.1000000000000005 1 1 1 1
v -4.5 -0.75 -7.1000000000000005 1 1 1 1
v -5.14 -0.75 -7.74 1 1 1 1
v -5.14 -0.75 -7.74 1 1 1 1
v -5.78 -0.75 -7.1000000000000005 1 1 1 1
v -5.14 -0.75 -7.1000000000000005 1 1 1 1
v -5.78 -0.75 -7.74 1 1 1 1
v -5.78 -0.75 -7.74 1 1 1 1
v -6.42 -0.75 -7.1000000000000005 1 1 1 1
v -5.78 -0.75 -7.1000000000000005 1 1 1 1
v -6.42 -0.75 -7.74 1 1 1 1
v -6.42 -0.75 -7.74 1 1 1 1
v -7.0600000000000005 -0.75 -7.1000000000000005 1 1 1 1
v -6.42 -0.75 -7.1000000000000005 1 1 1 1
v -7.0600000000000005 -0.75 -7.74 1 1 1 1
v -7.0600000000000005 -0.75 -7.74 1 1 1 1
v -7.7 -0.75 -7.1000000000000005 1 1 1 1
v -7.0600000000000005 -0.75 -7.1000000000000005 1 1 1 1
v -7.7 -0.75 -7.74 1 1 1 1
v -7.7 -0.75 -7.74 1 1 1 1
v -8.34 -0.75 -7.1000000000000005 1 1 1 1
v -7.7 -0.75 -7.1000000000000005 1 1 1 1
v -8.34 -0.75 -7.74 1 1 1 1
v -8.34 -0.75 -7.74 1 1 1 1
v -8.98 -0.75 -7.1000000000000005 1 1 1 1
v -8.34 -0.75 -7.1000000000000005 1 1 1 1
v -8.98 -0.75 -7.74 1 1 1 1
v -0.02 -0.75 -9.02 1 1 1 1
v 0.62 -0.75 -9.66 1 1 1 1
v -0.02 -0.75 -9.66 1 1 1 1
v 0.62 -0.75 -9.02 1 1 1 1
v 0.62 -0.75 -9.02 1 1 1 1
v 1.26 -0.75 -9.66 1 1 1 1
v 0.62 -0.75 -9.66 1 1 1 1
v 1.26 -0.75 -9.02 1 1 1 1
v 1.26 -0.75 -9.02 1 1 1 1
v 1.9000000000000001 -0.75 -9.66 1 1 1 1
v 1.26 -0.75 -9.66 1 1 1 1
v 1.9000000000000001 -0.75 -9.02 1 1 1 1
v 1.9000000000000001 -0.75 -9.02 1 1 1 1
v 2.54 -0.75 -9.66 1 1 1 1
v 1.9000000000000001 -0.75 -9.66 1 1 1 1
v 2.54 -0.75 -9.02 1 1 1 1
v 2.54 -0.75 -9.02 1 1 1 1
v 3.18 -0.75 -9.66 1 1 1 1
v 2.54 -0.75 -9.66 1 1 1 1
v 3.18 -0.75 -9.02 1 1 1 1
v 3.18 -0.75 -9.02 1 1 1 1
v 3.8200000000000003 -0.75 -9.66 1 1 1 1
v 3.18 -0.75 -9.66 1 1 1 1
v 3.8200000000000003 -0.75 -9.02 1 1 1 1
v 3.8200000000000003 -0.75 -9.02 1 1 1 1
v 4.46 -0.75 -9.66 1 1 1 1
v 3.8200000000000003 -0.75 -9.66 1 1 1 1
v 4.46 -0.75 -9.02 1 1 1 1
v 4.46 -0.75 -9.02 1 1 1 1
v 5.1000000000000005 -0.75 -9.66 1 1 1 1
v 4.46 -0.75 -9.66 1 1 1 1
v 5.1000000000000005 -0.75 -9.02 1 1 1 1
v 5.1000000000000005 -0.75 -9.02 1 1 1 1
v 5.74 -0.75 -9.66 1 1 1 1
v 5.1000000000000005 -0.75 -9.66 1 1 1 1
v 5.74 -0.75 -9.02 1 1 1 1
v 5.74 -0.75 -9.02 1 1 1 1
v 6.38 -0.75 -9.66 1 1 1 1
v 5.74 -0.75 -9.66 1 1 1 1
v 6.38 -0.75 -9.02 1 1 1 1
v 6.38 -0.75 -9.02 1 1 1 1
v 7.0200000000000005 -0.75 -9.66 1 1 1 1
v 6.38 -0.75 -9.66 1 1 1 1
v 7.0200000000000005 -0.75 -9.02 1 1 1 1
v 7.0200000000000005 -0.75 -9.02 1 1 1 1
v 7.66 -0.75 -9.66 1 1 1 1
v 7.0200000000000005 -0.75 -9.66 1 1 1 1
v 7.66 -0.75 -9.02 1 1 1 1
v 7.66 -0.75 -9.02 1 1 1 1
v 8.3 -0.75 -9.66 1 1 1 1
v 7.66 -0.75 -9.66 1 1 1 1
v 8.3 -0.75 -9.02 1 1 1 1
v 8.3 -0.75 -9.02 1 1 1 1
v 8.94 -0.75 -9.66 1 1 1 1
v 8.3 -0.75 -9.66 1 1 1 1
v 8.94 -0.75 -9.02 1 1 1 1
v 8.94 -0.75 -9.02 1 1 1 1
v 9.58 -0.75 -9.66 1 1 1 1
v 8.94 -0.75 -9.66 1 1 1 1
v 9.58 -0.75 -9.02 1 1 1 1
v 9.58 -0.75 -9.02 1 1 1 1
v 10.22 -0.75 -9.66 1 1 1 1
v 9.58 -0.75 -9.66 1 1 1 1
v 10.22 -0.75 -9.02 1 1 1 1
v -0.02 -0.75 -8.38 1 1 1 1
v 0.62 -0.75 -9.02 1 1 1 1
v -0.02 -0.75 -9.02 1 1 1 1
v 0.62 -0.75 -8.38 1 1 1 1
v 0.62 -0.75 -8.38 1 1 1 1
v 1.26 -0.75 -9.02 1 1 1 1
v 0.62 -0.75 -9.02 1 1 1 1
v 1.26 -0.75 -8.38 1 1 1 1
v 1.26 -0.75 -8.38 1 1 1 1
v 1.9000000000000001 -0.75 -9.02 1 1 1 1
v 1.26 -0.75 -9.02 1 1 1 1
v 1.9000000000000001 -0.75 -8.38 1 1 1 1
v 1.9000000000000001 -0.75 -8.38 1 1 1 1
v 2.54 -0.75 -9.02 1 1 1 1
v 1.9000000000000001 -0.75 -9.02 1 1 1 1
v 2.54 -0.75 -8.38 1 1 1 1
v 2.54 -0.75 -8.38 1 1 1 1
v 3.18 -0.75 -9.02 1 1 1 1
v 2.54 -0.75 -9.02 1 1 1 1
v 3.18 -0.75 -8.38 1 1 1 1
v 3.18 -0.75 -8.38 1 1 1 1
v 3.8200000000000003 -0.75 -9.02 1 1 1 1
v 3.18 -0.75 -9.02 1 1 1 1
v 3.8200000000000003 -0.75 -8.38 1 1 1 1
v 3.8200000000000003 -0.75 -8.38 1 1 1 1
v 4.46 -0.75 -9.02 1 1 1 1
v 3.8200000000000003 -0.75 -9.02 1 1 1 1
v 4.46 -0.75 -8.38 1 1 1 1
v 4.46 -0.75 -8.38 1 1 1 1
v 5.1000000000000005 -0.75 -9.02 1 1 1 1
v 4.46 -0.75 -9.02 1 1 1 1
v 5.1000000000000005 -0.75 -8.38 1 1 1 1
v 5.1000000000000005 -0.75 -8.38 1 1 1 1
v 5.74 -0.75 -9.02 1 1 1 1
v 5.1000000000000005 -0.75 -9.02 1 1 1 1
v 5.74 -0.75 -8.38 1 1 1 1
v 5.74 -0.75 -8.38 1 1 1 1
v 6.38 -0.75 -9.02 1 1 1 1
v 5.74 -0.75 -9.02 1 1 1 1
v 6.38 -0.75 -8.38 1 1 1 1
v 6.38 -0.75 -8.38 1 1 1 1
v 7.0200000000000005 -0.75 -9.02 1 1 1 1
v 6.38 -0.75 -9.02 1 1 1 1
v 7.0200000000000005 -0.75 -8.38 1 1 1 1
v 7.0200000000000005 -0.75 -8.38 1 1 1 1
v 7.66 -0.75 -9.02 1 1 1 1
v 7.0200000000000005 -0.75 -9.02 1 1 1 1
v 7.66 -0.75 -8.38 1 1 1 1
v 7.66 -0.75 -8.38 1 1 1 1
v 8.3 -0.75 -9.02 1 1 1 1
v 7.66 -0.75 -9.02 1 1 1 1
v 8.3 -0.75 -8.38 1 1 1 1
v 8.3 -0.75 -8.38 1 1 1 1
v 8.94 -0.75 -9.02 1 1 1 1
v 8.3 -0.75 -9.02 1 1 1 1
v 8.94 -0.75 -8.38 1 1 1 1
v 8.94 -0.75 -8.38 1 1 1 1
v 9.58 -0.75 -9.02 1 1 1 1
v 8.94 -0.75 -9.02 1 1 1 1
v 9.58 -0.75 -8.38 1 1 1 1
v 9.58 -0.75 -8.38 1 1 1 1
v 10.22 -0.75 -9.02 1 1 1 1
v 9.58 -0.75 -9.02 1 1 1 1
v 10.22 -0.75 -8.38 1 1 1 1
v -0.02 -0.75 -7.74 1 1 1 1
v 0.62 -0.75 -8.38 1 1 1 1
v -0.02 -0.75 -8.38 1 1 1 1
v 0.62 -0.75 -7.74 1 1 1 1
v 0.62 -0.75 -7.74 1 1 1 1
v 1.26 -0.75 -8.38 1 1 1 1
v 0.62 -0.75 -8.38 1 1 1 1
v 1.26 -0.75 -7.74 1 1 1 1
v 1.26 -0.75 -7.74 1 1 1 1
v 1.9000000000000001 -0.75 -8.38 1 1 1 1
v 1.26 -0.75 -8.38 1 1 1 1
v 1.9000000000000001 -0.75 -7.74 1 1 1 1
v 1.9000000000000001 -0.75 -7.74 1 1 1 1
v 2.54 -0.75 -8.38 1 1 1 1
v 1.9000000000000001 -0.75 -8.38 1 1 1 1
v 2.54 -0.75 -7.74 1 1 1 1
v 2.54 -0.75 -7.74 1 1 1 1
v 3.18 -0.75 -8.38 1 1 1 1
v 2.54 -0.75 -8.38 1 1 1 1
v 3.18 -0.75 -7.74 1 1 1 1
v 3.18 -0.75 -7.74 1 1 1 1
v 3.8200000000000003 -0.75 -8.38 1 1 1 1
v 3.18 -0.75 -8.38 1 1 1 1
v 3.8200000000000003 -0.75 -7.74 1 1 1 1
v 3.8200000000000003 -0.75 -7.74 1 1 1 1
v 4.46 -0.75 -8.38 1 1 1 1
v 3.8200000000000003 -0.75 -8.38 1 1 1 1
v 4.46 -0.75 -7.74 1 1 1 1
v 4.46 -0.75 -7.74 1 1 1 1
v 5.1000000000000005 -0.75 -8.38 1 1 1 1
v 4.46 -0.75 -8.38 1 1 1 1
v 5.1000000000000005 -0.75 -7.74 1 1 1 1
v 5.1000000000000005 -0.75 -7.74 1 1 1 1
v 5.74 -0.75 -8.38 1 1 1 1
v 5.1000000000000005 -0.75 -8.38 1 1 1 1
v 5.74 -0.75 -7.74 1 1 1 1
v 5.74 -0.75 -7.74 1 1 1 1
v 6.38 -0.75 -8.38 1 1 1 1
v 5.74 -0.75 -8.38 1 1 1 1
v 6.38 -0.75 -7.74 1 1 1 1
v 6.38 -0.75 -7.74 1 1 1 1
v 7.0200000000000005 -0.75 -8.38 1 1 1 1
v 6.38 -0.75 -8.38 1 1 1 1
v 7.0200000000000005 -0.75 -7.74 1 1 1 1
v 7.0200000000000005 -0.75 -7.74 1 1 1 1
v 7.66 -0.75 -8.38 1 1 1 1
v 7.0200000000000005 -0.75 -8.38 1 1 1 1
v 7.66 -0.75 -7.74 1 1 1 1
v 7.66 -0.75 -7.74 1 1 1 1
v 8.3 -0.75 -8.38 1 1 1 1
v 7.66 -0.75 -8.38 1 1 1 1
v 8.3 -0.75 -7.74 1 1 1 1
v 8.3 -0.75 -7.74 1 1 1 1
v 8.94 -0.75 -8.38 1 1 1 1
v 8.3 -0.75 -8.38 1 1 1 1
v 8.94 -0.75 -7.74 1 1 1 1
v 8.94 -0.75 -7.74 1 1 1 1
v 9.58 -0.75 -8.38 1 1 1 1
v 8.94 -0.75 -8.38 1 1 1 1
v 9.58 -0.75 -7.74 1 1 1 1
v 9.58 -0.75 -7.74 1 1 1 1
v 10.22 -0.75 -8.38 1 1 1 1
v 9.58 -0.75 -8.38 1 1 1 1
v 10.22 -0.75 -7.74 1 1 1 1
v -0.02 -0.75 -7.1000000000000005 1 1 1 1
v 0.62 -0.75 -7.74 1 1 1 1
v -0.02 -0.75 -7.74 1 1 1 1
v 0.62 -0.75 -7.1000000000000005 1 1 1 1
v 0.62 -0.75 -7.1000000000000005 1 1 1 1
v 1.26 -0.75 -7.74 1 1 1 1
v 0.62 -0.75 -7.74 1 1 1 1
v 1.26 -0.75 -7.1000000000000005 1 1 1 1
v 1.26 -0.75 -7.1000000000000005 1 1 1 1
v 1.9000000000000001 -0.75 -7.74 1 1 1 1
v 1.26 -0.75 -7.74 1 1 1 1
v 1.9000000000000001 -0.75 -7.1000000000000005 1 1 1 1
v 1.9000000000000001 -0.75 -7.1000000000000005 1 1 1 1
v 2.54 -0.75 -7.74 1 1 1 1
v 1.9000000000000001 -0.75 -7.74 1 1 1 1
v 2.54 -0.75 -7.1000000000000005 1 1 1 1
v 2.54 -0.75 -7.1000000000000005 1 1 1 1
v 3.18 -0.75 -7.74 1 1 1 1
v 2.54 -0.75 -7.74 1 1 1 1
v 3.18 -0.75 -7.1000000000000005 1 1 1 1
v 3.18 -0.75 -7.1000000000000005 1 1 1 1
v 3.8200000000000003 -0.75 -7.74 1 1 1 1
v 3.18 -0.75 -7.74 1 1 1 1
v 3.8200000000000003 -0.75 -7.1000000000000005 1 1 1 1
v 3.8200000000000003 -0.75 -7.1000000000000005 1 1 1 1
v 4.46 -0.75 -7.74 1 1 1 1
v 3.8200000000000003 -0.75 -7.74 1 1 1 1
v 4.46 -0.75 -7.1000000000000005 1 1 1 1
v 4.46 -0.75 -7.1000000000000005 1 1 1 1
v 5.1000000000000005 -0.75 -7.74 1 1 1 1
v 4.46 -0.75 -7.74 1 1 1 1
v 5.1000000000000005 -0.75 -7.1000000000000005 1 1 1 1
v 5.1000000000000005 -0.75 -7.1000000000000005 1 1 1 1
v 5.74 -0.75 -7.74 1 1 1 1
v 5.1000000000000005 -0.75 -7.74 1 1 1 1
v 5.74 -0.75 -7.1000000000000005 1 1 1 1
v 5.74 -0.75 -7.1000000000000005 1 1 1 1
v 6.38 -0.75 -7.74 1 1 1 1
v 5.74 -0.75 -7.74 1 1 1 1
v 6.38 -0.75 -7.1000000000000005 1 1 1 1
v 6.38 -0.75 -7.1000000000000005 1 1 1 1
v 7.0200000000000005 -0.75 -7.74 1 1 1 1
v 6.38 -0.75 -7.74 1 1 1 1
v 7.0200000000000005 -0.75 -7.1000000000000005 1 1 1 1
v 7.0200000000000005 -0.75 -7.1000000000000005 1 1 1 1
v 7.66 -0.75 -7.74 1 1 1 1
v 7.0200000000000005 -0.75 -7.74 1 1 1 1
v 7.66 -0.75 -7.1000000000000005 1 1 1 1
v 7.66 -0.75 -7.1000000000000005 1 1 1 1
v 8.3 -0.75 -7.74 1 1 1 1
v 7.66 -0.75 -7.74 1 1 1 1
v 8.3 -0.75 -7.1000000000000005 1 1 1 1
v 8.3 -0.75 -7.1000000000000005 1 1 1 1
v 8.94 -0.75 -7.74 1 1 1 1
v 8.3 -0.75 -7.74 1 1 1 1
v 8.94 -0.75 -7.1000000000000005 1 1 1 1
v 8.94 -0.75 -7.1000000000000005 1 1 1 1
v 9.58 -0.75 -7.74 1 1 1 1
v 8.94 -0.75 -7.74 1 1 1 1
v 9.58 -0.75 -7.1000000000000005 1 1 1 1
v 9.58 -0.75 -7.1000000000000005 1 1 1 1
v 10.22 -0.75 -7.74 1 1 1 1
v 9.58 -0.75 -7.74 1 1 1 1
v 10.22 -0.75 -7.1000000000000005 1 1 1 1
v -0.02 -0.75 -6.46 1 1 1 1
v 0.62 -0.75 -7.1000000000000005 1 1 1 1
v -0.02 -0.75 -7.1000000000000005 1 1 1 1
v 0.62 -0.75 -6.46 1 1 1 1
v 0.62 -0.75 -6.46 1 1 1 1
v 1.26 -0.75 -7.1000000000000005 1 1 1 1
v 0.62 -0.75 -7.1000000000000005 1 1 1 1
v 1.26 -0.75 -6.46 1 1 1 1
v 1.26 -0.75 -6.46 1 1 1 1
v 1.9000000000000001 -0.75 -7.1000000000000005 1 1 1 1
v 1.26 -0.75 -7.1000000000000005 1 1 1 1
v 1.9000000000000001 -0.75 -6.46 1 1 1 1
v 1.9000000000000001 -0.75 -6.46 1 1 1 1
v 2.54 -0.75 -7.1000000000000005 1 1 1 1
v 1.9000000000000001 -0.75 -7.1000000000000005 1 1 1 1
v 2.54 -0.75 -6.46 1 1 1 1
v 2.54 -0.75 -6.46 1 1 1 1
v 3.18 -0.75 -7.1000000000000005 1 1 1 1
v 2.54 -0.75 -7.1000000000000005 1 1 1 1
v 3.18 -0.75 -6.46 1 1 1 1
v 3.18 -0.75 -6.46 1 1 1 1
v 3.8200000000000003 -0.75 -7.1000000000000005 1 1 1 1
v 3.18 -0.75 -7.1000000000000005 1 1 1 1
v 3.8200000000000003 -0.75 -6.46 1 1 1 1
v 3.8200000000000003 -0.75 -6.46 1 1 1 1
v 4.46 -0.75 -7.1000000000000005 1 1 1 1
v 3.8200000000000003 -0.75 -7.1000000000000005 1 1 1 1
v 4.46 -0.75 -6.46 1 1 1 1
v 4.46 -0.75 -6.46 1 1 1 1
v 5.1000000000000005 -0.75 -7.1000000000000005 1 1 1 1
v 4.46 -0.75 -7.1000000000000005 1 1 1 1
v 5.1000000000000005 -0.75 -6.46 1 1 1 1
v 5.1000000000000005 -0.75 -6.46 1 1 1 1
v 5.74 -0.75 -7.1000000000000005 1 1 1 1
v 5.1000000000000005 -0.75 -7.1000000000000005 1 1 1 1
v 5.74 -0.75 -6.46 1 1 1 1
v 5.74 -0.75 -6.46 1 1 1 1
v 6.38 -0.75 -7.1000000000000005 1 1 1 1
v 5.74 -0.75 -7.1000000000000005 1 1 1 1
v 6.38 -0.75 -6.46 1 1 1 1
v 6.38 -0.75 -6.46 1 1 1 1
v 7.0200000000000005 -0.75 -7.1000000000000005 1 1 1 1
v 6.38 -0.75 -7.1000000000000005 1 1 1 1
v 7.0200000000000005 -0.75 -6.46 1 1 1 1
v 7.0200000000000005 -0.75 -6.46 1 1 1 1
v 7.66 -0.75 -7.1000000000000005 1 1 1 1
v 7.0200000000000005 -0.75 -7.1000000000000005 1 1 1 1
v 7.66 -0.75 -6.46 1 1 1 1
v 7.66 -0.75 -6.46 1 1 1 1
v 8.3 -0.75 -7.1000000000000005 1 1 1 1
v 7.66 -0.75 -7.1000000000000005 1 1 1 1
v 8.3 -0.75 -6.46 1 1 1 1
v 8.3 -0.75 -6.46 1 1 1 1
v 8.94 -0.75 -7.1000000000000005 1 1 1 1
v 8.3 -0.75 -7.1000000000000005 1 1 1 1
v 8.94 -0.75 -6.46 1 1 1 1
v 8.94 -0.75 -6.46 1 1 1 1
v 9.58 -0.75 -7.1000000000000005 1 1 1 1
v 8.94 -0.75 -7.1000000000000005 1 1 1 1
v 9.58 -0.75 -6.46 1 1 1 1
v 9.58 -0.75 -6.46 1 1 1 1
v 10.22 -0.75 -7.1000000000000005 1 1 1 1
v 9.58 -0.75 -7.1000000000000005 1 1 1 1
v 10.22 -0.75 -6.46 1 1 1 1
v -0.02 -0.75 -5.82 1 1 1 1
v 0.62 -0.75 -6.46 1 1 1 1
v -0.02 -0.75 -6.46 1 1 1 1
v 0.62 -0.75 -5.82 1 1 1 1
v 0.62 -0.75 -5.82 1 1 1 1
v 1.26 -0.75 -6.46 1 1 1 1
v 0.62 -0.75 -6.46 1 1 1 1
v 1.26 -0.75 -5.82 1 1 1 1
v 1.26 -0.75 -5.82 1 1 1 1
v 1.9000000000000001 -0.75 -6.46 1 1 1 1
v 1.26 -0.75 -6.46 1 1 1 1
v 1.9000000000000001 -0.75 -5.82 1 1 1 1
v 1.9000000000000001 -0.75 -5.82 1 1 1 1
v 2.54 -0.75 -6.46 1 1 1 1
v 1.9000000000000001 -0.75 -6.46 1 1 1 1
v 2.54 -0.75 -5.82 1 1 1 1
v 2.54 -0.75 -5.82 1 1 1 1
v 3.18 -0.75 -6.46 1 1 1 1
v 2.54 -0.75 -6.46 1 1 1 1
v 3.18 -0.75 -5.82 1 1 1 1
v 3.18 -0.75 -5.82 1 1 1 1
v 3.8200000000000003 -0.75 -6.46 1 1 1 1
v 3.18 -0.75 -6.46 1 1 1 1
v 3.8200000000000003 -0.75 -5.82 1 1 1 1
v 3.8200000000000003 -0.75 -5.82 1 1 1 1
v 4.46 -0.75 -6.46 1 1 1 1
v 3.8200000000000003 -0.75 -6.46 1 1 1 1
v 4.46 -0.75 -5.82 1 1 1 1
v 4.46 -0.75 -5.82 1 1 1 1
v 5.1000000000000005 -0.75 -6.46 1 1 1 1
v 4.46 -0.75 -6.46 1 1 1 1
v 5.1000000000000005 -0.75 -5.82 1 1 1 1
v 5.1000000000000005 -0.75 -5.82 1 1 1 1
v 5.74 -0.75 -6.46 1 1 1 1
v 5.1000000000000005 -0.75 -6.46 1 1 1 1
v 5.74 -0.75 -5.82 1 1 1 1
v 5.74 -0.75 -5.82 1 1 1 1
v 6.38 -0.75 -6.46 1 1 1 1
v 5.74 -0.75 -6.46 1 1 1 1
v 6.38 -0.75 -5.82 1 1 1 1
v 6.38 -0.75 -5.82 1 1 1 1
v 7.0200000000000005 -0.75 -6.46 1 1 1 1
v 6.38 -0.75 -6.46 1 1 1 1
v 7.0200000000000005 -0.75 -5.82 1 1 1 1
v 7.0200000000000005 -0.75 -5.82 1 1 1 1
v 7.66 -0.75 -6.46 1 1 1 1
v 7.0200000000000005 -0.75 -6.46 1 1 1 1
v 7.66 -0.75 -5.82 1 1 1 1
v 7.66 -0.75 -5.82 1 1 1 1
v 8.3 -0.75 -6.46 1 1 1 1
v 7.66 -0.75 -6.46 1 1 1 1
v 8.3 -0.75 -5.82 1 1 1 1
v 8.3 -0.75 -5.82 1 1 1 1
v 8.94 -0.75 -6.46 1 1 1 1
v 8.3 -0.75 -6.46 1 1 1 1
v 8.94 -0.75 -5.82 1 1 1 1
v 8.94 -0.75 -5.82 1 1 1 1
v 9.58 -0.75 -6.46 1 1 1 1
v 8.94 -0.75 -6.46 1 1 1 1
v 9.58 -0.75 -5.82 1 1 1 1
v 9.58 -0.75 -5.82 1 1 1 1
v 10.22 -0.75 -6.46 1 1 1 1
v 9.58 -0.75 -6.46 1 1 1 1
v 10.22 -0.75 -5.82 1 1 1 1
v -0.02 -0.75 -5.18 1 1 1 1
v 0.62 -0.75 -5.82 1 1 1 1
v -0.02 -0.75 -5.82 1 1 1 1
v 0.62 -0.75 -5.18 1 1 1 1
v 0.62 -0.75 -5.18 1 1 1 1
v 1.26 -0.75 -5.82 1 1 1 1
v 0.62 -0.75 -5.82 1 1 1 1
v 1.26 -0.75 -5.18 1 1 1 1
v 1.26 -0.75 -5.18 1 1 1 1
v 1.9000000000000001 -0.75 -5.82 1 1 1 1
v 1.26 -0.75 -5.82 1 1 1 1
v 1.9000000000000001 -0.75 -5.18 1 1 1 1
v 1.9000000000000001 -0.75 -5.18 1 1 1 1
v 2.54 -0.75 -5.82 1 1 1 1
v 1.9000000000000001 -0.75 -5.82 1 1 1 1
v 2.54 -0.75 -5.18 1 1 1 1
v 2.54 -0.75 -5.18 1 1 1 1
v 3.18 -0.75 -5.82 1 1 1 1
v 2.54 -0.75 -5.82 1 1 1 1
v 3.18 -0.75 -5.18 1 1 1 1
v 3.18 -0.75 -5.18 1 1 1 1
v 3.8200000000000003 -0.75 -5.82 1 1 1 1
v 3.18 -0.75 -5.82 1 1 1 1
v 3.8200000000000003 -0.75 -5.18 1 1 1 1
v 3.8200000000000003 -0.75 -5.18 1 1 1 1
v 4.46 -0.75 -5.82 1 1 1 1
v 3.8200000000000003 -0.75 -5.82 1 1 1 1
v 4.46 -0.75 -5.18 1 1 1 1
v 4.46 -0.75 -5.18 1 1 1 1
v 5.1000000000000005 -0.75 -5.82 1 1 1 1
v 4.46 -0.75 -5.82 1 1 1 1
v 5.1000000000000005 -0.75 -5.18 1 1 1 1
v 5.1000000000000005 -0.75 -5.18 1 1 1 1
v 5.74 -0.75 -5.82 1 1 1 1
v 5.1000000000000005 -0.75 -5.82 1 1 1 1
v 5.74 -0.75 -5.18 1 1 1 1
v 5.74 -0.75 -5.18 1 1 1 1
v 6.38 -0.75 -5.82 1 1 1 1
v 5.74 -0.75 -5.82 1 1 1 1
v 6.38 -0.75 -5.18 1 1 1 1
v 6.38 -0.75 -5.18 1 1 1 1
v 7.0200000000000005 -0.75 -5.82 1 1 1 1
v 6.38 -0.75 -5.82 1 1 1 1
v 7.0200000000000005 -0.75 -5.18 1 1 1 1
v 7.0200000000000005 -0.75 -5.18 1 1 1 1
v 7.66 -0.75 -5.82 1 1 1 1
v 7.0200000000000005 -0.75 -5.82 1 1 1 1
v 7.66 -0.75 -5.18 1 1 1 1
v 7.66 -0.75 -5.18 1 1 1 1
v 8.3 -0.75 -5.82 1 1 1 1
v 7.66 -0.75 -5.82 1 1 1 1
v 8.3 -0.75 -5.18 1 1 1 1
v 8.3 -0.75 -5.18 1 1 1 1
v 8.94 -0.75 -5.82 1 1 1 1
v 8.3 -0.75 -5.82 1 1 1 1
v 8.94 -0.75 -5.18 1 1 1 1
v 8.94 -0.75 -5.18 1 1 1 1
v 9.58 -0.75 -5.82 1 1 1 1
v 8.94 -0.75 -5.82 1 1 1 1
v 9.58 -0.75 -5.18 1 1 1 1
v 9.58 -0.75 -5.18 1 1 1 1
v 10.22 -0.75 -5.82 1 1 1 1
v 9.58 -0.75 -5.82 1 1 1 1
v 10.22 -0.75 -5.18 1 1 1 1
v -0.02 -0.75 -4.54 1 1 1 1
v 0.62 -0.75 -5.18 1 1 1 1
v -0.02 -0.75 -5.18 1 1 1 1
v 0.62 -0.75 -4.54 1 1 1 1
v 0.62 -0.75 -4.54 1 1 1 1
v 1.26 -0.75 -5.18 1 1 1 1
v 0.62 -0.75 -5.18 1 1 1 1
v 1.26 -0.75 -4.54 1 1 1 1
v 1.26 -0.75 -4.54 1 1 1 1
v 1.9000000000000001 -0.75 -5.18 1 1 1 1
v 1.26 -0.75 -5.18 1 1 1 1
v 1.9000000000000001 -0.75 -4.54 1 1 1 1
v 1.9000000000000001 -0.75 -4.54 1 1 1 1
v 2.54 -0.75 -5.18 1 1 1 1
v 1.9000000000000001 -0.75 -5.18 1 1 1 1
v 2.54 -0.75 -4.54 1 1 1 1
v 2.54 -0.75 -4.54 1 1 1 1
v 3.18 -0.75 -5.18 1 1 1 1
v 2.54 -0.75 -5.18 1 1 1 1
v 3.18 -0.75 -4.54 1 1 1 1
v 3.18 -0.75 -4.54 1 1 1 1
v 3.8200000000000003 -0.75 -5.18 1 1 1 1
v 3.18 -0.75 -5.18 1 1 1 1
v 3.8200000000000003 -0.75 -4.54 1 1 1 1
v 3.8200000000000003 -0.75 -4.54 1 1 1 1
v 4.46 -0.75 -5.18 1 1 1 1
v 3.8200000000000003 -0.75 -5.18 1 1 1 1
v 4.46 -0.75 -4.54 1 1 1 1
v 4.46 -0.75 -4.54 1 1 1 1
v 5.1000000000000005 -0.75 -5.18 1 1 1 1
v 4.46 -0.75 -5.18 1 1 1 1
v 5.1000000000000005 -0.75 -4.54 1 1 1 1
v 5.1000000000000005 -0.75 -4.54 1 1 1 1
v 5.74 -0.75 -5.18 1 1 1 1
v 5.1000000000000005 -0.75 -5.18 1 1 1 1
v 5.74 -0.75 -4.54 1 1 1 1
v 5.74 -0.75 -4.54 1 1 1 1
v 6.38 -0.75 -5.18 1 1 1 1
v 5.74 -0.75 -5.18 1 1 1 1
v 6.38 -0.75 -4.54 1 1 1 1
v 6.38 -0.75 -4.54 1 1 1 1
v 7.0200000000000005 -0.75 -5.18 1 1 1 1
v 6.38 -0.75 -5.18 1 1 1 1
v 7.0200000000000005 -0.75 -4.54 1 1 1 1
v 7.0200000000000005 -0.75 -4.54 1 1 1 1
v 7.66 -0.75 -5.18 1 1 1 1
v 7.0200000000000005 -0.75 -5.18 1 1 1 1
v 7.66 -0.75 -4.54 1 1 1 1
v 7.66 -0.75 -4.54 1 1 1 1
v 8.3 -0.75 -5.18 1 1 1 1
v 7.66 -0.75 -5.18 1 1 1 1
v 8.3 -0.75 -4.54 1 1 1 1
v 8.3 -0.75 -4.54 1 1 1 1
v 8.94 -0.75 -5.18 1 1 1 1
v 8.3 -0.75 -5.18 1 1 1 1
v 8.94 -0.75 -4.54 1 1 1 1
v 8.94 -0.75 -4.54 1 1 1 1
v 9.58 -0.75 -5.18 1 1 1 1
v 8.94 -0.75 -5.18 1 1 1 1
v 9.58 -0.75 -4.54 1 1 1 1
v 9.58 -0.75 -4.54 1 1 1 1
v 10.22 -0.75 -5.18 1 1 1 1
v 9.58 -0.75 -5.18 1 1 1 1
v 10.22 -0.75 -4.54 1 1 1 1
v -0.02 -0.75 -3.9 1 1 1 1
v 0.62 -0.75 -4.54 1 1 1 1
v -0.02 -0.75 -4.54 1 1 1 1
v 0.62 -0.75 -3.9 1 1 1 1
v 0.62 -0.75 -3.9 1 1 1 1
v 1.26 -0.75 -4.54 1 1 1 1
v 0.62 -0.75 -4.54 1 1 1 1
v 1.26 -0.75 -3.9 1 1 1 1
v 1.26 -0.75 -3.9 1 1 1 1
v 1.9000000000000001 -0.75 -4.54 1 1 1 1
v 1.26 -0.75 -4.54 1 1 1 1
v 1.9000000000000001 -0.75 -3.9 1 1 1 1
v 1.9000000000000001 -0.75 -3.9 1 1 1 1
v 2.54 -0.75 -4.54 1 1 1 1
v 1.9000000000000001 -0.75 -4.54 1 1 1 1
v 2.54 -0.75 -3.9 1 1 1 1
v 2.54 -0.75 -3.9 1 1 1 1
v 3.18 -0.75 -4.54 1 1 1 1
v 2.54 -0.75 -4.54 1 1 1 1
v 3.18 -0.75 -3.9 1 1 1 1
v 3.18 -0.75 -3.9 1 1 1 1
v 3.8200000000000003 -0.75 -4.54 1 1 1 1
v 3.18 -0.75 -4.54 1 1 1 1
v 3.8200000000000003 -0.75 -3.9 1 1 1 1
v 3.8200000000000003 -0.75 -3.9 1 1 1 1
v 4.46 -0.75 -4.54 1 1 1 1
v 3.8200000000000003 -0.75 -4.54 1 1 1 1
v 4.46 -0.75 -3.9 1 1 1 1
v 4.46 -0.75 -3.9 1 1 1 1
v 5.1000000000000005 -0.75 -4.54 1 1 1 1
v 4.46 -0.75 -4.54 1 1 1 1
v 5.1000000000000005 -0.75 -3.9 1 1 1 1
v 5.1000000000000005 -0.75 -3.9 1 1 1 1
v 5.74 -0.75 -4.54 1 1 1 1
v 5.1000000000000005 -0.75 -4.54 1 1 1 1
v 5.74 -0.75 -3.9 1 1 1 1
v 5.74 -0.75 -3.9 1 1 1 1
v 6.38 -0.75 -4.54 1 1 1 1
v 5.74 -0.75 -4.54 1 1 1 1
v 6.38 -0.75 -3.9 1 1 1 1
v 6.38 -0.75 -3.9 1 1 1 1
v 7.0200000000000005 -0.75 -4.54 1 1 1 1
v 6.38 -0.75 -4.54 1 1 1 1
v 7.0200000000000005 -0.75 -3.9 1 1 1 1
v 7.0200000000000005 -0.75 -3.9 1 1 1 1
v 7.66 -0.75 -4.54 1 1 1 1
v 7.0200000000000005 -0.75 -4.54 1 1 1 1
v 7.66 -0.75 -3.9 1 1 1 1
v 7.66 -0.75 -3.9 1 1 1 1
v 8.3 -0.75 -4.54 1 1 1 1
v 7.66 -0.75 -4.54 1 1 1 1
v 8.3 -0.75 -3.9 1 1 1 1
v 8.3 -0.75 -3.9 1 1 1 1
v 8.94 -0.75 -4.54 1 1 1 1
v 8.3 -0.75 -4.54 1 1 1 1
v 8.94 -0.75 -3.9 1 1 1 1
v 8.94 -0.75 -3.9 1 1 1 1
v 9.58 -0.75 -4.54 1 1 1 1
v 8.94 -0.75 -4.54 1 1 1 1
v 9.58 -0.75 -3.9 1 1 1 1
v 9.58 -0.75 -3.9 1 1 1 1
v 10.22 -0.75 -4.54 1 1 1 1
v 9.58 -0.75 -4.54 1 1 1 1
v 10.22 -0.75 -3.9 1 1 1 1
v -0.02 -0.75 -3.2600000000000002 1 1 1 1
v 0.62 -0.75 -3.9 1 1 1 1
v -0.02 -0.75 -3.9 1 1 1 1
v 0.62 -0.75 -3.2600000000000002 1 1 1 1
v 0.62 -0.75 -3.2600000000000002 1 1 1 1
v 1.26 -0.75 -3.9 1 1 1 1
v 0.62 -0.75 -3.9 1 1 1 1
v 1.26 -0.75 -3.2600000000000002 1 1 1 1
v 1.26 -0.75 -3.2600000000000002 1 1 1 1
v 1.9000000000000001 -0.75 -3.9 1 1 1 1
v 1.26 -0.75 -3.9 1 1 1 1
v 1.9000000000000001 -0.75 -3.2600000000000002 1 1 1 1
v 1.9000000000000001 -0.75 -3.2600000000000002 1 1 1 1
v 2.54 -0.75 -3.9 1 1 1 1
v 1.9000000000000001 -0.75 -3.9 1 1 1 1
v 2.54 -0.75 -3.2600000000000002 1 1 1 1
v 2.54 -0.75 -3.2600000000000002 1 1 1 1
v 3.18 -0.75 -3.9 1 1 1 1
v 2.54 -0.75 -3.9 1 1 1 1
v 3.18 -0.75 -3.2600000000000002 1 1 1 1
v 3.18 -0.75 -3.2600000000000002 1 1 1 1
v 3.8200000000000003 -0.75 -3.9 1 1 1 1
v 3.18 -0.75 -3.9 1 1 1 1
v 3.8200000000000003 -0.75 -3.2600000000000002 1 1 1 1
v 3.8200000000000003 -0.75 -3.2600000000000002 1 1 1 1
v 4.46 -0.75 -3.9 1 1 1 1
v 3.8200000000000003 -0.75 -3.9 1 1 1 1
v 4.46 -0.75 -3.2600000000000002 1 1 1 1
v 4.46 -0.75 -3.2600000000000002 1 1 1 1
v 5.1000000000000005 -0.75 -3.9 1 1 1 1
v 4.46 -0.75 -3.9 1 1 1 1
v 5.1000000000000005 -0.75 -3.2600000000000002 1 1 1 1
v 5.1000000000000005 -0.75 -3.2600000000000002 1 1 1 1
v 5.74 -0.75 -3.9 1 1 1 1
v 5.1000000000000005 -0.75 -3.9 1 1 1 1
v 5.74 -0.75 -3.2600000000000002 1 1 1 1
v 5.74 -0.75 -3.2600000000000002 1 1 1 1
v 6.38 -0.75 -3.9 1 1 1 1
v 5.74 -0.75 -3.9 1 1 1 1
v 6.38 -0.75 -3.2600000000000002 1 1 1 1
v 6.38 -0.75 -3.2600000000000002 1 1 1 1
v 7.0200000000000005 -0.75 -3.9 1 1 1 1
v 6.38 -0.75 -3.9 1 1 1 1
v 7.0200000000000005 -0.75 -3.2600000000000002 1 1 1 1
v 7.0200000000000005 -0.75 -3.2600000000000002 1 1 1 1
v 7.66 -0.75 -3.9 1 1 1 1
v 7.0200000000000005 -0.75 -3.9 1 1 1 1
v 7.66 -0.75 -3.2600000000000002 1 1 1 1
v 7.66 -0.75 -3.2600000000000002 1 1 1 1
v 8.3 -0.75 -3.9 1 1 1 1
v 7.66 -0.75 -3.9 1 1 1 1
v 8.3 -0.75 -3.2600000000000002 1 1 1 1
v 8.3 -0.75 -3.2600000000000002 1 1 1 1
v 8.94 -0.75 -3.9 1 1 1 1
v 8.3 -0.75 -3.9 1 1 1 1
v 8.94 -0.75 -3.2600000000000002 1 1 1 1
v 8.94 -0.75 -3.2600000000000002 1 1 1 1
v 9.58 -0.75 -3.9 1 1 1 1
v 8.94 -0.75 -3.9 1 1 1 1
v 9.58 -0.75 -3.2600000000000002 1 1 1 1
v 9.58 -0.75 -3.2600000000000002 1 1 1 1
v 10.22 -0.75 -3.9 1 1 1 1
v 9.58 -0.75 -3.9 1 1 1 1
v 10.22 -0.75 -3.2600000000000002 1 1 1 1
v -0.02 -0.75 -2.62 1 1 1 1
v 0.62 -0.75 -3.2600000000000002 1 1 1 1
v -0.02 -0.75 -3.2600000000000002 1 1 1 1
v 0.62 -0.75 -2.62 1 1 1 1
v 0.62 -0.75 -2.62 1 1 1 1
v 1.26 -0.75 -3.2600000000000002 1 1 1 1
v 0.62 -0.75 -3.2600000000000002 1 1 1 1
v 1.26 -0.75 -2.62 1 1 1 1
v 1.26 -0.75 -2.62 1 1 1 1
v 1.9000000000000001 -0.75 -3.2600000000000002 1 1 1 1
v 1.26 -0.75 -3.2600000000000002 1 1 1 1
v 1.9000000000000001 -0.75 -2.62 1 1 1 1
v 1.9000000000000001 -0.75 -2.62 1 1 1 1
v 2.54 -0.75 -3.2600000000000002 1 1 1 1
v 1.9000000000000001 -0.75 -3.2600000000000002 1 1 1 1
v 2.54 -0.75 -2.62 1 1 1 1
v 2.54 -0.75 -2.62 1 1 1 1
v 3.18 -0.75 -3.2600000000000002 1 1 1 1
v 2.54 -0.75 -3.2600000000000002 1 1 1 1
v 3.18 -0.75 -2.62 1 1 1 1
v 3.18 -0.75 -2.62 1 1 1 1
v 3.8200000000000003 -0.75 -3.2600000000000002 1 1 1 1
v 3.18 -0.75 -3.2600000000000002 1 1 1 1
v 3.8200000000000003 -0.75 -2.62 1 1 1 1
v 3.8200000000000003 -0.75 -2.62 1 1 1 1
v 4.46 -0.75 -3.2600000000000002 1 1 1 1
v 3.8200000000000003 -0.75 -3.2600000000000002 1 1 1 1
v 4.46 -0.75 -2.62 1 1 1 1
v 4.46 -0.75 -2.62 1 1 1 1
v 5.1000000000000005 -0.75 -3.2600000000000002 1 1 1 1
v 4.46 -0.75 -3.2600000000000002 1 1 1 1
v 5.1000000000000005 -0.75 -2.62 1 1 1 1
v 5.1000000000000005 -0.75 -2.62 1 1 1 1
v 5.74 -0.75 -3.2600000000000002 1 1 1 1
v 5.1000000000000005 -0.75 -3.2600000000000002 1 1 1 1
v 5.74 -0.75 -2.62 1 1 1 1
v 5.74 -0.75 -2.62 1 1 1 1
v 6.38 -0.75 -3.2600000000000002 1 1 1 1
v 5.74 -0.75 -3.2600000000000002 1 1 1 1
v 6.38 -0.75 -2.62 1 1 1 1
v 6.38 -0.75 -2.62 1 1 1 1
v 7.0200000000000005 -0.75 -3.2600000000000002 1 1 1 1
v 6.38 -0.75 -3.2600000000000002 1 1 1 1
v 7.0200000000000005 -0.75 -2.62 1 1 1 1
v 7.0200000000000005 -0.75 -2.62 1 1 1 1
v 7.66 -0.75 -3.2600000000000002 1 1 1 1
v 7.0200000000000005 -0.75 -3.2600000000000002 1 1 1 1
v 7.66 -0.75 -2.62 1 1 1 1
v 7.66 -0.75 -2.62 1 1 1 1
v 8.3 -0.75 -3.2600000000000002 1 1 1 1
v 7.66 -0.75 -3.2600000000000002 1 1 1 1
v 8.3 -0.75 -2.62 1 1 1 1
v 8.3 -0.75 -2.62 1 1 1 1
v 8.94 -0.75 -3.2600000000000002 1 1 1 1
v 8.3 -0.75 -3.2600000000000002 1 1 1 1
v 8.94 -0.75 -2.62 1 1 1 1
v 8.94 -0.75 -2.62 1 1 1 1
v 9.58 -0.75 -3.2600000000000002 1 1 1 1
v 8.94 -0.75 -3.2600000000000002 1 1 1 1
v 9.58 -0.75 -2.62 1 1 1 1
v 9.58 -0.75 -2.62 1 1 1 1
v 10.22 -0.75 -3.2600000000000002 1 1 1 1
v 9.58 -0.75 -3.2600000000000002 1 1 1 1
v 10.22 -0.75 -2.62 1 1 1 1
v -0.02 -0.75 -1.98 1 1 1 1
v 0.62 -0.75 -2.62 1 1 1 1
v -0.02 -0.75 -2.62 1 1 1 1
v 0.62 -0.75 -1.98 1 1 1 1
v 0.62 -0.75 -1.98 1 1 1 1
v 1.26 -0.75 -2.62 1 1 1 1
v 0.62 -0.75 -2.62 1 1 1 1
v 1.26 -0.75 -1.98 1 1 1 1
v 1.26 -0.75 -1.98 1 1 1 1
v 1.9000000000000001 -0.75 -2.62 1 1 1 1
v 1.26 -0.75 -2.62 1 1 1 1
v 1.9000000000000001 -0.75 -1.98 1 1 1 1
v 1.9000000000000001 -0.75 -1.98 1 1 1 1
v 2.54 -0.75 -2.62 1 1 1 1
v 1.9000000000000001 -0.75 -2.62 1 1 1 1
v 2.54 -0.75 -1.98 1 1 1 1
v 2.54 -0.75 -1.98 1 1 1 1
v 3.18 -0.75 -2.62 1 1 1 1
v 2.54 -0.75 -2.62 1 1 1 1
v 3.18 -0.75 -1.98 1 1 1 1
v 3.18 -0.75 -1.98 1 1 1 1
v 3.8200000000000003 -0.75 -2.62 1 1 1 1
v 3.18 -0.75 -2.62 1 1 1 1
v 3.8200000000000003 -0.75 -1.98 1 1 1 1
v 3.8200000000000003 -0.75 -1.98 1 1 1 1
v 4.46 -0.75 -2.62 1 1 1 1
v 3.8200000000000003 -0.75 -2.62 1 1 1 1
v 4.46 -0.75 -1.98 1 1 1 1
v 4.46 -0.75 -1.98 1 1 1 1
v 5.1000000000000005 -0.75 -2.62 1 1 1 1
v 4.46 -0.75 -2.62 1 1 1 1
v 5.1000000000000005 -0.75 -1.98 1 1 1 1
v 5.1000000000000005 -0.75 -1.98 1 1 1 1
v 5.74 -0.75 -2.62 1 1 1 1
v 5.1000000000000005 -0.75 -2.62 1 1 1 1
v 5.74 -0.75 -1.98 1 1 1 1
v 5.74 -0.75 -1.98 1 1 1 1
v 6.38 -0.75 -2.62 1 1 1 1
v 5.74 -0.75 -2.62 1 1 1 1
v 6.38 -0.75 -1.98 1 1 1 1
v 6.38 -0.75 -1.98 1 1 1 1
v 7.0200000000000005 -0.75 -2.62 1 1 1 1
v 6.38 -0.75 -2.62 1 1 1 1
v 7.0200000000000005 -0.75 -1.98 1 1 1 1
v 7.0200000000000005 -0.75 -1.98 1 1 1 1
v 7.66 -0.75 -2.62 1 1 1 1
v 7.0200000000000005 -0.75 -2.62 1 1 1 1
v 7.66 -0.75 -1.98 1 1 1 1
v 7.66 -0.75 -1.98 1 1 1 1
v 8.3 -0.75 -2.62 1 1 1 1
v 7.66 -0.75 -2.62 1 1 1 1
v 8.3 -0.75 -1.98 1 1 1 1
v 8.3 -0.75 -1.98 1 1 1 1
v 8.94 -0.75 -2.62 1 1 1 1
v 8.3 -0.75 -2.62 1 1 1 1
v 8.94 -0.75 -1.98 1 1 1 1
v 8.94 -0.75 -1.98 1 1 1 1
v 9.58 -0.75 -2.62 1 1 1 1
v 8.94 -0.75 -2.62 1 1 1 1
v 9.58 -0.75 -1.98 1 1 1 1
v 9.58 -0.75 -1.98 1 1 1 1
v 10.22 -0.75 -2.62 1 1 1 1
v 9.58 -0.75 -2.62 1 1 1 1
v 10.22 -0.75 -1.98 1 1 1 1
v 9.58 -0.75 -9.66 1 1 1 1
v 10.22 -0.75 -10.3 1 1 1 1
v 9.58 -0.75 -10.3 1 1 1 1
v 10.22 -0.75 -9.66 1 1 1 1
v 8.94 -0.75 -9.66 1 1 1 1
v 9.58 -0.75 -10.3 1 1 1 1
v 8.94 -0.75 -10.3 1 1 1 1
v 9.58 -0.75 -9.66 1 1 1 1
v 8.3 -0.75 -9.66 1 1 1 1
v 8.94 -0.75 -10.3 1 1 1 1
v 8.3 -0.75 -10.3 1 1 1 1
v 8.94 -0.75 -9.66 1 1 1 1
v 7.66 -0.75 -9.66 1 1 1 1
v 8.3 -0.75 -10.3 1 1 1 1
v 7.66 -0.75 -10.3 1 1 1 1
v 8.3 -0.75 -9.66 1 1 1 1
v 7.0200000000000005 -0.75 -9.66 1 1 1 1
v 7.66 -0.75 -10.3 1 1 1 1
v 7.0200000000000005 -0.75 -10.3 1 1 1 1
v 7.66 -0.75 -9.66 1 1 1 1
v 6.38 -0.75 -9.66 1 1 1 1
v 7.0200000000000005 -0.75 -10.3 1 1 1 1
v 6.38 -0.75 -10.3 1 1 1 1
v 7.0200000000000005 -0.75 -9.66 1 1 1 1
v 5.74 -0.75 -9.66 1 1 1 1
v 6.38 -0.75 -10.3 1 1 1 1
v 5.74 -0.75 -10.3 1 1 1 1
v 6.38 -0.75 -9.66 1 1 1 1
v 5.1000000000000005 -0.75 -9.66 1 1 1 1
v 5.74 -0.75 -10.3 1 1 1 1
v 5.1000000000000005 -0.75 -10.3 1 1 1 1
v 5.74 -0.75 -9.66 1 1 1 1
v 4.46 -0.75 -9.66 1 1 1 1
v 5.1000000000000005 -0.75 -10.3 1 1 1 1
v 4.46 -0.75 -10.3 1 1 1 1
v 5.1000000000000005 -0.75 -9.66 1 1 1 1
v 3.8200000000000003 -0.75 -9.66 1 1 1 1
v 4.46 -0.75 -10.3 1 1 1 1
v 3.8200000000000003 -0.75 -10.3 1 1 1 1
v 4.46 -0.75 -9.66 1 1 1 1
v 3.18 -0.75 -9.66 1 1 1 1
v 3.8200000000000003 -0.75 -10.3 1 1 1 1
v 3.18 -0.75 -10.3 1 1 1 1
v 3.8200000000000003 -0.75 -9.66 1 1 1 1
v 2.54 -0.75 -9.66 1 1 1 1
v 3.18 -0.75 -10.3 1 1 1 1
v 2.54 -0.75 -10.3 1 1 1 1
v 3.18 -0.75 -9.66 1 1 1 1
v 1.9000000000000001 -0.75 -9.66 1 1 1 1
v 2.54 -0.75 -10.3 1 1 1 1
v 1.9000000000000001 -0.75 -10.3 1 1 1 1
v 2.54 -0.75 -9.66 1 1 1 1
v 1.26 -0.75 -9.66 1 1 1 1
v 1.9000000000000001 -0.75 -10.3 1 1 1 1
v 1.26 -0.75 -10.3 1 1 1 1
v 1.9000000000000001 -0.75 -9.66 1 1 1 1
v 0.62 -0.75 -9.66 1 1 1 1
v 1.26 -0.75 -10.3 1 1 1 1
v 0.62 -0.75 -10.3 1 1 1 1
v 1.26 -0.75 -9.66 1 1 1 1
v -0.02 -0.75 -9.66 1 1 1 1
v 0.62 -0.75 -10.3 1 1 1 1
v -0.02 -0.75 -10.3 1 1 1 1
v 0.62 -0.75 -9.66 1 1 1 1
v -0.02 -0.75 -10.3 1 1 1 1
v 0.62 -0.75 -10.94 1 1 1 1
v -0.02 -0.75 -10.94 1 1 1 1
v 0.62 -0.75 -10.3 1 1 1 1
v -0.02 -0.75 -10.94 1 1 1 1
v 0.62 -0.75 -11.58 1 1 1 1
v -0.02 -0.75 -11.58 1 1 1 1
v 0.62 -0.75 -10.94 1 1 1 1
v -0.02 -0.75 -11.58 1 1 1 1
v 0.62 -0.75 -12.22 1 1 1 1
v -0.02 -0.75 -12.22 1 1 1 1
v 0.62 -0.75 -11.58 1 1 1 1
v -0.02 -0.75 -12.22 1 1 1 1
v 0.62 -0.75 -12.86 1 1 1 1
v -0.02 -0.75 -12.86 1 1 1 1
v 0.62 -0.75 -12.22 1 1 1 1
v -0.02 -0.75 -12.86 1 1 1 1
v 0.62 -0.75 -13.5 1 1 1 1
v -0.02 -0.75 -13.5 1 1 1 1
v 0.62 -0.75 -12.86 1 1 1 1
v -0.02 -0.75 -13.5 1 1 1 1
v 0.62 -0.75 -14.14 1 1 1 1
v -0.02 -0.75 -14.14 1 1 1 1
v 0.62 -0.75 -13.5 1 1 1 1
v -0.02 -0.75 -14.14 1 1 1 1
v 0.62 -0.75 -14.780000000000001 1 1 1 1
v -0.02 -0.75 -14.780000000000001 1 1 1 1
v 0.62 -0.75 -14.14 1 1 1 1
v 0.62 -0.75 -14.14 1 1 1 1
v 1.26 -0.75 -14.780000000000001 1 1 1 1
v 0.62 -0.75 -14.780000000000001 1 1 1 1
v 1.26 -0.75 -14.14 1 1 1 1
v 1.26 -0.75 -14.14 1 1 1 1
v 1.9000000000000001 -0.75 -14.780000000000001 1 1 1 1
v 1.26 -0.75 -14.780000000000001 1 1 1 1
v 1.9000000000000001 -0.75 -14.14 1 1 1 1
v 1.9000000000000001 -0.75 -14.14 1 1 1 1
v 2.54 -0.75 -14.780000000000001 1 1 1 1
v 1.9000000000000001 -0.75 -14.780000000000001 1 1 1 1
v 2.54 -0.75 -14.14 1 1 1 1
v 2.54 -0.75 -14.14 1 1 1 1
v 3.18 -0.75 -14.780000000000001 1 1 1 1
v 2.54 -0.75 -14.780000000000001 1 1 1 1
v 3.18 -0.75 -14.14 1 1 1 1
v 3.18 -0.75 -14.14 1 1 1 1
v 3.8200000000000003 -0.75 -14.780000000000001 1 1 1 1
v 3.18 -0.75 -14.780000000000001 1 1 1 1
v 3.8200000000000003 -0.75 -14.14 1 1 1 1
v 3.8200000000000003 -0.75 -14.14 1 1 1 1
v 4.46 -0.75 -14.780000000000001 1 1 1 1
v 3.8200000000000003 -0.75 -14.780000000000001 1 1 1 1
v 4.46 -0.75 -14.14 1 1 1 1
v 4.46 -0.75 -14.14 1 1 1 1
v 5.1000000000000005 -0.75 -14.780000000000001 1 1 1 1
v 4.46 -0.75 -14.780000000000001 1 1 1 1
v 5.1000000000000005 -0.75 -14.14 1 1 1 1
v 5.1000000000000005 -0.75 -14.14 1 1 1 1
v 5.74 -0.75 -14.780000000000001 1 1 1 1
v 5.1000000000000005 -0.75 -14.780000000000001 1 1 1 1
v 5.74 -0.75 -14.14 1 1 1 1
v 5.74 -0.75 -14.14 1 1 1 1
v 6.38 -0.75 -14.780000000000001 1 1 1 1
v 5.74 -0.75 -14.780000000000001 1 1 1 1
v 6.38 -0.75 -14.14 1 1 1 1
v 6.38 -0.75 -14.14 1 1 1 1
v 7.0200000000000005 -0.75 -14.780000000000001 1 1 1 1
v 6.38 -0.75 -14.780000000000001 1 1 1 1
v 7.0200000000000005 -0.75 -14.14 1 1 1 1
v 7.0200000000000005 -0.75 -14.14 1 1 1 1
v 7.66 -0.75 -14.780000000000001 1 1 1 1
v 7.0200000000000005 -0.75 -14.780000000000001 1 1 1 1
v 7.66 -0.75 -14.14 1 1 1 1
v 7.66 -0.75 -14.14 1 1 1 1
v 8.3 -0.75 -14.780000000000001 1 1 1 1
v 7.66 -0.75 -14.780000000000001 1 1 1 1
v 8.3 -0.75 -14.14 1 1 1 1
v 8.3 -0.75 -14.14 1 1 1 1
v 8.94 -0.75 -14.780000000000001 1 1 1 1
v 8.3 -0.75 -14.780000000000001 1 1 1 1
v 8.94 -0.75 -14.14 1 1 1 1
v 8.94 -0.75 -14.14 1 1 1 1
v 9.58 -0.75 -14.780000000000001 1 1 1 1
v 8.94 -0.75 -14.780000000000001 1 1 1 1
v 9.58 -0.75 -14.14 1 1 1 1
v 9.58 -0.75 -14.14 1 1 1 1
v 10.22 -0.75 -14.780000000000001 1 1 1 1
v 9.58 -0.75 -14.780000000000001 1 1 1 1
v 10.22 -0.75 -14.14 1 1 1 1
v 9.58 -0.75 -13.5 1 1 1 1
v 10.22 -0.75 -14.14 1 1 1 1
v 9.58 -0.75 -14.14 1 1 1 1
v 10.22 -0.75 -13.5 1 1 1 1
v 9.58 -0.75 -12.86 1 1 1 1
v 10.22 -0.75 -13.5 1 1 1 1
v 9.58 -0.75 -13.5 1 1 1 1
v 10.22 -0.75 -12.86 1 1 1 1
v 9.58 -0.75 -12.22 1 1 1 1
v 10.22 -0.75 -12.86 1 1 1 1
v 9.58 -0.75 -12.86 1 1 1 1
v 10.22 -0.75 -12.22 1 1 1 1
v 9.58 -0.75 -11.58 1 1 1 1
v 10.22 -0.75 -12.22 1 1 1 1
v 9.58 -0.75 -12.22 1 1 1 1
v 10.22 -0.75 -11.58 1 1 1 1
v 9.58 -0.75 -10.94 1 1 1 1
v 10.22 -0.75 -11.58 1 1 1 1
v 9.58 -0.75 -11.58 1 1 1 1
v 10.22 -0.75 -10.94 1 1 1 1
v 9.58 -0.75 -10.3 1 1 1 1
v 10.22 -0.75 -10.94 1 1 1 1
v 9.58 -0.75 -10.94 1 1 1 1
v 10.22 -0.75 -10.3 1 1 1 1
v 8.94 -0.75 -10.3 1 1 1 1
v 9.58 -0.75 -10.94 1 1 1 1
v 8.94 -0.75 -10.94 1 1 1 1
v 9.58 -0.75 -10.3 1 1 1 1
v 8.3 -0.75 -10.3 1 1 1 1
v 8.94 -0.75 -10.94 1 1 1 1
v 8.3 -0.75 -10.94 1 1 1 1
v 8.94 -0.75 -10.3 1 1 1 1
v 7.66 -0.75 -10.3 1 1 1 1
v 8.3 -0.75 -10.94 1 1 1 1
v 7.66 -0.75 -10.94 1 1 1 1
v 8.3 -0.75 -10.3 1 1 1 1
v 7.0200000000000005 -0.75 -10.3 1 1 1 1
v 7.66 -0.75 -10.94 1 1 1 1
v 7.0200000000000005 -0.75 -10.94 1 1 1 1
v 7.66 -0.75 -10.3 1 1 1 1
v 6.38 -0.75 -10.3 1 1 1 1
v 7.0200000000000005 -0.75 -10.94 1 1 1 1
v 6.38 -0.75 -10.94 1 1 1 1
v 7.0200000000000005 -0.75 -10.3 1 1 1 1
v 5.74 -0.75 -10.3 1 1 1 1
v 6.38 -0.75 -10.94 1 1 1 1
v 5.74 -0.75 -10.94 1 1 1 1
v 6.38 -0.75 -10.3 1 1 1 1
v 5.1000000000000005 -0.75 -10.3 1 1 1 1
v 5.74 -0.75 -10.94 1 1 1 1
v 5.1000000000000005 -0.75 -10.94 1 1 1 1
v 5.74 -0.75 -10.3 1 1 1 1
v 4.46 -0.75 -10.3 1 1 1 1
v 5.1000000000000005 -0.75 -10.94 1 1 1 1
v 4.46 -0.75 -10.94 1 1 1 1
v 5.1000000000000005 -0.75 -10.3 1 1 1 1
v 3.8200000000000003 -0.75 -10.3 1 1 1 1
v 4.46 -0.75 -10.94 1 1 1 1
v 3.8200000000000003 -0.75 -10.94 1 1 1 1
v 4.46 -0.75 -10.3 1 1 1 1
v 3.18 -0.75 -10.3 1 1 1 1
v 3.8200000000000003 -0.75 -10.94 1 1 1 1
v 3.18 -0.75 -10.94 1 1 1 1
v 3.8200000000000003 -0.75 -10.3 1 1 1 1
v 2.54 -0.75 -10.3 1 1 1 1
v 3.18 -0.75 -10.94 1 1 1 1
v 2.54 -0.75 -10.94 1 1 1 1
v 3.18 -0.75 -10.3 1 1 1 1
v 1.9000000000000001 -0.75 -10.3 1 1 1 1
v 2.54 -0.75 -10.94 1 1 1 1
v 1.9000000000000001 -0.75 -10.94 1 1 1 1
v 2.54 -0.75 -10.3 1 1 1 1
v 1.26 -0.75 -10.3 1 1 1 1
v 1.9000000000000001 -0.75 -10.94 1 1 1 1
v 1.26 -0.75 -10.94 1 1 1 1
v 1.9000000000000001 -0.75 -10.3 1 1 1 1
v 0.62 -0.75 -10.3 1 1 1 1
v 1.26 -0.75 -10.94 1 1 1 1
v 0.62 -0.75 -10.94 1 1 1 1
v 1.26 -0.75 -10.3 1 1 1 1
v 0.62 -0.75 -10.94 1 1 1 1
v 1.26 -0.75 -11.58 1 1 1 1
v 0.62 -0.75 -11.58 1 1 1 1
v 1.26 -0.75 -10.94 1 1 1 1
v 0.62 -0.75 -11.58 1 1 1 1
v 1.26 -0.75 -12.22 1 1 1 1
v 0.62 -0.75 -12.22 1 1 1 1
v 1.26 -0.75 -11.58 1 1 1 1
v 0.62 -0.75 -12.22 1 1 1 1
v 1.26 -0.75 -12.86 1 1 1 1
v 0.62 -0.75 -12.86 1 1 1 1
v 1.26 -0.75 -12.22 1 1 1 1
v 0.62 -0.75 -12.86 1 1 1 1
v 1.26 -0.75 -13.5 1 1 1 1
v 0.62 -0.75 -13.5 1 1 1 1
v 1.26 -0.75 -12.86 1 1 1 1
v 0.62 -0.75 -13.5 1 1 1 1
v 1.26 -0.75 -14.14 1 1 1 1
v 0.62 -0.75 -14.14 1 1 1 1
v 1.26 -0.75 -13.5 1 1 1 1
v 1.26 -0.75 -13.5 1 1 1 1
v 1.9000000000000001 -0.75 -14.14 1 1 1 1
v 1.26 -0.75 -14.14 1 1 1 1
v 1.9000000000000001 -0.75 -13.5 1 1 1 1
v 1.9000000000000001 -0.75 -13.5 1 1 1 1
v 2.54 -0.75 -14.14 1 1 1 1
v 1.9000000000000001 -0.75 -14.14 1 1 1 1
v 2.54 -0.75 -13.5 1 1 1 1
v 2.54 -0.75 -13.5 1 1 1 1
v 3.18 -0.75 -14.14 1 1 1 1
v 2.54 -0.75 -14.14 1 1 1 1
v 3.18 -0.75 -13.5 1 1 1 1
v 3.18 -0.75 -13.5 1 1 1 1
v 3.8200000000000003 -0.75 -14.14 1 1 1 1
v 3.18 -0.75 -14.14 1 1 1 1
v 3.8200000000000003 -0.75 -13.5 1 1 1 1
v 3.8200000000000003 -0.75 -13.5 1 1 1 1
v 4.46 -0.75 -14.14 1 1 1 1
v 3.8200000000000003 -0.75 -14.14 1 1 1 1
v 4.46 -0.75 -13.5 1 1 1 1
v 4.46 -0.75 -13.5 1 1 1 1
v 5.1000000000000005 -0.75 -14.14 1 1 1 1
v 4.46 -0.75 -14.14 1 1 1 1
v 5.1000000000000005 -0.75 -13.5 1 1 1 1
v 5.1000000000000005 -0.75 -13.5 1 1 1 1
v 5.74 -0.75 -14.14 1 1 1 1
v 5.1000000000000005 -0.75 -14.14 1 1 1 1
v 5.74 -0.75 -13.5 1 1 1 1
v 5.74 -0.75 -13.5 1 1 1 1
v 6.38 -0.75 -14.14 1 1 1 1
v 5.74 -0.75 -14.14 1 1 1 1
v 6.38 -0.75 -13.5 1 1 1 1
v 6.38 -0.75 -13.5 1 1 1 1
v 7.0200000000000005 -0.75 -14.14 1 1 1 1
v 6.38 -0.75 -14.14 1 1 1 1
v 7.0200000000000005 -0.75 -13.5 1 1 1 1
v 7.0200000000000005 -0.75 -13.5 1 1 1 1
v 7.66 -0.75 -14.14 1 1 1 1
v 7.0200000000000005 -0.75 -14.14 1 1 1 1
v 7.66 -0.75 -13.5 1 1 1 1
v 7.66 -0.75 -13.5 1 1 1 1
v 8.3 -0.75 -14.14 1 1 1 1
v 7.66 -0.75 -14.14 1 1 1 1
v 8.3 -0.75 -13.5 1 1 1 1
v 8.3 -0.75 -13.5 1 1 1 1
v 8.94 -0.75 -14.14 1 1 1 1
v 8.3 -0.75 -14.14 1 1 1 1
v 8.94 -0.75 -13.5 1 1 1 1
v 8.94 -0.75 -13.5 1 1 1 1
v 9.58 -0.75 -14.14 1 1 1 1
v 8.94 -0.75 -14.14 1 1 1 1
v 9.58 -0.75 -13.5 1 1 1 1
v 8.94 -0.75 -12.86 1 1 1 1
v 9.58 -0.75 -13.5 1 1 1 1
v 8.94 -0.75 -13.5 1 1 1 1
v 9.58 -0.75 -12.86 1 1 1 1
v 8.94 -0.75 -12.22 1 1 1 1
v 9.58 -0.75 -12.86 1 1 1 1
v 8.94 -0.75 -12.86 1 1 1 1
v 9.58 -0.75 -12.22 1 1 1 1
v 8.94 -0.75 -11.58 1 1 1 1
v 9.58 -0.75 -12.22 1 1 1 1
v 8.94 -0.75 -12.22 1 1 1 1
v 9.58 -0.75 -11.58 1 1 1 1
v 8.94 -0.75 -10.94 1 1 1 1
v 9.58 -0.75 -11.58 1 1 1 1
v 8.94 -0.75 -11.58 1 1 1 1
v 9.58 -0.75 -10.94 1 1 1 1
v 8.3 -0.75 -10.94 1 1 1 1
v 8.94 -0.75 -11.58 1 1 1 1
v 8.3 -0.75 -11.58 1 1 1 1
v 8.94 -0.75 -10.94 1 1 1 1
v 7.66 -0.75 -10.94 1 1 1 1
v 8.3 -0.75 -11.58 1 1 1 1
v 7.66 -0.75 -11.58 1 1 1 1
v 8.3 -0.75 -10.94 1 1 1 1
v 7.0200000000000005 -0.75 -10.94 1 1 1 1
v 7.66 -0.75 -11.58 1 1 1 1
v 7.0200000000000005 -0.75 -11.58 1 1 1 1
v 7.66 -0.75 -10.94 1 1 1 1
v 6.38 -0.75 -10.94 1 1 1 1
v 7.0200000000000005 -0.75 -11.58 1 1 1 1
v 6.38 -0.75 -11.58 1 1 1 1
v 7.0200000000000005 -0.75 -10.94 1 1 1 1
v 5.74 -0.75 -10.94 1 1 1 1
v 6.38 -0.75 -11.58 1 1 1 1
v 5.74 -0.75 -11.58 1 1 1 1
v 6.38 -0.75 -10.94 1 1 1 1
v 5.1000000000000005 -0.75 -10.94 1 1 1 1
v 5.74 -0.75 -11.58 1 1 1 1
v 5.1000000000000005 -0.75 -11.58 1 1 1 1
v 5.74 -0.75 -10.94 1 1 1 1
v 4.46 -0.75 -10.94 1 1 1 1
v 5.1000000000000005 -0.75 -11.58 1 1 1 1
v 4.46 -0.75 -11.58 1 1 1 1
v 5.1000000000000005 -0.75 -10.94 1 1 1 1
v 3.8200000000000003 -0.75 -10.94 1 1 1 1
v 4.46 -0.75 -11.58 1 1 1 1
v 3.8200000000000003 -0.75 -11.58 1 1 1 1
v 4.46 -0.75 -10.94 1 1 1 1
v 3.18 -0.75 -10.94 1 1 1 1
v 3.8200000000000003 -0.75 -11.58 1 1 1 1
v 3.18 -0.75 -11.58 1 1 1 1
v 3.8200000000000003 -0.75 -10.94 1 1 1 1
v 2.54 -0.75 -10.94 1 1 1 1
v 3.18 -0.75 -11.58 1 1 1 1
v 2.54 -0.75 -11.58 1 1 1 1
v 3.18 -0.75 -10.94 1 1 1 1
v 1.9000000000000001 -0.75 -10.94 1 1 1 1
v 2.54 -0.75 -11.58 1 1 1 1
v 1.9000000000000001 -0.75 -11.58 1 1 1 1
v 2.54 -0.75 -10.94 1 1 1 1
v 1.26 -0.75 -10.94 1 1 1 1
v 1.9000000000000001 -0.75 -11.58 1 1 1 1
v 1.26 -0.75 -11.58 1 1 1 1
v 1.9000000000000001 -0.75 -10.94 1 1 1 1
v 1.26 -0.75 -11.58 1 1 1 1
v 1.9000000000000001 -0.75 -12.22 1 1 1 1
v 1.26 -0.75 -12.22 1 1 1 1
v 1.9000000000000001 -0.75 -11.58 1 1 1 1
v 1.26 -0.75 -12.22 1 1 1 1
v 1.9000000000000001 -0.75 -12.86 1 1 1 1
v 1.26 -0.75 -12.86 1 1 1 1
v 1.9000000000000001 -0.75 -12.22 1 1 1 1
v 1.26 -0.75 -12.86 1 1 1 1
v 1.9000000000000001 -0.75 -13.5 1 1 1 1
v 1.26 -0.75 -13.5 1 1 1 1
v 1.9000000000000001 -0.75 -12.86 1 1 1 1
v 1.9000000000000001 -0.75 -12.86 1 1 1 1
v 2.54 -0.75 -13.5 1 1 1 1
v 1.9000000000000001 -0.75 -13.5 1 1 1 1
v 2.54 -0.75 -12.86 1 1 1 1
v 2.54 -0.75 -12.86 1 1 1 1
v 3.18 -0.75 -13.5 1 1 1 1
v 2.54 -0.75 -13.5 1 1 1 1
v 3.18 -0.75 -12.86 1 1 1 1
v 3.18 -0.75 -12.86 1 1 1 1
v 3.8200000000000003 -0.75 -13.5 1 1 1 1
v 3.18 -0.75 -13.5 1 1 1 1
v 3.8200000000000003 -0.75 -12.86 1 1 1 1
v 3.8200000000000003 -0.75 -12.86 1 1 1 1
v 4.46 -0.75 -13.5 1 1 1 1
v 3.8200000000000003 -0.75 -13.5 1 1 1 1
v 4.46 -0.75 -12.86 1 1 1 1
v 4.46 -0.75 -12.86 1 1 1 1
v 5.1000000000000005 -0.75 -13.5 1 1 1 1
v 4.46 -0.75 -13.5 1 1 1 1
v 5.1000000000000005 -0.75 -12.86 1 1 1 1
v 5.1000000000000005 -0.75 -12.86 1 1 1 1
v 5.74 -0.75 -13.5 1 1 1 1
v 5.1000000000000005 -0.75 -13.5 1 1 1 1
v 5.74 -0.75 -12.86 1 1 1 1
v 5.74 -0.75 -12.86 1 1 1 1
v 6.38 -0.75 -13.5 1 1 1 1
v 5.74 -0.75 -13.5 1 1 1 1
v 6.38 -0.75 -12.86 1 1 1 1
v 6.38 -0.75 -12.86 1 1 1 1
v 7.0200000000000005 -0.75 -13.5 1 1 1 1
v 6.38 -0.75 -13.5 1 1 1 1
v 7.0200000000000005 -0.75 -12.86 1 1 1 1
v 7.0200000000000005 -0.75 -12.86 1 1 1 1
v 7.66 -0.75 -13.5 1 1 1 1
v 7.0200000000000005 -0.75 -13.5 1 1 1 1
v 7.66 -0.75 -12.86 1 1 1 1
v 7.66 -0.75 -12.86 1 1 1 1
v 8.3 -0.75 -13.5 1 1 1 1
v 7.66 -0.75 -13.5 1 1 1 1
v 8.3 -0.75 -12.86 1 1 1 1
v 8.3 -0.75 -12.86 1 1 1 1
v 8.94 -0.75 -13.5 1 1 1 1
v 8.3 -0.75 -13.5 1 1 1 1
v 8.94 -0.75 -12.86 1 1 1 1
v 8.3 -0.75 -12.22 1 1 1 1
v 8.94 -0.75 -12.86 1 1 1 1
v 8.3 -0.75 -12.86 1 1 1 1
v 8.94 -0.75 -12.22 1 1 1 1
v 8.3 -0.75 -11.58 1 1 1 1
v 8.94 -0.75 -12.22 1 1 1 1
v 8.3 -0.75 -12.22 1 1 1 1
v 8.94 -0.75 -11.58 1 1 1 1
v 7.66 -0.75 -11.58 1 1 1 1
v 8.3 -0.75 -12.22 1 1 1 1
v 7.66 -0.75 -12.22 1 1 1 1
v 8.3 -0.75 -11.58 1 1 1 1
v 7.0200000000000005 -0.75 -11.58 1 1 1 1
v 7.66 -0.75 -12.22 1 1 1 1
v 7.0200000000000005 -0.75 -12.22 1 1 1 1
v 7.66 -0.75 -11.58 1 1 1 1
v 6.38 -0.75 -11.58 1 1 1 1
v 7.0200000000000005 -0.75 -12.22 1 1 1 1
v 6.38 -0.75 -12.22 1 1 1 1
v 7.0200000000000005 -0.75 -11.58 1 1 1 1
v 5.74 -0.75 -11.58 1 1 1 1
v 6.38 -0.75 -12.22 1 1 1 1
v 5.74 -0.75 -12.22 1 1 1 1
v 6.38 -0.75 -11.58 1 1 1 1
v 5.1000000000000005 -0.75 -11.58 1 1 1 1
v 5.74 -0.75 -12.22 1 1 1 1
v 5.1000000000000005 -0.75 -12.22 1 1 1 1
v 5.74 -0.75 -11.58 1 1 1 1
v 4.46 -0.75 -11.58 1 1 1 1
v 5.1000000000000005 -0.75 -12.22 1 1 1 1
v 4.46 -0.75 -12.22 1 1 1 1
v 5.1000000000000005 -0.75 -11.58 1 1 1 1
v 3.8200000000000003 -0.75 -11.58 1 1 1 1
v 4.46 -0.75 -12.22 1 1 1 1
v 3.8200000000000003 -0.75 -12.22 1 1 1 1
v 4.46 -0.75 -11.58 1 1 1 1
v 3.18 -0.75 -11.58 1 1 1 1
v 3.8200000000000003 -0.75 -12.22 1 1 1 1
v 3.18 -0.75 -12.22 1 1 1 1
v 3.8200000000000003 -0.75 -11.58 1 1 1 1
v 2.54 -0.75 -11.58 1 1 1 1
v 3.18 -0.75 -12.22 1 1 1 1
v 2.54 -0.75 -12.22 1 1 1 1
v 3.18 -0.75 -11.58 1 1 1 1
v 1.9000000000000001 -0.75 -11.58 1 1 1 1
v 2.54 -0.75 -12.22 1 1 1 1
v 1.9000000000000001 -0.75 -12.22 1 1 1 1
v 2.54 -0.75 -11.58 1 1 1 1
v 1.9000000000000001 -0.75 -12.22 1 1 1 1
v 2.54 -0.75 -12.86 1 1 1 1
v 1.9000000000000001 -0.75 -12.86 1 1 1 1
v 2.54 -0.75 -12.22 1 1 1 1
v 2.54 -0.75 -12.22 1 1 1 1
v 3.18 -0.75 -12.86 1 1 1 1
v 2.54 -0.75 -12.86 1 1 1 1
v 3.18 -0.75 -12.22 1 1 1 1
v 3.18 -0.75 -12.22 1 1 1 1
v 3.8200000000000003 -0.75 -12.86 1 1 1 1
v 3.18 -0.75 -12.86 1 1 1 1
v 3.8200000000000003 -0.75 -12.22 1 1 1 1
v 3.8200000000000003 -0.75 -12.22 1 1 1 1
v 4.46 -0.75 -12.86 1 1 1 1
v 3.8200000000000003 -0.75 -12.86 1 1 1 1
v 4.46 -0.75 -12.22 1 1 1 1
v 4.46 -0.75 -12.22 1 1 1 1
v 5.1000000000000005 -0.75 -12.86 1 1 1 1
v 4.46 -0.75 -12.86 1 1 1 1
v 5.1000000000000005 -0.75 -12.22 1 1 1 1
v 5.1000000000000005 -0.75 -12.22 1 1 1 1
v 5.74 -0.75 -12.86 1 1 1 1
v 5.1000000000000005 -0.75 -12.86 1 1 1 1
v 5.74 -0.75 -12.22 1 1 1 1
v 5.74 -0.75 -12.22 1 1 1 1
v 6.38 -0.75 -12.86 1 1 1 1
v 5.74 -0.75 -12.86 1 1 1 1
v 6.38 -0.75 -12.22 1 1 1 1
v 6.38 -0.75 -12.22 1 1 1 1
v 7.0200000000000005 -0.75 -12.86 1 1 1 1
v 6.38 -0.75 -12.86 1 1 1 1
v 7.0200000000000005 -0.75 -12.22 1 1 1 1
v 7.0200000000000005 -0.75 -12.22 1 1 1 1
v 7.66 -0.75 -12.86 1 1 1 1
v 7.0200000000000005 -0.75 -12.86 1 1 1 1
v 7.66 -0.75 -12.22 1 1 1 1
v 7.66 -0.75 -12.22 1 1 1 1
v 8.3 -0.75 -12.86 1 1 1 1
v 7.66 -0.75 -12.86 1 1 1 1
v 8.3 -0.75 -12.22 1 1 1 1
v -8.98 -0.75 -0.7000000000000001 1 1 1 1
v -9.620000000000001 -0.75 -0.06 1 1 1 1
v -8.98 -0.75 -0.06 1 1 1 1
v -9.620000000000001 -0.75 -0.7000000000000001 1 1 1 1
v -8.98 -0.75 -1.34 1 1 1 1
v -9.620000000000001 -0.75 -0.7000000000000001 1 1 1 1
v -8.98 -0.75 -0.7000000000000001 1 1 1 1
v -9.620000000000001 -0.75 -1.34 1 1 1 1
v -8.98 -0.75 -1.98 1 1 1 1
v -9.620000000000001 -0.75 -1.34 1 1 1 1
v -8.98 -0.75 -1.34 1 1 1 1
v -9.620000000000001 -0.75 -1.98 1 1 1 1
v -8.98 -0.75 -2.62 1 1 1 1
v -9.620000000000001 -0.75 -1.98 1 1 1 1
v -8.98 -0.75 -1.98 1 1 1 1
v -9.620000000000001 -0.75 -2.62 1 1 1 1
v -8.98 -0.75 -3.2600000000000002 1 1 1 1
v -9.620000000000001 -0.75 -2.62 1 1 1 1
v -8.98 -0.75 -2.62 1 1 1 1
v -9.620000000000001 -0.75 -3.2600000000000002 1 1 1 1
v -8.98 -0.75 -3.9 1 1 1 1
v -9.620000000000001 -0.75 -3.2600000000000002 1 1 1 1
v -8.98 -0.75 -3.2600000000000002 1 1 1 1
v -9.620000000000001 -0.75 -3.9 1 1 1 1
v -8.98 -0.75 -4.54 1 1 1 1
v -9.620000000000001 -0.75 -3.9 1 1 1 1
v -8.98 -0.75 -3.9 1 1 1 1
v -9.620000000000001 -0.75 -4.54 1 1 1 1
v -8.98 -0.75 -5.18 1 1 1 1
v -9.620000000000001 -0.75 -4.54 1 1 1 1
v -8.98 -0.75 -4.54 1 1 1 1
v -9.620000000000001 -0.75 -5.18 1 1 1 1
v -8.98 -0.75 -5.82 1 1 1 1
v -9.620000000000001 -0.75 -5.18 1 1 1 1
v -8.98 -0.75 -5.18 1 1 1 1
v -9.620000000000001 -0.75 -5.82 1 1 1 1
v -8.98 -0.75 -6.46 1 1 1 1
v -9.620000000000001 -0.75 -5.82 1 1 1 1
v -8.98 -0.75 -5.82 1 1 1 1
v -9.620000000000001 -0.75 -6.46 1 1 1 1
v -8.98 -0.75 -7.1000000000000005 1 1 1 1
v -9.620000000000001 -0.75 -6.46 1 1 1 1
v -8.98 -0.75 -6.46 1 1 1 1
v -9.620000000000001 -0.75 -7.1000000000000005 1 1 1 1
v -8.98 -0.75 -7.74 1 1 1 1
v -9.620000000000001 -0.75 -7.1000000000000005 1 1 1 1
v -8.98 -0.75 -7.1000000000000005 1 1 1 1
v -9.620000000000001 -0.75 -7.74 1 1 1 1
v -8.98 -0.75 -8.38 1 1 1 1
v -9.620000000000001 -0.75 -7.74 1 1 1 1
v -8.98 -0.75 -7.74 1 1 1 1
v -9.620000000000001 -0.75 -8.38 1 1 1 1
v -8.98 -0.75 -9.02 1 1 1 1
v -9.620000000000001 -0.75 -8.38 1 1 1 1
v -8.98 -0.75 -8.38 1 1 1 1
v -9.620000000000001 -0.75 -9.02 1 1 1 1
v -8.98 -0.75 -9.66 1 1 1 1
v -9.620000000000001 -0.75 -9.02 1 1 1 1
v -8.98 -0.75 -9.02 1 1 1 1
v -9.620000000000001 -0.75 -9.66 1 1 1 1
v -8.98 -0.75 -10.3 1 1 1 1
v -9.620000000000001 -0.75 -9.66 1 1 1 1
v -8.98 -0.75 -9.66 1 1 1 1
v -9.620000000000001 -0.75 -10.3 1 1 1 1
v -8.98 -0.75 -10.94 1 1 1 1
v -9.620000000000001 -0.75 -10.3 1 1 1 1
v -8.98 -0.75 -10.3 1 1 1 1
v -9.620000000000001 -0.75 -10.94 1 1 1 1
v -8.98 -0.75 -11.58 1 1 1 1
v -9.620000000000001 -0.75 -10.94 1 1 1 1
v -8.98 -0.75 -10.94 1 1 1 1
v -9.620000000000001 -0.75 -11.58 1 1 1 1
v -8.98 -0.75 -12.22 1 1 1 1
v -9.620000000000001 -0.75 -11.58 1 1 1 1
v -8.98 -0.75 -11.58 1 1 1 1
v -9.620000000000001 -0.75 -12.22 1 1 1 1
v -8.98 -0.75 -12.86 1 1 1 1
v -9.620000000000001 -0.75 -12.22 1 1 1 1
v -8.98 -0.75 -12.22 1 1 1 1
v -9.620000000000001 -0.75 -12.86 1 1 1 1
v -8.98 -0.75 -13.5 1 1 1 1
v -9.620000000000001 -0.75 -12.86 1 1 1 1
v -8.98 -0.75 -12.86 1 1 1 1
v -9.620000000000001 -0.75 -13.5 1 1 1 1
v -8.98 -0.75 -14.14 1 1 1 1
v -9.620000000000001 -0.75 -13.5 1 1 1 1
v -8.98 -0.75 -13.5 1 1 1 1
v -9.620000000000001 -0.75 -14.14 1 1 1 1
v -8.98 -0.75 -14.780000000000001 1 1 1 1
v -9.620000000000001 -0.75 -14.14 1 1 1 1
v -8.98 -0.75 -14.14 1 1 1 1
v -9.620000000000001 -0.75 -14.780000000000001 1 1 1 1
v -8.98 -0.75 -15.42 1 1 1 1
v -9.620000000000001 -0.75 -14.780000000000001 1 1 1 1
v -8.98 -0.75 -14.780000000000001 1 1 1 1
v -9.620000000000001 -0.75 -15.42 1 1 1 1
v -8.98 -0.75 -16.06 1 1 1 1
v -9.620000000000001 -0.75 -15.42 1 1 1 1
v -8.98 -0.75 -15.42 1 1 1 1
v -9.620000000000001 -0.75 -16.06 1 1 1 1
v 10.86 -0.75 0.58 1 1 1 1
v 9.9 1.49 0.58 1 1 1 1
v 9.9 -0.75 0.58 1 1 1 1
v 10.86 1.49 0.58 1 1 1 1
v 10.86 -0.75 -0.06 1 1 1 1
v 10.86 1.49 0.58 1 1 1 1
v 10.86 -0.75 0.58 1 1 1 1
v 10.86 1.49 -0.06 1 1 1 1
v 8.94 -0.75 -0.06 1 1 1 1
v 9.9 1.49 -0.06 1 1 1 1
v 9.9 -0.75 -0.06 1 1 1 1
v 8.94 1.49 -0.06 1 1 1 1
v 9.9 -0.75 -0.06 1 1 1 1
v 10.86 1.49 -0.06 1 1 1 1
v 10.86 -0.75 -0.06 1 1 1 1
v 9.9 1.49 -0.06 1 1 1 1
v 9.9 -0.75 0.58 1 1 1 1
v 8.94 1.49 0.58 1 1 1 1
v 8.94 -0.75 0.58 1 1 1 1
v 9.9 1.49 0.58 1 1 1 1
v 10.86 1.49 -0.06 1 1 1 1
v 9.9 1.49 0.58 1 1 1 1
v 10.86 1.49 0.58 1 1 1 1
v 9.9 1.49 -0.06 1 1 1 1
v 9.9 1.49 -0.06 1 1 1 1
v 8.94 1.49 0.58 1 1 1 1
v 9.9 1.49 0.58 1 1 1 1
v 8.94 1.49 -0.06 1 1 1 1
v 1.26 -0.75 -0.06 1 1 1 1
v 2.22 1.49 -0.06 1 1 1 1
v 2.22 -0.75 -0.06 1 1 1 1
v 1.26 1.49 -0.06 1 1 1 1
v 2.22 -0.75 0.58 1 1 1 1
v 1.26 1.49 0.58 1 1 1 1
v 1.26 -0.75 0.58 1 1 1 1
v 2.22 1.49 0.58 1 1 1 1
v 1.26 -0.75 0.58 1 1 1 1
v 1.26 1.49 -0.06 1 1 1 1
v 1.26 -0.75 -0.06 1 1 1 1
v 1.26 1.49 0.58 1 1 1 1
v 3.18 -0.75 0.58 1 1 1 1
v 2.22 1.49 0.58 1 1 1 1
v 2.22 -0.75 0.58 1 1 1 1
v 3.18 1.49 0.58 1 1 1 1
v 2.22 -0.75 -0.06 1 1 1 1
v 3.18 1.49 -0.06 1 1 1 1
v 3.18 -0.75 -0.06 1 1 1 1
v 2.22 1.49 -0.06 1 1 1 1
v 4.14 -0.75 0.58 1 1 1 1
v 3.18 1.49 0.58 1 1 1 1
v 3.18 -0.75 0.58 1 1 1 1
v 4.14 1.49 0.58 1 1 1 1
v 5.1000000000000005 1.49 0.58 1 1 1 1
v 6.0600000000000005 1.49 -0.06 1 1 1 1
v 5.1000000000000005 1.49 -0.06 1 1 1 1
v 6.0600000000000005 1.49 0.58 1 1 1 1
v 3.18 -0.75 -0.06 1 1 1 1
v 4.14 1.49 -0.06 1 1 1 1
v 4.14 -0.75 -0.06 1 1 1 1
v 3.18 1.49 -0.06 1 1 1 1
v 5.1000000000000005 -0.75 0.58 1 1 1 1
v 4.14 1.49 0.58 1 1 1 1
v 4.14 -0.75 0.58 1 1 1 1
v 5.1000000000000005 1.49 0.58 1 1 1 1
v 4.14 -0.75 -0.06 1 1 1 1
v 5.1000000000000005 1.49 -0.06 1 1 1 1
v 5.1000000000000005 -0.75 -0.06 1 1 1 1
v 4.14 1.49 -0.06 1 1 1 1
v 6.0600000000000005 -0.75 0.58 1 1 1 1
v 5.1000000000000005 1.49 0.58 1 1 1 1
v 5.1000000000000005 -0.75 0.58 1 1 1 1
v 6.0600000000000005 1.49 0.58 1 1 1 1
v 5.1000000000000005 -0.75 -0.06 1 1 1 1
v 6.0600000000000005 1.49 -0.06 1 1 1 1
v 6.0600000000000005 -0.75 -0.06 1 1 1 1
v 5.1000000000000005 1.49 -0.06 1 1 1 1
v 8.94 -0.75 0.58 1 1 1 1
v 7.98 1.49 0.58 1 1 1 1
v 7.98 -0.75 0.58 1 1 1 1
v 8.94 1.49 0.58 1 1 1 1
v 4.14 1.49 0.58 1 1 1 1
v 5.1000000000000005 1.49 -0.06 1 1 1 1
v 4.14 1.49 -0.06 1 1 1 1
v 5.1000000000000005 1.49 0.58 1 1 1 1
v 3.18 1.49 0.58 1 1 1 1
v 4.14 1.49 -0.06 1 1 1 1
v 3.18 1.49 -0.06 1 1 1 1
v 4.14 1.49 0.58 1 1 1 1
v 2.22 1.49 0.58 1 1 1 1
v 3.18 1.49 -0.06 1 1 1 1
v 2.22 1.49 -0.06 1 1 1 1
v 3.18 1.49 0.58 1 1 1 1
v 7.0200000000000005 -0.75 -0.06 1 1 1 1
v 7.98 1.49 -0.06 1 1 1 1
v 7.98 -0.75 -0.06 1 1 1 1
v 7.0200000000000005 1.49 -0.06 1 1 1 1
v 1.26 1.49 0.58 1 1 1 1
v 2.22 1.49 -0.06 1 1 1 1
v 1.26 1.49 -0.06 1 1 1 1
v 2.22 1.49 0.58 1 1 1 1
v 7.0200000000000005 -0.75 0.58 1 1 1 1
v 6.0600000000000005 1.49 0.58 1 1 1 1
v 6.0600000000000005 -0.75 0.58 1 1 1 1
v 7.0200000000000005 1.49 0.58 1 1 1 1
v 7.98 1.49 0.58 1 1 1 1
v 8.94 1.49 -0.06 1 1 1 1
v 7.98 1.49 -0.06 1 1 1 1
v 8.94 1.49 0.58 1 1 1 1
v 7.98 -0.75 -0.06 1 1 1 1
v 8.94 1.49 -0.06 1 1 1 1
v 8.94 -0.75 -0.06 1 1 1 1
v 7.98 1.49 -0.06 1 1 1 1
v 6.0600000000000005 -0.75 -0.06 1 1 1 1
v 7.0200000000000005 1.49 -0.06 1 1 1 1
v 7.0200000000000005 -0.75 -0.06 1 1 1 1
v 6.0600000000000005 1.49 -0.06 1 1 1 1
v 7.98 -0.75 0.58 1 1 1 1
v 7.0200000000000005 1.49 0.58 1 1 1 1
v 7.0200000000000005 -0.75 0.58 1 1 1 1
v 7.98 1.49 0.58 1 1 1 1
v 7.0200000000000005 1.49 0.58 1 1 1 1
v 7.98 1.49 -0.06 1 1 1 1
v 7.0200000000000005 1.49 -0.06 1 1 1 1
v 7.98 1.49 0.58 1 1 1 1
v 6.0600000000000005 1.49 0.58 1 1 1 1
v 7.0200000000000005 1.49 -0.06 1 1 1 1
v 6.0600000000000005 1.49 -0.06 1 1 1 1
v 7.0200000000000005 1.49 0.58 1 1 1 1
v -9.620000000000001 -0.75 0.58 1 1 1 1
v -9.620000000000001 1.49 -0.06 1 1 1 1
v -9.620000000000001 -0.75 -0.06 1 1 1 1
v -9.620000000000001 1.49 0.58 1 1 1 1
v -8.66 -0.75 0.58 1 1 1 1
v -9.620000000000001 1.49 0.58 1 1 1 1
v -9.620000000000001 -0.75 0.58 1 1 1 1
v -8.66 1.49 0.58 1 1 1 1
v -9.620000000000001 -0.75 -0.06 1 1 1 1
v -8.66 1.49 -0.06 1 1 1 1
v -8.66 -0.75 -0.06 1 1 1 1
v -9.620000000000001 1.49 -0.06 1 1 1 1
v -1.94 -0.75 0.58 1 1 1 1
v -2.9 1.49 0.58 1 1 1 1
v -2.9 -0.75 0.58 1 1 1 1
v -1.94 1.49 0.58 1 1 1 1
v -2.9 -0.75 -0.06 1 1 1 1
v -1.94 1.49 -0.06 1 1 1 1
v -1.94 -0.75 -0.06 1 1 1 1
v -2.9 1.49 -0.06 1 1 1 1
v -0.98 -0.75 0.58 1 1 1 1
v -1.94 1.49 0.58 1 1 1 1
v -1.94 -0.75 0.58 1 1 1 1
v -0.98 1.49 0.58 1 1 1 1
v -1.94 -0.75 -0.06 1 1 1 1
v -0.98 1.49 -0.06 1 1 1 1
v -0.98 -0.75 -0.06 1 1 1 1
v -1.94 1.49 -0.06 1 1 1 1
v -7.7 -0.75 0.58 1 1 1 1
v -8.66 1.49 0.58 1 1 1 1
v -8.66 -0.75 0.58 1 1 1 1
v -7.7 1.49 0.58 1 1 1 1
v -8.66 -0.75 -0.06 1 1 1 1
v -7.7 1.49 -0.06 1 1 1 1
v -7.7 -0.75 -0.06 1 1 1 1
v -8.66 1.49 -0.06 1 1 1 1
v -8.66 1.49 -0.06 1 1 1 1
v -9.620000000000001 1.49 0.58 1 1 1 1
v -8.66 1.49 0.58 1 1 1 1
v -9.620000000000001 1.49 -0.06 1 1 1 1
v -0.5 -0.75 0.9 1 1 1 1
v -0.34 -0.75 0.74 1 1 1 1
v -0.5 -0.75 0.74 1 1 1 1
v -0.34 -0.75 0.9 1 1 1 1
v -0.02 -0.75 0.58 1 1 1 1
v -0.98 1.49 0.58 1 1 1 1
v -0.98 -0.75 0.58 1 1 1 1
v -0.02 1.49 0.58 1 1 1 1
v -0.02 -0.75 -0.06 1 1 1 1
v -0.02 1.49 0.58 1 1 1 1
v -0.02 -0.75 0.58 1 1 1 1
v -0.02 1.49 -0.06 1 1 1 1
v -0.98 -0.75 -0.06 1 1 1 1
v -0.02 1.49 -0.06 1 1 1 1
v -0.02 -0.75 -0.06 1 1 1 1
v -0.98 1.49 -0.06 1 1 1 1
v -6.74 -0.75 -0.06 1 1 1 1
v -5.78 1.49 -0.06 1 1 1 1
v -5.78 -0.75 -0.06 1 1 1 1
v -6.74 1.49 -0.06 1 1 1 1
v -4.82 -0.75 0.58 1 1 1 1
v -5.78 1.49 0.58 1 1 1 1
v -5.78 -0.75 0.58 1 1 1 1
v -4.82 1.49 0.58 1 1 1 1
v -5.78 -0.75 -0.06 1 1 1 1
v -4.82 1.49 -0.06 1 1 1 1
v -4.82 -0.75 -0.06 1 1 1 1
v -5.78 1.49 -0.06 1 1 1 1
v -3.86 -0.75 0.58 1 1 1 1
v -4.82 1.49 0.58 1 1 1 1
v -4.82 -0.75 0.58 1 1 1 1
v -3.86 1.49 0.58 1 1 1 1
v -4.82 -0.75 -0.06 1 1 1 1
v -3.86 1.49 -0.06 1 1 1 1
v -3.86 -0.75 -0.06 1 1 1 1
v -4.82 1.49 -0.06 1 1 1 1
v -2.9 -0.75 0.58 1 1 1 1
v -3.86 1.49 0.58 1 1 1 1
v -3.86 -0.75 0.58 1 1 1 1
v -2.9 1.49 0.58 1 1 1 1
v -6.74 -0.75 0.58 1 1 1 1
v -7.7 1.49 0.58 1 1 1 1
v -7.7 -0.75 0.58 1 1 1 1
v -6.74 1.49 0.58 1 1 1 1
v -4.82 1.49 0.58 1 1 1 1
v -3.86 1.49 -0.06 1 1 1 1
v -4.82 1.49 -0.06 1 1 1 1
v -3.86 1.49 0.58 1 1 1 1
v -5.78 -0.75 0.58 1 1 1 1
v -6.74 1.49 0.58 1 1 1 1
v -6.74 -0.75 0.58 1 1 1 1
v -5.78 1.49 0.58 1 1 1 1
v -3.86 1.49 0.58 1 1 1 1
v -2.9 1.49 -0.06 1 1 1 1
v -3.86 1.49 -0.06 1 1 1 1
v -2.9 1.49 0.58 1 1 1 1
v -6.74 1.49 0.58 1 1 1 1
v -5.78 1.49 -0.06 1 1 1 1
v -6.74 1.49 -0.06 1 1 1 1
v -5.78 1.49 0.58 1 1 1 1
v -1.94 1.49 0.58 1 1 1 1
v -0.98 1.49 -0.06 1 1 1 1
v -1.94 1.49 -0.06 1 1 1 1
v -0.98 1.49 0.58 1 1 1 1
v -7.7 1.49 0.58 1 1 1 1
v -6.74 1.49 -0.06 1 1 1 1
v -7.7 1.49 -0.06 1 1 1 1
v -6.74 1.49 0.58 1 1 1 1
v -0.98 1.49 0.58 1 1 1 1
v -0.02 1.49 -0.06 1 1 1 1
v -0.98 1.49 -0.06 1 1 1 1
v -0.02 1.49 0.58 1 1 1 1
v -2.9 1.49 0.58 1 1 1 1
v -1.94 1.49 -0.06 1 1 1 1
v -2.9 1.49 -0.06 1 1 1 1
v -1.94 1.49 0.58 1 1 1 1
v -8.66 1.49 0.58 1 1 1 1
v -7.7 1.49 -0.06 1 1 1 1
v -8.66 1.49 -0.06 1 1 1 1
v -7.7 1.49 0.58 1 1 1 1
v -3.86 -0.75 -0.06 1 1 1 1
v -2.9 1.49 -0.06 1 1 1 1
v -2.9 -0.75 -0.06 1 1 1 1
v -3.86 1.49 -0.06 1 1 1 1
v -7.7 -0.75 -0.06 1 1 1 1
v -6.74 1.49 -0.06 1 1 1 1
v -6.74 -0.75 -0.06 1 1 1 1
v -7.7 1.49 -0.06 1 1 1 1
v -5.78 1.49 0.58 1 1 1 1
v -4.82 1.49 -0.06 1 1 1 1
v -5.78 1.49 -0.06 1 1 1 1
v -4.82 1.49 0.58 1 1 1 1
v -7.0600000000000005 -0.75 1.54 1 1 1 1
v -6.74 -0.75 1.22 1 1 1 1
v -7.0600000000000005 -0.75 1.22 1 1 1 1
v -6.74 -0.75 1.54 1 1 1 1
v -10.58 -0.75 1.86 1 1 1 1
v -10.26 -0.75 1.54 1 1 1 1
v -10.58 -0.75 1.54 1 1 1 1
v -10.26 -0.75 1.86 1 1 1 1
v -10.26 -0.75 1.86 1 1 1 1
v -9.94 -0.75 1.54 1 1 1 1
v -10.26 -0.75 1.54 1 1 1 1
v -9.94 -0.75 1.86 1 1 1 1
v -9.94 -0.75 1.86 1 1 1 1
v -9.620000000000001 -0.75 1.54 1 1 1 1
v -9.94 -0.75 1.54 1 1 1 1
v -9.620000000000001 -0.75 1.86 1 1 1 1
v -9.620000000000001 -0.75 1.86 1 1 1 1
v -9.3 -0.75 1.54 1 1 1 1
v -9.620000000000001 -0.75 1.54 1 1 1 1
v -9.3 -0.75 1.86 1 1 1 1
v -9.3 -0.75 1.86 1 1 1 1
v -8.98 -0.75 1.54 1 1 1 1
v -9.3 -0.75 1.54 1 1 1 1
v -8.98 -0.75 1.86 1 1 1 1
v -8.98 -0.75 1.86 1 1 1 1
v -8.66 -0.75 1.54 1 1 1 1
v -8.98 -0.75 1.54 1 1 1 1
v -8.66 -0.75 1.86 1 1 1 1
v -8.66 -0.75 1.86 1 1 1 1
v -8.34 -0.75 1.54 1 1 1 1
v -8.66 -0.75 1.54 1 1 1 1
v -8.34 -0.75 1.86 1 1 1 1
v -6.74 -0.75 3.46 1 1 1 1
v -6.42 -0.75 3.14 1 1 1 1
v -6.74 -0.75 3.14 1 1 1 1
v -6.42 -0.75 3.46 1 1 1 1
v -6.42 -0.75 3.46 1 1 1 1
v -6.1000000000000005 -0.75 3.14 1 1 1 1
v -6.42 -0.75 3.14 1 1 1 1
v -6.1000000000000005 -0.75 3.46 1 1 1 1
v -6.1000000000000005 -0.75 3.46 1 1 1 1
v -5.78 -0.75 3.14 1 1 1 1
v -6.1000000000000005 -0.75 3.14 1 1 1 1
v -5.78 -0.75 3.46 1 1 1 1
v -8.34 -0.75 1.86 1 1 1 1
v -8.02 -0.75 1.54 1 1 1 1
v -8.34 -0.75 1.54 1 1 1 1
v -8.02 -0.75 1.86 1 1 1 1
v -8.02 -0.75 1.86 1 1 1 1
v -7.7 -0.75 1.54 1 1 1 1
v -8.02 -0.75 1.54 1 1 1 1
v -7.7 -0.75 1.86 1 1 1 1
v -7.7 -0.75 1.86 1 1 1 1
v -7.38 -0.75 1.54 1 1 1 1
v -7.7 -0.75 1.54 1 1 1 1
v -7.38 -0.75 1.86 1 1 1 1
v -7.38 -0.75 1.86 1 1 1 1
v -7.0600000000000005 -0.75 1.54 1 1 1 1
v -7.38 -0.75 1.54 1 1 1 1
v -7.0600000000000005 -0.75 1.86 1 1 1 1
v -7.0600000000000005 -0.75 1.86 1 1 1 1
v -6.74 -0.75 1.54 1 1 1 1
v -7.0600000000000005 -0.75 1.54 1 1 1 1
v -6.74 -0.75 1.86 1 1 1 1
v -6.74 -0.75 1.86 1 1 1 1
v -6.42 -0.75 1.54 1 1 1 1
v -6.74 -0.75 1.54 1 1 1 1
v -6.42 -0.75 1.86 1 1 1 1
v -8.34 -0.75 0.9 1 1 1 1
v -8.02 -0.75 0.58 1 1 1 1
v -8.34 -0.75 0.58 1 1 1 1
v -8.02 -0.75 0.9 1 1 1 1
v -6.42 -0.75 1.86 1 1 1 1
v -6.1000000000000005 -0.75 1.54 1 1 1 1
v -6.42 -0.75 1.54 1 1 1 1
v -6.1000000000000005 -0.75 1.86 1 1 1 1
v -6.1000000000000005 -0.75 1.86 1 1 1 1
v -5.78 -0.75 1.54 1 1 1 1
v -6.1000000000000005 -0.75 1.54 1 1 1 1
v -5.78 -0.75 1.86 1 1 1 1
v -5.78 -0.75 1.86 1 1 1 1
v -5.46 -0.75 1.54 1 1 1 1
v -5.78 -0.75 1.54 1 1 1 1
v -5.46 -0.75 1.86 1 1 1 1
v -10.58 -0.75 2.18 1 1 1 1
v -10.26 -0.75 1.86 1 1 1 1
v -10.58 -0.75 1.86 1 1 1 1
v -10.26 -0.75 2.18 1 1 1 1
v -10.26 -0.75 2.18 1 1 1 1
v -9.94 -0.75 1.86 1 1 1 1
v -10.26 -0.75 1.86 1 1 1 1
v -9.94 -0.75 2.18 1 1 1 1
v -9.94 -0.75 2.18 1 1 1 1
v -9.620000000000001 -0.75 1.86 1 1 1 1
v -9.94 -0.75 1.86 1 1 1 1
v -9.620000000000001 -0.75 2.18 1 1 1 1
v -9.620000000000001 -0.75 2.18 1 1 1 1
v -9.3 -0.75 1.86 1 1 1 1
v -9.620000000000001 -0.75 1.86 1 1 1 1
v -9.3 -0.75 2.18 1 1 1 1
v -9.3 -0.75 2.18 1 1 1 1
v -8.98 -0.75 1.86 1 1 1 1
v -9.3 -0.75 1.86 1 1 1 1
v -8.98 -0.75 2.18 1 1 1 1
v -8.02 -0.75 0.9 1 1 1 1
v -7.7 -0.75 0.58 1 1 1 1
v -8.02 -0.75 0.58 1 1 1 1
v -7.7 -0.75 0.9 1 1 1 1
v -8.98 -0.75 2.18 1 1 1 1
v -8.66 -0.75 1.86 1 1 1 1
v -8.98 -0.75 1.86 1 1 1 1
v -8.66 -0.75 2.18 1 1 1 1
v -8.66 -0.75 2.18 1 1 1 1
v -8.34 -0.75 1.86 1 1 1 1
v -8.66 -0.75 1.86 1 1 1 1
v -8.34 -0.75 2.18 1 1 1 1
v -8.34 -0.75 2.18 1 1 1 1
v -8.02 -0.75 1.86 1 1 1 1
v -8.34 -0.75 1.86 1 1 1 1
v -8.02 -0.75 2.18 1 1 1 1
v -8.02 -0.75 2.18 1 1 1 1
v -7.7 -0.75 1.86 1 1 1 1
v -8.02 -0.75 1.86 1 1 1 1
v -7.7 -0.75 2.18 1 1 1 1
v -7.7 -0.75 0.9 1 1 1 1
v -7.38 -0.75 0.58 1 1 1 1
v -7.7 -0.75 0.58 1 1 1 1
v -7.38 -0.75 0.9 1 1 1 1
v -7.38 -0.75 0.9 1 1 1 1
v -7.0600000000000005 -0.75 0.58 1 1 1 1
v -7.38 -0.75 0.58 1 1 1 1
v -7.0600000000000005 -0.75 0.9 1 1 1 1
v -7.7 -0.75 2.18 1 1 1 1
v -7.38 -0.75 1.86 1 1 1 1
v -7.7 -0.75 1.86 1 1 1 1
v -7.38 -0.75 2.18 1 1 1 1
v -7.38 -0.75 2.18 1 1 1 1
v -7.0600000000000005 -0.75 1.86 1 1 1 1
v -7.38 -0.75 1.86 1 1 1 1
v -7.0600000000000005 -0.75 2.18 1 1 1 1
v -7.0600000000000005 -0.75 2.18 1 1 1 1
v -6.74 -0.75 1.86 1 1 1 1
v -7.0600000000000005 -0.75 1.86 1 1 1 1
v -6.74 -0.75 2.18 1 1 1 1
v -6.74 -0.75 2.18 1 1 1 1
v -6.42 -0.75 1.86 1 1 1 1
v -6.74 -0.75 1.86 1 1 1 1
v -6.42 -0.75 2.18 1 1 1 1
v -6.42 -0.75 2.18 1 1 1 1
v -6.1000000000000005 -0.75 1.86 1 1 1 1
v -6.42 -0.75 1.86 1 1 1 1
v -6.1000000000000005 -0.75 2.18 1 1 1 1
v -6.1000000000000005 -0.75 2.18 1 1 1 1
v -5.78 -0.75 1.86 1 1 1 1
v -6.1000000000000005 -0.75 1.86 1 1 1 1
v -5.78 -0.75 2.18 1 1 1 1
v -5.78 -0.75 2.18 1 1 1 1
v -5.46 -0.75 1.86 1 1 1 1
v -5.78 -0.75 1.86 1 1 1 1
v -5.46 -0.75 2.18 1 1 1 1
v -10.58 -0.75 2.5 1 1 1 1
v -10.26 -0.75 2.18 1 1 1 1
v -10.58 -0.75 2.18 1 1 1 1
v -10.26 -0.75 2.5 1 1 1 1
v -10.26 -0.75 2.5 1 1 1 1
v -9.94 -0.75 2.18 1 1 1 1
v -10.26 -0.75 2.18 1 1 1 1
v -9.94 -0.75 2.5 1 1 1 1
v -9.620000000000001 -0.75 2.5 1 1 1 1
v -9.3 -0.75 2.18 1 1 1 1
v -9.620000000000001 -0.75 2.18 1 1 1 1
v -9.3 -0.75 2.5 1 1 1 1
v -9.3 -0.75 2.5 1 1 1 1
v -8.98 -0.75 2.18 1 1 1 1
v -9.3 -0.75 2.18 1 1 1 1
v -8.98 -0.75 2.5 1 1 1 1
v -8.98 -0.75 2.5 1 1 1 1
v -8.66 -0.75 2.18 1 1 1 1
v -8.98 -0.75 2.18 1 1 1 1
v -8.66 -0.75 2.5 1 1 1 1
v -8.66 -0.75 2.5 1 1 1 1
v -8.34 -0.75 2.18 1 1 1 1
v -8.66 -0.75 2.18 1 1 1 1
v -8.34 -0.75 2.5 1 1 1 1
v -8.34 -0.75 2.5 1 1 1 1
v -8.02 -0.75 2.18 1 1 1 1
v -8.34 -0.75 2.18 1 1 1 1
v -8.02 -0.75 2.5 1 1 1 1
v -8.02 -0.75 2.5 1 1 1 1
v -7.7 -0.75 2.18 1 1 1 1
v -8.02 -0.75 2.18 1 1 1 1
v -7.7 -0.75 2.5 1 1 1 1
v -7.7 -0.75 2.5 1 1 1 1
v -7.38 -0.75 2.18 1 1 1 1
v -7.7 -0.75 2.18 1 1 1 1
v -7.38 -0.75 2.5 1 1 1 1
v -9.94 -0.75 2.5 1 1 1 1
v -9.620000000000001 -0.75 2.18 1 1 1 1
v -9.94 -0.75 2.18 1 1 1 1
v -9.620000000000001 -0.75 2.5 1 1 1 1
v -7.0600000000000005 -0.75 2.5 1 1 1 1
v -6.74 -0.75 2.18 1 1 1 1
v -7.0600000000000005 -0.75 2.18 1 1 1 1
v -6.74 -0.75 2.5 1 1 1 1
v -6.42 -0.75 2.5 1 1 1 1
v -6.1000000000000005 -0.75 2.18 1 1 1 1
v -6.42 -0.75 2.18 1 1 1 1
v -6.1000000000000005 -0.75 2.5 1 1 1 1
v -6.1000000000000005 -0.75 2.5 1 1 1 1
v -5.78 -0.75 2.18 1 1 1 1
v -6.1000000000000005 -0.75 2.18 1 1 1 1
v -5.78 -0.75 2.5 1 1 1 1
v -5.78 -0.75 3.46 1 1 1 1
v -5.46 -0.75 3.14 1 1 1 1
v -5.78 -0.75 3.14 1 1 1 1
v -5.46 -0.75 3.46 1 1 1 1
v -5.78 -0.75 2.5 1 1 1 1
v -5.46 -0.75 2.18 1 1 1 1
v -5.78 -0.75 2.18 1 1 1 1
v -5.46 -0.75 2.5 1 1 1 1
v -7.38 -0.75 2.5 1 1 1 1
v -7.0600000000000005 -0.75 2.18 1 1 1 1
v -7.38 -0.75 2.18 1 1 1 1
v -7.0600000000000005 -0.75 2.5 1 1 1 1
v -6.74 -0.75 2.5 1 1 1 1
v -6.42 -0.75 2.18 1 1 1 1
v -6.74 -0.75 2.18 1 1 1 1
v -6.42 -0.75 2.5 1 1 1 1
v -10.58 -0.75 2.82 1 1 1 1
v -10.26 -0.75 2.5 1 1 1 1
v -10.58 -0.75 2.5 1 1 1 1
v -10.26 -0.75 2.82 1 1 1 1
v -10.58 -0.75 0.9 1 1 1 1
v -10.26 -0.75 0.58 1 1 1 1
v -10.58 -0.75 0.58 1 1 1 1
v -10.26 -0.75 0.9 1 1 1 1
v -10.26 -0.75 2.82 1 1 1 1
v -9.94 -0.75 2.5 1 1 1 1
v -10.26 -0.75 2.5 1 1 1 1
v -9.94 -0.75 2.82 1 1 1 1
v -9.620000000000001 -0.75 2.82 1 1 1 1
v -9.3 -0.75 2.5 1 1 1 1
v -9.620000000000001 -0.75 2.5 1 1 1 1
v -9.3 -0.75 2.82 1 1 1 1
v -9.3 -0.75 2.82 1 1 1 1
v -8.98 -0.75 2.5 1 1 1 1
v -9.3 -0.75 2.5 1 1 1 1
v -8.98 -0.75 2.82 1 1 1 1
v -8.66 -0.75 2.82 1 1 1 1
v -8.34 -0.75 2.5 1 1 1 1
v -8.66 -0.75 2.5 1 1 1 1
v -8.34 -0.75 2.82 1 1 1 1
v -8.02 -0.75 2.82 1 1 1 1
v -7.7 -0.75 2.5 1 1 1 1
v -8.02 -0.75 2.5 1 1 1 1
v -7.7 -0.75 2.82 1 1 1 1
v -7.7 -0.75 2.82 1 1 1 1
v -7.38 -0.75 2.5 1 1 1 1
v -7.7 -0.75 2.5 1 1 1 1
v -7.38 -0.75 2.82 1 1 1 1
v -7.0600000000000005 -0.75 2.82 1 1 1 1
v -6.74 -0.75 2.5 1 1 1 1
v -7.0600000000000005 -0.75 2.5 1 1 1 1
v -6.74 -0.75 2.82 1 1 1 1
v -6.74 -0.75 2.82 1 1 1 1
v -6.42 -0.75 2.5 1 1 1 1
v -6.74 -0.75 2.5 1 1 1 1
v -6.42 -0.75 2.82 1 1 1 1
v -6.42 -0.75 2.82 1 1 1 1
v -6.1000000000000005 -0.75 2.5 1 1 1 1
v -6.42 -0.75 2.5 1 1 1 1
v -6.1000000000000005 -0.75 2.82 1 1 1 1
v -8.34 -0.75 2.82 1 1 1 1
v -8.02 -0.75 2.5 1 1 1 1
v -8.34 -0.75 2.5 1 1 1 1
v -8.02 -0.75 2.82 1 1 1 1
v -8.98 -0.75 2.82 1 1 1 1
v -8.66 -0.75 2.5 1 1 1 1
v -8.98 -0.75 2.5 1 1 1 1
v -8.66 -0.75 2.82 1 1 1 1
v -9.94 -0.75 2.82 1 1 1 1
v -9.620000000000001 -0.75 2.5 1 1 1 1
v -9.94 -0.75 2.5 1 1 1 1
v -9.620000000000001 -0.75 2.82 1 1 1 1
v -7.38 -0.75 2.82 1 1 1 1
v -7.0600000000000005 -0.75 2.5 1 1 1 1
v -7.38 -0.75 2.5 1 1 1 1
v -7.0600000000000005 -0.75 2.82 1 1 1 1
v -6.1000000000000005 -0.75 2.82 1 1 1 1
v -5.78 -0.75 2.5 1 1 1 1
v -6.1000000000000005 -0.75 2.5 1 1 1 1
v -5.78 -0.75 2.82 1 1 1 1
v -5.78 -0.75 2.82 1 1 1 1
v -5.46 -0.75 2.5 1 1 1 1
v -5.78 -0.75 2.5 1 1 1 1
v -5.46 -0.75 2.82 1 1 1 1
v -10.58 -0.75 3.14 1 1 1 1
v -10.26 -0.75 2.82 1 1 1 1
v -10.58 -0.75 2.82 1 1 1 1
v -10.26 -0.75 3.14 1 1 1 1
v -9.94 -0.75 3.14 1 1 1 1
v -9.620000000000001 -0.75 2.82 1 1 1 1
v -9.94 -0.75 2.82 1 1 1 1
v -9.620000000000001 -0.75 3.14 1 1 1 1
v -9.3 -0.75 3.14 1 1 1 1
v -8.98 -0.75 2.82 1 1 1 1
v -9.3 -0.75 2.82 1 1 1 1
v -8.98 -0.75 3.14 1 1 1 1
v -8.98 -0.75 3.14 1 1 1 1
v -8.66 -0.75 2.82 1 1 1 1
v -8.98 -0.75 2.82 1 1 1 1
v -8.66 -0.75 3.14 1 1 1 1
v -8.66 -0.75 3.14 1 1 1 1
v -8.34 -0.75 2.82 1 1 1 1
v -8.66 -0.75 2.82 1 1 1 1
v -8.34 -0.75 3.14 1 1 1 1
v -8.34 -0.75 3.14 1 1 1 1
v -8.02 -0.75 2.82 1 1 1 1
v -8.34 -0.75 2.82 1 1 1 1
v -8.02 -0.75 3.14 1 1 1 1
v -8.02 -0.75 3.14 1 1 1 1
v -7.7 -0.75 2.82 1 1 1 1
v -8.02 -0.75 2.82 1 1 1 1
v -7.7 -0.75 3.14 1 1 1 1
v -7.7 -0.75 3.14 1 1 1 1
v -7.38 -0.75 2.82 1 1 1 1
v -7.7 -0.75 2.82 1 1 1 1
v -7.38 -0.75 3.14 1 1 1 1
v -9.620000000000001 -0.75 3.14 1 1 1 1
v -9.3 -0.75 2.82 1 1 1 1
v -9.620000000000001 -0.75 2.82 1 1 1 1
v -9.3 -0.75 3.14 1 1 1 1
v -10.26 -0.75 3.14 1 1 1 1
v -9.94 -0.75 2.82 1 1 1 1
v -10.26 -0.75 2.82 1 1 1 1
v -9.94 -0.75 3.14 1 1 1 1
v -7.0600000000000005 -0.75 3.14 1 1 1 1
v -6.74 -0.75 2.82 1 1 1 1
v -7.0600000000000005 -0.75 2.82 1 1 1 1
v -6.74 -0.75 3.14 1 1 1 1
v -6.74 -0.75 3.14 1 1 1 1
v -6.42 -0.75 2.82 1 1 1 1
v -6.74 -0.75 2.82 1 1 1 1
v -6.42 -0.75 3.14 1 1 1 1
v -6.42 -0.75 3.14 1 1 1 1
v -6.1000000000000005 -0.75 2.82 1 1 1 1
v -6.42 -0.75 2.82 1 1 1 1
v -6.1000000000000005 -0.75 3.14 1 1 1 1
v -6.1000000000000005 -0.75 3.14 1 1 1 1
v -5.78 -0.75 2.82 1 1 1 1
v -6.1000000000000005 -0.75 2.82 1 1 1 1
v -5.78 -0.75 3.14 1 1 1 1
v -5.78 -0.75 3.14 1 1 1 1
v -5.46 -0.75 2.82 1 1 1 1
v -5.78 -0.75 2.82 1 1 1 1
v -5.46 -0.75 3.14 1 1 1 1
v -7.38 -0.75 3.14 1 1 1 1
v -7.0600000000000005 -0.75 2.82 1 1 1 1
v -7.38 -0.75 2.82 1 1 1 1
v -7.0600000000000005 -0.75 3.14 1 1 1 1
v -10.26 -0.75 0.9 1 1 1 1
v -9.94 -0.75 0.58 1 1 1 1
v -10.26 -0.75 0.58 1 1 1 1
v -9.94 -0.75 0.9 1 1 1 1
v -9.94 -0.75 0.9 1 1 1 1
v -9.620000000000001 -0.75 0.58 1 1 1 1
v -9.94 -0.75 0.58 1 1 1 1
v -9.620000000000001 -0.75 0.9 1 1 1 1
v -10.58 -0.75 3.46 1 1 1 1
v -10.26 -0.75 3.14 1 1 1 1
v -10.58 -0.75 3.14 1 1 1 1
v -10.26 -0.75 3.46 1 1 1 1
v -10.26 -0.75 3.46 1 1 1 1
v -9.94 -0.75 3.14 1 1 1 1
v -10.26 -0.75 3.14 1 1 1 1
v -9.94 -0.75 3.46 1 1 1 1
v -9.620000000000001 -0.75 3.46 1 1 1 1
v -9.3 -0.75 3.14 1 1 1 1
v -9.620000000000001 -0.75 3.14 1 1 1 1
v -9.3 -0.75 3.46 1 1 1 1
v -9.3 -0.75 3.46 1 1 1 1
v -8.98 -0.75 3.14 1 1 1 1
v -9.3 -0.75 3.14 1 1 1 1
v -8.98 -0.75 3.46 1 1 1 1
v -8.98 -0.75 3.46 1 1 1 1
v -8.66 -0.75 3.14 1 1 1 1
v -8.98 -0.75 3.14 1 1 1 1
v -8.66 -0.75 3.46 1 1 1 1
v -8.66 -0.75 3.46 1 1 1 1
v -8.34 -0.75 3.14 1 1 1 1
v -8.66 -0.75 3.14 1 1 1 1
v -8.34 -0.75 3.46 1 1 1 1
v -8.34 -0.75 3.46 1 1 1 1
v -8.02 -0.75 3.14 1 1 1 1
v -8.34 -0.75 3.14 1 1 1 1
v -8.02 -0.75 3.46 1 1 1 1
v -9.94 -0.75 3.46 1 1 1 1
v -9.620000000000001 -0.75 3.14 1 1 1 1
v -9.94 -0.75 3.14 1 1 1 1
v -9.620000000000001 -0.75 3.46 1 1 1 1
v -8.02 -0.75 3.46 1 1 1 1
v -7.7 -0.75 3.14 1 1 1 1
v -8.02 -0.75 3.14 1 1 1 1
v -7.7 -0.75 3.46 1 1 1 1
v -7.7 -0.75 3.46 1 1 1 1
v -7.38 -0.75 3.14 1 1 1 1
v -7.7 -0.75 3.14 1 1 1 1
v -7.38 -0.75 3.46 1 1 1 1
v -7.38 -0.75 3.46 1 1 1 1
v -7.0600000000000005 -0.75 3.14 1 1 1 1
v -7.38 -0.75 3.14 1 1 1 1
v -7.0600000000000005 -0.75 3.46 1 1 1 1
v -7.0600000000000005 -0.75 0.9 1 1 1 1
v -6.74 -0.75 0.58 1 1 1 1
v -7.0600000000000005 -0.75 0.58 1 1 1 1
v -6.74 -0.75 0.9 1 1 1 1
v -6.74 -0.75 0.9 1 1 1 1
v -6.42 -0.75 0.58 1 1 1 1
v -6.74 -0.75 0.58 1 1 1 1
v -6.42 -0.75 0.9 1 1 1 1
v -6.42 -0.75 0.9 1 1 1 1
v -6.1000000000000005 -0.75 0.58 1 1 1 1
v -6.42 -0.75 0.58 1 1 1 1
v -6.1000000000000005 -0.75 0.9 1 1 1 1
v -6.1000000000000005 -0.75 0.9 1 1 1 1
v -5.78 -0.75 0.58 1 1 1 1
v -6.1000000000000005 -0.75 0.58 1 1 1 1
v -5.78 -0.75 0.9 1 1 1 1
v -5.78 -0.75 0.9 1 1 1 1
v -5.46 -0.75 0.58 1 1 1 1
v -5.78 -0.75 0.58 1 1 1 1
v -5.46 -0.75 0.9 1 1 1 1
v -7.0600000000000005 -0.75 3.46 1 1 1 1
v -6.74 -0.75 3.14 1 1 1 1
v -7.0600000000000005 -0.75 3.14 1 1 1 1
v -6.74 -0.75 3.46 1 1 1 1
v -9.620000000000001 -0.75 0.9 1 1 1 1
v -9.3 -0.75 0.58 1 1 1 1
v -9.620000000000001 -0.75 0.58 1 1 1 1
v -9.3 -0.75 0.9 1 1 1 1
v -9.3 -0.75 0.9 1 1 1 1
v -8.98 -0.75 0.58 1 1 1 1
v -9.3 -0.75 0.58 1 1 1 1
v -8.98 -0.75 0.9 1 1 1 1
v -8.98 -0.75 0.9 1 1 1 1
v -8.66 -0.75 0.58 1 1 1 1
v -8.98 -0.75 0.58 1 1 1 1
v -8.66 -0.75 0.9 1 1 1 1
v -8.66 -0.75 0.9 1 1 1 1
v -8.34 -0.75 0.58 1 1 1 1
v -8.66 -0.75 0.58 1 1 1 1
v -8.34 -0.75 0.9 1 1 1 1
v -10.58 -0.75 1.22 1 1 1 1
v -10.26 -0.75 0.9 1 1 1 1
v -10.58 -0.75 0.9 1 1 1 1
v -10.26 -0.75 1.22 1 1 1 1
v -10.26 -0.75 1.22 1 1 1 1
v -9.94 -0.75 0.9 1 1 1 1
v -10.26 -0.75 0.9 1 1 1 1
v -9.94 -0.75 1.22 1 1 1 1
v -9.94 -0.75 1.22 1 1 1 1
v -9.620000000000001 -0.75 0.9 1 1 1 1
v -9.94 -0.75 0.9 1 1 1 1
v -9.620000000000001 -0.75 1.22 1 1 1 1
v -9.620000000000001 -0.75 1.22 1 1 1 1
v -9.3 -0.75 0.9 1 1 1 1
v -9.620000000000001 -0.75 0.9 1 1 1 1
v -9.3 -0.75 1.22 1 1 1 1
v -9.3 -0.75 1.22 1 1 1 1
v -8.98 -0.75 0.9 1 1 1 1
v -9.3 -0.75 0.9 1 1 1 1
v -8.98 -0.75 1.22 1 1 1 1
v -8.98 -0.75 1.22 1 1 1 1
v -8.66 -0.75 0.9 1 1 1 1
v -8.98 -0.75 0.9 1 1 1 1
v -8.66 -0.75 1.22 1 1 1 1
v -8.66 -0.75 1.22 1 1 1 1
v -8.34 -0.75 0.9 1 1 1 1
v -8.66 -0.75 0.9 1 1 1 1
v -8.34 -0.75 1.22 1 1 1 1
v -8.34 -0.75 1.22 1 1 1 1
v -8.02 -0.75 0.9 1 1 1 1
v -8.34 -0.75 0.9 1 1 1 1
v -8.02 -0.75 1.22 1 1 1 1
v -8.02 -0.75 1.22 1 1 1 1
v -7.7 -0.75 0.9 1 1 1 1
v -8.02 -0.75 0.9 1 1 1 1
v -7.7 -0.75 1.22 1 1 1 1
v -7.7 -0.75 1.22 1 1 1 1
v -7.38 -0.75 0.9 1 1 1 1
v -7.7 -0.75 0.9 1 1 1 1
v -7.38 -0.75 1.22 1 1 1 1
v -7.38 -0.75 1.22 1 1 1 1
v -7.0600000000000005 -0.75 0.9 1 1 1 1
v -7.38 -0.75 0.9 1 1 1 1
v -7.0600000000000005 -0.75 1.22 1 1 1 1
v -7.0600000000000005 -0.75 1.22 1 1 1 1
v -6.74 -0.75 0.9 1 1 1 1
v -7.0600000000000005 -0.75 0.9 1 1 1 1
v -6.74 -0.75 1.22 1 1 1 1
v -6.74 -0.75 1.22 1 1 1 1
v -6.42 -0.75 0.9 1 1 1 1
v -6.74 -0.75 0.9 1 1 1 1
v -6.42 -0.75 1.22 1 1 1 1
v -6.42 -0.75 1.22 1 1 1 1
v -6.1000000000000005 -0.75 0.9 1 1 1 1
v -6.42 -0.75 0.9 1 1 1 1
v -6.1000000000000005 -0.75 1.22 1 1 1 1
v -6.1000000000000005 -0.75 1.22 1 1 1 1
v -5.78 -0.75 0.9 1 1 1 1
v -6.1000000000000005 -0.75 0.9 1 1 1 1
v -5.78 -0.75 1.22 1 1 1 1
v -5.78 -0.75 1.22 1 1 1 1
v -5.46 -0.75 0.9 1 1 1 1
v -5.78 -0.75 0.9 1 1 1 1
v -5.46 -0.75 1.22 1 1 1 1
v -10.58 -0.75 1.54 1 1 1 1
v -10.26 -0.75 1.22 1 1 1 1
v -10.58 -0.75 1.22 1 1 1 1
v -10.26 -0.75 1.54 1 1 1 1
v -10.26 -0.75 1.54 1 1 1 1
v -9.94 -0.75 1.22 1 1 1 1
v -10.26 -0.75 1.22 1 1 1 1
v -9.94 -0.75 1.54 1 1 1 1
v -9.94 -0.75 1.54 1 1 1 1
v -9.620000000000001 -0.75 1.22 1 1 1 1
v -9.94 -0.75 1.22 1 1 1 1
v -9.620000000000001 -0.75 1.54 1 1 1 1
v -9.620000000000001 -0.75 1.54 1 1 1 1
v -9.3 -0.75 1.22 1 1 1 1
v -9.620000000000001 -0.75 1.22 1 1 1 1
v -9.3 -0.75 1.54 1 1 1 1
v -8.98 -0.75 1.54 1 1 1 1
v -8.66 -0.75 1.22 1 1 1 1
v -8.98 -0.75 1.22 1 1 1 1
v -8.66 -0.75 1.54 1 1 1 1
v -8.66 -0.75 1.54 1 1 1 1
v -8.34 -0.75 1.22 1 1 1 1
v -8.66 -0.75 1.22 1 1 1 1
v -8.34 -0.75 1.54 1 1 1 1
v -8.34 -0.75 1.54 1 1 1 1
v -8.02 -0.75 1.22 1 1 1 1
v -8.34 -0.75 1.22 1 1 1 1
v -8.02 -0.75 1.54 1 1 1 1
v -8.02 -0.75 1.54 1 1 1 1
v -7.7 -0.75 1.22 1 1 1 1
v -8.02 -0.75 1.22 1 1 1 1
v -7.7 -0.75 1.54 1 1 1 1
v -7.7 -0.75 1.54 1 1 1 1
v -7.38 -0.75 1.22 1 1 1 1
v -7.7 -0.75 1.22 1 1 1 1
v -7.38 -0.75 1.54 1 1 1 1
v -7.38 -0.75 1.54 1 1 1 1
v -7.0600000000000005 -0.75 1.22 1 1 1 1
v -7.38 -0.75 1.22 1 1 1 1
v -7.0600000000000005 -0.75 1.54 1 1 1 1
v -9.3 -0.75 1.54 1 1 1 1
v -8.98 -0.75 1.22 1 1 1 1
v -9.3 -0.75 1.22 1 1 1 1
v -8.98 -0.75 1.54 1 1 1 1
v -6.74 -0.75 1.54 1 1 1 1
v -6.42 -0.75 1.22 1 1 1 1
v -6.74 -0.75 1.22 1 1 1 1
v -6.42 -0.75 1.54 1 1 1 1
v -6.42 -0.75 1.54 1 1 1 1
v -6.1000000000000005 -0.75 1.22 1 1 1 1
v -6.42 -0.75 1.22 1 1 1 1
v -6.1000000000000005 -0.75 1.54 1 1 1 1
v -6.1000000000000005 -0.75 1.54 1 1 1 1
v -5.78 -0.75 1.22 1 1 1 1
v -6.1000000000000005 -0.75 1.22 1 1 1 1
v -5.78 -0.75 1.54 1 1 1 1
v -5.78 -0.75 1.54 1 1 1 1
v -5.46 -0.75 1.22 1 1 1 1
v -5.78 -0.75 1.22 1 1 1 1
v -5.46 -0.75 1.54 1 1 1 1
v 10.22 -0.75 1.54 1 1 1 1
v 10.540000000000001 -0.75 1.22 1 1 1 1
v 10.22 -0.75 1.22 1 1 1 1
v 10.540000000000001 -0.75 1.54 1 1 1 1
v 6.7 -0.75 1.86 1 1 1 1
v 7.0200000000000005 -0.75 1.54 1 1 1 1
v 6.7 -0.75 1.54 1 1 1 1
v 7.0200000000000005 -0.75 1.86 1 1 1 1
v 7.0200000000000005 -0.75 1.86 1 1 1 1
v 7.34 -0.75 1.54 1 1 1 1
v 7.0200000000000005 -0.75 1.54 1 1 1 1
v 7.34 -0.75 1.86 1 1 1 1
v 7.34 -0.75 1.86 1 1 1 1
v 7.66 -0.75 1.54 1 1 1 1
v 7.34 -0.75 1.54 1 1 1 1
v 7.66 -0.75 1.86 1 1 1 1
v 7.66 -0.75 1.86 1 1 1 1
v 7.98 -0.75 1.54 1 1 1 1
v 7.66 -0.75 1.54 1 1 1 1
v 7.98 -0.75 1.86 1 1 1 1
v 7.98 -0.75 1.86 1 1 1 1
v 8.3 -0.75 1.54 1 1 1 1
v 7.98 -0.75 1.54 1 1 1 1
v 8.3 -0.75 1.86 1 1 1 1
v 8.3 -0.75 1.86 1 1 1 1
v 8.620000000000001 -0.75 1.54 1 1 1 1
v 8.3 -0.75 1.54 1 1 1 1
v 8.620000000000001 -0.75 1.86 1 1 1 1
v 8.620000000000001 -0.75 1.86 1 1 1 1
v 8.94 -0.75 1.54 1 1 1 1
v 8.620000000000001 -0.75 1.54 1 1 1 1
v 8.94 -0.75 1.86 1 1 1 1
v 10.540000000000001 -0.75 3.46 1 1 1 1
v 10.86 -0.75 3.14 1 1 1 1
v 10.540000000000001 -0.75 3.14 1 1 1 1
v 10.86 -0.75 3.46 1 1 1 1
v 10.86 -0.75 3.46 1 1 1 1
v 11.18 -0.75 3.14 1 1 1 1
v 10.86 -0.75 3.14 1 1 1 1
v 11.18 -0.75 3.46 1 1 1 1
v 11.18 -0.75 3.46 1 1 1 1
v 11.5 -0.75 3.14 1 1 1 1
v 11.18 -0.75 3.14 1 1 1 1
v 11.5 -0.75 3.46 1 1 1 1
v 8.94 -0.75 1.86 1 1 1 1
v 9.26 -0.75 1.54 1 1 1 1
v 8.94 -0.75 1.54 1 1 1 1
v 9.26 -0.75 1.86 1 1 1 1
v 9.26 -0.75 1.86 1 1 1 1
v 9.58 -0.75 1.54 1 1 1 1
v 9.26 -0.75 1.54 1 1 1 1
v 9.58 -0.75 1.86 1 1 1 1
v 9.58 -0.75 1.86 1 1 1 1
v 9.9 -0.75 1.54 1 1 1 1
v 9.58 -0.75 1.54 1 1 1 1
v 9.9 -0.75 1.86 1 1 1 1
v 9.9 -0.75 1.86 1 1 1 1
v 10.22 -0.75 1.54 1 1 1 1
v 9.9 -0.75 1.54 1 1 1 1
v 10.22 -0.75 1.86 1 1 1 1
v 10.22 -0.75 1.86 1 1 1 1
v 10.540000000000001 -0.75 1.54 1 1 1 1
v 10.22 -0.75 1.54 1 1 1 1
v 10.540000000000001 -0.75 1.86 1 1 1 1
v 10.540000000000001 -0.75 1.86 1 1 1 1
v 10.86 -0.75 1.54 1 1 1 1
v 10.540000000000001 -0.75 1.54 1 1 1 1
v 10.86 -0.75 1.86 1 1 1 1
v 8.94 -0.75 0.9 1 1 1 1
v 9.26 -0.75 0.58 1 1 1 1
v 8.94 -0.75 0.58 1 1 1 1
v 9.26 -0.75 0.9 1 1 1 1
v 10.86 -0.75 1.86 1 1 1 1
v 11.18 -0.75 1.54 1 1 1 1
v 10.86 -0.75 1.54 1 1 1 1
v 11.18 -0.75 1.86 1 1 1 1
v 11.18 -0.75 1.86 1 1 1 1
v 11.5 -0.75 1.54 1 1 1 1
v 11.18 -0.75 1.54 1 1 1 1
v 11.5 -0.75 1.86 1 1 1 1
v 11.5 -0.75 1.86 1 1 1 1
v 11.82 -0.75 1.54 1 1 1 1
v 11.5 -0.75 1.54 1 1 1 1
v 11.82 -0.75 1.86 1 1 1 1
v 6.7 -0.75 2.18 1 1 1 1
v 7.0200000000000005 -0.75 1.86 1 1 1 1
v 6.7 -0.75 1.86 1 1 1 1
v 7.0200000000000005 -0.75 2.18 1 1 1 1
v 7.0200000000000005 -0.75 2.18 1 1 1 1
v 7.34 -0.75 1.86 1 1 1 1
v 7.0200000000000005 -0.75 1.86 1 1 1 1
v 7.34 -0.75 2.18 1 1 1 1
v 7.34 -0.75 2.18 1 1 1 1
v 7.66 -0.75 1.86 1 1 1 1
v 7.34 -0.75 1.86 1 1 1 1
v 7.66 -0.75 2.18 1 1 1 1
v 7.66 -0.75 2.18 1 1 1 1
v 7.98 -0.75 1.86 1 1 1 1
v 7.66 -0.75 1.86 1 1 1 1
v 7.98 -0.75 2.18 1 1 1 1
v 7.98 -0.75 2.18 1 1 1 1
v 8.3 -0.75 1.86 1 1 1 1
v 7.98 -0.75 1.86 1 1 1 1
v 8.3 -0.75 2.18 1 1 1 1
v 9.26 -0.75 0.9 1 1 1 1
v 9.58 -0.75 0.58 1 1 1 1
v 9.26 -0.75 0.58 1 1 1 1
v 9.58 -0.75 0.9 1 1 1 1
v 8.3 -0.75 2.18 1 1 1 1
v 8.620000000000001 -0.75 1.86 1 1 1 1
v 8.3 -0.75 1.86 1 1 1 1
v 8.620000000000001 -0.75 2.18 1 1 1 1
v 8.620000000000001 -0.75 2.18 1 1 1 1
v 8.94 -0.75 1.86 1 1 1 1
v 8.620000000000001 -0.75 1.86 1 1 1 1
v 8.94 -0.75 2.18 1 1 1 1
v 8.94 -0.75 2.18 1 1 1 1
v 9.26 -0.75 1.86 1 1 1 1
v 8.94 -0.75 1.86 1 1 1 1
v 9.26 -0.75 2.18 1 1 1 1
v 9.26 -0.75 2.18 1 1 1 1
v 9.58 -0.75 1.86 1 1 1 1
v 9.26 -0.75 1.86 1 1 1 1
v 9.58 -0.75 2.18 1 1 1 1
v 9.58 -0.75 0.9 1 1 1 1
v 9.9 -0.75 0.58 1 1 1 1
v 9.58 -0.75 0.58 1 1 1 1
v 9.9 -0.75 0.9 1 1 1 1
v 9.9 -0.75 0.9 1 1 1 1
v 10.22 -0.75 0.58 1 1 1 1
v 9.9 -0.75 0.58 1 1 1 1
v 10.22 -0.75 0.9 1 1 1 1
v 9.58 -0.75 2.18 1 1 1 1
v 9.9 -0.75 1.86 1 1 1 1
v 9.58 -0.75 1.86 1 1 1 1
v 9.9 -0.75 2.18 1 1 1 1
v 9.9 -0.75 2.18 1 1 1 1
v 10.22 -0.75 1.86 1 1 1 1
v 9.9 -0.75 1.86 1 1 1 1
v 10.22 -0.75 2.18 1 1 1 1
v 10.22 -0.75 2.18 1 1 1 1
v 10.540000000000001 -0.75 1.86 1 1 1 1
v 10.22 -0.75 1.86 1 1 1 1
v 10.540000000000001 -0.75 2.18 1 1 1 1
v 10.540000000000001 -0.75 2.18 1 1 1 1
v 10.86 -0.75 1.86 1 1 1 1
v 10.540000000000001 -0.75 1.86 1 1 1 1
v 10.86 -0.75 2.18 1 1 1 1
v 10.86 -0.75 2.18 1 1 1 1
v 11.18 -0.75 1.86 1 1 1 1
v 10.86 -0.75 1.86 1 1 1 1
v 11.18 -0.75 2.18 1 1 1 1
v 11.18 -0.75 2.18 1 1 1 1
v 11.5 -0.75 1.86 1 1 1 1
v 11.18 -0.75 1.86 1 1 1 1
v 11.5 -0.75 2.18 1 1 1 1
v 11.5 -0.75 2.18 1 1 1 1
v 11.82 -0.75 1.86 1 1 1 1
v 11.5 -0.75 1.86 1 1 1 1
v 11.82 -0.75 2.18 1 1 1 1
v 6.7 -0.75 2.5 1 1 1 1
v 7.0200000000000005 -0.75 2.18 1 1 1 1
v 6.7 -0.75 2.18 1 1 1 1
v 7.0200000000000005 -0.75 2.5 1 1 1 1
v 7.0200000000000005 -0.75 2.5 1 1 1 1
v 7.34 -0.75 2.18 1 1 1 1
v 7.0200000000000005 -0.75 2.18 1 1 1 1
v 7.34 -0.75 2.5 1 1 1 1
v 7.66 -0.75 2.5 1 1 1 1
v 7.98 -0.75 2.18 1 1 1 1
v 7.66 -0.75 2.18 1 1 1 1
v 7.98 -0.75 2.5 1 1 1 1
v 7.98 -0.75 2.5 1 1 1 1
v 8.3 -0.75 2.18 1 1 1 1
v 7.98 -0.75 2.18 1 1 1 1
v 8.3 -0.75 2.5 1 1 1 1
v 8.3 -0.75 2.5 1 1 1 1
v 8.620000000000001 -0.75 2.18 1 1 1 1
v 8.3 -0.75 2.18 1 1 1 1
v 8.620000000000001 -0.75 2.5 1 1 1 1
v 8.620000000000001 -0.75 2.5 1 1 1 1
v 8.94 -0.75 2.18 1 1 1 1
v 8.620000000000001 -0.75 2.18 1 1 1 1
v 8.94 -0.75 2.5 1 1 1 1
v 8.94 -0.75 2.5 1 1 1 1
v 9.26 -0.75 2.18 1 1 1 1
v 8.94 -0.75 2.18 1 1 1 1
v 9.26 -0.75 2.5 1 1 1 1
v 9.26 -0.75 2.5 1 1 1 1
v 9.58 -0.75 2.18 1 1 1 1
v 9.26 -0.75 2.18 1 1 1 1
v 9.58 -0.75 2.5 1 1 1 1
v 9.58 -0.75 2.5 1 1 1 1
v 9.9 -0.75 2.18 1 1 1 1
v 9.58 -0.75 2.18 1 1 1 1
v 9.9 -0.75 2.5 1 1 1 1
v 7.34 -0.75 2.5 1 1 1 1
v 7.66 -0.75 2.18 1 1 1 1
v 7.34 -0.75 2.18 1 1 1 1
v 7.66 -0.75 2.5 1 1 1 1
v 10.22 -0.75 2.5 1 1 1 1
v 10.540000000000001 -0.75 2.18 1 1 1 1
v 10.22 -0.75 2.18 1 1 1 1
v 10.540000000000001 -0.75 2.5 1 1 1 1
v 10.86 -0.75 2.5 1 1 1 1
v 11.18 -0.75 2.18 1 1 1 1
v 10.86 -0.75 2.18 1 1 1 1
v 11.18 -0.75 2.5 1 1 1 1
v 11.18 -0.75 2.5 1 1 1 1
v 11.5 -0.75 2.18 1 1 1 1
v 11.18 -0.75 2.18 1 1 1 1
v 11.5 -0.75 2.5 1 1 1 1
v 11.5 -0.75 3.46 1 1 1 1
v 11.82 -0.75 3.14 1 1 1 1
v 11.5 -0.75 3.14 1 1 1 1
v 11.82 -0.75 3.46 1 1 1 1
v 11.5 -0.75 2.5 1 1 1 1
v 11.82 -0.75 2.18 1 1 1 1
v 11.5 -0.75 2.18 1 1 1 1
v 11.82 -0.75 2.5 1 1 1 1
v 9.9 -0.75 2.5 1 1 1 1
v 10.22 -0.75 2.18 1 1 1 1
v 9.9 -0.75 2.18 1 1 1 1
v 10.22 -0.75 2.5 1 1 1 1
v 10.540000000000001 -0.75 2.5 1 1 1 1
v 10.86 -0.75 2.18 1 1 1 1
v 10.540000000000001 -0.75 2.18 1 1 1 1
v 10.86 -0.75 2.5 1 1 1 1
v 6.7 -0.75 2.82 1 1 1 1
v 7.0200000000000005 -0.75 2.5 1 1 1 1
v 6.7 -0.75 2.5 1 1 1 1
v 7.0200000000000005 -0.75 2.82 1 1 1 1
v 6.7 -0.75 0.9 1 1 1 1
v 7.0200000000000005 -0.75 0.58 1 1 1 1
v 6.7 -0.75 0.58 1 1 1 1
v 7.0200000000000005 -0.75 0.9 1 1 1 1
v 7.0200000000000005 -0.75 2.82 1 1 1 1
v 7.34 -0.75 2.5 1 1 1 1
v 7.0200000000000005 -0.75 2.5 1 1 1 1
v 7.34 -0.75 2.82 1 1 1 1
v 7.66 -0.75 2.82 1 1 1 1
v 7.98 -0.75 2.5 1 1 1 1
v 7.66 -0.75 2.5 1 1 1 1
v 7.98 -0.75 2.82 1 1 1 1
v 7.98 -0.75 2.82 1 1 1 1
v 8.3 -0.75 2.5 1 1 1 1
v 7.98 -0.75 2.5 1 1 1 1
v 8.3 -0.75 2.82 1 1 1 1
v 8.620000000000001 -0.75 2.82 1 1 1 1
v 8.94 -0.75 2.5 1 1 1 1
v 8.620000000000001 -0.75 2.5 1 1 1 1
v 8.94 -0.75 2.82 1 1 1 1
v 9.26 -0.75 2.82 1 1 1 1
v 9.58 -0.75 2.5 1 1 1 1
v 9.26 -0.75 2.5 1 1 1 1
v 9.58 -0.75 2.82 1 1 1 1
v 9.58 -0.75 2.82 1 1 1 1
v 9.9 -0.75 2.5 1 1 1 1
v 9.58 -0.75 2.5 1 1 1 1
v 9.9 -0.75 2.82 1 1 1 1
v 10.22 -0.75 2.82 1 1 1 1
v 10.540000000000001 -0.75 2.5 1 1 1 1
v 10.22 -0.75 2.5 1 1 1 1
v 10.540000000000001 -0.75 2.82 1 1 1 1
v 10.540000000000001 -0.75 2.82 1 1 1 1
v 10.86 -0.75 2.5 1 1 1 1
v 10.540000000000001 -0.75 2.5 1 1 1 1
v 10.86 -0.75 2.82 1 1 1 1
v 10.86 -0.75 2.82 1 1 1 1
v 11.18 -0.75 2.5 1 1 1 1
v 10.86 -0.75 2.5 1 1 1 1
v 11.18 -0.75 2.82 1 1 1 1
v 8.94 -0.75 2.82 1 1 1 1
v 9.26 -0.75 2.5 1 1 1 1
v 8.94 -0.75 2.5 1 1 1 1
v 9.26 -0.75 2.82 1 1 1 1
v 8.3 -0.75 2.82 1 1 1 1
v 8.620000000000001 -0.75 2.5 1 1 1 1
v 8.3 -0.75 2.5 1 1 1 1
v 8.620000000000001 -0.75 2.82 1 1 1 1
v 7.34 -0.75 2.82 1 1 1 1
v 7.66 -0.75 2.5 1 1 1 1
v 7.34 -0.75 2.5 1 1 1 1
v 7.66 -0.75 2.82 1 1 1 1
v 9.9 -0.75 2.82 1 1 1 1
v 10.22 -0.75 2.5 1 1 1 1
v 9.9 -0.75 2.5 1 1 1 1
v 10.22 -0.75 2.82 1 1 1 1
v 11.18 -0.75 2.82 1 1 1 1
v 11.5 -0.75 2.5 1 1 1 1
v 11.18 -0.75 2.5 1 1 1 1
v 11.5 -0.75 2.82 1 1 1 1
v 11.5 -0.75 2.82 1 1 1 1
v 11.82 -0.75 2.5 1 1 1 1
v 11.5 -0.75 2.5 1 1 1 1
v 11.82 -0.75 2.82 1 1 1 1
v 6.7 -0.75 3.14 1 1 1 1
v 7.0200000000000005 -0.75 2.82 1 1 1 1
v 6.7 -0.75 2.82 1 1 1 1
v 7.0200000000000005 -0.75 3.14 1 1 1 1
v 7.34 -0.75 3.14 1 1 1 1
v 7.66 -0.75 2.82 1 1 1 1
v 7.34 -0.75 2.82 1 1 1 1
v 7.66 -0.75 3.14 1 1 1 1
v 7.98 -0.75 3.14 1 1 1 1
v 8.3 -0.75 2.82 1 1 1 1
v 7.98 -0.75 2.82 1 1 1 1
v 8.3 -0.75 3.14 1 1 1 1
v 8.3 -0.75 3.14 1 1 1 1
v 8.620000000000001 -0.75 2.82 1 1 1 1
v 8.3 -0.75 2.82 1 1 1 1
v 8.620000000000001 -0.75 3.14 1 1 1 1
v 8.620000000000001 -0.75 3.14 1 1 1 1
v 8.94 -0.75 2.82 1 1 1 1
v 8.620000000000001 -0.75 2.82 1 1 1 1
v 8.94 -0.75 3.14 1 1 1 1
v 8.94 -0.75 3.14 1 1 1 1
v 9.26 -0.75 2.82 1 1 1 1
v 8.94 -0.75 2.82 1 1 1 1
v 9.26 -0.75 3.14 1 1 1 1
v 9.26 -0.75 3.14 1 1 1 1
v 9.58 -0.75 2.82 1 1 1 1
v 9.26 -0.75 2.82 1 1 1 1
v 9.58 -0.75 3.14 1 1 1 1
v 9.58 -0.75 3.14 1 1 1 1
v 9.9 -0.75 2.82 1 1 1 1
v 9.58 -0.75 2.82 1 1 1 1
v 9.9 -0.75 3.14 1 1 1 1
v 7.66 -0.75 3.14 1 1 1 1
v 7.98 -0.75 2.82 1 1 1 1
v 7.66 -0.75 2.82 1 1 1 1
v 7.98 -0.75 3.14 1 1 1 1
v 7.0200000000000005 -0.75 3.14 1 1 1 1
v 7.34 -0.75 2.82 1 1 1 1
v 7.0200000000000005 -0.75 2.82 1 1 1 1
v 7.34 -0.75 3.14 1 1 1 1
v 10.22 -0.75 3.14 1 1 1 1
v 10.540000000000001 -0.75 2.82 1 1 1 1
v 10.22 -0.75 2.82 1 1 1 1
v 10.540000000000001 -0.75 3.14 1 1 1 1
v 10.540000000000001 -0.75 3.14 1 1 1 1
v 10.86 -0.75 2.82 1 1 1 1
v 10.540000000000001 -0.75 2.82 1 1 1 1
v 10.86 -0.75 3.14 1 1 1 1
v 10.86 -0.75 3.14 1 1 1 1
v 11.18 -0.75 2.82 1 1 1 1
v 10.86 -0.75 2.82 1 1 1 1
v 11.18 -0.75 3.14 1 1 1 1
v 11.18 -0.75 3.14 1 1 1 1
v 11.5 -0.75 2.82 1 1 1 1
v 11.18 -0.75 2.82 1 1 1 1
v 11.5 -0.75 3.14 1 1 1 1
v 11.5 -0.75 3.14 1 1 1 1
v 11.82 -0.75 2.82 1 1 1 1
v 11.5 -0.75 2.82 1 1 1 1
v 11.82 -0.75 3.14 1 1 1 1
v 9.9 -0.75 3.14 1 1 1 1
v 10.22 -0.75 2.82 1 1 1 1
v 9.9 -0.75 2.82 1 1 1 1
v 10.22 -0.75 3.14 1 1 1 1
v 7.0200000000000005 -0.75 0.9 1 1 1 1
v 7.34 -0.75 0.58 1 1 1 1
v 7.0200000000000005 -0.75 0.58 1 1 1 1
v 7.34 -0.75 0.9 1 1 1 1
v 7.34 -0.75 0.9 1 1 1 1
v 7.66 -0.75 0.58 1 1 1 1
v 7.34 -0.75 0.58 1 1 1 1
v 7.66 -0.75 0.9 1 1 1 1
v 6.7 -0.75 3.46 1 1 1 1
v 7.0200000000000005 -0.75 3.14 1 1 1 1
v 6.7 -0.75 3.14 1 1 1 1
v 7.0200000000000005 -0.75 3.46 1 1 1 1
v 7.0200000000000005 -0.75 3.46 1 1 1 1
v 7.34 -0.75 3.14 1 1 1 1
v 7.0200000000000005 -0.75 3.14 1 1 1 1
v 7.34 -0.75 3.46 1 1 1 1
v 7.66 -0.75 3.46 1 1 1 1
v 7.98 -0.75 3.14 1 1 1 1
v 7.66 -0.75 3.14 1 1 1 1
v 7.98 -0.75 3.46 1 1 1 1
v 7.98 -0.75 3.46 1 1 1 1
v 8.3 -0.75 3.14 1 1 1 1
v 7.98 -0.75 3.14 1 1 1 1
v 8.3 -0.75 3.46 1 1 1 1
v 8.3 -0.75 3.46 1 1 1 1
v 8.620000000000001 -0.75 3.14 1 1 1 1
v 8.3 -0.75 3.14 1 1 1 1
v 8.620000000000001 -0.75 3.46 1 1 1 1
v 8.620000000000001 -0.75 3.46 1 1 1 1
v 8.94 -0.75 3.14 1 1 1 1
v 8.620000000000001 -0.75 3.14 1 1 1 1
v 8.94 -0.75 3.46 1 1 1 1
v 8.94 -0.75 3.46 1 1 1 1
v 9.26 -0.75 3.14 1 1 1 1
v 8.94 -0.75 3.14 1 1 1 1
v 9.26 -0.75 3.46 1 1 1 1
v 7.34 -0.75 3.46 1 1 1 1
v 7.66 -0.75 3.14 1 1 1 1
v 7.34 -0.75 3.14 1 1 1 1
v 7.66 -0.75 3.46 1 1 1 1
v 9.26 -0.75 3.46 1 1 1 1
v 9.58 -0.75 3.14 1 1 1 1
v 9.26 -0.75 3.14 1 1 1 1
v 9.58 -0.75 3.46 1 1 1 1
v 9.58 -0.75 3.46 1 1 1 1
v 9.9 -0.75 3.14 1 1 1 1
v 9.58 -0.75 3.14 1 1 1 1
v 9.9 -0.75 3.46 1 1 1 1
v 9.9 -0.75 3.46 1 1 1 1
v 10.22 -0.75 3.14 1 1 1 1
v 9.9 -0.75 3.14 1 1 1 1
v 10.22 -0.75 3.46 1 1 1 1
v 10.22 -0.75 0.9 1 1 1 1
v 10.540000000000001 -0.75 0.58 1 1 1 1
v 10.22 -0.75 0.58 1 1 1 1
v 10.540000000000001 -0.75 0.9 1 1 1 1
v 10.540000000000001 -0.75 0.9 1 1 1 1
v 10.86 -0.75 0.58 1 1 1 1
v 10.540000000000001 -0.75 0.58 1 1 1 1
v 10.86 -0.75 0.9 1 1 1 1
v 10.86 -0.75 0.9 1 1 1 1
v 11.18 -0.75 0.58 1 1 1 1
v 10.86 -0.75 0.58 1 1 1 1
v 11.18 -0.75 0.9 1 1 1 1
v 11.18 -0.75 0.9 1 1 1 1
v 11.5 -0.75 0.58 1 1 1 1
v 11.18 -0.75 0.58 1 1 1 1
v 11.5 -0.75 0.9 1 1 1 1
v 11.5 -0.75 0.9 1 1 1 1
v 11.82 -0.75 0.58 1 1 1 1
v 11.5 -0.75 0.58 1 1 1 1
v 11.82 -0.75 0.9 1 1 1 1
v 10.22 -0.75 3.46 1 1 1 1
v 10.540000000000001 -0.75 3.14 1 1 1 1
v 10.22 -0.75 3.14 1 1 1 1
v 10.540000000000001 -0.75 3.46 1 1 1 1
v 7.66 -0.75 0.9 1 1 1 1
v 7.98 -0.75 0.58 1 1 1 1
v 7.66 -0.75 0.58 1 1 1 1
v 7.98 -0.75 0.9 1 1 1 1
v 7.98 -0.75 0.9 1 1 1 1
v 8.3 -0.75 0.58 1 1 1 1
v 7.98 -0.75 0.58 1 1 1 1
v 8.3 -0.75 0.9 1 1 1 1
v 8.3 -0.75 0.9 1 1 1 1
v 8.620000000000001 -0.75 0.58 1 1 1 1
v 8.3 -0.75 0.58 1 1 1 1
v 8.620000000000001 -0.75 0.9 1 1 1 1
v 8.620000000000001 -0.75 0.9 1 1 1 1
v 8.94 -0.75 0.58 1 1 1 1
v 8.620000000000001 -0.75 0.58 1 1 1 1
v 8.94 -0.75 0.9 1 1 1 1
v 6.7 -0.75 1.22 1 1 1 1
v 7.0200000000000005 -0.75 0.9 1 1 1 1
v 6.7 -0.75 0.9 1 1 1 1
v 7.0200000000000005 -0.75 1.22 1 1 1 1
v 7.0200000000000005 -0.75 1.22 1 1 1 1
v 7.34 -0.75 0.9 1 1 1 1
v 7.0200000000000005 -0.75 0.9 1 1 1 1
v 7.34 -0.75 1.22 1 1 1 1
v 7.34 -0.75 1.22 1 1 1 1
v 7.66 -0.75 0.9 1 1 1 1
v 7.34 -0.75 0.9 1 1 1 1
v 7.66 -0.75 1.22 1 1 1 1
v 7.66 -0.75 1.22 1 1 1 1
v 7.98 -0.75 0.9 1 1 1 1
v 7.66 -0.75 0.9 1 1 1 1
v 7.98 -0.75 1.22 1 1 1 1
v 7.98 -0.75 1.22 1 1 1 1
v 8.3 -0.75 0.9 1 1 1 1
v 7.98 -0.75 0.9 1 1 1 1
v 8.3 -0.75 1.22 1 1 1 1
v 8.3 -0.75 1.22 1 1 1 1
v 8.620000000000001 -0.75 0.9 1 1 1 1
v 8.3 -0.75 0.9 1 1 1 1
v 8.620000000000001 -0.75 1.22 1 1 1 1
v 8.620000000000001 -0.75 1.22 1 1 1 1
v 8.94 -0.75 0.9 1 1 1 1
v 8.620000000000001 -0.75 0.9 1 1 1 1
v 8.94 -0.75 1.22 1 1 1 1
v 8.94 -0.75 1.22 1 1 1 1
v 9.26 -0.75 0.9 1 1 1 1
v 8.94 -0.75 0.9 1 1 1 1
v 9.26 -0.75 1.22 1 1 1 1
v 9.26 -0.75 1.22 1 1 1 1
v 9.58 -0.75 0.9 1 1 1 1
v 9.26 -0.75 0.9 1 1 1 1
v 9.58 -0.75 1.22 1 1 1 1
v 9.58 -0.75 1.22 1 1 1 1
v 9.9 -0.75 0.9 1 1 1 1
v 9.58 -0.75 0.9 1 1 1 1
v 9.9 -0.75 1.22 1 1 1 1
v 9.9 -0.75 1.22 1 1 1 1
v 10.22 -0.75 0.9 1 1 1 1
v 9.9 -0.75 0.9 1 1 1 1
v 10.22 -0.75 1.22 1 1 1 1
v 10.22 -0.75 1.22 1 1 1 1
v 10.540000000000001 -0.75 0.9 1 1 1 1
v 10.22 -0.75 0.9 1 1 1 1
v 10.540000000000001 -0.75 1.22 1 1 1 1
v 10.540000000000001 -0.75 1.22 1 1 1 1
v 10.86 -0.75 0.9 1 1 1 1
v 10.540000000000001 -0.75 0.9 1 1 1 1
v 10.86 -0.75 1.22 1 1 1 1
v 10.86 -0.75 1.22 1 1 1 1
v 11.18 -0.75 0.9 1 1 1 1
v 10.86 -0.75 0.9 1 1 1 1
v 11.18 -0.75 1.22 1 1 1 1
v 11.18 -0.75 1.22 1 1 1 1
v 11.5 -0.75 0.9 1 1 1 1
v 11.18 -0.75 0.9 1 1 1 1
v 11.5 -0.75 1.22 1 1 1 1
v 11.5 -0.75 1.22 1 1 1 1
v 11.82 -0.75 0.9 1 1 1 1
v 11.5 -0.75 0.9 1 1 1 1
v 11.82 -0.75 1.22 1 1 1 1
v 6.7 -0.75 1.54 1 1 1 1
v 7.0200000000000005 -0.75 1.22 1 1 1 1
v 6.7 -0.75 1.22 1 1 1 1
v 7.0200000000000005 -0.75 1.54 1 1 1 1
v 7.0200000000000005 -0.75 1.54 1 1 1 1
v 7.34 -0.75 1.22 1 1 1 1
v 7.0200000000000005 -0.75 1.22 1 1 1 1
v 7.34 -0.75 1.54 1 1 1 1
v 7.34 -0.75 1.54 1 1 1 1
v 7.66 -0.75 1.22 1 1 1 1
v 7.34 -0.75 1.22 1 1 1 1
v 7.66 -0.75 1.54 1 1 1 1
v 7.66 -0.75 1.54 1 1 1 1
v 7.98 -0.75 1.22 1 1 1 1
v 7.66 -0.75 1.22 1 1 1 1
v 7.98 -0.75 1.54 1 1 1 1
v 8.3 -0.75 1.54 1 1 1 1
v 8.620000000000001 -0.75 1.22 1 1 1 1
v 8.3 -0.75 1.22 1 1 1 1
v 8.620000000000001 -0.75 1.54 1 1 1 1
v 8.620000000000001 -0.75 1.54 1 1 1 1
v 8.94 -0.75 1.22 1 1 1 1
v 8.620000000000001 -0.75 1.22 1 1 1 1
v 8.94 -0.75 1.54 1 1 1 1
v 8.94 -0.75 1.54 1 1 1 1
v 9.26 -0.75 1.22 1 1 1 1
v 8.94 -0.75 1.22 1 1 1 1
v 9.26 -0.75 1.54 1 1 1 1
v 9.26 -0.75 1.54 1 1 1 1
v 9.58 -0.75 1.22 1 1 1 1
v 9.26 -0.75 1.22 1 1 1 1
v 9.58 -0.75 1.54 1 1 1 1
v 9.58 -0.75 1.54 1 1 1 1
v 9.9 -0.75 1.22 1 1 1 1
v 9.58 -0.75 1.22 1 1 1 1
v 9.9 -0.75 1.54 1 1 1 1
v 9.9 -0.75 1.54 1 1 1 1
v 10.22 -0.75 1.22 1 1 1 1
v 9.9 -0.75 1.22 1 1 1 1
v 10.22 -0.75 1.54 1 1 1 1
v 7.98 -0.75 1.54 1 1 1 1
v 8.3 -0.75 1.22 1 1 1 1
v 7.98 -0.75 1.22 1 1 1 1
v 8.3 -0.75 1.54 1 1 1 1
v 10.540000000000001 -0.75 1.54 1 1 1 1
v 10.86 -0.75 1.22 1 1 1 1
v 10.540000000000001 -0.75 1.22 1 1 1 1
v 10.86 -0.75 1.54 1 1 1 1
v 10.86 -0.75 1.54 1 1 1 1
v 11.18 -0.75 1.22 1 1 1 1
v 10.86 -0.75 1.22 1 1 1 1
v 11.18 -0.75 1.54 1 1 1 1
v 11.18 -0.75 1.54 1 1 1 1
v 11.5 -0.75 1.22 1 1 1 1
v 11.18 -0.75 1.22 1 1 1 1
v 11.5 -0.75 1.54 1 1 1 1
v 11.5 -0.75 1.54 1 1 1 1
v 11.82 -0.75 1.22 1 1 1 1
v 11.5 -0.75 1.22 1 1 1 1
v 11.82 -0.75 1.54 1 1 1 1
v -0.98 -0.75 2.5 1 1 1 1
v -0.98 -0.43 1.54 1 1 1 1
v -0.98 -0.75 1.54 1 1 1 1
v -0.98 -0.43 2.5 1 1 1 1
v -0.66 -0.75 1.54 1 1 1 1
v -0.66 -0.43 2.5 1 1 1 1
v -0.66 -0.75 2.5 1 1 1 1
v -0.66 -0.43 1.54 1 1 1 1
v -0.98 -0.75 1.54 1 1 1 1
v -0.98 -0.43 0.58 1 1 1 1
v -0.98 -0.75 0.58 1 1 1 1
v -0.98 -0.43 1.54 1 1 1 1
v -0.66 -0.75 0.58 1 1 1 1
v -0.66 -0.43 1.54 1 1 1 1
v -0.66 -0.75 1.54 1 1 1 1
v -0.66 -0.43 0.58 1 1 1 1
v -0.98 -0.75 0.58 1 1 1 1
v -0.66 -0.43 0.58 1 1 1 1
v -0.66 -0.75 0.58 1 1 1 1
v -0.98 -0.43 0.58 1 1 1 1
v -0.98 -0.75 3.46 1 1 1 1
v -0.98 -0.43 2.5 1 1 1 1
v -0.98 -0.75 2.5 1 1 1 1
v -0.98 -0.43 3.46 1 1 1 1
v -0.66 -0.75 3.46 1 1 1 1
v -0.98 -0.43 3.46 1 1 1 1
v -0.98 -0.75 3.46 1 1 1 1
v -0.66 -0.43 3.46 1 1 1 1
v -0.66 -0.75 2.5 1 1 1 1
v -0.66 -0.43 3.46 1 1 1 1
v -0.66 -0.75 3.46 1 1 1 1
v -0.66 -0.43 2.5 1 1 1 1
v -0.98 -0.43 2.5 1 1 1 1
v -0.66 -0.43 3.46 1 1 1 1
v -0.66 -0.43 2.5 1 1 1 1
v -0.98 -0.43 3.46 1 1 1 1
v -0.98 -0.43 1.54 1 1 1 1
v -0.66 -0.43 2.5 1 1 1 1
v -0.66 -0.43 1.54 1 1 1 1
v -0.98 -0.43 2.5 1 1 1 1
v -0.98 -0.43 0.58 1 1 1 1
v -0.66 -0.43 1.54 1 1 1 1
v -0.66 -0.43 0.58 1 1 1 1
v -0.98 -0.43 1.54 1 1 1 1
v 1.9000000000000001 -0.75 2.5 1 1 1 1
v 1.9000000000000001 -0.43 1.54 1 1 1 1
v 1.9000000000000001 -0.75 1.54 1 1 1 1
v 1.9000000000000001 -0.43 2.5 1 1 1 1
v 2.22 -0.75 1.54 1 1 1 1
v 2.22 -0.43 2.5 1 1 1 1
v 2.22 -0.75 2.5 1 1 1 1
v 2.22 -0.43 1.54 1 1 1 1
v 1.9000000000000001 -0.75 1.54 1 1 1 1
v 1.9000000000000001 -0.43 0.58 1 1 1 1
v 1.9000000000000001 -0.75 0.58 1 1 1 1
v 1.9000000000000001 -0.43 1.54 1 1 1 1
v 2.22 -0.75 0.58 1 1 1 1
v 2.22 -0.43 1.54 1 1 1 1
v 2.22 -0.75 1.54 1 1 1 1
v 2.22 -0.43 0.58 1 1 1 1
v 1.9000000000000001 -0.75 0.58 1 1 1 1
v 2.22 -0.43 0.58 1 1 1 1
v 2.22 -0.75 0.58 1 1 1 1
v 1.9000000000000001 -0.43 0.58 1 1 1 1
v 1.9000000000000001 -0.75 3.46 1 1 1 1
v 1.9000000000000001 -0.43 2.5 1 1 1 1
v 1.9000000000000001 -0.75 2.5 1 1 1 1
v 1.9000000000000001 -0.43 3.46 1 1 1 1
v 2.22 -0.75 3.46 1 1 1 1
v 1.9000000000000001 -0.43 3.46 1 1 1 1
v 1.9000000000000001 -0.75 3.46 1 1 1 1
v 2.22 -0.43 3.46 1 1 1 1
v 2.22 -0.75 2.5 1 1 1 1
v 2.22 -0.43 3.46 1 1 1 1
v 2.22 -0.75 3.46 1 1 1 1
v 2.22 -0.43 2.5 1 1 1 1
v 1.9000000000000001 -0.43 2.5 1 1 1 1
v 2.22 -0.43 3.46 1 1 1 1
v 2.22 -0.43 2.5 1 1 1 1
v 1.9000000000000001 -0.43 3.46 1 1 1 1
v 1.9000000000000001 -0.43 1.54 1 1 1 1
v 2.22 -0.43 2.5 1 1 1 1
v 2.22 -0.43 1.54 1 1 1 1
v 1.9000000000000001 -0.43 2.5 1 1 1 1
v 1.9000000000000001 -0.43 0.58 1 1 1 1
v 2.22 -0.43 1.54 1 1 1 1
v 2.22 -0.43 0.58 1 1 1 1
v 1.9000000000000001 -0.43 1.54 1 1 1 1
v -0.18 -0.75 3.49 1 1 1 1
v -0.02 -0.75 3.33 1 1 1 1
v -0.18 -0.75 3.33 1 1 1 1
v -0.02 -0.75 3.49 1 1 1 1
v -0.02 -0.75 3.14 1 1 1 1
v 0.62 -0.75 2.5 1 1 1 1
v -0.02 -0.75 2.5 1 1 1 1
v 0.62 -0.75 3.14 1 1 1 1
v -0.66 -0.75 3.14 1 1 1 1
v -0.02 -0.75 2.5 1 1 1 1
v -0.66 -0.75 2.5 1 1 1 1
v -0.02 -0.75 3.14 1 1 1 1
v 0.62 -0.75 3.14 1 1 1 1
v 1.26 -0.75 2.5 1 1 1 1
v 0.62 -0.75 2.5 1 1 1 1
v 1.26 -0.75 3.14 1 1 1 1
v 1.26 -0.75 1.86 1 1 1 1
v 1.9000000000000001 -0.75 1.22 1 1 1 1
v 1.26 -0.75 1.22 1 1 1 1
v 1.9000000000000001 -0.75 1.86 1 1 1 1
v 1.26 -0.75 2.5 1 1 1 1
v 1.9000000000000001 -0.75 1.86 1 1 1 1
v 1.26 -0.75 1.86 1 1 1 1
v 1.9000000000000001 -0.75 2.5 1 1 1 1
v 0.62 -0.75 2.5 1 1 1 1
v 1.26 -0.75 1.86 1 1 1 1
v 0.62 -0.75 1.86 1 1 1 1
v 1.26 -0.75 2.5 1 1 1 1
v 1.26 -0.75 3.3000000000000003 1 1 1 1
v 1.42 -0.75 3.14 1 1 1 1
v 1.26 -0.75 3.14 1 1 1 1
v 1.42 -0.75 3.3000000000000003 1 1 1 1
v 1.42 -0.75 3.3000000000000003 1 1 1 1
v 1.58 -0.75 3.14 1 1 1 1
v 1.42 -0.75 3.14 1 1 1 1
v 1.58 -0.75 3.3000000000000003 1 1 1 1
v 1.58 -0.75 3.3000000000000003 1 1 1 1
v 1.74 -0.75 3.14 1 1 1 1
v 1.58 -0.75 3.14 1 1 1 1
v 1.74 -0.75 3.3000000000000003 1 1 1 1
v 1.74 -0.75 3.3000000000000003 1 1 1 1
v 1.9000000000000001 -0.75 3.14 1 1 1 1
v 1.74 -0.75 3.14 1 1 1 1
v 1.9000000000000001 -0.75 3.3000000000000003 1 1 1 1
v 1.26 -0.75 3.46 1 1 1 1
v 1.42 -0.75 3.3000000000000003 1 1 1 1
v 1.26 -0.75 3.3000000000000003 1 1 1 1
v 1.42 -0.75 3.46 1 1 1 1
v 1.42 -0.75 3.46 1 1 1 1
v 1.58 -0.75 3.3000000000000003 1 1 1 1
v 1.42 -0.75 3.3000000000000003 1 1 1 1
v 1.58 -0.75 3.46 1 1 1 1
v 1.58 -0.75 3.46 1 1 1 1
v 1.74 -0.75 3.3000000000000003 1 1 1 1
v 1.58 -0.75 3.3000000000000003 1 1 1 1
v 1.74 -0.75 3.46 1 1 1 1
v 1.74 -0.75 3.46 1 1 1 1
v 1.9000000000000001 -0.75 3.3000000000000003 1 1 1 1
v 1.74 -0.75 3.3000000000000003 1 1 1 1
v 1.9000000000000001 -0.75 3.46 1 1 1 1
v 0.62 -0.75 0.58 1 1 1 1
v 1.26 -0.75 -0.06 1 1 1 1
v 0.62 -0.75 -0.06 1 1 1 1
v 1.26 -0.75 0.58 1 1 1 1
v -0.02 -0.75 2.5 1 1 1 1
v 0.62 -0.75 1.86 1 1 1 1
v -0.02 -0.75 1.86 1 1 1 1
v 0.62 -0.75 2.5 1 1 1 1
v -0.66 -0.75 2.5 1 1 1 1
v -0.02 -0.75 1.86 1 1 1 1
v -0.66 -0.75 1.86 1 1 1 1
v -0.02 -0.75 2.5 1 1 1 1
v 1.26 -0.75 3.14 1 1 1 1
v 1.9000000000000001 -0.75 2.5 1 1 1 1
v 1.26 -0.75 2.5 1 1 1 1
v 1.9000000000000001 -0.75 3.14 1 1 1 1
v -0.66 -0.75 3.3000000000000003 1 1 1 1
v -0.5 -0.75 3.14 1 1 1 1
v -0.66 -0.75 3.14 1 1 1 1
v -0.5 -0.75 3.3000000000000003 1 1 1 1
v -0.5 -0.75 3.3000000000000003 1 1 1 1
v -0.34 -0.75 3.14 1 1 1 1
v -0.5 -0.75 3.14 1 1 1 1
v -0.34 -0.75 3.3000000000000003 1 1 1 1
v -0.34 -0.75 3.3000000000000003 1 1 1 1
v -0.18 -0.75 3.14 1 1 1 1
v -0.34 -0.75 3.14 1 1 1 1
v -0.18 -0.75 3.3000000000000003 1 1 1 1
v -0.18 -0.75 3.3000000000000003 1 1 1 1
v -0.02 -0.75 3.14 1 1 1 1
v -0.18 -0.75 3.14 1 1 1 1
v -0.02 -0.75 3.3000000000000003 1 1 1 1
v 0.62 -0.75 3.3000000000000003 1 1 1 1
v 0.78 -0.75 3.14 1 1 1 1
v 0.62 -0.75 3.14 1 1 1 1
v 0.78 -0.75 3.3000000000000003 1 1 1 1
v 0.78 -0.75 3.3000000000000003 1 1 1 1
v 0.9400000000000001 -0.75 3.14 1 1 1 1
v 0.78 -0.75 3.14 1 1 1 1
v 0.9400000000000001 -0.75 3.3000000000000003 1 1 1 1
v 0.9400000000000001 -0.75 3.3000000000000003 1 1 1 1
v 1.1 -0.75 3.14 1 1 1 1
v 0.9400000000000001 -0.75 3.14 1 1 1 1
v 1.1 -0.75 3.3000000000000003 1 1 1 1
v 1.1 -0.75 3.3000000000000003 1 1 1 1
v 1.26 -0.75 3.14 1 1 1 1
v 1.1 -0.75 3.14 1 1 1 1
v 1.26 -0.75 3.3000000000000003 1 1 1 1
v 0.62 -0.75 3.46 1 1 1 1
v 0.78 -0.75 3.3000000000000003 1 1 1 1
v 0.62 -0.75 3.3000000000000003 1 1 1 1
v 0.78 -0.75 3.46 1 1 1 1
v 0.78 -0.75 3.46 1 1 1 1
v 0.9400000000000001 -0.75 3.3000000000000003 1 1 1 1
v 0.78 -0.75 3.3000000000000003 1 1 1 1
v 0.9400000000000001 -0.75 3.46 1 1 1 1
v 0.9400000000000001 -0.75 3.46 1 1 1 1
v 1.1 -0.75 3.3000000000000003 1 1 1 1
v 0.9400000000000001 -0.75 3.3000000000000003 1 1 1 1
v 1.1 -0.75 3.46 1 1 1 1
v 1.1 -0.75 3.46 1 1 1 1
v 1.26 -0.75 3.3000000000000003 1 1 1 1
v 1.1 -0.75 3.3000000000000003 1 1 1 1
v 1.26 -0.75 3.46 1 1 1 1
v -0.02 -0.75 0.58 1 1 1 1
v 0.62 -0.75 -0.06 1 1 1 1
v -0.02 -0.75 -0.06 1 1 1 1
v 0.62 -0.75 0.58 1 1 1 1
v 1.26 -0.75 1.22 1 1 1 1
v 1.9000000000000001 -0.75 0.58 1 1 1 1
v 1.26 -0.75 0.58 1 1 1 1
v 1.9000000000000001 -0.75 1.22 1 1 1 1
v 0.62 -0.75 1.22 1 1 1 1
v 1.26 -0.75 0.58 1 1 1 1
v 0.62 -0.75 0.58 1 1 1 1
v 1.26 -0.75 1.22 1 1 1 1
v -0.02 -0.75 1.22 1 1 1 1
v 0.62 -0.75 0.58 1 1 1 1
v -0.02 -0.75 0.58 1 1 1 1
v 0.62 -0.75 1.22 1 1 1 1
v -0.66 -0.75 3.46 1 1 1 1
v -0.5 -0.75 3.3000000000000003 1 1 1 1
v -0.66 -0.75 3.3000000000000003 1 1 1 1
v -0.5 -0.75 3.46 1 1 1 1
v -0.5 -0.75 3.46 1 1 1 1
v -0.34 -0.75 3.3000000000000003 1 1 1 1
v -0.5 -0.75 3.3000000000000003 1 1 1 1
v -0.34 -0.75 3.46 1 1 1 1
v -0.34 -0.75 3.46 1 1 1 1
v -0.18 -0.75 3.3000000000000003 1 1 1 1
v -0.34 -0.75 3.3000000000000003 1 1 1 1
v -0.18 -0.75 3.46 1 1 1 1
v -0.18 -0.75 3.46 1 1 1 1
v -0.02 -0.75 3.3000000000000003 1 1 1 1
v -0.18 -0.75 3.3000000000000003 1 1 1 1
v -0.02 -0.75 3.46 1 1 1 1
v -0.02 -0.75 3.3000000000000003 1 1 1 1
v 0.14 -0.75 3.14 1 1 1 1
v -0.02 -0.75 3.14 1 1 1 1
v 0.14 -0.75 3.3000000000000003 1 1 1 1
v 0.14 -0.75 3.3000000000000003 1 1 1 1
v 0.3 -0.75 3.14 1 1 1 1
v 0.14 -0.75 3.14 1 1 1 1
v 0.3 -0.75 3.3000000000000003 1 1 1 1
v 0.3 -0.75 3.3000000000000003 1 1 1 1
v 0.46 -0.75 3.14 1 1 1 1
v 0.3 -0.75 3.14 1 1 1 1
v 0.46 -0.75 3.3000000000000003 1 1 1 1
v 0.46 -0.75 3.3000000000000003 1 1 1 1
v 0.62 -0.75 3.14 1 1 1 1
v 0.46 -0.75 3.14 1 1 1 1
v 0.62 -0.75 3.3000000000000003 1 1 1 1
v -0.02 -0.75 3.46 1 1 1 1
v 0.14 -0.75 3.3000000000000003 1 1 1 1
v -0.02 -0.75 3.3000000000000003 1 1 1 1
v 0.14 -0.75 3.46 1 1 1 1
v 0.14 -0.75 3.46 1 1 1 1
v 0.3 -0.75 3.3000000000000003 1 1 1 1
v 0.14 -0.75 3.3000000000000003 1 1 1 1
v 0.3 -0.75 3.46 1 1 1 1
v 0.3 -0.75 3.46 1 1 1 1
v 0.46 -0.75 3.3000000000000003 1 1 1 1
v 0.3 -0.75 3.3000000000000003 1 1 1 1
v 0.46 -0.75 3.46 1 1 1 1
v 0.46 -0.75 3.46 1 1 1 1
v 0.62 -0.75 3.3000000000000003 1 1 1 1
v 0.46 -0.75 3.3000000000000003 1 1 1 1
v 0.62 -0.75 3.46 1 1 1 1
v -0.66 -0.75 1.22 1 1 1 1
v -0.02 -0.75 0.58 1 1 1 1
v -0.66 -0.75 0.58 1 1 1 1
v -0.02 -0.75 1.22 1 1 1 1
v -0.66 -0.75 1.86 1 1 1 1
v -0.02 -0.75 1.22 1 1 1 1
v -0.66 -0.75 1.22 1 1 1 1
v -0.02 -0.75 1.86 1 1 1 1
v -0.02 -0.75 1.86 1 1 1 1
v 0.62 -0.75 1.22 1 1 1 1
v -0.02 -0.75 1.22 1 1 1 1
v 0.62 -0.75 1.86 1 1 1 1
v 0.62 -0.75 1.86 1 1 1 1
v 1.26 -0.75 1.22 1 1 1 1
v 0.62 -0.75 1.22 1 1 1 1
v 1.26 -0.75 1.86 1 1 1 1
v -4.82 -0.75 1.22 1 1 1 1
v -4.5 -0.75 0.9 1 1 1 1
v -4.82 -0.75 0.9 1 1 1 1
v -4.5 -0.75 1.22 1 1 1 1
v -4.5 -0.75 1.22 1 1 1 1
v -4.18 -0.75 0.9 1 1 1 1
v -4.5 -0.75 0.9 1 1 1 1
v -4.18 -0.75 1.22 1 1 1 1
v -4.18 -0.75 1.22 1 1 1 1
v -3.86 -0.75 0.9 1 1 1 1
v -4.18 -0.75 0.9 1 1 1 1
v -3.86 -0.75 1.22 1 1 1 1
v -3.86 -0.75 1.22 1 1 1 1
v -3.54 -0.75 0.9 1 1 1 1
v -3.86 -0.75 0.9 1 1 1 1
v -3.54 -0.75 1.22 1 1 1 1
v -3.54 -0.75 1.22 1 1 1 1
v -3.22 -0.75 0.9 1 1 1 1
v -3.54 -0.75 0.9 1 1 1 1
v -3.22 -0.75 1.22 1 1 1 1
v -3.22 -0.75 1.22 1 1 1 1
v -2.9 -0.75 0.9 1 1 1 1
v -3.22 -0.75 0.9 1 1 1 1
v -2.9 -0.75 1.22 1 1 1 1
v -2.9 -0.75 1.22 1 1 1 1
v -2.58 -0.75 0.9 1 1 1 1
v -2.9 -0.75 0.9 1 1 1 1
v -2.58 -0.75 1.22 1 1 1 1
v -2.58 -0.75 1.22 1 1 1 1
v -2.2600000000000002 -0.75 0.9 1 1 1 1
v -2.58 -0.75 0.9 1 1 1 1
v -2.2600000000000002 -0.75 1.22 1 1 1 1
v -2.2600000000000002 -0.75 1.22 1 1 1 1
v -1.94 -0.75 0.9 1 1 1 1
v -2.2600000000000002 -0.75 0.9 1 1 1 1
v -1.94 -0.75 1.22 1 1 1 1
v -1.94 -0.75 1.22 1 1 1 1
v -1.62 -0.75 0.9 1 1 1 1
v -1.94 -0.75 0.9 1 1 1 1
v -1.62 -0.75 1.22 1 1 1 1
v -1.62 -0.75 1.22 1 1 1 1
v -1.3 -0.75 0.9 1 1 1 1
v -1.62 -0.75 0.9 1 1 1 1
v -1.3 -0.75 1.22 1 1 1 1
v -1.3 -0.75 1.22 1 1 1 1
v -0.98 -0.75 0.9 1 1 1 1
v -1.3 -0.75 0.9 1 1 1 1
v -0.98 -0.75 1.22 1 1 1 1
v -0.98 -0.75 1.22 1 1 1 1
v -0.66 -0.75 0.9 1 1 1 1
v -0.98 -0.75 0.9 1 1 1 1
v -0.66 -0.75 1.22 1 1 1 1
v -3.54 -0.75 1.86 1 1 1 1
v -3.22 -0.75 1.54 1 1 1 1
v -3.54 -0.75 1.54 1 1 1 1
v -3.22 -0.75 1.86 1 1 1 1
v -5.46 -0.75 1.54 1 1 1 1
v -5.14 -0.75 1.22 1 1 1 1
v -5.46 -0.75 1.22 1 1 1 1
v -5.14 -0.75 1.54 1 1 1 1
v -5.14 -0.75 1.54 1 1 1 1
v -4.82 -0.75 1.22 1 1 1 1
v -5.14 -0.75 1.22 1 1 1 1
v -4.82 -0.75 1.54 1 1 1 1
v -4.82 -0.75 1.54 1 1 1 1
v -4.5 -0.75 1.22 1 1 1 1
v -4.82 -0.75 1.22 1 1 1 1
v -4.5 -0.75 1.54 1 1 1 1
v -4.5 -0.75 1.54 1 1 1 1
v -4.18 -0.75 1.22 1 1 1 1
v -4.5 -0.75 1.22 1 1 1 1
v -4.18 -0.75 1.54 1 1 1 1
v -3.86 -0.75 1.54 1 1 1 1
v -3.54 -0.75 1.22 1 1 1 1
v -3.86 -0.75 1.22 1 1 1 1
v -3.54 -0.75 1.54 1 1 1 1
v -3.54 -0.75 1.54 1 1 1 1
v -3.22 -0.75 1.22 1 1 1 1
v -3.54 -0.75 1.22 1 1 1 1
v -3.22 -0.75 1.54 1 1 1 1
v -3.22 -0.75 1.54 1 1 1 1
v -2.9 -0.75 1.22 1 1 1 1
v -3.22 -0.75 1.22 1 1 1 1
v -2.9 -0.75 1.54 1 1 1 1
v -2.9 -0.75 1.54 1 1 1 1
v -2.58 -0.75 1.22 1 1 1 1
v -2.9 -0.75 1.22 1 1 1 1
v -2.58 -0.75 1.54 1 1 1 1
v -2.58 -0.75 1.54 1 1 1 1
v -2.2600000000000002 -0.75 1.22 1 1 1 1
v -2.58 -0.75 1.22 1 1 1 1
v -2.2600000000000002 -0.75 1.54 1 1 1 1
v -2.2600000000000002 -0.75 1.54 1 1 1 1
v -1.94 -0.75 1.22 1 1 1 1
v -2.2600000000000002 -0.75 1.22 1 1 1 1
v -1.94 -0.75 1.54 1 1 1 1
v -4.18 -0.75 1.54 1 1 1 1
v -3.86 -0.75 1.22 1 1 1 1
v -4.18 -0.75 1.22 1 1 1 1
v -3.86 -0.75 1.54 1 1 1 1
v -1.62 -0.75 1.54 1 1 1 1
v -1.3 -0.75 1.22 1 1 1 1
v -1.62 -0.75 1.22 1 1 1 1
v -1.3 -0.75 1.54 1 1 1 1
v -1.3 -0.75 1.54 1 1 1 1
v -0.98 -0.75 1.22 1 1 1 1
v -1.3 -0.75 1.22 1 1 1 1
v -0.98 -0.75 1.54 1 1 1 1
v -0.98 -0.75 1.54 1 1 1 1
v -0.66 -0.75 1.22 1 1 1 1
v -0.98 -0.75 1.22 1 1 1 1
v -0.66 -0.75 1.54 1 1 1 1
v -1.62 -0.75 3.46 1 1 1 1
v -1.3 -0.75 3.14 1 1 1 1
v -1.62 -0.75 3.14 1 1 1 1
v -1.3 -0.75 3.46 1 1 1 1
v 5.1000000000000005 -0.75 1.54 1 1 1 1
v 5.42 -0.75 1.22 1 1 1 1
v 5.1000000000000005 -0.75 1.22 1 1 1 1
v 5.42 -0.75 1.54 1 1 1 1
v -1.3 -0.75 3.46 1 1 1 1
v -0.98 -0.75 3.14 1 1 1 1
v -1.3 -0.75 3.14 1 1 1 1
v -0.98 -0.75 3.46 1 1 1 1
v 1.9000000000000001 -0.75 1.86 1 1 1 1
v 2.22 -0.75 1.54 1 1 1 1
v 1.9000000000000001 -0.75 1.54 1 1 1 1
v 2.22 -0.75 1.86 1 1 1 1
v 2.22 -0.75 1.86 1 1 1 1
v 2.54 -0.75 1.54 1 1 1 1
v 2.22 -0.75 1.54 1 1 1 1
v 2.54 -0.75 1.86 1 1 1 1
v 2.54 -0.75 1.86 1 1 1 1
v 2.86 -0.75 1.54 1 1 1 1
v 2.54 -0.75 1.54 1 1 1 1
v 2.86 -0.75 1.86 1 1 1 1
v 2.86 -0.75 1.86 1 1 1 1
v 3.18 -0.75 1.54 1 1 1 1
v 2.86 -0.75 1.54 1 1 1 1
v 3.18 -0.75 1.86 1 1 1 1
v 3.18 -0.75 1.86 1 1 1 1
v 3.5 -0.75 1.54 1 1 1 1
v 3.18 -0.75 1.54 1 1 1 1
v 3.5 -0.75 1.86 1 1 1 1
v 3.5 -0.75 1.86 1 1 1 1
v 3.8200000000000003 -0.75 1.54 1 1 1 1
v 3.5 -0.75 1.54 1 1 1 1
v 3.8200000000000003 -0.75 1.86 1 1 1 1
v 5.42 -0.75 3.46 1 1 1 1
v 5.74 -0.75 3.14 1 1 1 1
v 5.42 -0.75 3.14 1 1 1 1
v 5.74 -0.75 3.46 1 1 1 1
v 5.74 -0.75 3.46 1 1 1 1
v 6.0600000000000005 -0.75 3.14 1 1 1 1
v 5.74 -0.75 3.14 1 1 1 1
v 6.0600000000000005 -0.75 3.46 1 1 1 1
v 6.0600000000000005 -0.75 3.46 1 1 1 1
v 6.38 -0.75 3.14 1 1 1 1
v 6.0600000000000005 -0.75 3.14 1 1 1 1
v 6.38 -0.75 3.46 1 1 1 1
v 3.8200000000000003 -0.75 1.86 1 1 1 1
v 4.14 -0.75 1.54 1 1 1 1
v 3.8200000000000003 -0.75 1.54 1 1 1 1
v 4.14 -0.75 1.86 1 1 1 1
v 4.14 -0.75 1.86 1 1 1 1
v 4.46 -0.75 1.54 1 1 1 1
v 4.14 -0.75 1.54 1 1 1 1
v 4.46 -0.75 1.86 1 1 1 1
v 4.46 -0.75 1.86 1 1 1 1
v 4.78 -0.75 1.54 1 1 1 1
v 4.46 -0.75 1.54 1 1 1 1
v 4.78 -0.75 1.86 1 1 1 1
v 4.78 -0.75 1.86 1 1 1 1
v 5.1000000000000005 -0.75 1.54 1 1 1 1
v 4.78 -0.75 1.54 1 1 1 1
v 5.1000000000000005 -0.75 1.86 1 1 1 1
v 5.1000000000000005 -0.75 1.86 1 1 1 1
v 5.42 -0.75 1.54 1 1 1 1
v 5.1000000000000005 -0.75 1.54 1 1 1 1
v 5.42 -0.75 1.86 1 1 1 1
v 5.42 -0.75 1.86 1 1 1 1
v 5.74 -0.75 1.54 1 1 1 1
v 5.42 -0.75 1.54 1 1 1 1
v 5.74 -0.75 1.86 1 1 1 1
v 3.8200000000000003 -0.75 0.9 1 1 1 1
v 4.14 -0.75 0.58 1 1 1 1
v 3.8200000000000003 -0.75 0.58 1 1 1 1
v 4.14 -0.75 0.9 1 1 1 1
v 5.74 -0.75 1.86 1 1 1 1
v 6.0600000000000005 -0.75 1.54 1 1 1 1
v 5.74 -0.75 1.54 1 1 1 1
v 6.0600000000000005 -0.75 1.86 1 1 1 1
v 6.0600000000000005 -0.75 1.86 1 1 1 1
v 6.38 -0.75 1.54 1 1 1 1
v 6.0600000000000005 -0.75 1.54 1 1 1 1
v 6.38 -0.75 1.86 1 1 1 1
v 6.38 -0.75 1.86 1 1 1 1
v 6.7 -0.75 1.54 1 1 1 1
v 6.38 -0.75 1.54 1 1 1 1
v 6.7 -0.75 1.86 1 1 1 1
v -0.98 -0.75 3.46 1 1 1 1
v -0.66 -0.75 3.14 1 1 1 1
v -0.98 -0.75 3.14 1 1 1 1
v -0.66 -0.75 3.46 1 1 1 1
v 1.9000000000000001 -0.75 2.18 1 1 1 1
v 2.22 -0.75 1.86 1 1 1 1
v 1.9000000000000001 -0.75 1.86 1 1 1 1
v 2.22 -0.75 2.18 1 1 1 1
v 2.22 -0.75 2.18 1 1 1 1
v 2.54 -0.75 1.86 1 1 1 1
v 2.22 -0.75 1.86 1 1 1 1
v 2.54 -0.75 2.18 1 1 1 1
v 2.54 -0.75 2.18 1 1 1 1
v 2.86 -0.75 1.86 1 1 1 1
v 2.54 -0.75 1.86 1 1 1 1
v 2.86 -0.75 2.18 1 1 1 1
v 2.86 -0.75 2.18 1 1 1 1
v 3.18 -0.75 1.86 1 1 1 1
v 2.86 -0.75 1.86 1 1 1 1
v 3.18 -0.75 2.18 1 1 1 1
v 4.14 -0.75 0.9 1 1 1 1
v 4.46 -0.75 0.58 1 1 1 1
v 4.14 -0.75 0.58 1 1 1 1
v 4.46 -0.75 0.9 1 1 1 1
v 3.18 -0.75 2.18 1 1 1 1
v 3.5 -0.75 1.86 1 1 1 1
v 3.18 -0.75 1.86 1 1 1 1
v 3.5 -0.75 2.18 1 1 1 1
v 3.5 -0.75 2.18 1 1 1 1
v 3.8200000000000003 -0.75 1.86 1 1 1 1
v 3.5 -0.75 1.86 1 1 1 1
v 3.8200000000000003 -0.75 2.18 1 1 1 1
v 3.8200000000000003 -0.75 2.18 1 1 1 1
v 4.14 -0.75 1.86 1 1 1 1
v 3.8200000000000003 -0.75 1.86 1 1 1 1
v 4.14 -0.75 2.18 1 1 1 1
v 4.14 -0.75 2.18 1 1 1 1
v 4.46 -0.75 1.86 1 1 1 1
v 4.14 -0.75 1.86 1 1 1 1
v 4.46 -0.75 2.18 1 1 1 1
v 4.46 -0.75 0.9 1 1 1 1
v 4.78 -0.75 0.58 1 1 1 1
v 4.46 -0.75 0.58 1 1 1 1
v 4.78 -0.75 0.9 1 1 1 1
v 4.78 -0.75 0.9 1 1 1 1
v 5.1000000000000005 -0.75 0.58 1 1 1 1
v 4.78 -0.75 0.58 1 1 1 1
v 5.1000000000000005 -0.75 0.9 1 1 1 1
v 4.46 -0.75 2.18 1 1 1 1
v 4.78 -0.75 1.86 1 1 1 1
v 4.46 -0.75 1.86 1 1 1 1
v 4.78 -0.75 2.18 1 1 1 1
v 4.78 -0.75 2.18 1 1 1 1
v 5.1000000000000005 -0.75 1.86 1 1 1 1
v 4.78 -0.75 1.86 1 1 1 1
v 5.1000000000000005 -0.75 2.18 1 1 1 1
v 5.1000000000000005 -0.75 2.18 1 1 1 1
v 5.42 -0.75 1.86 1 1 1 1
v 5.1000000000000005 -0.75 1.86 1 1 1 1
v 5.42 -0.75 2.18 1 1 1 1
v 5.42 -0.75 2.18 1 1 1 1
v 5.74 -0.75 1.86 1 1 1 1
v 5.42 -0.75 1.86 1 1 1 1
v 5.74 -0.75 2.18 1 1 1 1
v 5.74 -0.75 2.18 1 1 1 1
v 6.0600000000000005 -0.75 1.86 1 1 1 1
v 5.74 -0.75 1.86 1 1 1 1
v 6.0600000000000005 -0.75 2.18 1 1 1 1
v 6.0600000000000005 -0.75 2.18 1 1 1 1
v 6.38 -0.75 1.86 1 1 1 1
v 6.0600000000000005 -0.75 1.86 1 1 1 1
v 6.38 -0.75 2.18 1 1 1 1
v 6.38 -0.75 2.18 1 1 1 1
v 6.7 -0.75 1.86 1 1 1 1
v 6.38 -0.75 1.86 1 1 1 1
v 6.7 -0.75 2.18 1 1 1 1
v -3.22 -0.75 1.86 1 1 1 1
v -2.9 -0.75 1.54 1 1 1 1
v -3.22 -0.75 1.54 1 1 1 1
v -2.9 -0.75 1.86 1 1 1 1
v 1.9000000000000001 -0.75 2.5 1 1 1 1
v 2.22 -0.75 2.18 1 1 1 1
v 1.9000000000000001 -0.75 2.18 1 1 1 1
v 2.22 -0.75 2.5 1 1 1 1
v 2.54 -0.75 2.5 1 1 1 1
v 2.86 -0.75 2.18 1 1 1 1
v 2.54 -0.75 2.18 1 1 1 1
v 2.86 -0.75 2.5 1 1 1 1
v 2.86 -0.75 2.5 1 1 1 1
v 3.18 -0.75 2.18 1 1 1 1
v 2.86 -0.75 2.18 1 1 1 1
v 3.18 -0.75 2.5 1 1 1 1
v 3.18 -0.75 2.5 1 1 1 1
v 3.5 -0.75 2.18 1 1 1 1
v 3.18 -0.75 2.18 1 1 1 1
v 3.5 -0.75 2.5 1 1 1 1
v 3.5 -0.75 2.5 1 1 1 1
v 3.8200000000000003 -0.75 2.18 1 1 1 1
v 3.5 -0.75 2.18 1 1 1 1
v 3.8200000000000003 -0.75 2.5 1 1 1 1
v 3.8200000000000003 -0.75 2.5 1 1 1 1
v 4.14 -0.75 2.18 1 1 1 1
v 3.8200000000000003 -0.75 2.18 1 1 1 1
v 4.14 -0.75 2.5 1 1 1 1
v 4.14 -0.75 2.5 1 1 1 1
v 4.46 -0.75 2.18 1 1 1 1
v 4.14 -0.75 2.18 1 1 1 1
v 4.46 -0.75 2.5 1 1 1 1
v 4.46 -0.75 2.5 1 1 1 1
v 4.78 -0.75 2.18 1 1 1 1
v 4.46 -0.75 2.18 1 1 1 1
v 4.78 -0.75 2.5 1 1 1 1
v 2.22 -0.75 2.5 1 1 1 1
v 2.54 -0.75 2.18 1 1 1 1
v 2.22 -0.75 2.18 1 1 1 1
v 2.54 -0.75 2.5 1 1 1 1
v 5.1000000000000005 -0.75 2.5 1 1 1 1
v 5.42 -0.75 2.18 1 1 1 1
v 5.1000000000000005 -0.75 2.18 1 1 1 1
v 5.42 -0.75 2.5 1 1 1 1
v 5.74 -0.75 2.5 1 1 1 1
v 6.0600000000000005 -0.75 2.18 1 1 1 1
v 5.74 -0.75 2.18 1 1 1 1
v 6.0600000000000005 -0.75 2.5 1 1 1 1
v 6.0600000000000005 -0.75 2.5 1 1 1 1
v 6.38 -0.75 2.18 1 1 1 1
v 6.0600000000000005 -0.75 2.18 1 1 1 1
v 6.38 -0.75 2.5 1 1 1 1
v 6.38 -0.75 3.46 1 1 1 1
v 6.7 -0.75 3.14 1 1 1 1
v 6.38 -0.75 3.14 1 1 1 1
v 6.7 -0.75 3.46 1 1 1 1
v 6.38 -0.75 2.5 1 1 1 1
v 6.7 -0.75 2.18 1 1 1 1
v 6.38 -0.75 2.18 1 1 1 1
v 6.7 -0.75 2.5 1 1 1 1
v 4.78 -0.75 2.5 1 1 1 1
v 5.1000000000000005 -0.75 2.18 1 1 1 1
v 4.78 -0.75 2.18 1 1 1 1
v 5.1000000000000005 -0.75 2.5 1 1 1 1
v 5.42 -0.75 2.5 1 1 1 1
v 5.74 -0.75 2.18 1 1 1 1
v 5.42 -0.75 2.18 1 1 1 1
v 5.74 -0.75 2.5 1 1 1 1
v -2.9 -0.75 1.86 1 1 1 1
v -2.58 -0.75 1.54 1 1 1 1
v -2.9 -0.75 1.54 1 1 1 1
v -2.58 -0.75 1.86 1 1 1 1
v -2.58 -0.75 1.86 1 1 1 1
v -2.2600000000000002 -0.75 1.54 1 1 1 1
v -2.58 -0.75 1.54 1 1 1 1
v -2.2600000000000002 -0.75 1.86 1 1 1 1
v 1.9000000000000001 -0.75 2.82 1 1 1 1
v 2.22 -0.75 2.5 1 1 1 1
v 1.9000000000000001 -0.75 2.5 1 1 1 1
v 2.22 -0.75 2.82 1 1 1 1
v 2.54 -0.75 2.82 1 1 1 1
v 2.86 -0.75 2.5 1 1 1 1
v 2.54 -0.75 2.5 1 1 1 1
v 2.86 -0.75 2.82 1 1 1 1
v 2.86 -0.75 2.82 1 1 1 1
v 3.18 -0.75 2.5 1 1 1 1
v 2.86 -0.75 2.5 1 1 1 1
v 3.18 -0.75 2.82 1 1 1 1
v 3.5 -0.75 2.82 1 1 1 1
v 3.8200000000000003 -0.75 2.5 1 1 1 1
v 3.5 -0.75 2.5 1 1 1 1
v 3.8200000000000003 -0.75 2.82 1 1 1 1
v 4.14 -0.75 2.82 1 1 1 1
v 4.46 -0.75 2.5 1 1 1 1
v 4.14 -0.75 2.5 1 1 1 1
v 4.46 -0.75 2.82 1 1 1 1
v 4.46 -0.75 2.82 1 1 1 1
v 4.78 -0.75 2.5 1 1 1 1
v 4.46 -0.75 2.5 1 1 1 1
v 4.78 -0.75 2.82 1 1 1 1
v 5.1000000000000005 -0.75 2.82 1 1 1 1
v 5.42 -0.75 2.5 1 1 1 1
v 5.1000000000000005 -0.75 2.5 1 1 1 1
v 5.42 -0.75 2.82 1 1 1 1
v 5.42 -0.75 2.82 1 1 1 1
v 5.74 -0.75 2.5 1 1 1 1
v 5.42 -0.75 2.5 1 1 1 1
v 5.74 -0.75 2.82 1 1 1 1
v 5.74 -0.75 2.82 1 1 1 1
v 6.0600000000000005 -0.75 2.5 1 1 1 1
v 5.74 -0.75 2.5 1 1 1 1
v 6.0600000000000005 -0.75 2.82 1 1 1 1
v 3.8200000000000003 -0.75 2.82 1 1 1 1
v 4.14 -0.75 2.5 1 1 1 1
v 3.8200000000000003 -0.75 2.5 1 1 1 1
v 4.14 -0.75 2.82 1 1 1 1
v 3.18 -0.75 2.82 1 1 1 1
v 3.5 -0.75 2.5 1 1 1 1
v 3.18 -0.75 2.5 1 1 1 1
v 3.5 -0.75 2.82 1 1 1 1
v 2.22 -0.75 2.82 1 1 1 1
v 2.54 -0.75 2.5 1 1 1 1
v 2.22 -0.75 2.5 1 1 1 1
v 2.54 -0.75 2.82 1 1 1 1
v 4.78 -0.75 2.82 1 1 1 1
v 5.1000000000000005 -0.75 2.5 1 1 1 1
v 4.78 -0.75 2.5 1 1 1 1
v 5.1000000000000005 -0.75 2.82 1 1 1 1
v 6.0600000000000005 -0.75 2.82 1 1 1 1
v 6.38 -0.75 2.5 1 1 1 1
v 6.0600000000000005 -0.75 2.5 1 1 1 1
v 6.38 -0.75 2.82 1 1 1 1
v 6.38 -0.75 2.82 1 1 1 1
v 6.7 -0.75 2.5 1 1 1 1
v 6.38 -0.75 2.5 1 1 1 1
v 6.7 -0.75 2.82 1 1 1 1
v -2.2600000000000002 -0.75 1.86 1 1 1 1
v -1.94 -0.75 1.54 1 1 1 1
v -2.2600000000000002 -0.75 1.54 1 1 1 1
v -1.94 -0.75 1.86 1 1 1 1
v 2.22 -0.75 3.14 1 1 1 1
v 2.54 -0.75 2.82 1 1 1 1
v 2.22 -0.75 2.82 1 1 1 1
v 2.54 -0.75 3.14 1 1 1 1
v 2.86 -0.75 3.14 1 1 1 1
v 3.18 -0.75 2.82 1 1 1 1
v 2.86 -0.75 2.82 1 1 1 1
v 3.18 -0.75 3.14 1 1 1 1
v 3.18 -0.75 3.14 1 1 1 1
v 3.5 -0.75 2.82 1 1 1 1
v 3.18 -0.75 2.82 1 1 1 1
v 3.5 -0.75 3.14 1 1 1 1
v 3.5 -0.75 3.14 1 1 1 1
v 3.8200000000000003 -0.75 2.82 1 1 1 1
v 3.5 -0.75 2.82 1 1 1 1
v 3.8200000000000003 -0.75 3.14 1 1 1 1
v 3.8200000000000003 -0.75 3.14 1 1 1 1
v 4.14 -0.75 2.82 1 1 1 1
v 3.8200000000000003 -0.75 2.82 1 1 1 1
v 4.14 -0.75 3.14 1 1 1 1
v 4.14 -0.75 3.14 1 1 1 1
v 4.46 -0.75 2.82 1 1 1 1
v 4.14 -0.75 2.82 1 1 1 1
v 4.46 -0.75 3.14 1 1 1 1
v 4.46 -0.75 3.14 1 1 1 1
v 4.78 -0.75 2.82 1 1 1 1
v 4.46 -0.75 2.82 1 1 1 1
v 4.78 -0.75 3.14 1 1 1 1
v 2.54 -0.75 3.14 1 1 1 1
v 2.86 -0.75 2.82 1 1 1 1
v 2.54 -0.75 2.82 1 1 1 1
v 2.86 -0.75 3.14 1 1 1 1
v 1.9000000000000001 -0.75 3.14 1 1 1 1
v 2.22 -0.75 2.82 1 1 1 1
v 1.9000000000000001 -0.75 2.82 1 1 1 1
v 2.22 -0.75 3.14 1 1 1 1
v 5.1000000000000005 -0.75 3.14 1 1 1 1
v 5.42 -0.75 2.82 1 1 1 1
v 5.1000000000000005 -0.75 2.82 1 1 1 1
v 5.42 -0.75 3.14 1 1 1 1
v 5.42 -0.75 3.14 1 1 1 1
v 5.74 -0.75 2.82 1 1 1 1
v 5.42 -0.75 2.82 1 1 1 1
v 5.74 -0.75 3.14 1 1 1 1
v 5.74 -0.75 3.14 1 1 1 1
v 6.0600000000000005 -0.75 2.82 1 1 1 1
v 5.74 -0.75 2.82 1 1 1 1
v 6.0600000000000005 -0.75 3.14 1 1 1 1
v 6.0600000000000005 -0.75 3.14 1 1 1 1
v 6.38 -0.75 2.82 1 1 1 1
v 6.0600000000000005 -0.75 2.82 1 1 1 1
v 6.38 -0.75 3.14 1 1 1 1
v 6.38 -0.75 3.14 1 1 1 1
v 6.7 -0.75 2.82 1 1 1 1
v 6.38 -0.75 2.82 1 1 1 1
v 6.7 -0.75 3.14 1 1 1 1
v 4.78 -0.75 3.14 1 1 1 1
v 5.1000000000000005 -0.75 2.82 1 1 1 1
v 4.78 -0.75 2.82 1 1 1 1
v 5.1000000000000005 -0.75 3.14 1 1 1 1
v 1.9000000000000001 -0.75 0.9 1 1 1 1
v 2.22 -0.75 0.58 1 1 1 1
v 1.9000000000000001 -0.75 0.58 1 1 1 1
v 2.22 -0.75 0.9 1 1 1 1
v 2.22 -0.75 0.9 1 1 1 1
v 2.54 -0.75 0.58 1 1 1 1
v 2.22 -0.75 0.58 1 1 1 1
v 2.54 -0.75 0.9 1 1 1 1
v -3.22 -0.75 0.9 1 1 1 1
v -2.9 -0.75 0.58 1 1 1 1
v -3.22 -0.75 0.58 1 1 1 1
v -2.9 -0.75 0.9 1 1 1 1
v 1.9000000000000001 -0.75 3.46 1 1 1 1
v 2.22 -0.75 3.14 1 1 1 1
v 1.9000000000000001 -0.75 3.14 1 1 1 1
v 2.22 -0.75 3.46 1 1 1 1
v 2.54 -0.75 3.46 1 1 1 1
v 2.86 -0.75 3.14 1 1 1 1
v 2.54 -0.75 3.14 1 1 1 1
v 2.86 -0.75 3.46 1 1 1 1
v 2.86 -0.75 3.46 1 1 1 1
v 3.18 -0.75 3.14 1 1 1 1
v 2.86 -0.75 3.14 1 1 1 1
v 3.18 -0.75 3.46 1 1 1 1
v 3.18 -0.75 3.46 1 1 1 1
v 3.5 -0.75 3.14 1 1 1 1
v 3.18 -0.75 3.14 1 1 1 1
v 3.5 -0.75 3.46 1 1 1 1
v 3.5 -0.75 3.46 1 1 1 1
v 3.8200000000000003 -0.75 3.14 1 1 1 1
v 3.5 -0.75 3.14 1 1 1 1
v 3.8200000000000003 -0.75 3.46 1 1 1 1
v 3.8200000000000003 -0.75 3.46 1 1 1 1
v 4.14 -0.75 3.14 1 1 1 1
v 3.8200000000000003 -0.75 3.14 1 1 1 1
v 4.14 -0.75 3.46 1 1 1 1
v 2.22 -0.75 3.46 1 1 1 1
v 2.54 -0.75 3.14 1 1 1 1
v 2.22 -0.75 3.14 1 1 1 1
v 2.54 -0.75 3.46 1 1 1 1
v 4.14 -0.75 3.46 1 1 1 1
v 4.46 -0.75 3.14 1 1 1 1
v 4.14 -0.75 3.14 1 1 1 1
v 4.46 -0.75 3.46 1 1 1 1
v 4.46 -0.75 3.46 1 1 1 1
v 4.78 -0.75 3.14 1 1 1 1
v 4.46 -0.75 3.14 1 1 1 1
v 4.78 -0.75 3.46 1 1 1 1
v 4.78 -0.75 3.46 1 1 1 1
v 5.1000000000000005 -0.75 3.14 1 1 1 1
v 4.78 -0.75 3.14 1 1 1 1
v 5.1000000000000005 -0.75 3.46 1 1 1 1
v 5.1000000000000005 -0.75 0.9 1 1 1 1
v 5.42 -0.75 0.58 1 1 1 1
v 5.1000000000000005 -0.75 0.58 1 1 1 1
v 5.42 -0.75 0.9 1 1 1 1
v 5.42 -0.75 0.9 1 1 1 1
v 5.74 -0.75 0.58 1 1 1 1
v 5.42 -0.75 0.58 1 1 1 1
v 5.74 -0.75 0.9 1 1 1 1
v 5.74 -0.75 0.9 1 1 1 1
v 6.0600000000000005 -0.75 0.58 1 1 1 1
v 5.74 -0.75 0.58 1 1 1 1
v 6.0600000000000005 -0.75 0.9 1 1 1 1
v 6.0600000000000005 -0.75 0.9 1 1 1 1
v 6.38 -0.75 0.58 1 1 1 1
v 6.0600000000000005 -0.75 0.58 1 1 1 1
v 6.38 -0.75 0.9 1 1 1 1
v 6.38 -0.75 0.9 1 1 1 1
v 6.7 -0.75 0.58 1 1 1 1
v 6.38 -0.75 0.58 1 1 1 1
v 6.7 -0.75 0.9 1 1 1 1
v 5.1000000000000005 -0.75 3.46 1 1 1 1
v 5.42 -0.75 3.14 1 1 1 1
v 5.1000000000000005 -0.75 3.14 1 1 1 1
v 5.42 -0.75 3.46 1 1 1 1
v 2.54 -0.75 0.9 1 1 1 1
v 2.86 -0.75 0.58 1 1 1 1
v 2.54 -0.75 0.58 1 1 1 1
v 2.86 -0.75 0.9 1 1 1 1
v 2.86 -0.75 0.9 1 1 1 1
v 3.18 -0.75 0.58 1 1 1 1
v 2.86 -0.75 0.58 1 1 1 1
v 3.18 -0.75 0.9 1 1 1 1
v 3.18 -0.75 0.9 1 1 1 1
v 3.5 -0.75 0.58 1 1 1 1
v 3.18 -0.75 0.58 1 1 1 1
v 3.5 -0.75 0.9 1 1 1 1
v 3.5 -0.75 0.9 1 1 1 1
v 3.8200000000000003 -0.75 0.58 1 1 1 1
v 3.5 -0.75 0.58 1 1 1 1
v 3.8200000000000003 -0.75 0.9 1 1 1 1
v -1.94 -0.75 1.86 1 1 1 1
v -1.62 -0.75 1.54 1 1 1 1
v -1.94 -0.75 1.54 1 1 1 1
v -1.62 -0.75 1.86 1 1 1 1
v 1.9000000000000001 -0.75 1.22 1 1 1 1
v 2.22 -0.75 0.9 1 1 1 1
v 1.9000000000000001 -0.75 0.9 1 1 1 1
v 2.22 -0.75 1.22 1 1 1 1
v 2.22 -0.75 1.22 1 1 1 1
v 2.54 -0.75 0.9 1 1 1 1
v 2.22 -0.75 0.9 1 1 1 1
v 2.54 -0.75 1.22 1 1 1 1
v 2.54 -0.75 1.22 1 1 1 1
v 2.86 -0.75 0.9 1 1 1 1
v 2.54 -0.75 0.9 1 1 1 1
v 2.86 -0.75 1.22 1 1 1 1
v 2.86 -0.75 1.22 1 1 1 1
v 3.18 -0.75 0.9 1 1 1 1
v 2.86 -0.75 0.9 1 1 1 1
v 3.18 -0.75 1.22 1 1 1 1
v 3.18 -0.75 1.22 1 1 1 1
v 3.5 -0.75 0.9 1 1 1 1
v 3.18 -0.75 0.9 1 1 1 1
v 3.5 -0.75 1.22 1 1 1 1
v 3.5 -0.75 1.22 1 1 1 1
v 3.8200000000000003 -0.75 0.9 1 1 1 1
v 3.5 -0.75 0.9 1 1 1 1
v 3.8200000000000003 -0.75 1.22 1 1 1 1
v 3.8200000000000003 -0.75 1.22 1 1 1 1
v 4.14 -0.75 0.9 1 1 1 1
v 3.8200000000000003 -0.75 0.9 1 1 1 1
v 4.14 -0.75 1.22 1 1 1 1
v 4.14 -0.75 1.22 1 1 1 1
v 4.46 -0.75 0.9 1 1 1 1
v 4.14 -0.75 0.9 1 1 1 1
v 4.46 -0.75 1.22 1 1 1 1
v 4.46 -0.75 1.22 1 1 1 1
v 4.78 -0.75 0.9 1 1 1 1
v 4.46 -0.75 0.9 1 1 1 1
v 4.78 -0.75 1.22 1 1 1 1
v 4.78 -0.75 1.22 1 1 1 1
v 5.1000000000000005 -0.75 0.9 1 1 1 1
v 4.78 -0.75 0.9 1 1 1 1
v 5.1000000000000005 -0.75 1.22 1 1 1 1
v 5.1000000000000005 -0.75 1.22 1 1 1 1
v 5.42 -0.75 0.9 1 1 1 1
v 5.1000000000000005 -0.75 0.9 1 1 1 1
v 5.42 -0.75 1.22 1 1 1 1
v 5.42 -0.75 1.22 1 1 1 1
v 5.74 -0.75 0.9 1 1 1 1
v 5.42 -0.75 0.9 1 1 1 1
v 5.74 -0.75 1.22 1 1 1 1
v 5.74 -0.75 1.22 1 1 1 1
v 6.0600000000000005 -0.75 0.9 1 1 1 1
v 5.74 -0.75 0.9 1 1 1 1
v 6.0600000000000005 -0.75 1.22 1 1 1 1
v 6.0600000000000005 -0.75 1.22 1 1 1 1
v 6.38 -0.75 0.9 1 1 1 1
v 6.0600000000000005 -0.75 0.9 1 1 1 1
v 6.38 -0.75 1.22 1 1 1 1
v 6.38 -0.75 1.22 1 1 1 1
v 6.7 -0.75 0.9 1 1 1 1
v 6.38 -0.75 0.9 1 1 1 1
v 6.7 -0.75 1.22 1 1 1 1
v -1.62 -0.75 1.86 1 1 1 1
v -1.3 -0.75 1.54 1 1 1 1
v -1.62 -0.75 1.54 1 1 1 1
v -1.3 -0.75 1.86 1 1 1 1
v 1.9000000000000001 -0.75 1.54 1 1 1 1
v 2.22 -0.75 1.22 1 1 1 1
v 1.9000000000000001 -0.75 1.22 1 1 1 1
v 2.22 -0.75 1.54 1 1 1 1
v 2.22 -0.75 1.54 1 1 1 1
v 2.54 -0.75 1.22 1 1 1 1
v 2.22 -0.75 1.22 1 1 1 1
v 2.54 -0.75 1.54 1 1 1 1
v 2.54 -0.75 1.54 1 1 1 1
v 2.86 -0.75 1.22 1 1 1 1
v 2.54 -0.75 1.22 1 1 1 1
v 2.86 -0.75 1.54 1 1 1 1
v 3.18 -0.75 1.54 1 1 1 1
v 3.5 -0.75 1.22 1 1 1 1
v 3.18 -0.75 1.22 1 1 1 1
v 3.5 -0.75 1.54 1 1 1 1
v 3.5 -0.75 1.54 1 1 1 1
v 3.8200000000000003 -0.75 1.22 1 1 1 1
v 3.5 -0.75 1.22 1 1 1 1
v 3.8200000000000003 -0.75 1.54 1 1 1 1
v 3.8200000000000003 -0.75 1.54 1 1 1 1
v 4.14 -0.75 1.22 1 1 1 1
v 3.8200000000000003 -0.75 1.22 1 1 1 1
v 4.14 -0.75 1.54 1 1 1 1
v 4.14 -0.75 1.54 1 1 1 1
v 4.46 -0.75 1.22 1 1 1 1
v 4.14 -0.75 1.22 1 1 1 1
v 4.46 -0.75 1.54 1 1 1 1
v 4.46 -0.75 1.54 1 1 1 1
v 4.78 -0.75 1.22 1 1 1 1
v 4.46 -0.75 1.22 1 1 1 1
v 4.78 -0.75 1.54 1 1 1 1
v 4.78 -0.75 1.54 1 1 1 1
v 5.1000000000000005 -0.75 1.22 1 1 1 1
v 4.78 -0.75 1.22 1 1 1 1
v 5.1000000000000005 -0.75 1.54 1 1 1 1
v 2.86 -0.75 1.54 1 1 1 1
v 3.18 -0.75 1.22 1 1 1 1
v 2.86 -0.75 1.22 1 1 1 1
v 3.18 -0.75 1.54 1 1 1 1
v 5.42 -0.75 1.54 1 1 1 1
v 5.74 -0.75 1.22 1 1 1 1
v 5.42 -0.75 1.22 1 1 1 1
v 5.74 -0.75 1.54 1 1 1 1
v 5.74 -0.75 1.54 1 1 1 1
v 6.0600000000000005 -0.75 1.22 1 1 1 1
v 5.74 -0.75 1.22 1 1 1 1
v 6.0600000000000005 -0.75 1.54 1 1 1 1
v 6.0600000000000005 -0.75 1.54 1 1 1 1
v 6.38 -0.75 1.22 1 1 1 1
v 6.0600000000000005 -0.75 1.22 1 1 1 1
v 6.38 -0.75 1.54 1 1 1 1
v 6.38 -0.75 1.54 1 1 1 1
v 6.7 -0.75 1.22 1 1 1 1
v 6.38 -0.75 1.22 1 1 1 1
v 6.7 -0.75 1.54 1 1 1 1
v -1.3 -0.75 1.86 1 1 1 1
v -0.98 -0.75 1.54 1 1 1 1
v -1.3 -0.75 1.54 1 1 1 1
v -0.98 -0.75 1.86 1 1 1 1
v -0.98 -0.75 1.86 1 1 1 1
v -0.66 -0.75 1.54 1 1 1 1
v -0.98 -0.75 1.54 1 1 1 1
v -0.66 -0.75 1.86 1 1 1 1
v -1.94 -0.75 1.54 1 1 1 1
v -1.62 -0.75 1.22 1 1 1 1
v -1.94 -0.75 1.22 1 1 1 1
v -1.62 -0.75 1.54 1 1 1 1
v -5.46 -0.75 2.18 1 1 1 1
v -5.14 -0.75 1.86 1 1 1 1
v -5.46 -0.75 1.86 1 1 1 1
v -5.14 -0.75 2.18 1 1 1 1
v -5.14 -0.75 2.18 1 1 1 1
v -4.82 -0.75 1.86 1 1 1 1
v -5.14 -0.75 1.86 1 1 1 1
v -4.82 -0.75 2.18 1 1 1 1
v -4.82 -0.75 2.18 1 1 1 1
v -4.5 -0.75 1.86 1 1 1 1
v -4.82 -0.75 1.86 1 1 1 1
v -4.5 -0.75 2.18 1 1 1 1
v -4.5 -0.75 2.18 1 1 1 1
v -4.18 -0.75 1.86 1 1 1 1
v -4.5 -0.75 1.86 1 1 1 1
v -4.18 -0.75 2.18 1 1 1 1
v -4.18 -0.75 2.18 1 1 1 1
v -3.86 -0.75 1.86 1 1 1 1
v -4.18 -0.75 1.86 1 1 1 1
v -3.86 -0.75 2.18 1 1 1 1
v -2.9 -0.75 0.9 1 1 1 1
v -2.58 -0.75 0.58 1 1 1 1
v -2.9 -0.75 0.58 1 1 1 1
v -2.58 -0.75 0.9 1 1 1 1
v -3.86 -0.75 2.18 1 1 1 1
v -3.54 -0.75 1.86 1 1 1 1
v -3.86 -0.75 1.86 1 1 1 1
v -3.54 -0.75 2.18 1 1 1 1
v -3.54 -0.75 2.18 1 1 1 1
v -3.22 -0.75 1.86 1 1 1 1
v -3.54 -0.75 1.86 1 1 1 1
v -3.22 -0.75 2.18 1 1 1 1
v -3.22 -0.75 2.18 1 1 1 1
v -2.9 -0.75 1.86 1 1 1 1
v -3.22 -0.75 1.86 1 1 1 1
v -2.9 -0.75 2.18 1 1 1 1
v -2.9 -0.75 2.18 1 1 1 1
v -2.58 -0.75 1.86 1 1 1 1
v -2.9 -0.75 1.86 1 1 1 1
v -2.58 -0.75 2.18 1 1 1 1
v -2.58 -0.75 0.9 1 1 1 1
v -2.2600000000000002 -0.75 0.58 1 1 1 1
v -2.58 -0.75 0.58 1 1 1 1
v -2.2600000000000002 -0.75 0.9 1 1 1 1
v -2.2600000000000002 -0.75 0.9 1 1 1 1
v -1.94 -0.75 0.58 1 1 1 1
v -2.2600000000000002 -0.75 0.58 1 1 1 1
v -1.94 -0.75 0.9 1 1 1 1
v -2.58 -0.75 2.18 1 1 1 1
v -2.2600000000000002 -0.75 1.86 1 1 1 1
v -2.58 -0.75 1.86 1 1 1 1
v -2.2600000000000002 -0.75 2.18 1 1 1 1
v -2.2600000000000002 -0.75 2.18 1 1 1 1
v -1.94 -0.75 1.86 1 1 1 1
v -2.2600000000000002 -0.75 1.86 1 1 1 1
v -1.94 -0.75 2.18 1 1 1 1
v -1.94 -0.75 2.18 1 1 1 1
v -1.62 -0.75 1.86 1 1 1 1
v -1.94 -0.75 1.86 1 1 1 1
v -1.62 -0.75 2.18 1 1 1 1
v -1.62 -0.75 2.18 1 1 1 1
v -1.3 -0.75 1.86 1 1 1 1
v -1.62 -0.75 1.86 1 1 1 1
v -1.3 -0.75 2.18 1 1 1 1
v -1.3 -0.75 2.18 1 1 1 1
v -0.98 -0.75 1.86 1 1 1 1
v -1.3 -0.75 1.86 1 1 1 1
v -0.98 -0.75 2.18 1 1 1 1
v -0.98 -0.75 2.18 1 1 1 1
v -0.66 -0.75 1.86 1 1 1 1
v -0.98 -0.75 1.86 1 1 1 1
v -0.66 -0.75 2.18 1 1 1 1
v -5.46 -0.75 1.86 1 1 1 1
v -5.14 -0.75 1.54 1 1 1 1
v -5.46 -0.75 1.54 1 1 1 1
v -5.14 -0.75 1.86 1 1 1 1
v -5.46 -0.75 2.5 1 1 1 1
v -5.14 -0.75 2.18 1 1 1 1
v -5.46 -0.75 2.18 1 1 1 1
v -5.14 -0.75 2.5 1 1 1 1
v -5.14 -0.75 2.5 1 1 1 1
v -4.82 -0.75 2.18 1 1 1 1
v -5.14 -0.75 2.18 1 1 1 1
v -4.82 -0.75 2.5 1 1 1 1
v -4.5 -0.75 2.5 1 1 1 1
v -4.18 -0.75 2.18 1 1 1 1
v -4.5 -0.75 2.18 1 1 1 1
v -4.18 -0.75 2.5 1 1 1 1
v -4.18 -0.75 2.5 1 1 1 1
v -3.86 -0.75 2.18 1 1 1 1
v -4.18 -0.75 2.18 1 1 1 1
v -3.86 -0.75 2.5 1 1 1 1
v -3.86 -0.75 2.5 1 1 1 1
v -3.54 -0.75 2.18 1 1 1 1
v -3.86 -0.75 2.18 1 1 1 1
v -3.54 -0.75 2.5 1 1 1 1
v -3.54 -0.75 2.5 1 1 1 1
v -3.22 -0.75 2.18 1 1 1 1
v -3.54 -0.75 2.18 1 1 1 1
v -3.22 -0.75 2.5 1 1 1 1
v -3.22 -0.75 2.5 1 1 1 1
v -2.9 -0.75 2.18 1 1 1 1
v -3.22 -0.75 2.18 1 1 1 1
v -2.9 -0.75 2.5 1 1 1 1
v -2.9 -0.75 2.5 1 1 1 1
v -2.58 -0.75 2.18 1 1 1 1
v -2.9 -0.75 2.18 1 1 1 1
v -2.58 -0.75 2.5 1 1 1 1
v -2.58 -0.75 2.5 1 1 1 1
v -2.2600000000000002 -0.75 2.18 1 1 1 1
v -2.58 -0.75 2.18 1 1 1 1
v -2.2600000000000002 -0.75 2.5 1 1 1 1
v -4.82 -0.75 2.5 1 1 1 1
v -4.5 -0.75 2.18 1 1 1 1
v -4.82 -0.75 2.18 1 1 1 1
v -4.5 -0.75 2.5 1 1 1 1
v -1.94 -0.75 2.5 1 1 1 1
v -1.62 -0.75 2.18 1 1 1 1
v -1.94 -0.75 2.18 1 1 1 1
v -1.62 -0.75 2.5 1 1 1 1
v -1.3 -0.75 2.5 1 1 1 1
v -0.98 -0.75 2.18 1 1 1 1
v -1.3 -0.75 2.18 1 1 1 1
v -0.98 -0.75 2.5 1 1 1 1
v -0.98 -0.75 2.5 1 1 1 1
v -0.66 -0.75 2.18 1 1 1 1
v -0.98 -0.75 2.18 1 1 1 1
v -0.66 -0.75 2.5 1 1 1 1
v -5.14 -0.75 1.86 1 1 1 1
v -4.82 -0.75 1.54 1 1 1 1
v -5.14 -0.75 1.54 1 1 1 1
v -4.82 -0.75 1.86 1 1 1 1
v -4.82 -0.75 1.86 1 1 1 1
v -4.5 -0.75 1.54 1 1 1 1
v -4.82 -0.75 1.54 1 1 1 1
v -4.5 -0.75 1.86 1 1 1 1
v -2.2600000000000002 -0.75 2.5 1 1 1 1
v -1.94 -0.75 2.18 1 1 1 1
v -2.2600000000000002 -0.75 2.18 1 1 1 1
v -1.94 -0.75 2.5 1 1 1 1
v -1.62 -0.75 2.5 1 1 1 1
v -1.3 -0.75 2.18 1 1 1 1
v -1.62 -0.75 2.18 1 1 1 1
v -1.3 -0.75 2.5 1 1 1 1
v -5.46 -0.75 2.82 1 1 1 1
v -5.14 -0.75 2.5 1 1 1 1
v -5.46 -0.75 2.5 1 1 1 1
v -5.14 -0.75 2.82 1 1 1 1
v -5.46 -0.75 0.9 1 1 1 1
v -5.14 -0.75 0.58 1 1 1 1
v -5.46 -0.75 0.58 1 1 1 1
v -5.14 -0.75 0.9 1 1 1 1
v -5.14 -0.75 2.82 1 1 1 1
v -4.82 -0.75 2.5 1 1 1 1
v -5.14 -0.75 2.5 1 1 1 1
v -4.82 -0.75 2.82 1 1 1 1
v -4.5 -0.75 2.82 1 1 1 1
v -4.18 -0.75 2.5 1 1 1 1
v -4.5 -0.75 2.5 1 1 1 1
v -4.18 -0.75 2.82 1 1 1 1
v -4.18 -0.75 2.82 1 1 1 1
v -3.86 -0.75 2.5 1 1 1 1
v -4.18 -0.75 2.5 1 1 1 1
v -3.86 -0.75 2.82 1 1 1 1
v -3.54 -0.75 2.82 1 1 1 1
v -3.22 -0.75 2.5 1 1 1 1
v -3.54 -0.75 2.5 1 1 1 1
v -3.22 -0.75 2.82 1 1 1 1
v -2.9 -0.75 2.82 1 1 1 1
v -2.58 -0.75 2.5 1 1 1 1
v -2.9 -0.75 2.5 1 1 1 1
v -2.58 -0.75 2.82 1 1 1 1
v -2.58 -0.75 2.82 1 1 1 1
v -2.2600000000000002 -0.75 2.5 1 1 1 1
v -2.58 -0.75 2.5 1 1 1 1
v -2.2600000000000002 -0.75 2.82 1 1 1 1
v -1.94 -0.75 2.82 1 1 1 1
v -1.62 -0.75 2.5 1 1 1 1
v -1.94 -0.75 2.5 1 1 1 1
v -1.62 -0.75 2.82 1 1 1 1
v -1.62 -0.75 2.82 1 1 1 1
v -1.3 -0.75 2.5 1 1 1 1
v -1.62 -0.75 2.5 1 1 1 1
v -1.3 -0.75 2.82 1 1 1 1
v -1.3 -0.75 2.82 1 1 1 1
v -0.98 -0.75 2.5 1 1 1 1
v -1.3 -0.75 2.5 1 1 1 1
v -0.98 -0.75 2.82 1 1 1 1
v -3.22 -0.75 2.82 1 1 1 1
v -2.9 -0.75 2.5 1 1 1 1
v -3.22 -0.75 2.5 1 1 1 1
v -2.9 -0.75 2.82 1 1 1 1
v -3.86 -0.75 2.82 1 1 1 1
v -3.54 -0.75 2.5 1 1 1 1
v -3.86 -0.75 2.5 1 1 1 1
v -3.54 -0.75 2.82 1 1 1 1
v -4.82 -0.75 2.82 1 1 1 1
v -4.5 -0.75 2.5 1 1 1 1
v -4.82 -0.75 2.5 1 1 1 1
v -4.5 -0.75 2.82 1 1 1 1
v -2.2600000000000002 -0.75 2.82 1 1 1 1
v -1.94 -0.75 2.5 1 1 1 1
v -2.2600000000000002 -0.75 2.5 1 1 1 1
v -1.94 -0.75 2.82 1 1 1 1
v -0.98 -0.75 2.82 1 1 1 1
v -0.66 -0.75 2.5 1 1 1 1
v -0.98 -0.75 2.5 1 1 1 1
v -0.66 -0.75 2.82 1 1 1 1
v -4.5 -0.75 1.86 1 1 1 1
v -4.18 -0.75 1.54 1 1 1 1
v -4.5 -0.75 1.54 1 1 1 1
v -4.18 -0.75 1.86 1 1 1 1
v -5.46 -0.75 3.14 1 1 1 1
v -5.14 -0.75 2.82 1 1 1 1
v -5.46 -0.75 2.82 1 1 1 1
v -5.14 -0.75 3.14 1 1 1 1
v -4.82 -0.75 3.14 1 1 1 1
v -4.5 -0.75 2.82 1 1 1 1
v -4.82 -0.75 2.82 1 1 1 1
v -4.5 -0.75 3.14 1 1 1 1
v -4.18 -0.75 3.14 1 1 1 1
v -3.86 -0.75 2.82 1 1 1 1
v -4.18 -0.75 2.82 1 1 1 1
v -3.86 -0.75 3.14 1 1 1 1
v -3.86 -0.75 3.14 1 1 1 1
v -3.54 -0.75 2.82 1 1 1 1
v -3.86 -0.75 2.82 1 1 1 1
v -3.54 -0.75 3.14 1 1 1 1
v -3.54 -0.75 3.14 1 1 1 1
v -3.22 -0.75 2.82 1 1 1 1
v -3.54 -0.75 2.82 1 1 1 1
v -3.22 -0.75 3.14 1 1 1 1
v -3.22 -0.75 3.14 1 1 1 1
v -2.9 -0.75 2.82 1 1 1 1
v -3.22 -0.75 2.82 1 1 1 1
v -2.9 -0.75 3.14 1 1 1 1
v -2.9 -0.75 3.14 1 1 1 1
v -2.58 -0.75 2.82 1 1 1 1
v -2.9 -0.75 2.82 1 1 1 1
v -2.58 -0.75 3.14 1 1 1 1
v -2.58 -0.75 3.14 1 1 1 1
v -2.2600000000000002 -0.75 2.82 1 1 1 1
v -2.58 -0.75 2.82 1 1 1 1
v -2.2600000000000002 -0.75 3.14 1 1 1 1
v -4.5 -0.75 3.14 1 1 1 1
v -4.18 -0.75 2.82 1 1 1 1
v -4.5 -0.75 2.82 1 1 1 1
v -4.18 -0.75 3.14 1 1 1 1
v -5.14 -0.75 3.14 1 1 1 1
v -4.82 -0.75 2.82 1 1 1 1
v -5.14 -0.75 2.82 1 1 1 1
v -4.82 -0.75 3.14 1 1 1 1
v -9.612534790039062 0.4 -0.859996337890625 1 1 1 1
v -8.652534790039063 0.4 -1.339996337890625 1 1 1 1
v -9.612534790039062 0.4 -1.339996337890625 1 1 1 1
v -8.652534790039063 0.4 -0.859996337890625 1 1 1 1
v -8.652534790039063 -0.72 -0.859996337890625 1 1 1 1
v -9.612534790039062 0.4 -0.859996337890625 1 1 1 1
v -9.612534790039062 -0.72 -0.859996337890625 1 1 1 1
v -8.652534790039063 0.4 -0.859996337890625 1 1 1 1
v -9.612534790039062 -0.72 -1.339996337890625 1 1 1 1
v -8.652534790039063 0.4 -1.339996337890625 1 1 1 1
v -8.652534790039063 -0.72 -1.339996337890625 1 1 1 1
v -9.612534790039062 0.4 -1.339996337890625 1 1 1 1
v -9.612534790039062 -0.72 -0.859996337890625 1 1 1 1
v -9.612534790039062 0.4 -1.339996337890625 1 1 1 1
v -9.612534790039062 -0.72 -1.339996337890625 1 1 1 1
v -9.612534790039062 0.4 -0.859996337890625 1 1 1 1
v -8.652534790039063 -0.72 -1.339996337890625 1 1 1 1
v -8.652534790039063 0.4 -0.859996337890625 1 1 1 1
v -8.652534790039063 -0.72 -0.859996337890625 1 1 1 1
v -8.652534790039063 0.4 -1.339996337890625 1 1 1 1
v -0.67 0.4 -1.02 1 1 1 1
v -0.67 1.04 -0.06 1 1 1 1
v -0.67 0.4 -0.06 1 1 1 1
v -0.67 1.04 -1.02 1 1 1 1
v -1.1500000000000001 0.4 -0.06 1 1 1 1
v -1.1500000000000001 1.04 -1.02 1 1 1 1
v -1.1500000000000001 0.4 -1.02 1 1 1 1
v -1.1500000000000001 1.04 -0.06 1 1 1 1
v -0.67 0.4 -0.06 1 1 1 1
v -1.1500000000000001 1.04 -0.06 1 1 1 1
v -1.1500000000000001 0.4 -0.06 1 1 1 1
v -0.67 1.04 -0.06 1 1 1 1
v -0.67 0.4 -1.98 1 1 1 1
v -0.67 1.04 -1.02 1 1 1 1
v -0.67 0.4 -1.02 1 1 1 1
v -0.67 1.04 -1.98 1 1 1 1
v -1.1500000000000001 0.4 -1.98 1 1 1 1
v -0.67 1.04 -1.98 1 1 1 1
v -0.67 0.4 -1.98 1 1 1 1
v -1.1500000000000001 1.04 -1.98 1 1 1 1
v -1.1500000000000001 0.4 -1.02 1 1 1 1
v -1.1500000000000001 1.04 -1.98 1 1 1 1
v -1.1500000000000001 0.4 -1.98 1 1 1 1
v -1.1500000000000001 1.04 -1.02 1 1 1 1
v -0.67 0.37 -16.06 1 1 1 1
v -0.67 1.01 -15.1 1 1 1 1
v -0.67 0.37 -15.1 1 1 1 1
v -0.67 1.01 -16.06 1 1 1 1
v -1.1500000000000001 0.37 -16.06 1 1 1 1
v -0.67 1.01 -16.06 1 1 1 1
v -0.67 0.37 -16.06 1 1 1 1
v -1.1500000000000001 1.01 -16.06 1 1 1 1
v -1.1500000000000001 0.37 -15.1 1 1 1 1
v -1.1500000000000001 1.01 -16.06 1 1 1 1
v -1.1500000000000001 0.37 -16.06 1 1 1 1
v -1.1500000000000001 1.01 -15.1 1 1 1 1
v -0.67 0.37 -15.1 1 1 1 1
v -0.67 1.01 -14.14 1 1 1 1
v -0.67 0.37 -14.14 1 1 1 1
v -0.67 1.01 -15.1 1 1 1 1
v -1.1500000000000001 0.37 -14.14 1 1 1 1
v -1.1500000000000001 1.01 -15.1 1 1 1 1
v -1.1500000000000001 0.37 -15.1 1 1 1 1
v -1.1500000000000001 1.01 -14.14 1 1 1 1
v -0.67 0.37 -14.14 1 1 1 1
v -1.1500000000000001 1.01 -14.14 1 1 1 1
v -1.1500000000000001 0.37 -14.14 1 1 1 1
v -0.67 1.01 -14.14 1 1 1 1
v -0.66 0.41000000000000003 -12.870000000000001 1 1 1 1
v -0.66 1.05 -11.91 1 1 1 1
v -0.66 0.41000000000000003 -11.91 1 1 1 1
v -0.66 1.05 -12.870000000000001 1 1 1 1
v -1.1400000000000001 0.41000000000000003 -12.870000000000001 1 1 1 1
v -0.66 1.05 -12.870000000000001 1 1 1 1
v -0.66 0.41000000000000003 -12.870000000000001 1 1 1 1
v -1.1400000000000001 1.05 -12.870000000000001 1 1 1 1
v -1.1400000000000001 0.41000000000000003 -11.91 1 1 1 1
v -1.1400000000000001 1.05 -12.870000000000001 1 1 1 1
v -1.1400000000000001 0.41000000000000003 -12.870000000000001 1 1 1 1
v -1.1400000000000001 1.05 -11.91 1 1 1 1
v -0.66 0.41000000000000003 -11.91 1 1 1 1
v -0.66 1.05 -10.950000000000001 1 1 1 1
v -0.66 0.41000000000000003 -10.950000000000001 1 1 1 1
v -0.66 1.05 -11.91 1 1 1 1
v -1.1400000000000001 0.41000000000000003 -10.950000000000001 1 1 1 1
v -1.1400000000000001 1.05 -11.91 1 1 1 1
v -1.1400000000000001 0.41000000000000003 -11.91 1 1 1 1
v -1.1400000000000001 1.05 -10.950000000000001 1 1 1 1
v -0.66 0.41000000000000003 -10.950000000000001 1 1 1 1
v -0.66 1.05 -9.99 1 1 1 1
v -0.66 0.41000000000000003 -9.99 1 1 1 1
v -0.66 1.05 -10.950000000000001 1 1 1 1
v -1.1400000000000001 0.41000000000000003 -9.99 1 1 1 1
v -1.1400000000000001 1.05 -10.950000000000001 1 1 1 1
v -1.1400000000000001 0.41000000000000003 -10.950000000000001 1 1 1 1
v -1.1400000000000001 1.05 -9.99 1 1 1 1
v -0.66 0.41000000000000003 -9.99 1 1 1 1
v -0.66 1.05 -9.03 1 1 1 1
v -0.66 0.41000000000000003 -9.03 1 1 1 1
v -0.66 1.05 -9.99 1 1 1 1
v -1.1400000000000001 0.41000000000000003 -9.03 1 1 1 1
v -1.1400000000000001 1.05 -9.99 1 1 1 1
v -1.1400000000000001 0.41000000000000003 -9.99 1 1 1 1
v -1.1400000000000001 1.05 -9.03 1 1 1 1
v -0.66 0.41000000000000003 -9.03 1 1 1 1
v -0.66 1.05 -8.07 1 1 1 1
v -0.66 0.41000000000000003 -8.07 1 1 1 1
v -0.66 1.05 -9.03 1 1 1 1
v -1.1400000000000001 0.41000000000000003 -8.07 1 1 1 1
v -1.1400000000000001 1.05 -9.03 1 1 1 1
v -1.1400000000000001 0.41000000000000003 -9.03 1 1 1 1
v -1.1400000000000001 1.05 -8.07 1 1 1 1
v -0.66 0.41000000000000003 -8.07 1 1 1 1
v -0.66 1.05 -7.11 1 1 1 1
v -0.66 0.41000000000000003 -7.11 1 1 1 1
v -0.66 1.05 -8.07 1 1 1 1
v -1.1400000000000001 0.41000000000000003 -7.11 1 1 1 1
v -1.1400000000000001 1.05 -8.07 1 1 1 1
v -1.1400000000000001 0.41000000000000003 -8.07 1 1 1 1
v -1.1400000000000001 1.05 -7.11 1 1 1 1
v -0.66 0.41000000000000003 -7.11 1 1 1 1
v -0.66 1.05 -6.15 1 1 1 1
v -0.66 0.41000000000000003 -6.15 1 1 1 1
v -0.66 1.05 -7.11 1 1 1 1
v -1.1400000000000001 0.41000000000000003 -6.15 1 1 1 1
v -1.1400000000000001 1.05 -7.11 1 1 1 1
v -1.1400000000000001 0.41000000000000003 -7.11 1 1 1 1
v -1.1400000000000001 1.05 -6.15 1 1 1 1
v -0.66 0.41000000000000003 -6.15 1 1 1 1
v -0.66 1.05 -5.19 1 1 1 1
v -0.66 0.41000000000000003 -5.19 1 1 1 1
v -0.66 1.05 -6.15 1 1 1 1
v -1.1400000000000001 0.41000000000000003 -5.19 1 1 1 1
v -1.1400000000000001 1.05 -6.15 1 1 1 1
v -1.1400000000000001 0.41000000000000003 -6.15 1 1 1 1
v -1.1400000000000001 1.05 -5.19 1 1 1 1
v -0.66 0.41000000000000003 -5.19 1 1 1 1
v -0.66 1.05 -4.23 1 1 1 1
v -0.66 0.41000000000000003 -4.23 1 1 1 1
v -0.66 1.05 -5.19 1 1 1 1
v -1.1400000000000001 0.41000000000000003 -4.23 1 1 1 1
v -1.1400000000000001 1.05 -5.19 1 1 1 1
v -1.1400000000000001 0.41000000000000003 -5.19 1 1 1 1
v -1.1400000000000001 1.05 -4.23 1 1 1 1
v -0.66 0.41000000000000003 -4.23 1 1 1 1
v -0.66 1.05 -3.27 1 1 1 1
v -0.66 0.41000000000000003 -3.27 1 1 1 1
v -0.66 1.05 -4.23 1 1 1 1
v -1.1400000000000001 0.41000000000000003 -3.27 1 1 1 1
v -1.1400000000000001 1.05 -4.23 1 1 1 1
v -1.1400000000000001 0.41000000000000003 -4.23 1 1 1 1
v -1.1400000000000001 1.05 -3.27 1 1 1 1
v -0.66 0.41000000000000003 -3.27 1 1 1 1
v -1.1400000000000001 1.05 -3.27 1 1 1 1
v -1.1400000000000001 0.41000000000000003 -3.27 1 1 1 1
v -0.66 1.05 -3.27 1 1 1 1
v -8.17 -0.72 -9.93 1 1 1 1
v -8.17 0.4 -8.97 1 1 1 1
v -8.17 -0.72 -8.97 1 1 1 1
v -8.17 0.4 -9.93 1 1 1 1
v 8.47 -0.75 -12.67 1 1 1 1
v 9.27 -0.75 -12.71 1 1 1 1
v 9.27 -0.75 -12.67 1 1 1 1
v 8.47 -0.75 -12.71 1 1 1 1
v -0.66 1.05 -5.19 1 1 1 1
v -1.1400000000000001 1.05 -6.15 1 1 1 1
v -1.1400000000000001 1.05 -5.19 1 1 1 1
v -0.66 1.05 -6.15 1 1 1 1
v -0.66 1.05 -6.15 1 1 1 1
v -1.1400000000000001 1.05 -7.11 1 1 1 1
v -1.1400000000000001 1.05 -6.15 1 1 1 1
v -0.66 1.05 -7.11 1 1 1 1
v -0.66 1.05 -7.11 1 1 1 1
v -1.1400000000000001 1.05 -8.07 1 1 1 1
v -1.1400000000000001 1.05 -7.11 1 1 1 1
v -0.66 1.05 -8.07 1 1 1 1
v -0.66 1.05 -8.07 1 1 1 1
v -1.1400000000000001 1.05 -9.03 1 1 1 1
v -1.1400000000000001 1.05 -8.07 1 1 1 1
v -0.66 1.05 -9.03 1 1 1 1
v -0.66 1.05 -9.03 1 1 1 1
v -1.1400000000000001 1.05 -9.99 1 1 1 1
v -1.1400000000000001 1.05 -9.03 1 1 1 1
v -0.66 1.05 -9.99 1 1 1 1
v -0.66 1.05 -9.99 1 1 1 1
v -1.1400000000000001 1.05 -10.950000000000001 1 1 1 1
v -1.1400000000000001 1.05 -9.99 1 1 1 1
v -0.66 1.05 -10.950000000000001 1 1 1 1
v -0.66 1.05 -10.950000000000001 1 1 1 1
v -1.1400000000000001 1.05 -11.91 1 1 1 1
v -1.1400000000000001 1.05 -10.950000000000001 1 1 1 1
v -0.66 1.05 -11.91 1 1 1 1
v -0.66 1.05 -11.91 1 1 1 1
v -1.1400000000000001 1.05 -12.870000000000001 1 1 1 1
v -1.1400000000000001 1.05 -11.91 1 1 1 1
v -0.66 1.05 -12.870000000000001 1 1 1 1
v -0.67 -0.76 -1.02 1 1 1 1
v -0.67 0.4 -0.06 1 1 1 1
v -0.67 -0.76 -0.06 1 1 1 1
v -0.67 0.4 -1.02 1 1 1 1
v -1.1500000000000001 -0.76 -0.06 1 1 1 1
v -1.1500000000000001 0.4 -1.02 1 1 1 1
v -1.1500000000000001 -0.76 -1.02 1 1 1 1
v -1.1500000000000001 0.4 -0.06 1 1 1 1
v -0.67 -0.76 -0.06 1 1 1 1
v -1.1500000000000001 0.4 -0.06 1 1 1 1
v -1.1500000000000001 -0.76 -0.06 1 1 1 1
v -0.67 0.4 -0.06 1 1 1 1
v -0.67 -0.76 -1.98 1 1 1 1
v -0.67 0.4 -1.02 1 1 1 1
v -0.67 -0.76 -1.02 1 1 1 1
v -0.67 0.4 -1.98 1 1 1 1
v -1.1500000000000001 -0.76 -1.98 1 1 1 1
v -0.67 0.4 -1.98 1 1 1 1
v -0.67 -0.76 -1.98 1 1 1 1
v -1.1500000000000001 0.4 -1.98 1 1 1 1
v -1.1500000000000001 -0.76 -1.02 1 1 1 1
v -1.1500000000000001 0.4 -1.98 1 1 1 1
v -1.1500000000000001 -0.76 -1.98 1 1 1 1
v -1.1500000000000001 0.4 -1.02 1 1 1 1
v -0.66 -0.75 -4.23 1 1 1 1
v -0.66 0.41000000000000003 -3.27 1 1 1 1
v -0.66 -0.75 -3.27 1 1 1 1
v -0.66 0.41000000000000003 -4.23 1 1 1 1
v -1.1400000000000001 -0.75 -3.27 1 1 1 1
v -1.1400000000000001 0.41000000000000003 -4.23 1 1 1 1
v -1.1400000000000001 -0.75 -4.23 1 1 1 1
v -1.1400000000000001 0.41000000000000003 -3.27 1 1 1 1
v -0.66 -0.75 -16.06 1 1 1 1
v -0.66 0.37 -15.1 1 1 1 1
v -0.66 -0.75 -15.1 1 1 1 1
v -0.66 0.37 -16.06 1 1 1 1
v -1.1400000000000001 -0.75 -16.06 1 1 1 1
v -0.66 0.37 -16.06 1 1 1 1
v -0.66 -0.75 -16.06 1 1 1 1
v -1.1400000000000001 0.37 -16.06 1 1 1 1
v -1.1400000000000001 -0.75 -15.1 1 1 1 1
v -1.1400000000000001 0.37 -16.06 1 1 1 1
v -1.1400000000000001 -0.75 -16.06 1 1 1 1
v -1.1400000000000001 0.37 -15.1 1 1 1 1
v -0.66 -0.75 -15.1 1 1 1 1
v -0.66 0.37 -14.14 1 1 1 1
v -0.66 -0.75 -14.14 1 1 1 1
v -0.66 0.37 -15.1 1 1 1 1
v -1.1400000000000001 -0.75 -14.14 1 1 1 1
v -1.1400000000000001 0.37 -15.1 1 1 1 1
v -1.1400000000000001 -0.75 -15.1 1 1 1 1
v -1.1400000000000001 0.37 -14.14 1 1 1 1
v -0.66 -0.75 -14.14 1 1 1 1
v -1.1400000000000001 0.37 -14.14 1 1 1 1
v -1.1400000000000001 -0.75 -14.14 1 1 1 1
v -0.66 0.37 -14.14 1 1 1 1
v -0.67 1.04 -1.02 1 1 1 1
v -1.1500000000000001 1.04 -1.98 1 1 1 1
v -1.1500000000000001 1.04 -1.02 1 1 1 1
v -0.67 1.04 -1.98 1 1 1 1
v -0.67 1.04 -0.06 1 1 1 1
v -1.1500000000000001 1.04 -1.02 1 1 1 1
v -1.1500000000000001 1.04 -0.06 1 1 1 1
v -0.67 1.04 -1.02 1 1 1 1
v -0.67 1.01 -14.14 1 1 1 1
v -1.1500000000000001 1.01 -15.1 1 1 1 1
v -1.1500000000000001 1.01 -14.14 1 1 1 1
v -0.67 1.01 -15.1 1 1 1 1
v -0.67 1.01 -15.1 1 1 1 1
v -1.1500000000000001 1.01 -16.06 1 1 1 1
v -1.1500000000000001 1.01 -15.1 1 1 1 1
v -0.67 1.01 -16.06 1 1 1 1
v -0.66 -0.75 -3.27 1 1 1 1
v -1.1400000000000001 0.41000000000000003 -3.27 1 1 1 1
v -1.1400000000000001 -0.75 -3.27 1 1 1 1
v -0.66 0.41000000000000003 -3.27 1 1 1 1
v -0.66 -0.75 -5.19 1 1 1 1
v -0.66 0.41000000000000003 -4.23 1 1 1 1
v -0.66 -0.75 -4.23 1 1 1 1
v -0.66 0.41000000000000003 -5.19 1 1 1 1
v -1.1400000000000001 -0.75 -4.23 1 1 1 1
v -1.1400000000000001 0.41000000000000003 -5.19 1 1 1 1
v -1.1400000000000001 -0.75 -5.19 1 1 1 1
v -1.1400000000000001 0.41000000000000003 -4.23 1 1 1 1
v -0.66 -0.75 -6.15 1 1 1 1
v -0.66 0.41000000000000003 -5.19 1 1 1 1
v -0.66 -0.75 -5.19 1 1 1 1
v -0.66 0.41000000000000003 -6.15 1 1 1 1
v -1.1400000000000001 -0.75 -5.19 1 1 1 1
v -1.1400000000000001 0.41000000000000003 -6.15 1 1 1 1
v -1.1400000000000001 -0.75 -6.15 1 1 1 1
v -1.1400000000000001 0.41000000000000003 -5.19 1 1 1 1
v -0.66 -0.75 -7.11 1 1 1 1
v -0.66 0.41000000000000003 -6.15 1 1 1 1
v -0.66 -0.75 -6.15 1 1 1 1
v -0.66 0.41000000000000003 -7.11 1 1 1 1
v -1.1400000000000001 -0.75 -6.15 1 1 1 1
v -1.1400000000000001 0.41000000000000003 -7.11 1 1 1 1
v -1.1400000000000001 -0.75 -7.11 1 1 1 1
v -1.1400000000000001 0.41000000000000003 -6.15 1 1 1 1
v -0.66 -0.75 -12.870000000000001 1 1 1 1
v -0.66 0.41000000000000003 -11.91 1 1 1 1
v -0.66 -0.75 -11.91 1 1 1 1
v -0.66 0.41000000000000003 -12.870000000000001 1 1 1 1
v -1.1400000000000001 -0.75 -12.870000000000001 1 1 1 1
v -0.66 0.41000000000000003 -12.870000000000001 1 1 1 1
v -0.66 -0.75 -12.870000000000001 1 1 1 1
v -1.1400000000000001 0.41000000000000003 -12.870000000000001 1 1 1 1
v -1.1400000000000001 -0.75 -11.91 1 1 1 1
v -1.1400000000000001 0.41000000000000003 -12.870000000000001 1 1 1 1
v -1.1400000000000001 -0.75 -12.870000000000001 1 1 1 1
v -1.1400000000000001 0.41000000000000003 -11.91 1 1 1 1
v -0.66 -0.75 -8.07 1 1 1 1
v -0.66 0.41000000000000003 -7.11 1 1 1 1
v -0.66 -0.75 -7.11 1 1 1 1
v -0.66 0.41000000000000003 -8.07 1 1 1 1
v -1.1400000000000001 -0.75 -7.11 1 1 1 1
v -1.1400000000000001 0.41000000000000003 -8.07 1 1 1 1
v -1.1400000000000001 -0.75 -8.07 1 1 1 1
v -1.1400000000000001 0.41000000000000003 -7.11 1 1 1 1
v -0.66 -0.75 -9.03 1 1 1 1
v -0.66 0.41000000000000003 -8.07 1 1 1 1
v -0.66 -0.75 -8.07 1 1 1 1
v -0.66 0.41000000000000003 -9.03 1 1 1 1
v -1.1400000000000001 -0.75 -8.07 1 1 1 1
v -1.1400000000000001 0.41000000000000003 -9.03 1 1 1 1
v -1.1400000000000001 -0.75 -9.03 1 1 1 1
v -1.1400000000000001 0.41000000000000003 -8.07 1 1 1 1
v -0.66 -0.75 -9.99 1 1 1 1
v -0.66 0.41000000000000003 -9.03 1 1 1 1
v -0.66 -0.75 -9.03 1 1 1 1
v -0.66 0.41000000000000003 -9.99 1 1 1 1
v -1.1400000000000001 -0.75 -9.03 1 1 1 1
v -1.1400000000000001 0.41000000000000003 -9.99 1 1 1 1
v -1.1400000000000001 -0.75 -9.99 1 1 1 1
v -1.1400000000000001 0.41000000000000003 -9.03 1 1 1 1
v -0.66 -0.75 -11.91 1 1 1 1
v -0.66 0.41000000000000003 -10.950000000000001 1 1 1 1
v -0.66 -0.75 -10.950000000000001 1 1 1 1
v -0.66 0.41000000000000003 -11.91 1 1 1 1
v -1.1400000000000001 -0.75 -10.950000000000001 1 1 1 1
v -1.1400000000000001 0.41000000000000003 -11.91 1 1 1 1
v -1.1400000000000001 -0.75 -11.91 1 1 1 1
v -1.1400000000000001 0.41000000000000003 -10.950000000000001 1 1 1 1
v -0.66 -0.75 -10.950000000000001 1 1 1 1
v -0.66 0.41000000000000003 -9.99 1 1 1 1
v -0.66 -0.75 -9.99 1 1 1 1
v -0.66 0.41000000000000003 -10.950000000000001 1 1 1 1
v -1.1400000000000001 -0.75 -9.99 1 1 1 1
v -1.1400000000000001 0.41000000000000003 -10.950000000000001 1 1 1 1
v -1.1400000000000001 -0.75 -10.950000000000001 1 1 1 1
v -1.1400000000000001 0.41000000000000003 -9.99 1 1 1 1
v -0.66 1.05 -3.27 1 1 1 1
v -1.1400000000000001 1.05 -4.23 1 1 1 1
v -1.1400000000000001 1.05 -3.27 1 1 1 1
v -0.66 1.05 -4.23 1 1 1 1
v -0.66 1.05 -4.23 1 1 1 1
v -1.1400000000000001 1.05 -5.19 1 1 1 1
v -1.1400000000000001 1.05 -4.23 1 1 1 1
v -0.66 1.05 -5.19 1 1 1 1
v -1.62 -0.75 3.14 1 1 1 1
v -1.3 -0.75 2.82 1 1 1 1
v -1.62 -0.75 2.82 1 1 1 1
v -1.3 -0.75 3.14 1 1 1 1
v -1.3 -0.75 3.14 1 1 1 1
v -0.98 -0.75 2.82 1 1 1 1
v -1.3 -0.75 2.82 1 1 1 1
v -0.98 -0.75 3.14 1 1 1 1
v -0.98 -0.75 3.14 1 1 1 1
v -0.66 -0.75 2.82 1 1 1 1
v -0.98 -0.75 2.82 1 1 1 1
v -0.66 -0.75 3.14 1 1 1 1
v -4.18 -0.75 1.86 1 1 1 1
v -3.86 -0.75 1.54 1 1 1 1
v -4.18 -0.75 1.54 1 1 1 1
v -3.86 -0.75 1.86 1 1 1 1
v -2.2600000000000002 -0.75 3.14 1 1 1 1
v -1.94 -0.75 2.82 1 1 1 1
v -2.2600000000000002 -0.75 2.82 1 1 1 1
v -1.94 -0.75 3.14 1 1 1 1
v -5.14 -0.75 0.9 1 1 1 1
v -4.82 -0.75 0.58 1 1 1 1
v -5.14 -0.75 0.58 1 1 1 1
v -4.82 -0.75 0.9 1 1 1 1
v -4.82 -0.75 0.9 1 1 1 1
v -4.5 -0.75 0.58 1 1 1 1
v -4.82 -0.75 0.58 1 1 1 1
v -4.5 -0.75 0.9 1 1 1 1
v -5.46 -0.75 3.46 1 1 1 1
v -5.14 -0.75 3.14 1 1 1 1
v -5.46 -0.75 3.14 1 1 1 1
v -5.14 -0.75 3.46 1 1 1 1
v -4.68 -0.72 0.34 1 1 1 1
v -4.5200000000000005 -0.72 0.02 1 1 1 1
v -4.68 -0.72 0.02 1 1 1 1
v -4.5200000000000005 -0.72 0.34 1 1 1 1
v -5.14 -0.75 3.46 1 1 1 1
v -4.82 -0.75 3.14 1 1 1 1
v -5.14 -0.75 3.14 1 1 1 1
v -4.82 -0.75 3.46 1 1 1 1
v -4.5 -0.75 3.46 1 1 1 1
v -4.18 -0.75 3.14 1 1 1 1
v -4.5 -0.75 3.14 1 1 1 1
v -4.18 -0.75 3.46 1 1 1 1
v -4.18 -0.75 3.46 1 1 1 1
v -3.86 -0.75 3.14 1 1 1 1
v -4.18 -0.75 3.14 1 1 1 1
v -3.86 -0.75 3.46 1 1 1 1
v -3.86 -0.75 3.46 1 1 1 1
v -3.54 -0.75 3.14 1 1 1 1
v -3.86 -0.75 3.14 1 1 1 1
v -3.54 -0.75 3.46 1 1 1 1
v -4.5 -0.72 0.02 1 1 1 1
v -4.98 1.52 0.02 1 1 1 1
v -4.98 -0.72 0.02 1 1 1 1
v -4.5 1.52 0.02 1 1 1 1
v -3.54 -0.75 3.46 1 1 1 1
v -3.22 -0.75 3.14 1 1 1 1
v -3.54 -0.75 3.14 1 1 1 1
v -3.22 -0.75 3.46 1 1 1 1
v -3.22 -0.75 3.46 1 1 1 1
v -2.9 -0.75 3.14 1 1 1 1
v -3.22 -0.75 3.14 1 1 1 1
v -2.9 -0.75 3.46 1 1 1 1
v -4.82 -0.75 3.46 1 1 1 1
v -4.5 -0.75 3.14 1 1 1 1
v -4.82 -0.75 3.14 1 1 1 1
v -4.5 -0.75 3.46 1 1 1 1
v 4.94 -0.72 0.02 1 1 1 1
v 4.46 1.52 0.02 1 1 1 1
v 4.46 -0.72 0.02 1 1 1 1
v 4.94 1.52 0.02 1 1 1 1
v -2.9 -0.75 3.46 1 1 1 1
v -2.58 -0.75 3.14 1 1 1 1
v -2.9 -0.75 3.14 1 1 1 1
v -2.58 -0.75 3.46 1 1 1 1
v -4.5200000000000005 -0.72 0.34 1 1 1 1
v -4.36 -0.72 0.02 1 1 1 1
v -4.5200000000000005 -0.72 0.02 1 1 1 1
v -4.36 -0.72 0.34 1 1 1 1
v -4.36 -0.72 0.34 1 1 1 1
v -4.2 -0.72 0.02 1 1 1 1
v -4.36 -0.72 0.02 1 1 1 1
v -4.2 -0.72 0.34 1 1 1 1
v -2.58 -0.75 3.46 1 1 1 1
v -2.2600000000000002 -0.75 3.14 1 1 1 1
v -2.58 -0.75 3.14 1 1 1 1
v -2.2600000000000002 -0.75 3.46 1 1 1 1
v -1.94 -0.75 3.14 1 1 1 1
v -1.62 -0.75 2.82 1 1 1 1
v -1.94 -0.75 2.82 1 1 1 1
v -1.62 -0.75 3.14 1 1 1 1
v -5 -0.72 0.34 1 1 1 1
v -4.84 -0.72 0.02 1 1 1 1
v -5 -0.72 0.02 1 1 1 1
v -4.84 -0.72 0.34 1 1 1 1
v -2.2600000000000002 -0.75 3.46 1 1 1 1
v -1.94 -0.75 3.14 1 1 1 1
v -2.2600000000000002 -0.75 3.14 1 1 1 1
v -1.94 -0.75 3.46 1 1 1 1
v -4.84 -0.72 0.34 1 1 1 1
v -4.68 -0.72 0.02 1 1 1 1
v -4.84 -0.72 0.02 1 1 1 1
v -4.68 -0.72 0.34 1 1 1 1
v -1.94 -0.75 0.9 1 1 1 1
v -1.62 -0.75 0.58 1 1 1 1
v -1.94 -0.75 0.58 1 1 1 1
v -1.62 -0.75 0.9 1 1 1 1
v -1.62 -0.75 0.9 1 1 1 1
v -1.3 -0.75 0.58 1 1 1 1
v -1.62 -0.75 0.58 1 1 1 1
v -1.3 -0.75 0.9 1 1 1 1
v -1.3 -0.75 0.9 1 1 1 1
v -0.98 -0.75 0.58 1 1 1 1
v -1.3 -0.75 0.58 1 1 1 1
v -0.98 -0.75 0.9 1 1 1 1
v -0.98 -0.75 0.9 1 1 1 1
v -0.66 -0.75 0.58 1 1 1 1
v -0.98 -0.75 0.58 1 1 1 1
v -0.66 -0.75 0.9 1 1 1 1
v -3.86 -0.75 1.86 1 1 1 1
v -3.54 -0.75 1.54 1 1 1 1
v -3.86 -0.75 1.54 1 1 1 1
v -3.54 -0.75 1.86 1 1 1 1
v -1.94 -0.75 3.46 1 1 1 1
v -1.62 -0.75 3.14 1 1 1 1
v -1.94 -0.75 3.14 1 1 1 1
v -1.62 -0.75 3.46 1 1 1 1
v -4.5 -0.75 0.9 1 1 1 1
v -4.18 -0.75 0.58 1 1 1 1
v -4.5 -0.75 0.58 1 1 1 1
v -4.18 -0.75 0.9 1 1 1 1
v -4.18 -0.75 0.9 1 1 1 1
v -3.86 -0.75 0.58 1 1 1 1
v -4.18 -0.75 0.58 1 1 1 1
v -3.86 -0.75 0.9 1 1 1 1
v -3.86 -0.75 0.9 1 1 1 1
v -3.54 -0.75 0.58 1 1 1 1
v -3.86 -0.75 0.58 1 1 1 1
v -3.54 -0.75 0.9 1 1 1 1
v -3.54 -0.75 0.9 1 1 1 1
v -3.22 -0.75 0.58 1 1 1 1
v -3.54 -0.75 0.58 1 1 1 1
v -3.22 -0.75 0.9 1 1 1 1
v -5.46 -0.75 1.22 1 1 1 1
v -5.14 -0.75 0.9 1 1 1 1
v -5.46 -0.75 0.9 1 1 1 1
v -5.14 -0.75 1.22 1 1 1 1
v -5.14 -0.75 1.22 1 1 1 1
v -4.82 -0.75 0.9 1 1 1 1
v -5.14 -0.75 0.9 1 1 1 1
v -4.82 -0.75 1.22 1 1 1 1
vt 0.3125 0.5625
vt 0.6875 1
vt 0.6875 0.5625
vt 0.3125 1
vt 0.3125 0.8125
vt 0.6875 0.8125
vt 0.6875 0.375
vt 1 0.875
vt 0.6875 0.875
vt 1 0.375
vt 0.1875 0
vt 0.125 0.0625
vt 0.125 0
vt 0.1875 0.0625
vt 0.3125 0.75
vt 0.6875 0.75
vt 0.6875 0.125
vt 0.3125 0.125
vt 0.875 0.25
vt 0.875 0.375
vt 1 0.25
vt 0.75 0
vt 0.75 0.25
vt 1 0
vt 0.5 0
vt 0.5625 0.0625
vt 0.5 0.0625
vt 0.5625 0
vt 0.3125 0.875
vt 0.75 0.1875
vt 0.8125 0.25
vt 0.8125 0.1875
vt 0.875 0.1875
vt 0.9375 0.25
vt 0.9375 0.1875
vt 1 0.1875
vt 0.75 0.125
vt 0.8125 0.125
vt 0.875 0.125
vt 0.9375 0.125
vt 1 0.125
vt 0.8125 0
vt 0.875 0
vt 0.5625 0.6875
vt 0.5 0.75
vt 0.5 0.6875
vt 0.5625 0.75
vn 0 0 -1
vn -1 0 0
vn 1 0 0
vn 0 0 1
vn 0 1 0
vn -0.0000946 0 1
vn 0 -1 0
vn 0.99999612 0 -0.00278625
vn 0.99999612 0 -0.00278626
vn 0.99999612 0 -0.00278473
vn 0.99999612 0 -0.00278664
vn 0.00288143 0 0.99999585
vn -0.00288823 0 -0.99999583
vn -0.99999585 2.4e-7 0.00287933
vn -0.99999585 0 0.00287972
vn -0.99999585 0 0.00288086
vn -0.99999585 2.4e-7 0.00288048
g Object 45590
usemtl 0
f 1/1/1 3/2/1 2/3/1
f 1/1/1 4/4/1 3/2/1
f 5/1/2 6/2/2 7/3/2
f 5/1/2 8/4/2 6/2/2
f 9/1/3 10/2/3 11/3/3
f 9/1/3 12/4/3 10/2/3
f 13/1/2 14/2/2 15/3/2
f 13/1/2 16/4/2 14/2/2
f 17/1/3 18/2/3 19/3/3
f 17/1/3 20/4/3 18/2/3
f 21/1/2 22/2/2 23/3/2
f 21/1/2 24/4/2 22/2/2
f 25/1/3 26/2/3 27/3/3
f 25/1/3 28/4/3 26/2/3
f 29/1/2 30/2/2 31/3/2
f 29/1/2 32/4/2 30/2/2
f 33/1/4 34/2/4 35/3/4
f 33/1/4 36/4/4 34/2/4
f 37/5/5 38/2/5 39/4/5
f 37/5/5 40/6/5 38/2/5
f 41/5/5 42/2/5 43/4/5
f 41/5/5 44/6/5 42/2/5
f 45/5/5 46/2/5 47/4/5
f 45/5/5 48/6/5 46/2/5
f 49/5/5 50/2/5 51/4/5
f 49/5/5 52/6/5 50/2/5
f 53/3/1 54/4/1 55/1/1
f 53/3/1 56/2/1 54/4/1
f 57/3/3 58/4/3 59/1/3
f 57/3/3 60/2/3 58/4/3
f 61/3/4 62/4/4 63/1/4
f 61/3/4 64/2/4 62/4/4
f 65/3/1 66/4/1 67/1/1
f 65/3/1 68/2/1 66/4/1
f 69/3/4 70/4/4 71/1/4
f 69/3/4 72/2/4 70/4/4
f 73/3/1 74/4/1 75/1/1
f 73/3/1 76/2/1 74/4/1
f 77/3/4 78/4/4 79/1/4
f 77/3/4 80/2/4 78/4/4
f 81/3/2 82/4/2 83/1/2
f 81/3/2 84/2/2 82/4/2
f 85/3/1 86/4/1 87/1/1
f 85/3/1 88/2/1 86/4/1
f 89/3/4 90/4/4 91/1/4
f 89/3/4 92/2/4 90/4/4
f 93/5/5 94/2/5 95/4/5
f 93/5/5 96/6/5 94/2/5
f 97/5/5 98/2/5 99/4/5
f 97/5/5 100/6/5 98/2/5
f 101/5/5 102/2/5 103/4/5
f 101/5/5 104/6/5 102/2/5
f 105/5/5 106/2/5 107/4/5
f 105/5/5 108/6/5 106/2/5
f 109/5/5 110/2/5 111/4/5
f 109/5/5 112/6/5 110/2/5
f 113/5/5 114/2/5 115/4/5
f 113/5/5 116/6/5 114/2/5
f 117/5/5 118/2/5 119/4/5
f 117/5/5 120/6/5 118/2/5
f 121/3/1 122/4/1 123/1/1
f 121/3/1 124/2/1 122/4/1
f 125/3/3 126/4/3 127/1/3
f 125/3/3 128/2/3 126/4/3
f 129/3/4 130/4/4 131/1/4
f 129/3/4 132/2/4 130/4/4
f 133/3/1 134/4/1 135/1/1
f 133/3/1 136/2/1 134/4/1
f 137/3/4 138/4/4 139/1/4
f 137/3/4 140/2/4 138/4/4
f 141/3/2 142/4/2 143/1/2
f 141/3/2 144/2/2 142/4/2
f 145/3/1 146/4/1 147/1/1
f 145/3/1 148/2/1 146/4/1
f 149/3/3 150/4/3 151/1/3
f 149/3/3 152/2/3 150/4/3
f 153/3/4 154/4/4 155/1/4
f 153/3/4 156/2/4 154/4/4
f 157/3/2 158/4/2 159/1/2
f 157/3/2 160/2/2 158/4/2
f 161/3/3 162/4/3 163/1/3
f 161/3/3 164/2/3 162/4/3
f 165/3/1 166/4/1 167/1/1
f 165/3/1 168/2/1 166/4/1
f 169/3/4 170/4/4 171/1/4
f 169/3/4 172/2/4 170/4/4
f 173/3/1 174/4/1 175/1/1
f 173/3/1 176/2/1 174/4/1
f 177/3/4 178/4/4 179/1/4
f 177/3/4 180/2/4 178/4/4
f 181/3/2 182/4/2 183/1/2
f 181/3/2 184/2/2 182/4/2
f 185/3/1 186/4/1 187/1/1
f 185/3/1 188/2/1 186/4/1
f 189/3/4 190/4/4 191/1/4
f 189/3/4 192/2/4 190/4/4
f 193/5/5 194/2/5 195/4/5
f 193/5/5 196/6/5 194/2/5
f 197/5/5 198/2/5 199/4/5
f 197/5/5 200/6/5 198/2/5
f 201/5/5 202/2/5 203/4/5
f 201/5/5 204/6/5 202/2/5
f 205/5/5 206/2/5 207/4/5
f 205/5/5 208/6/5 206/2/5
f 209/7/6 210/8/6 211/9/6
f 209/7/6 212/10/6 210/8/6
f 213/7/6 214/8/6 215/9/6
f 213/7/6 216/10/6 214/8/6
f 217/7/6 218/8/6 219/9/6
f 217/7/6 220/10/6 218/8/6
f 221/7/6 222/8/6 223/9/6
f 221/7/6 224/10/6 222/8/6
f 225/11/5 226/12/5 227/13/5
f 225/11/5 228/14/5 226/12/5
f 229/11/5 230/12/5 231/13/5
f 229/11/5 232/14/5 230/12/5
f 233/11/2 234/12/2 235/13/2
f 233/11/2 236/14/2 234/12/2
f 237/11/5 238/12/5 239/13/5
f 237/11/5 240/14/5 238/12/5
f 241/11/7 242/12/7 243/13/7
f 241/11/7 244/14/7 242/12/7
f 245/11/5 246/12/5 247/13/5
f 245/11/5 248/14/5 246/12/5
f 249/11/3 250/12/3 251/13/3
f 249/11/3 252/14/3 250/12/3
f 253/7/1 254/8/1 255/9/1
f 253/7/1 256/10/1 254/8/1
f 257/7/1 258/8/1 259/9/1
f 257/7/1 260/10/1 258/8/1
f 261/7/1 262/8/1 263/9/1
f 261/7/1 264/10/1 262/8/1
f 265/7/1 266/8/1 267/9/1
f 265/7/1 268/10/1 266/8/1
f 269/7/8 270/8/8 271/9/8
f 269/7/8 272/10/8 270/8/8
f 273/7/9 274/8/9 275/9/9
f 273/7/9 276/10/9 274/8/9
f 277/7/10 278/8/10 279/9/10
f 277/7/10 280/10/10 278/8/10
f 281/7/11 282/8/11 283/9/11
f 281/7/11 284/10/11 282/8/11
f 285/11/5 286/12/5 287/13/5
f 285/11/5 288/14/5 286/12/5
f 289/11/5 290/12/5 291/13/5
f 289/11/5 292/14/5 290/12/5
f 293/11/12 294/12/12 295/13/12
f 293/11/12 296/14/12 294/12/12
f 297/11/5 298/12/5 299/13/5
f 297/11/5 300/14/5 298/12/5
f 301/11/7 302/12/7 303/13/7
f 301/11/7 304/14/7 302/12/7
f 305/11/5 306/12/5 307/13/5
f 305/11/5 308/14/5 306/12/5
f 309/11/13 310/12/13 311/13/13
f 309/11/13 312/14/13 310/12/13
f 313/7/14 314/8/14 315/9/14
f 313/7/15 316/10/15 314/8/15
f 317/7/16 318/8/16 319/9/16
f 317/7/16 320/10/16 318/8/16
f 321/7/16 322/8/16 323/9/16
f 321/7/16 324/10/16 322/8/16
f 325/7/16 326/8/16 327/9/16
f 325/7/17 328/10/17 326/8/17
f 329/7/6 330/8/6 331/9/6
f 329/7/6 332/10/6 330/8/6
f 333/7/6 334/8/6 335/9/6
f 333/7/6 336/10/6 334/8/6
f 337/7/6 338/8/6 339/9/6
f 337/7/6 340/10/6 338/8/6
f 341/7/6 342/8/6 343/9/6
f 341/7/6 344/10/6 342/8/6
f 345/11/5 346/12/5 347/13/5
f 345/11/5 348/14/5 346/12/5
f 349/11/5 350/12/5 351/13/5
f 349/11/5 352/14/5 350/12/5
f 353/11/2 354/12/2 355/13/2
f 353/11/2 356/14/2 354/12/2
f 357/11/5 358/12/5 359/13/5
f 357/11/5 360/14/5 358/12/5
f 361/11/7 362/12/7 363/13/7
f 361/11/7 364/14/7 362/12/7
f 365/11/5 366/12/5 367/13/5
f 365/11/5 368/14/5 366/12/5
f 369/11/3 370/12/3 371/13/3
f 369/11/3 372/14/3 370/12/3
f 373/7/1 374/8/1 375/9/1
f 373/7/1 376/10/1 374/8/1
f 377/7/1 378/8/1 379/9/1
f 377/7/1 380/10/1 378/8/1
f 381/7/1 382/8/1 383/9/1
f 381/7/1 384/10/1 382/8/1
f 385/7/1 386/8/1 387/9/1
f 385/7/1 388/10/1 386/8/1
f 389/7/6 390/8/6 391/9/6
f 389/7/6 392/10/6 390/8/6
f 393/7/6 394/8/6 395/9/6
f 393/7/6 396/10/6 394/8/6
f 397/7/6 398/8/6 399/9/6
f 397/7/6 400/10/6 398/8/6
f 401/7/6 402/8/6 403/9/6
f 401/7/6 404/10/6 402/8/6
f 405/11/5 406/12/5 407/13/5
f 405/11/5 408/14/5 406/12/5
f 409/11/5 410/12/5 411/13/5
f 409/11/5 412/14/5 410/12/5
f 413/11/2 414/12/2 415/13/2
f 413/11/2 416/14/2 414/12/2
f 417/11/5 418/12/5 419/13/5
f 417/11/5 420/14/5 418/12/5
f 421/11/7 422/12/7 423/13/7
f 421/11/7 424/14/7 422/12/7
f 425/11/5 426/12/5 427/13/5
f 425/11/5 428/14/5 426/12/5
f 429/11/3 430/12/3 431/13/3
f 429/11/3 432/14/3 430/12/3
f 433/7/1 434/8/1 435/9/1
f 433/7/1 436/10/1 434/8/1
f 437/7/1 438/8/1 439/9/1
f 437/7/1 440/10/1 438/8/1
f 441/7/1 442/8/1 443/9/1
f 441/7/1 444/10/1 442/8/1
f 445/7/1 446/8/1 447/9/1
f 445/7/1 448/10/1 446/8/1
f 449/7/6 450/8/6 451/9/6
f 449/7/6 452/10/6 450/8/6
f 453/7/6 454/8/6 455/9/6
f 453/7/6 456/10/6 454/8/6
f 457/7/6 458/8/6 459/9/6
f 457/7/6 460/10/6 458/8/6
f 461/7/6 462/8/6 463/9/6
f 461/7/6 464/10/6 462/8/6
f 465/11/5 466/12/5 467/13/5
f 465/11/5 468/14/5 466/12/5
f 469/11/5 470/12/5 471/13/5
f 469/11/5 472/14/5 470/12/5
f 473/11/2 474/12/2 475/13/2
f 473/11/2 476/14/2 474/12/2
f 477/11/5 478/12/5 479/13/5
f 477/11/5 480/14/5 478/12/5
f 481/11/7 482/12/7 483/13/7
f 481/11/7 484/14/7 482/12/7
f 485/11/5 486/12/5 487/13/5
f 485/11/5 488/14/5 486/12/5
f 489/11/3 490/12/3 491/13/3
f 489/11/3 492/14/3 490/12/3
f 493/7/1 494/8/1 495/9/1
f 493/7/1 496/10/1 494/8/1
f 497/7/1 498/8/1 499/9/1
f 497/7/1 500/10/1 498/8/1
f 501/7/1 502/8/1 503/9/1
f 501/7/1 504/10/1 502/8/1
f 505/7/1 506/8/1 507/9/1
f 505/7/1 508/10/1 506/8/1
f 509/7/6 510/8/6 511/9/6
f 509/7/6 512/10/6 510/8/6
f 513/7/6 514/8/6 515/9/6
f 513/7/6 516/10/6 514/8/6
f 517/7/6 518/8/6 519/9/6
f 517/7/6 520/10/6 518/8/6
f 521/7/6 522/8/6 523/9/6
f 521/7/6 524/10/6 522/8/6
f 525/11/5 526/12/5 527/13/5
f 525/11/5 528/14/5 526/12/5
f 529/11/5 530/12/5 531/13/5
f 529/11/5 532/14/5 530/12/5
f 533/11/2 534/12/2 535/13/2
f 533/11/2 536/14/2 534/12/2
f 537/11/5 538/12/5 539/13/5
f 537/11/5 540/14/5 538/12/5
f 541/11/7 542/12/7 543/13/7
f 541/11/7 544/14/7 542/12/7
f 545/11/5 546/12/5 547/13/5
f 545/11/5 548/14/5 546/12/5
f 549/11/3 550/12/3 551/13/3
f 549/11/3 552/14/3 550/12/3
f 553/7/1 554/8/1 555/9/1
f 553/7/1 556/10/1 554/8/1
f 557/7/1 558/8/1 559/9/1
f 557/7/1 560/10/1 558/8/1
f 561/7/1 562/8/1 563/9/1
f 561/7/1 564/10/1 562/8/1
f 565/7/1 566/8/1 567/9/1
f 565/7/1 568/10/1 566/8/1
f 569/5/5 570/2/5 571/4/5
f 569/5/5 572/6/5 570/2/5
f 573/3/4 574/4/4 575/1/4
f 573/3/4 576/2/4 574/4/4
f 577/3/2 578/4/2 579/1/2
f 577/3/2 580/2/2 578/4/2
f 581/3/1 582/4/1 583/1/1
f 581/3/1 584/2/1 582/4/1
f 585/3/3 586/4/3 587/1/3
f 585/3/3 588/2/3 586/4/3
f 589/3/3 590/4/3 591/1/3
f 589/3/3 592/2/3 590/4/3
f 593/3/2 594/4/2 595/1/2
f 593/3/2 596/2/2 594/4/2
f 597/3/3 598/4/3 599/1/3
f 597/3/3 600/2/3 598/4/3
f 601/3/2 602/4/2 603/1/2
f 601/3/2 604/2/2 602/4/2
f 605/3/4 606/4/4 607/1/4
f 605/3/4 608/2/4 606/4/4
f 609/5/5 610/2/5 611/4/5
f 609/5/5 612/6/5 610/2/5
f 613/5/5 614/2/5 615/4/5
f 613/5/5 616/6/5 614/2/5
f 617/3/1 618/4/1 619/1/1
f 617/3/1 620/2/1 618/4/1
f 621/5/5 622/2/5 623/4/5
f 621/5/5 624/6/5 622/2/5
f 625/5/5 626/2/5 627/4/5
f 625/5/5 628/6/5 626/2/5
f 629/5/5 630/2/5 631/4/5
f 629/5/5 632/6/5 630/2/5
f 633/5/5 634/2/5 635/4/5
f 633/5/5 636/6/5 634/2/5
f 637/5/5 638/2/5 639/4/5
f 637/5/5 640/6/5 638/2/5
f 641/5/5 642/2/5 643/4/5
f 641/5/5 644/6/5 642/2/5
f 645/5/5 646/2/5 647/4/5
f 645/5/5 648/6/5 646/2/5
f 649/5/5 650/2/5 651/4/5
f 649/5/5 652/6/5 650/2/5
f 653/5/5 654/2/5 655/4/5
f 653/5/5 656/6/5 654/2/5
f 657/3/2 658/4/2 659/1/2
f 657/3/2 660/2/2 658/4/2
f 661/3/1 662/4/1 663/1/1
f 661/3/1 664/2/1 662/4/1
f 665/3/4 666/4/4 667/1/4
f 665/3/4 668/2/4 666/4/4
f 669/3/1 670/4/1 671/1/1
f 669/3/1 672/2/1 670/4/1
f 673/3/4 674/4/4 675/1/4
f 673/3/4 676/2/4 674/4/4
f 677/3/1 678/4/1 679/1/1
f 677/3/1 680/2/1 678/4/1
f 681/3/4 682/4/4 683/1/4
f 681/3/4 684/2/4 682/4/4
f 685/3/1 686/4/1 687/1/1
f 685/3/1 688/2/1 686/4/1
f 689/3/4 690/4/4 691/1/4
f 689/3/4 692/2/4 690/4/4
f 693/3/1 694/4/1 695/1/1
f 693/3/1 696/2/1 694/4/1
f 697/3/4 698/4/4 699/1/4
f 697/3/4 700/2/4 698/4/4
f 701/3/1 702/4/1 703/1/1
f 701/3/1 704/2/1 702/4/1
f 705/3/4 706/4/4 707/1/4
f 705/3/4 708/2/4 706/4/4
f 709/3/1 710/4/1 711/1/1
f 709/3/1 712/2/1 710/4/1
f 713/3/4 714/4/4 715/1/4
f 713/3/4 716/2/4 714/4/4
f 717/3/1 718/4/1 719/1/1
f 717/3/1 720/2/1 718/4/1
f 721/3/4 722/4/4 723/1/4
f 721/3/4 724/2/4 722/4/4
f 725/3/1 726/4/1 727/1/1
f 725/3/1 728/2/1 726/4/1
f 729/3/3 730/4/3 731/1/3
f 729/3/3 732/2/3 730/4/3
f 733/3/4 734/4/4 735/1/4
f 733/3/4 736/2/4 734/4/4
f 737/15/5 738/2/5 739/4/5
f 737/15/5 740/16/5 738/2/5
f 741/15/5 742/2/5 743/4/5
f 741/15/5 744/16/5 742/2/5
f 745/15/5 746/2/5 747/4/5
f 745/15/5 748/16/5 746/2/5
f 749/15/5 750/2/5 751/4/5
f 749/15/5 752/16/5 750/2/5
f 753/15/5 754/2/5 755/4/5
f 753/15/5 756/16/5 754/2/5
f 757/15/5 758/2/5 759/4/5
f 757/15/5 760/16/5 758/2/5
f 761/15/5 762/2/5 763/4/5
f 761/15/5 764/16/5 762/2/5
f 765/15/5 766/2/5 767/4/5
f 765/15/5 768/16/5 766/2/5
f 769/15/5 770/2/5 771/4/5
f 769/15/5 772/16/5 770/2/5
f 773/15/5 774/2/5 775/4/5
f 773/15/5 776/16/5 774/2/5
f 777/15/5 778/2/5 779/4/5
f 777/15/5 780/16/5 778/2/5
f 781/15/5 782/2/5 783/4/5
f 781/15/5 784/16/5 782/2/5
f 785/15/5 786/2/5 787/4/5
f 785/15/5 788/16/5 786/2/5
f 789/15/5 790/2/5 791/4/5
f 789/15/5 792/16/5 790/2/5
f 793/15/5 794/2/5 795/4/5
f 793/15/5 796/16/5 794/2/5
f 797/15/5 798/2/5 799/4/5
f 797/15/5 800/16/5 798/2/5
f 801/15/5 802/2/5 803/4/5
f 801/15/5 804/16/5 802/2/5
f 805/15/5 806/2/5 807/4/5
f 805/15/5 808/16/5 806/2/5
f 809/15/5 810/2/5 811/4/5
f 809/15/5 812/16/5 810/2/5
f 813/15/5 814/2/5 815/4/5
f 813/15/5 816/16/5 814/2/5
f 817/15/5 818/2/5 819/4/5
f 817/15/5 820/16/5 818/2/5
f 821/15/5 822/2/5 823/4/5
f 821/15/5 824/16/5 822/2/5
f 825/17/1 826/4/1 827/18/1
f 825/17/1 828/2/1 826/4/1
f 829/17/4 830/4/4 831/18/4
f 829/17/4 832/2/4 830/4/4
f 833/17/2 834/4/2 835/18/2
f 833/17/2 836/2/2 834/4/2
f 837/17/1 838/4/1 839/18/1
f 837/17/1 840/2/1 838/4/1
f 841/17/4 842/4/4 843/18/4
f 841/17/4 844/2/4 842/4/4
f 845/17/1 846/4/1 847/18/1
f 845/17/1 848/2/1 846/4/1
f 849/17/4 850/4/4 851/18/4
f 849/17/4 852/2/4 850/4/4
f 853/17/1 854/4/1 855/18/1
f 853/17/1 856/2/1 854/4/1
f 857/17/4 858/4/4 859/18/4
f 857/17/4 860/2/4 858/4/4
f 861/17/1 862/4/1 863/18/1
f 861/17/1 864/2/1 862/4/1
f 865/17/4 866/4/4 867/18/4
f 865/17/4 868/2/4 866/4/4
f 869/17/1 870/4/1 871/18/1
f 869/17/1 872/2/1 870/4/1
f 873/17/4 874/4/4 875/18/4
f 873/17/4 876/2/4 874/4/4
f 877/17/1 878/4/1 879/18/1
f 877/17/1 880/2/1 878/4/1
f 881/17/4 882/4/4 883/18/4
f 881/17/4 884/2/4 882/4/4
f 885/17/1 886/4/1 887/18/1
f 885/17/1 888/2/1 886/4/1
f 889/17/4 890/4/4 891/18/4
f 889/17/4 892/2/4 890/4/4
f 893/17/1 894/4/1 895/18/1
f 893/17/1 896/2/1 894/4/1
f 897/17/4 898/4/4 899/18/4
f 897/17/4 900/2/4 898/4/4
f 901/17/1 902/4/1 903/18/1
f 901/17/1 904/2/1 902/4/1
f 905/17/4 906/4/4 907/18/4
f 905/17/4 908/2/4 906/4/4
f 909/17/1 910/4/1 911/18/1
f 909/17/1 912/2/1 910/4/1
f 913/17/4 914/4/4 915/18/4
f 913/17/4 916/2/4 914/4/4
f 917/17/1 918/4/1 919/18/1
f 917/17/1 920/2/1 918/4/1
f 921/17/4 922/4/4 923/18/4
f 921/17/4 924/2/4 922/4/4
f 925/17/1 926/4/1 927/18/1
f 925/17/1 928/2/1 926/4/1
f 929/17/4 930/4/4 931/18/4
f 929/17/4 932/2/4 930/4/4
f 933/17/1 934/4/1 935/18/1
f 933/17/1 936/2/1 934/4/1
f 937/17/4 938/4/4 939/18/4
f 937/17/4 940/2/4 938/4/4
f 941/17/1 942/4/1 943/18/1
f 941/17/1 944/2/1 942/4/1
f 945/17/4 946/4/4 947/18/4
f 945/17/4 948/2/4 946/4/4
f 949/17/1 950/4/1 951/18/1
f 949/17/1 952/2/1 950/4/1
f 953/17/4 954/4/4 955/18/4
f 953/17/4 956/2/4 954/4/4
f 957/17/1 958/4/1 959/18/1
f 957/17/1 960/2/1 958/4/1
f 961/17/4 962/4/4 963/18/4
f 961/17/4 964/2/4 962/4/4
f 965/17/1 966/4/1 967/18/1
f 965/17/1 968/2/1 966/4/1
f 969/17/4 970/4/4 971/18/4
f 969/17/4 972/2/4 970/4/4
f 973/17/1 974/4/1 975/18/1
f 973/17/1 976/2/1 974/4/1
f 977/17/4 978/4/4 979/18/4
f 977/17/4 980/2/4 978/4/4
f 981/17/1 982/4/1 983/18/1
f 981/17/1 984/2/1 982/4/1
f 985/17/4 986/4/4 987/18/4
f 985/17/4 988/2/4 986/4/4
f 989/17/1 990/4/1 991/18/1
f 989/17/1 992/2/1 990/4/1
f 993/17/4 994/4/4 995/18/4
f 993/17/4 996/2/4 994/4/4
f 997/17/1 998/4/1 999/18/1
f 997/17/1 1000/2/1 998/4/1
f 1001/17/3 1002/4/3 1003/18/3
f 1001/17/3 1004/2/3 1002/4/3
f 1005/17/4 1006/4/4 1007/18/4
f 1005/17/4 1008/2/4 1006/4/4
f 1009/15/5 1010/2/5 1011/4/5
f 1009/15/5 1012/16/5 1010/2/5
f 1013/15/5 1014/2/5 1015/4/5
f 1013/15/5 1016/16/5 1014/2/5
f 1017/15/5 1018/2/5 1019/4/5
f 1017/15/5 1020/16/5 1018/2/5
f 1021/15/5 1022/2/5 1023/4/5
f 1021/15/5 1024/16/5 1022/2/5
f 1025/15/5 1026/2/5 1027/4/5
f 1025/15/5 1028/16/5 1026/2/5
f 1029/15/5 1030/2/5 1031/4/5
f 1029/15/5 1032/16/5 1030/2/5
f 1033/15/5 1034/2/5 1035/4/5
f 1033/15/5 1036/16/5 1034/2/5
f 1037/15/5 1038/2/5 1039/4/5
f 1037/15/5 1040/16/5 1038/2/5
f 1041/15/5 1042/2/5 1043/4/5
f 1041/15/5 1044/16/5 1042/2/5
f 1045/15/5 1046/2/5 1047/4/5
f 1045/15/5 1048/16/5 1046/2/5
f 1049/15/5 1050/2/5 1051/4/5
f 1049/15/5 1052/16/5 1050/2/5
f 1053/15/5 1054/2/5 1055/4/5
f 1053/15/5 1056/16/5 1054/2/5
f 1057/15/5 1058/2/5 1059/4/5
f 1057/15/5 1060/16/5 1058/2/5
f 1061/15/5 1062/2/5 1063/4/5
f 1061/15/5 1064/16/5 1062/2/5
f 1065/15/5 1066/2/5 1067/4/5
f 1065/15/5 1068/16/5 1066/2/5
f 1069/15/5 1070/2/5 1071/4/5
f 1069/15/5 1072/16/5 1070/2/5
f 1073/15/5 1074/2/5 1075/4/5
f 1073/15/5 1076/16/5 1074/2/5
f 1077/17/3 1078/4/3 1079/18/3
f 1077/17/3 1080/2/3 1078/4/3
f 1081/17/4 1082/4/4 1083/18/4
f 1081/17/4 1084/2/4 1082/4/4
f 1085/17/2 1086/4/2 1087/18/2
f 1085/17/2 1088/2/2 1086/4/2
f 1089/17/3 1090/4/3 1091/18/3
f 1089/17/3 1092/2/3 1090/4/3
f 1093/17/2 1094/4/2 1095/18/2
f 1093/17/2 1096/2/2 1094/4/2
f 1097/17/3 1098/4/3 1099/18/3
f 1097/17/3 1100/2/3 1098/4/3
f 1101/17/2 1102/4/2 1103/18/2
f 1101/17/2 1104/2/2 1102/4/2
f 1105/17/3 1106/4/3 1107/18/3
f 1105/17/3 1108/2/3 1106/4/3
f 1109/17/2 1110/4/2 1111/18/2
f 1109/17/2 1112/2/2 1110/4/2
f 1113/17/3 1114/4/3 1115/18/3
f 1113/17/3 1116/2/3 1114/4/3
f 1117/17/2 1118/4/2 1119/18/2
f 1117/17/2 1120/2/2 1118/4/2
f 1121/17/3 1122/4/3 1123/18/3
f 1121/17/3 1124/2/3 1122/4/3
f 1125/17/2 1126/4/2 1127/18/2
f 1125/17/2 1128/2/2 1126/4/2
f 1129/17/3 1130/4/3 1131/18/3
f 1129/17/3 1132/2/3 1130/4/3
f 1133/17/2 1134/4/2 1135/18/2
f 1133/17/2 1136/2/2 1134/4/2
f 1137/17/3 1138/4/3 1139/18/3
f 1137/17/3 1140/2/3 1138/4/3
f 1141/17/2 1142/4/2 1143/18/2
f 1141/17/2 1144/2/2 1142/4/2
f 1145/17/3 1146/4/3 1147/18/3
f 1145/17/3 1148/2/3 1146/4/3
f 1149/17/2 1150/4/2 1151/18/2
f 1149/17/2 1152/2/2 1150/4/2
f 1153/17/1 1154/4/1 1155/18/1
f 1153/17/1 1156/2/1 1154/4/1
f 1157/17/3 1158/4/3 1159/18/3
f 1157/17/3 1160/2/3 1158/4/3
f 1161/17/2 1162/4/2 1163/18/2
f 1161/17/2 1164/2/2 1162/4/2
f 1165/17/3 1166/4/3 1167/18/3
f 1165/17/3 1168/2/3 1166/4/3
f 1169/17/2 1170/4/2 1171/18/2
f 1169/17/2 1172/2/2 1170/4/2
f 1173/17/3 1174/4/3 1175/18/3
f 1173/17/3 1176/2/3 1174/4/3
f 1177/17/2 1178/4/2 1179/18/2
f 1177/17/2 1180/2/2 1178/4/2
f 1181/17/3 1182/4/3 1183/18/3
f 1181/17/3 1184/2/3 1182/4/3
f 1185/17/2 1186/4/2 1187/18/2
f 1185/17/2 1188/2/2 1186/4/2
f 1189/17/3 1190/4/3 1191/18/3
f 1189/17/3 1192/2/3 1190/4/3
f 1193/17/2 1194/4/2 1195/18/2
f 1193/17/2 1196/2/2 1194/4/2
f 1197/17/3 1198/4/3 1199/18/3
f 1197/17/3 1200/2/3 1198/4/3
f 1201/17/2 1202/4/2 1203/18/2
f 1201/17/2 1204/2/2 1202/4/2
f 1205/17/3 1206/4/3 1207/18/3
f 1205/17/3 1208/2/3 1206/4/3
f 1209/17/2 1210/4/2 1211/18/2
f 1209/17/2 1212/2/2 1210/4/2
f 1213/17/3 1214/4/3 1215/18/3
f 1213/17/3 1216/2/3 1214/4/3
f 1217/17/2 1218/4/2 1219/18/2
f 1217/17/2 1220/2/2 1218/4/2
f 1221/15/5 1222/2/5 1223/4/5
f 1221/15/5 1224/16/5 1222/2/5
f 1225/15/5 1226/2/5 1227/4/5
f 1225/15/5 1228/16/5 1226/2/5
f 1229/15/5 1230/2/5 1231/4/5
f 1229/15/5 1232/16/5 1230/2/5
f 1233/15/5 1234/2/5 1235/4/5
f 1233/15/5 1236/16/5 1234/2/5
f 1237/15/5 1238/2/5 1239/4/5
f 1237/15/5 1240/16/5 1238/2/5
f 1241/15/5 1242/2/5 1243/4/5
f 1241/15/5 1244/16/5 1242/2/5
f 1245/15/5 1246/2/5 1247/4/5
f 1245/15/5 1248/16/5 1246/2/5
f 1249/15/5 1250/2/5 1251/4/5
f 1249/15/5 1252/16/5 1250/2/5
f 1253/15/5 1254/2/5 1255/4/5
f 1253/15/5 1256/16/5 1254/2/5
f 1257/15/5 1258/2/5 1259/4/5
f 1257/15/5 1260/16/5 1258/2/5
f 1261/15/5 1262/2/5 1263/4/5
f 1261/15/5 1264/16/5 1262/2/5
f 1265/15/5 1266/2/5 1267/4/5
f 1265/15/5 1268/16/5 1266/2/5
f 1269/15/5 1270/2/5 1271/4/5
f 1269/15/5 1272/16/5 1270/2/5
f 1273/15/5 1274/2/5 1275/4/5
f 1273/15/5 1276/16/5 1274/2/5
f 1277/15/5 1278/2/5 1279/4/5
f 1277/15/5 1280/16/5 1278/2/5
f 1281/15/5 1282/2/5 1283/4/5
f 1281/15/5 1284/16/5 1282/2/5
f 1285/15/5 1286/2/5 1287/4/5
f 1285/15/5 1288/16/5 1286/2/5
f 1289/17/3 1290/4/3 1291/18/3
f 1289/17/3 1292/2/3 1290/4/3
f 1293/17/4 1294/4/4 1295/18/4
f 1293/17/4 1296/2/4 1294/4/4
f 1297/17/2 1298/4/2 1299/18/2
f 1297/17/2 1300/2/2 1298/4/2
f 1301/17/3 1302/4/3 1303/18/3
f 1301/17/3 1304/2/3 1302/4/3
f 1305/17/2 1306/4/2 1307/18/2
f 1305/17/2 1308/2/2 1306/4/2
f 1309/17/3 1310/4/3 1311/18/3
f 1309/17/3 1312/2/3 1310/4/3
f 1313/17/2 1314/4/2 1315/18/2
f 1313/17/2 1316/2/2 1314/4/2
f 1317/17/3 1318/4/3 1319/18/3
f 1317/17/3 1320/2/3 1318/4/3
f 1321/17/2 1322/4/2 1323/18/2
f 1321/17/2 1324/2/2 1322/4/2
f 1325/17/3 1326/4/3 1327/18/3
f 1325/17/3 1328/2/3 1326/4/3
f 1329/17/2 1330/4/2 1331/18/2
f 1329/17/2 1332/2/2 1330/4/2
f 1333/17/3 1334/4/3 1335/18/3
f 1333/17/3 1336/2/3 1334/4/3
f 1337/17/2 1338/4/2 1339/18/2
f 1337/17/2 1340/2/2 1338/4/2
f 1341/17/3 1342/4/3 1343/18/3
f 1341/17/3 1344/2/3 1342/4/3
f 1345/17/2 1346/4/2 1347/18/2
f 1345/17/2 1348/2/2 1346/4/2
f 1349/17/3 1350/4/3 1351/18/3
f 1349/17/3 1352/2/3 1350/4/3
f 1353/17/2 1354/4/2 1355/18/2
f 1353/17/2 1356/2/2 1354/4/2
f 1357/17/3 1358/4/3 1359/18/3
f 1357/17/3 1360/2/3 1358/4/3
f 1361/17/2 1362/4/2 1363/18/2
f 1361/17/2 1364/2/2 1362/4/2
f 1365/17/3 1366/4/3 1367/18/3
f 1365/17/3 1368/2/3 1366/4/3
f 1369/17/2 1370/4/2 1371/18/2
f 1369/17/2 1372/2/2 1370/4/2
f 1373/17/3 1374/4/3 1375/18/3
f 1373/17/3 1376/2/3 1374/4/3
f 1377/17/2 1378/4/2 1379/18/2
f 1377/17/2 1380/2/2 1378/4/2
f 1381/17/3 1382/4/3 1383/18/3
f 1381/17/3 1384/2/3 1382/4/3
f 1385/17/2 1386/4/2 1387/18/2
f 1385/17/2 1388/2/2 1386/4/2
f 1389/17/3 1390/4/3 1391/18/3
f 1389/17/3 1392/2/3 1390/4/3
f 1393/17/2 1394/4/2 1395/18/2
f 1393/17/2 1396/2/2 1394/4/2
f 1397/17/3 1398/4/3 1399/18/3
f 1397/17/3 1400/2/3 1398/4/3
f 1401/17/2 1402/4/2 1403/18/2
f 1401/17/2 1404/2/2 1402/4/2
f 1405/17/3 1406/4/3 1407/18/3
f 1405/17/3 1408/2/3 1406/4/3
f 1409/17/2 1410/4/2 1411/18/2
f 1409/17/2 1412/2/2 1410/4/2
f 1413/17/3 1414/4/3 1415/18/3
f 1413/17/3 1416/2/3 1414/4/3
f 1417/17/2 1418/4/2 1419/18/2
f 1417/17/2 1420/2/2 1418/4/2
f 1421/17/1 1422/4/1 1423/18/1
f 1421/17/1 1424/2/1 1422/4/1
f 1425/17/3 1426/4/3 1427/18/3
f 1425/17/3 1428/2/3 1426/4/3
f 1429/17/2 1430/4/2 1431/18/2
f 1429/17/2 1432/2/2 1430/4/2
f 1433/19/5 1434/10/5 1435/20/5
f 1433/19/5 1436/21/5 1434/10/5
f 1437/19/5 1438/10/5 1439/20/5
f 1437/19/5 1440/21/5 1438/10/5
f 1441/19/5 1442/10/5 1443/20/5
f 1441/19/5 1444/21/5 1442/10/5
f 1445/19/5 1446/10/5 1447/20/5
f 1445/19/5 1448/21/5 1446/10/5
f 1449/19/5 1450/10/5 1451/20/5
f 1449/19/5 1452/21/5 1450/10/5
f 1453/19/5 1454/10/5 1455/20/5
f 1453/19/5 1456/21/5 1454/10/5
f 1457/19/5 1458/10/5 1459/20/5
f 1457/19/5 1460/21/5 1458/10/5
f 1461/19/5 1462/10/5 1463/20/5
f 1461/19/5 1464/21/5 1462/10/5
f 1465/19/5 1466/10/5 1467/20/5
f 1465/19/5 1468/21/5 1466/10/5
f 1469/19/5 1470/10/5 1471/20/5
f 1469/19/5 1472/21/5 1470/10/5
f 1473/19/5 1474/10/5 1475/20/5
f 1473/19/5 1476/21/5 1474/10/5
f 1477/19/5 1478/10/5 1479/20/5
f 1477/19/5 1480/21/5 1478/10/5
f 1481/19/5 1482/10/5 1483/20/5
f 1481/19/5 1484/21/5 1482/10/5
f 1485/19/5 1486/10/5 1487/20/5
f 1485/19/5 1488/21/5 1486/10/5
f 1489/19/5 1490/10/5 1491/20/5
f 1489/19/5 1492/21/5 1490/10/5
f 1493/19/5 1494/10/5 1495/20/5
f 1493/19/5 1496/21/5 1494/10/5
f 1497/19/5 1498/10/5 1499/20/5
f 1497/19/5 1500/21/5 1498/10/5
f 1501/19/5 1502/10/5 1503/20/5
f 1501/19/5 1504/21/5 1502/10/5
f 1505/19/5 1506/10/5 1507/20/5
f 1505/19/5 1508/21/5 1506/10/5
f 1509/19/5 1510/10/5 1511/20/5
f 1509/19/5 1512/21/5 1510/10/5
f 1513/19/5 1514/10/5 1515/20/5
f 1513/19/5 1516/21/5 1514/10/5
f 1517/19/5 1518/10/5 1519/20/5
f 1517/19/5 1520/21/5 1518/10/5
f 1521/19/5 1522/10/5 1523/20/5
f 1521/19/5 1524/21/5 1522/10/5
f 1525/19/5 1526/10/5 1527/20/5
f 1525/19/5 1528/21/5 1526/10/5
f 1529/19/5 1530/10/5 1531/20/5
f 1529/19/5 1532/21/5 1530/10/5
f 1533/19/5 1534/10/5 1535/20/5
f 1533/19/5 1536/21/5 1534/10/5
f 1537/19/5 1538/10/5 1539/20/5
f 1537/19/5 1540/21/5 1538/10/5
f 1541/19/5 1542/10/5 1543/20/5
f 1541/19/5 1544/21/5 1542/10/5
f 1545/19/5 1546/10/5 1547/20/5
f 1545/19/5 1548/21/5 1546/10/5
f 1549/19/5 1550/10/5 1551/20/5
f 1549/19/5 1552/21/5 1550/10/5
f 1553/19/5 1554/10/5 1555/20/5
f 1553/19/5 1556/21/5 1554/10/5
f 1557/19/5 1558/10/5 1559/20/5
f 1557/19/5 1560/21/5 1558/10/5
f 1561/19/5 1562/10/5 1563/20/5
f 1561/19/5 1564/21/5 1562/10/5
f 1565/19/5 1566/10/5 1567/20/5
f 1565/19/5 1568/21/5 1566/10/5
f 1569/19/5 1570/10/5 1571/20/5
f 1569/19/5 1572/21/5 1570/10/5
f 1573/19/5 1574/10/5 1575/20/5
f 1573/19/5 1576/21/5 1574/10/5
f 1577/19/5 1578/10/5 1579/20/5
f 1577/19/5 1580/21/5 1578/10/5
f 1581/19/5 1582/10/5 1583/20/5
f 1581/19/5 1584/21/5 1582/10/5
f 1585/19/5 1586/10/5 1587/20/5
f 1585/19/5 1588/21/5 1586/10/5
f 1589/19/5 1590/10/5 1591/20/5
f 1589/19/5 1592/21/5 1590/10/5
f 1593/19/5 1594/10/5 1595/20/5
f 1593/19/5 1596/21/5 1594/10/5
f 1597/19/5 1598/10/5 1599/20/5
f 1597/19/5 1600/21/5 1598/10/5
f 1601/19/5 1602/10/5 1603/20/5
f 1601/19/5 1604/21/5 1602/10/5
f 1605/19/5 1606/10/5 1607/20/5
f 1605/19/5 1608/21/5 1606/10/5
f 1609/19/5 1610/10/5 1611/20/5
f 1609/19/5 1612/21/5 1610/10/5
f 1613/19/5 1614/10/5 1615/20/5
f 1613/19/5 1616/21/5 1614/10/5
f 1617/19/5 1618/10/5 1619/20/5
f 1617/19/5 1620/21/5 1618/10/5
f 1621/19/5 1622/10/5 1623/20/5
f 1621/19/5 1624/21/5 1622/10/5
f 1625/19/5 1626/10/5 1627/20/5
f 1625/19/5 1628/21/5 1626/10/5
f 1629/19/5 1630/10/5 1631/20/5
f 1629/19/5 1632/21/5 1630/10/5
f 1633/19/5 1634/10/5 1635/20/5
f 1633/19/5 1636/21/5 1634/10/5
f 1637/19/5 1638/10/5 1639/20/5
f 1637/19/5 1640/21/5 1638/10/5
f 1641/19/5 1642/10/5 1643/20/5
f 1641/19/5 1644/21/5 1642/10/5
f 1645/19/5 1646/10/5 1647/20/5
f 1645/19/5 1648/21/5 1646/10/5
f 1649/19/5 1650/10/5 1651/20/5
f 1649/19/5 1652/21/5 1650/10/5
f 1653/19/5 1654/10/5 1655/20/5
f 1653/19/5 1656/21/5 1654/10/5
f 1657/19/5 1658/10/5 1659/20/5
f 1657/19/5 1660/21/5 1658/10/5
f 1661/19/5 1662/10/5 1663/20/5
f 1661/19/5 1664/21/5 1662/10/5
f 1665/19/5 1666/10/5 1667/20/5
f 1665/19/5 1668/21/5 1666/10/5
f 1669/19/5 1670/10/5 1671/20/5
f 1669/19/5 1672/21/5 1670/10/5
f 1673/19/5 1674/10/5 1675/20/5
f 1673/19/5 1676/21/5 1674/10/5
f 1677/19/5 1678/10/5 1679/20/5
f 1677/19/5 1680/21/5 1678/10/5
f 1681/19/5 1682/10/5 1683/20/5
f 1681/19/5 1684/21/5 1682/10/5
f 1685/19/5 1686/10/5 1687/20/5
f 1685/19/5 1688/21/5 1686/10/5
f 1689/19/5 1690/10/5 1691/20/5
f 1689/19/5 1692/21/5 1690/10/5
f 1693/19/5 1694/10/5 1695/20/5
f 1693/19/5 1696/21/5 1694/10/5
f 1697/19/5 1698/10/5 1699/20/5
f 1697/19/5 1700/21/5 1698/10/5
f 1701/19/5 1702/10/5 1703/20/5
f 1701/19/5 1704/21/5 1702/10/5
f 1705/19/5 1706/10/5 1707/20/5
f 1705/19/5 1708/21/5 1706/10/5
f 1709/19/5 1710/10/5 1711/20/5
f 1709/19/5 1712/21/5 1710/10/5
f 1713/19/5 1714/10/5 1715/20/5
f 1713/19/5 1716/21/5 1714/10/5
f 1717/19/5 1718/10/5 1719/20/5
f 1717/19/5 1720/21/5 1718/10/5
f 1721/19/5 1722/10/5 1723/20/5
f 1721/19/5 1724/21/5 1722/10/5
f 1725/19/5 1726/10/5 1727/20/5
f 1725/19/5 1728/21/5 1726/10/5
f 1729/19/5 1730/10/5 1731/20/5
f 1729/19/5 1732/21/5 1730/10/5
f 1733/19/5 1734/10/5 1735/20/5
f 1733/19/5 1736/21/5 1734/10/5
f 1737/19/5 1738/10/5 1739/20/5
f 1737/19/5 1740/21/5 1738/10/5
f 1741/19/5 1742/10/5 1743/20/5
f 1741/19/5 1744/21/5 1742/10/5
f 1745/19/5 1746/10/5 1747/20/5
f 1745/19/5 1748/21/5 1746/10/5
f 1749/19/5 1750/10/5 1751/20/5
f 1749/19/5 1752/21/5 1750/10/5
f 1753/19/5 1754/10/5 1755/20/5
f 1753/19/5 1756/21/5 1754/10/5
f 1757/19/5 1758/10/5 1759/20/5
f 1757/19/5 1760/21/5 1758/10/5
f 1761/19/5 1762/10/5 1763/20/5
f 1761/19/5 1764/21/5 1762/10/5
f 1765/19/5 1766/10/5 1767/20/5
f 1765/19/5 1768/21/5 1766/10/5
f 1769/19/5 1770/10/5 1771/20/5
f 1769/19/5 1772/21/5 1770/10/5
f 1773/19/5 1774/10/5 1775/20/5
f 1773/19/5 1776/21/5 1774/10/5
f 1777/19/5 1778/10/5 1779/20/5
f 1777/19/5 1780/21/5 1778/10/5
f 1781/19/5 1782/10/5 1783/20/5
f 1781/19/5 1784/21/5 1782/10/5
f 1785/19/5 1786/10/5 1787/20/5
f 1785/19/5 1788/21/5 1786/10/5
f 1789/19/5 1790/10/5 1791/20/5
f 1789/19/5 1792/21/5 1790/10/5
f 1793/19/5 1794/10/5 1795/20/5
f 1793/19/5 1796/21/5 1794/10/5
f 1797/19/5 1798/10/5 1799/20/5
f 1797/19/5 1800/21/5 1798/10/5
f 1801/19/5 1802/10/5 1803/20/5
f 1801/19/5 1804/21/5 1802/10/5
f 1805/19/5 1806/10/5 1807/20/5
f 1805/19/5 1808/21/5 1806/10/5
f 1809/19/5 1810/10/5 1811/20/5
f 1809/19/5 1812/21/5 1810/10/5
f 1813/19/5 1814/10/5 1815/20/5
f 1813/19/5 1816/21/5 1814/10/5
f 1817/19/5 1818/10/5 1819/20/5
f 1817/19/5 1820/21/5 1818/10/5
f 1821/19/5 1822/10/5 1823/20/5
f 1821/19/5 1824/21/5 1822/10/5
f 1825/19/5 1826/10/5 1827/20/5
f 1825/19/5 1828/21/5 1826/10/5
f 1829/19/5 1830/10/5 1831/20/5
f 1829/19/5 1832/21/5 1830/10/5
f 1833/19/5 1834/10/5 1835/20/5
f 1833/19/5 1836/21/5 1834/10/5
f 1837/19/5 1838/10/5 1839/20/5
f 1837/19/5 1840/21/5 1838/10/5
f 1841/19/5 1842/10/5 1843/20/5
f 1841/19/5 1844/21/5 1842/10/5
f 1845/19/5 1846/10/5 1847/20/5
f 1845/19/5 1848/21/5 1846/10/5
f 1849/19/5 1850/10/5 1851/20/5
f 1849/19/5 1852/21/5 1850/10/5
f 1853/19/5 1854/10/5 1855/20/5
f 1853/19/5 1856/21/5 1854/10/5
f 1857/19/5 1858/10/5 1859/20/5
f 1857/19/5 1860/21/5 1858/10/5
f 1861/19/5 1862/10/5 1863/20/5
f 1861/19/5 1864/21/5 1862/10/5
f 1865/19/5 1866/10/5 1867/20/5
f 1865/19/5 1868/21/5 1866/10/5
f 1869/19/5 1870/10/5 1871/20/5
f 1869/19/5 1872/21/5 1870/10/5
f 1873/19/5 1874/10/5 1875/20/5
f 1873/19/5 1876/21/5 1874/10/5
f 1877/19/5 1878/10/5 1879/20/5
f 1877/19/5 1880/21/5 1878/10/5
f 1881/19/5 1882/10/5 1883/20/5
f 1881/19/5 1884/21/5 1882/10/5
f 1885/19/5 1886/10/5 1887/20/5
f 1885/19/5 1888/21/5 1886/10/5
f 1889/19/5 1890/10/5 1891/20/5
f 1889/19/5 1892/21/5 1890/10/5
f 1893/19/5 1894/10/5 1895/20/5
f 1893/19/5 1896/21/5 1894/10/5
f 1897/19/5 1898/10/5 1899/20/5
f 1897/19/5 1900/21/5 1898/10/5
f 1901/19/5 1902/10/5 1903/20/5
f 1901/19/5 1904/21/5 1902/10/5
f 1905/19/5 1906/10/5 1907/20/5
f 1905/19/5 1908/21/5 1906/10/5
f 1909/19/5 1910/10/5 1911/20/5
f 1909/19/5 1912/21/5 1910/10/5
f 1913/19/5 1914/10/5 1915/20/5
f 1913/19/5 1916/21/5 1914/10/5
f 1917/19/5 1918/10/5 1919/20/5
f 1917/19/5 1920/21/5 1918/10/5
f 1921/19/5 1922/10/5 1923/20/5
f 1921/19/5 1924/21/5 1922/10/5
f 1925/19/5 1926/10/5 1927/20/5
f 1925/19/5 1928/21/5 1926/10/5
f 1929/19/5 1930/10/5 1931/20/5
f 1929/19/5 1932/21/5 1930/10/5
f 1933/19/5 1934/10/5 1935/20/5
f 1933/19/5 1936/21/5 1934/10/5
f 1937/19/5 1938/10/5 1939/20/5
f 1937/19/5 1940/21/5 1938/10/5
f 1941/19/5 1942/10/5 1943/20/5
f 1941/19/5 1944/21/5 1942/10/5
f 1945/19/5 1946/10/5 1947/20/5
f 1945/19/5 1948/21/5 1946/10/5
f 1949/19/5 1950/10/5 1951/20/5
f 1949/19/5 1952/21/5 1950/10/5
f 1953/19/5 1954/10/5 1955/20/5
f 1953/19/5 1956/21/5 1954/10/5
f 1957/19/5 1958/10/5 1959/20/5
f 1957/19/5 1960/21/5 1958/10/5
f 1961/19/5 1962/10/5 1963/20/5
f 1961/19/5 1964/21/5 1962/10/5
f 1965/19/5 1966/10/5 1967/20/5
f 1965/19/5 1968/21/5 1966/10/5
f 1969/19/5 1970/10/5 1971/20/5
f 1969/19/5 1972/21/5 1970/10/5
f 1973/19/5 1974/10/5 1975/20/5
f 1973/19/5 1976/21/5 1974/10/5
f 1977/19/5 1978/10/5 1979/20/5
f 1977/19/5 1980/21/5 1978/10/5
f 1981/19/5 1982/10/5 1983/20/5
f 1981/19/5 1984/21/5 1982/10/5
f 1985/19/5 1986/10/5 1987/20/5
f 1985/19/5 1988/21/5 1986/10/5
f 1989/19/5 1990/10/5 1991/20/5
f 1989/19/5 1992/21/5 1990/10/5
f 1993/19/5 1994/10/5 1995/20/5
f 1993/19/5 1996/21/5 1994/10/5
f 1997/19/5 1998/10/5 1999/20/5
f 1997/19/5 2000/21/5 1998/10/5
f 2001/19/5 2002/10/5 2003/20/5
f 2001/19/5 2004/21/5 2002/10/5
f 2005/19/5 2006/10/5 2007/20/5
f 2005/19/5 2008/21/5 2006/10/5
f 2009/19/5 2010/10/5 2011/20/5
f 2009/19/5 2012/21/5 2010/10/5
f 2013/19/5 2014/10/5 2015/20/5
f 2013/19/5 2016/21/5 2014/10/5
f 2017/19/5 2018/10/5 2019/20/5
f 2017/19/5 2020/21/5 2018/10/5
f 2021/19/5 2022/10/5 2023/20/5
f 2021/19/5 2024/21/5 2022/10/5
f 2025/19/5 2026/10/5 2027/20/5
f 2025/19/5 2028/21/5 2026/10/5
f 2029/19/5 2030/10/5 2031/20/5
f 2029/19/5 2032/21/5 2030/10/5
f 2033/19/5 2034/10/5 2035/20/5
f 2033/19/5 2036/21/5 2034/10/5
f 2037/19/5 2038/10/5 2039/20/5
f 2037/19/5 2040/21/5 2038/10/5
f 2041/19/5 2042/10/5 2043/20/5
f 2041/19/5 2044/21/5 2042/10/5
f 2045/19/5 2046/10/5 2047/20/5
f 2045/19/5 2048/21/5 2046/10/5
f 2049/19/5 2050/10/5 2051/20/5
f 2049/19/5 2052/21/5 2050/10/5
f 2053/19/5 2054/10/5 2055/20/5
f 2053/19/5 2056/21/5 2054/10/5
f 2057/19/5 2058/10/5 2059/20/5
f 2057/19/5 2060/21/5 2058/10/5
f 2061/19/5 2062/10/5 2063/20/5
f 2061/19/5 2064/21/5 2062/10/5
f 2065/19/5 2066/10/5 2067/20/5
f 2065/19/5 2068/21/5 2066/10/5
f 2069/19/5 2070/10/5 2071/20/5
f 2069/19/5 2072/21/5 2070/10/5
f 2073/19/5 2074/10/5 2075/20/5
f 2073/19/5 2076/21/5 2074/10/5
f 2077/19/5 2078/10/5 2079/20/5
f 2077/19/5 2080/21/5 2078/10/5
f 2081/19/5 2082/10/5 2083/20/5
f 2081/19/5 2084/21/5 2082/10/5
f 2085/19/5 2086/10/5 2087/20/5
f 2085/19/5 2088/21/5 2086/10/5
f 2089/19/5 2090/10/5 2091/20/5
f 2089/19/5 2092/21/5 2090/10/5
f 2093/22/5 2094/21/5 2095/23/5
f 2093/22/5 2096/24/5 2094/21/5
f 2097/22/5 2098/21/5 2099/23/5
f 2097/22/5 2100/24/5 2098/21/5
f 2101/22/5 2102/21/5 2103/23/5
f 2101/22/5 2104/24/5 2102/21/5
f 2105/22/5 2106/21/5 2107/23/5
f 2105/22/5 2108/24/5 2106/21/5
f 2109/22/5 2110/21/5 2111/23/5
f 2109/22/5 2112/24/5 2110/21/5
f 2113/22/5 2114/21/5 2115/23/5
f 2113/22/5 2116/24/5 2114/21/5
f 2117/22/5 2118/21/5 2119/23/5
f 2117/22/5 2120/24/5 2118/21/5
f 2121/22/5 2122/21/5 2123/23/5
f 2121/22/5 2124/24/5 2122/21/5
f 2125/22/5 2126/21/5 2127/23/5
f 2125/22/5 2128/24/5 2126/21/5
f 2129/22/5 2130/21/5 2131/23/5
f 2129/22/5 2132/24/5 2130/21/5
f 2133/22/5 2134/21/5 2135/23/5
f 2133/22/5 2136/24/5 2134/21/5
f 2137/22/5 2138/21/5 2139/23/5
f 2137/22/5 2140/24/5 2138/21/5
f 2141/22/5 2142/21/5 2143/23/5
f 2141/22/5 2144/24/5 2142/21/5
f 2145/22/5 2146/21/5 2147/23/5
f 2145/22/5 2148/24/5 2146/21/5
f 2149/22/5 2150/21/5 2151/23/5
f 2149/22/5 2152/24/5 2150/21/5
f 2153/22/5 2154/21/5 2155/23/5
f 2153/22/5 2156/24/5 2154/21/5
f 2157/22/5 2158/21/5 2159/23/5
f 2157/22/5 2160/24/5 2158/21/5
f 2161/22/5 2162/21/5 2163/23/5
f 2161/22/5 2164/24/5 2162/21/5
f 2165/22/5 2166/21/5 2167/23/5
f 2165/22/5 2168/24/5 2166/21/5
f 2169/22/5 2170/21/5 2171/23/5
f 2169/22/5 2172/24/5 2170/21/5
f 2173/22/5 2174/21/5 2175/23/5
f 2173/22/5 2176/24/5 2174/21/5
f 2177/22/5 2178/21/5 2179/23/5
f 2177/22/5 2180/24/5 2178/21/5
f 2181/22/5 2182/21/5 2183/23/5
f 2181/22/5 2184/24/5 2182/21/5
f 2185/22/5 2186/21/5 2187/23/5
f 2185/22/5 2188/24/5 2186/21/5
f 2189/22/5 2190/21/5 2191/23/5
f 2189/22/5 2192/24/5 2190/21/5
f 2193/22/5 2194/21/5 2195/23/5
f 2193/22/5 2196/24/5 2194/21/5
f 2197/22/5 2198/21/5 2199/23/5
f 2197/22/5 2200/24/5 2198/21/5
f 2201/22/5 2202/21/5 2203/23/5
f 2201/22/5 2204/24/5 2202/21/5
f 2205/22/5 2206/21/5 2207/23/5
f 2205/22/5 2208/24/5 2206/21/5
f 2209/22/5 2210/21/5 2211/23/5
f 2209/22/5 2212/24/5 2210/21/5
f 2213/22/5 2214/21/5 2215/23/5
f 2213/22/5 2216/24/5 2214/21/5
f 2217/22/5 2218/21/5 2219/23/5
f 2217/22/5 2220/24/5 2218/21/5
f 2221/22/5 2222/21/5 2223/23/5
f 2221/22/5 2224/24/5 2222/21/5
f 2225/22/5 2226/21/5 2227/23/5
f 2225/22/5 2228/24/5 2226/21/5
f 2229/22/5 2230/21/5 2231/23/5
f 2229/22/5 2232/24/5 2230/21/5
f 2233/22/5 2234/21/5 2235/23/5
f 2233/22/5 2236/24/5 2234/21/5
f 2237/22/5 2238/21/5 2239/23/5
f 2237/22/5 2240/24/5 2238/21/5
f 2241/22/5 2242/21/5 2243/23/5
f 2241/22/5 2244/24/5 2242/21/5
f 2245/22/5 2246/21/5 2247/23/5
f 2245/22/5 2248/24/5 2246/21/5
f 2249/22/5 2250/21/5 2251/23/5
f 2249/22/5 2252/24/5 2250/21/5
f 2253/22/5 2254/21/5 2255/23/5
f 2253/22/5 2256/24/5 2254/21/5
f 2257/22/5 2258/21/5 2259/23/5
f 2257/22/5 2260/24/5 2258/21/5
f 2261/22/5 2262/21/5 2263/23/5
f 2261/22/5 2264/24/5 2262/21/5
f 2265/22/5 2266/21/5 2267/23/5
f 2265/22/5 2268/24/5 2266/21/5
f 2269/22/5 2270/21/5 2271/23/5
f 2269/22/5 2272/24/5 2270/21/5
f 2273/22/5 2274/21/5 2275/23/5
f 2273/22/5 2276/24/5 2274/21/5
f 2277/22/5 2278/21/5 2279/23/5
f 2277/22/5 2280/24/5 2278/21/5
f 2281/22/5 2282/21/5 2283/23/5
f 2281/22/5 2284/24/5 2282/21/5
f 2285/22/5 2286/21/5 2287/23/5
f 2285/22/5 2288/24/5 2286/21/5
f 2289/22/5 2290/21/5 2291/23/5
f 2289/22/5 2292/24/5 2290/21/5
f 2293/22/5 2294/21/5 2295/23/5
f 2293/22/5 2296/24/5 2294/21/5
f 2297/22/5 2298/21/5 2299/23/5
f 2297/22/5 2300/24/5 2298/21/5
f 2301/22/5 2302/21/5 2303/23/5
f 2301/22/5 2304/24/5 2302/21/5
f 2305/22/5 2306/21/5 2307/23/5
f 2305/22/5 2308/24/5 2306/21/5
f 2309/22/5 2310/21/5 2311/23/5
f 2309/22/5 2312/24/5 2310/21/5
f 2313/22/5 2314/21/5 2315/23/5
f 2313/22/5 2316/24/5 2314/21/5
f 2317/22/5 2318/21/5 2319/23/5
f 2317/22/5 2320/24/5 2318/21/5
f 2321/22/5 2322/21/5 2323/23/5
f 2321/22/5 2324/24/5 2322/21/5
f 2325/22/5 2326/21/5 2327/23/5
f 2325/22/5 2328/24/5 2326/21/5
f 2329/22/5 2330/21/5 2331/23/5
f 2329/22/5 2332/24/5 2330/21/5
f 2333/22/5 2334/21/5 2335/23/5
f 2333/22/5 2336/24/5 2334/21/5
f 2337/22/5 2338/21/5 2339/23/5
f 2337/22/5 2340/24/5 2338/21/5
f 2341/22/5 2342/21/5 2343/23/5
f 2341/22/5 2344/24/5 2342/21/5
f 2345/22/5 2346/21/5 2347/23/5
f 2345/22/5 2348/24/5 2346/21/5
f 2349/22/5 2350/21/5 2351/23/5
f 2349/22/5 2352/24/5 2350/21/5
f 2353/22/5 2354/21/5 2355/23/5
f 2353/22/5 2356/24/5 2354/21/5
f 2357/22/5 2358/21/5 2359/23/5
f 2357/22/5 2360/24/5 2358/21/5
f 2361/22/5 2362/21/5 2363/23/5
f 2361/22/5 2364/24/5 2362/21/5
f 2365/22/5 2366/21/5 2367/23/5
f 2365/22/5 2368/24/5 2366/21/5
f 2369/22/5 2370/21/5 2371/23/5
f 2369/22/5 2372/24/5 2370/21/5
f 2373/22/5 2374/21/5 2375/23/5
f 2373/22/5 2376/24/5 2374/21/5
f 2377/22/5 2378/21/5 2379/23/5
f 2377/22/5 2380/24/5 2378/21/5
f 2381/22/5 2382/21/5 2383/23/5
f 2381/22/5 2384/24/5 2382/21/5
f 2385/22/5 2386/21/5 2387/23/5
f 2385/22/5 2388/24/5 2386/21/5
f 2389/22/5 2390/21/5 2391/23/5
f 2389/22/5 2392/24/5 2390/21/5
f 2393/22/5 2394/21/5 2395/23/5
f 2393/22/5 2396/24/5 2394/21/5
f 2397/22/5 2398/21/5 2399/23/5
f 2397/22/5 2400/24/5 2398/21/5
f 2401/22/5 2402/21/5 2403/23/5
f 2401/22/5 2404/24/5 2402/21/5
f 2405/22/5 2406/21/5 2407/23/5
f 2405/22/5 2408/24/5 2406/21/5
f 2409/22/5 2410/21/5 2411/23/5
f 2409/22/5 2412/24/5 2410/21/5
f 2413/22/5 2414/21/5 2415/23/5
f 2413/22/5 2416/24/5 2414/21/5
f 2417/22/5 2418/21/5 2419/23/5
f 2417/22/5 2420/24/5 2418/21/5
f 2421/22/5 2422/21/5 2423/23/5
f 2421/22/5 2424/24/5 2422/21/5
f 2425/22/5 2426/21/5 2427/23/5
f 2425/22/5 2428/24/5 2426/21/5
f 2429/22/5 2430/21/5 2431/23/5
f 2429/22/5 2432/24/5 2430/21/5
f 2433/22/5 2434/21/5 2435/23/5
f 2433/22/5 2436/24/5 2434/21/5
f 2437/22/5 2438/21/5 2439/23/5
f 2437/22/5 2440/24/5 2438/21/5
f 2441/22/5 2442/21/5 2443/23/5
f 2441/22/5 2444/24/5 2442/21/5
f 2445/22/5 2446/21/5 2447/23/5
f 2445/22/5 2448/24/5 2446/21/5
f 2449/22/5 2450/21/5 2451/23/5
f 2449/22/5 2452/24/5 2450/21/5
f 2453/22/5 2454/21/5 2455/23/5
f 2453/22/5 2456/24/5 2454/21/5
f 2457/22/5 2458/21/5 2459/23/5
f 2457/22/5 2460/24/5 2458/21/5
f 2461/22/5 2462/21/5 2463/23/5
f 2461/22/5 2464/24/5 2462/21/5
f 2465/22/5 2466/21/5 2467/23/5
f 2465/22/5 2468/24/5 2466/21/5
f 2469/22/5 2470/21/5 2471/23/5
f 2469/22/5 2472/24/5 2470/21/5
f 2473/22/5 2474/21/5 2475/23/5
f 2473/22/5 2476/24/5 2474/21/5
f 2477/22/5 2478/21/5 2479/23/5
f 2477/22/5 2480/24/5 2478/21/5
f 2481/22/5 2482/21/5 2483/23/5
f 2481/22/5 2484/24/5 2482/21/5
f 2485/22/5 2486/21/5 2487/23/5
f 2485/22/5 2488/24/5 2486/21/5
f 2489/22/5 2490/21/5 2491/23/5
f 2489/22/5 2492/24/5 2490/21/5
f 2493/22/5 2494/21/5 2495/23/5
f 2493/22/5 2496/24/5 2494/21/5
f 2497/22/5 2498/21/5 2499/23/5
f 2497/22/5 2500/24/5 2498/21/5
f 2501/22/5 2502/21/5 2503/23/5
f 2501/22/5 2504/24/5 2502/21/5
f 2505/22/5 2506/21/5 2507/23/5
f 2505/22/5 2508/24/5 2506/21/5
f 2509/22/5 2510/21/5 2511/23/5
f 2509/22/5 2512/24/5 2510/21/5
f 2513/22/5 2514/21/5 2515/23/5
f 2513/22/5 2516/24/5 2514/21/5
f 2517/22/5 2518/21/5 2519/23/5
f 2517/22/5 2520/24/5 2518/21/5
f 2521/22/5 2522/21/5 2523/23/5
f 2521/22/5 2524/24/5 2522/21/5
f 2525/22/5 2526/21/5 2527/23/5
f 2525/22/5 2528/24/5 2526/21/5
f 2529/22/5 2530/21/5 2531/23/5
f 2529/22/5 2532/24/5 2530/21/5
f 2533/22/5 2534/21/5 2535/23/5
f 2533/22/5 2536/24/5 2534/21/5
f 2537/22/5 2538/21/5 2539/23/5
f 2537/22/5 2540/24/5 2538/21/5
f 2541/22/5 2542/21/5 2543/23/5
f 2541/22/5 2544/24/5 2542/21/5
f 2545/22/5 2546/21/5 2547/23/5
f 2545/22/5 2548/24/5 2546/21/5
f 2549/22/5 2550/21/5 2551/23/5
f 2549/22/5 2552/24/5 2550/21/5
f 2553/22/5 2554/21/5 2555/23/5
f 2553/22/5 2556/24/5 2554/21/5
f 2557/22/5 2558/21/5 2559/23/5
f 2557/22/5 2560/24/5 2558/21/5
f 2561/22/5 2562/21/5 2563/23/5
f 2561/22/5 2564/24/5 2562/21/5
f 2565/22/5 2566/21/5 2567/23/5
f 2565/22/5 2568/24/5 2566/21/5
f 2569/22/5 2570/21/5 2571/23/5
f 2569/22/5 2572/24/5 2570/21/5
f 2573/22/5 2574/21/5 2575/23/5
f 2573/22/5 2576/24/5 2574/21/5
f 2577/22/5 2578/21/5 2579/23/5
f 2577/22/5 2580/24/5 2578/21/5
f 2581/22/5 2582/21/5 2583/23/5
f 2581/22/5 2584/24/5 2582/21/5
f 2585/22/5 2586/21/5 2587/23/5
f 2585/22/5 2588/24/5 2586/21/5
f 2589/22/5 2590/21/5 2591/23/5
f 2589/22/5 2592/24/5 2590/21/5
f 2593/22/5 2594/21/5 2595/23/5
f 2593/22/5 2596/24/5 2594/21/5
f 2597/22/5 2598/21/5 2599/23/5
f 2597/22/5 2600/24/5 2598/21/5
f 2601/22/5 2602/21/5 2603/23/5
f 2601/22/5 2604/24/5 2602/21/5
f 2605/22/5 2606/21/5 2607/23/5
f 2605/22/5 2608/24/5 2606/21/5
f 2609/22/5 2610/21/5 2611/23/5
f 2609/22/5 2612/24/5 2610/21/5
f 2613/22/5 2614/21/5 2615/23/5
f 2613/22/5 2616/24/5 2614/21/5
f 2617/22/5 2618/21/5 2619/23/5
f 2617/22/5 2620/24/5 2618/21/5
f 2621/22/5 2622/21/5 2623/23/5
f 2621/22/5 2624/24/5 2622/21/5
f 2625/22/5 2626/21/5 2627/23/5
f 2625/22/5 2628/24/5 2626/21/5
f 2629/22/5 2630/21/5 2631/23/5
f 2629/22/5 2632/24/5 2630/21/5
f 2633/22/5 2634/21/5 2635/23/5
f 2633/22/5 2636/24/5 2634/21/5
f 2637/22/5 2638/21/5 2639/23/5
f 2637/22/5 2640/24/5 2638/21/5
f 2641/22/5 2642/21/5 2643/23/5
f 2641/22/5 2644/24/5 2642/21/5
f 2645/22/5 2646/21/5 2647/23/5
f 2645/22/5 2648/24/5 2646/21/5
f 2649/22/5 2650/21/5 2651/23/5
f 2649/22/5 2652/24/5 2650/21/5
f 2653/22/5 2654/21/5 2655/23/5
f 2653/22/5 2656/24/5 2654/21/5
f 2657/22/5 2658/21/5 2659/23/5
f 2657/22/5 2660/24/5 2658/21/5
f 2661/22/5 2662/21/5 2663/23/5
f 2661/22/5 2664/24/5 2662/21/5
f 2665/22/5 2666/21/5 2667/23/5
f 2665/22/5 2668/24/5 2666/21/5
f 2669/22/5 2670/21/5 2671/23/5
f 2669/22/5 2672/24/5 2670/21/5
f 2673/22/5 2674/21/5 2675/23/5
f 2673/22/5 2676/24/5 2674/21/5
f 2677/22/5 2678/21/5 2679/23/5
f 2677/22/5 2680/24/5 2678/21/5
f 2681/22/5 2682/21/5 2683/23/5
f 2681/22/5 2684/24/5 2682/21/5
f 2685/22/5 2686/21/5 2687/23/5
f 2685/22/5 2688/24/5 2686/21/5
f 2689/22/5 2690/21/5 2691/23/5
f 2689/22/5 2692/24/5 2690/21/5
f 2693/22/5 2694/21/5 2695/23/5
f 2693/22/5 2696/24/5 2694/21/5
f 2697/22/5 2698/21/5 2699/23/5
f 2697/22/5 2700/24/5 2698/21/5
f 2701/22/5 2702/21/5 2703/23/5
f 2701/22/5 2704/24/5 2702/21/5
f 2705/22/5 2706/21/5 2707/23/5
f 2705/22/5 2708/24/5 2706/21/5
f 2709/22/5 2710/21/5 2711/23/5
f 2709/22/5 2712/24/5 2710/21/5
f 2713/22/5 2714/21/5 2715/23/5
f 2713/22/5 2716/24/5 2714/21/5
f 2717/22/5 2718/21/5 2719/23/5
f 2717/22/5 2720/24/5 2718/21/5
f 2721/22/5 2722/21/5 2723/23/5
f 2721/22/5 2724/24/5 2722/21/5
f 2725/22/5 2726/21/5 2727/23/5
f 2725/22/5 2728/24/5 2726/21/5
f 2729/22/5 2730/21/5 2731/23/5
f 2729/22/5 2732/24/5 2730/21/5
f 2733/22/5 2734/21/5 2735/23/5
f 2733/22/5 2736/24/5 2734/21/5
f 2737/22/5 2738/21/5 2739/23/5
f 2737/22/5 2740/24/5 2738/21/5
f 2741/22/5 2742/21/5 2743/23/5
f 2741/22/5 2744/24/5 2742/21/5
f 2745/22/5 2746/21/5 2747/23/5
f 2745/22/5 2748/24/5 2746/21/5
f 2749/22/5 2750/21/5 2751/23/5
f 2749/22/5 2752/24/5 2750/21/5
f 2753/22/5 2754/21/5 2755/23/5
f 2753/22/5 2756/24/5 2754/21/5
f 2757/22/5 2758/21/5 2759/23/5
f 2757/22/5 2760/24/5 2758/21/5
f 2761/22/5 2762/21/5 2763/23/5
f 2761/22/5 2764/24/5 2762/21/5
f 2765/22/5 2766/21/5 2767/23/5
f 2765/22/5 2768/24/5 2766/21/5
f 2769/22/5 2770/21/5 2771/23/5
f 2769/22/5 2772/24/5 2770/21/5
f 2773/22/5 2774/21/5 2775/23/5
f 2773/22/5 2776/24/5 2774/21/5
f 2777/22/5 2778/21/5 2779/23/5
f 2777/22/5 2780/24/5 2778/21/5
f 2781/22/5 2782/21/5 2783/23/5
f 2781/22/5 2784/24/5 2782/21/5
f 2785/22/5 2786/21/5 2787/23/5
f 2785/22/5 2788/24/5 2786/21/5
f 2789/22/5 2790/21/5 2791/23/5
f 2789/22/5 2792/24/5 2790/21/5
f 2793/22/5 2794/21/5 2795/23/5
f 2793/22/5 2796/24/5 2794/21/5
f 2797/22/5 2798/21/5 2799/23/5
f 2797/22/5 2800/24/5 2798/21/5
f 2801/22/5 2802/21/5 2803/23/5
f 2801/22/5 2804/24/5 2802/21/5
f 2805/22/5 2806/21/5 2807/23/5
f 2805/22/5 2808/24/5 2806/21/5
f 2809/22/5 2810/21/5 2811/23/5
f 2809/22/5 2812/24/5 2810/21/5
f 2813/22/5 2814/21/5 2815/23/5
f 2813/22/5 2816/24/5 2814/21/5
f 2817/22/5 2818/21/5 2819/23/5
f 2817/22/5 2820/24/5 2818/21/5
f 2821/22/5 2822/21/5 2823/23/5
f 2821/22/5 2824/24/5 2822/21/5
f 2825/22/5 2826/21/5 2827/23/5
f 2825/22/5 2828/24/5 2826/21/5
f 2829/22/5 2830/21/5 2831/23/5
f 2829/22/5 2832/24/5 2830/21/5
f 2833/22/5 2834/21/5 2835/23/5
f 2833/22/5 2836/24/5 2834/21/5
f 2837/22/5 2838/21/5 2839/23/5
f 2837/22/5 2840/24/5 2838/21/5
f 2841/22/5 2842/21/5 2843/23/5
f 2841/22/5 2844/24/5 2842/21/5
f 2845/22/5 2846/21/5 2847/23/5
f 2845/22/5 2848/24/5 2846/21/5
f 2849/22/5 2850/21/5 2851/23/5
f 2849/22/5 2852/24/5 2850/21/5
f 2853/22/5 2854/21/5 2855/23/5
f 2853/22/5 2856/24/5 2854/21/5
f 2857/22/5 2858/21/5 2859/23/5
f 2857/22/5 2860/24/5 2858/21/5
f 2861/22/5 2862/21/5 2863/23/5
f 2861/22/5 2864/24/5 2862/21/5
f 2865/22/5 2866/21/5 2867/23/5
f 2865/22/5 2868/24/5 2866/21/5
f 2869/22/5 2870/21/5 2871/23/5
f 2869/22/5 2872/24/5 2870/21/5
f 2873/22/5 2874/21/5 2875/23/5
f 2873/22/5 2876/24/5 2874/21/5
f 2877/22/5 2878/21/5 2879/23/5
f 2877/22/5 2880/24/5 2878/21/5
f 2881/22/5 2882/21/5 2883/23/5
f 2881/22/5 2884/24/5 2882/21/5
f 2885/22/5 2886/21/5 2887/23/5
f 2885/22/5 2888/24/5 2886/21/5
f 2889/22/5 2890/21/5 2891/23/5
f 2889/22/5 2892/24/5 2890/21/5
f 2893/22/5 2894/21/5 2895/23/5
f 2893/22/5 2896/24/5 2894/21/5
f 2897/22/5 2898/21/5 2899/23/5
f 2897/22/5 2900/24/5 2898/21/5
f 2901/22/5 2902/21/5 2903/23/5
f 2901/22/5 2904/24/5 2902/21/5
f 2905/22/5 2906/21/5 2907/23/5
f 2905/22/5 2908/24/5 2906/21/5
f 2909/22/5 2910/21/5 2911/23/5
f 2909/22/5 2912/24/5 2910/21/5
f 2913/22/5 2914/21/5 2915/23/5
f 2913/22/5 2916/24/5 2914/21/5
f 2917/22/5 2918/21/5 2919/23/5
f 2917/22/5 2920/24/5 2918/21/5
f 2921/22/5 2922/21/5 2923/23/5
f 2921/22/5 2924/24/5 2922/21/5
f 2925/22/5 2926/21/5 2927/23/5
f 2925/22/5 2928/24/5 2926/21/5
f 2929/22/5 2930/21/5 2931/23/5
f 2929/22/5 2932/24/5 2930/21/5
f 2933/22/5 2934/21/5 2935/23/5
f 2933/22/5 2936/24/5 2934/21/5
f 2937/22/5 2938/21/5 2939/23/5
f 2937/22/5 2940/24/5 2938/21/5
f 2941/22/5 2942/21/5 2943/23/5
f 2941/22/5 2944/24/5 2942/21/5
f 2945/22/5 2946/21/5 2947/23/5
f 2945/22/5 2948/24/5 2946/21/5
f 2949/22/5 2950/21/5 2951/23/5
f 2949/22/5 2952/24/5 2950/21/5
f 2953/22/5 2954/21/5 2955/23/5
f 2953/22/5 2956/24/5 2954/21/5
f 2957/22/5 2958/21/5 2959/23/5
f 2957/22/5 2960/24/5 2958/21/5
f 2961/22/5 2962/21/5 2963/23/5
f 2961/22/5 2964/24/5 2962/21/5
f 2965/22/5 2966/21/5 2967/23/5
f 2965/22/5 2968/24/5 2966/21/5
f 2969/22/5 2970/21/5 2971/23/5
f 2969/22/5 2972/24/5 2970/21/5
f 2973/22/5 2974/21/5 2975/23/5
f 2973/22/5 2976/24/5 2974/21/5
f 2977/22/5 2978/21/5 2979/23/5
f 2977/22/5 2980/24/5 2978/21/5
f 2981/22/5 2982/21/5 2983/23/5
f 2981/22/5 2984/24/5 2982/21/5
f 2985/22/5 2986/21/5 2987/23/5
f 2985/22/5 2988/24/5 2986/21/5
f 2989/22/5 2990/21/5 2991/23/5
f 2989/22/5 2992/24/5 2990/21/5
f 2993/22/5 2994/21/5 2995/23/5
f 2993/22/5 2996/24/5 2994/21/5
f 2997/22/5 2998/21/5 2999/23/5
f 2997/22/5 3000/24/5 2998/21/5
f 3001/22/5 3002/21/5 3003/23/5
f 3001/22/5 3004/24/5 3002/21/5
f 3005/22/5 3006/21/5 3007/23/5
f 3005/22/5 3008/24/5 3006/21/5
f 3009/22/5 3010/21/5 3011/23/5
f 3009/22/5 3012/24/5 3010/21/5
f 3013/22/5 3014/21/5 3015/23/5
f 3013/22/5 3016/24/5 3014/21/5
f 3017/22/5 3018/21/5 3019/23/5
f 3017/22/5 3020/24/5 3018/21/5
f 3021/22/5 3022/21/5 3023/23/5
f 3021/22/5 3024/24/5 3022/21/5
f 3025/22/5 3026/21/5 3027/23/5
f 3025/22/5 3028/24/5 3026/21/5
f 3029/22/5 3030/21/5 3031/23/5
f 3029/22/5 3032/24/5 3030/21/5
f 3033/22/5 3034/21/5 3035/23/5
f 3033/22/5 3036/24/5 3034/21/5
f 3037/22/5 3038/21/5 3039/23/5
f 3037/22/5 3040/24/5 3038/21/5
f 3041/22/5 3042/21/5 3043/23/5
f 3041/22/5 3044/24/5 3042/21/5
f 3045/22/5 3046/21/5 3047/23/5
f 3045/22/5 3048/24/5 3046/21/5
f 3049/22/5 3050/21/5 3051/23/5
f 3049/22/5 3052/24/5 3050/21/5
f 3053/22/5 3054/21/5 3055/23/5
f 3053/22/5 3056/24/5 3054/21/5
f 3057/22/5 3058/21/5 3059/23/5
f 3057/22/5 3060/24/5 3058/21/5
f 3061/22/5 3062/21/5 3063/23/5
f 3061/22/5 3064/24/5 3062/21/5
f 3065/22/5 3066/21/5 3067/23/5
f 3065/22/5 3068/24/5 3066/21/5
f 3069/22/5 3070/21/5 3071/23/5
f 3069/22/5 3072/24/5 3070/21/5
f 3073/22/5 3074/21/5 3075/23/5
f 3073/22/5 3076/24/5 3074/21/5
f 3077/22/5 3078/21/5 3079/23/5
f 3077/22/5 3080/24/5 3078/21/5
f 3081/22/5 3082/21/5 3083/23/5
f 3081/22/5 3084/24/5 3082/21/5
f 3085/22/5 3086/21/5 3087/23/5
f 3085/22/5 3088/24/5 3086/21/5
f 3089/22/5 3090/21/5 3091/23/5
f 3089/22/5 3092/24/5 3090/21/5
f 3093/22/5 3094/21/5 3095/23/5
f 3093/22/5 3096/24/5 3094/21/5
f 3097/22/5 3098/21/5 3099/23/5
f 3097/22/5 3100/24/5 3098/21/5
f 3101/22/5 3102/21/5 3103/23/5
f 3101/22/5 3104/24/5 3102/21/5
f 3105/22/5 3106/21/5 3107/23/5
f 3105/22/5 3108/24/5 3106/21/5
f 3109/22/5 3110/21/5 3111/23/5
f 3109/22/5 3112/24/5 3110/21/5
f 3113/22/5 3114/21/5 3115/23/5
f 3113/22/5 3116/24/5 3114/21/5
f 3117/22/5 3118/21/5 3119/23/5
f 3117/22/5 3120/24/5 3118/21/5
f 3121/22/5 3122/21/5 3123/23/5
f 3121/22/5 3124/24/5 3122/21/5
f 3125/22/5 3126/21/5 3127/23/5
f 3125/22/5 3128/24/5 3126/21/5
f 3129/22/5 3130/21/5 3131/23/5
f 3129/22/5 3132/24/5 3130/21/5
f 3133/22/5 3134/21/5 3135/23/5
f 3133/22/5 3136/24/5 3134/21/5
f 3137/22/5 3138/21/5 3139/23/5
f 3137/22/5 3140/24/5 3138/21/5
f 3141/22/5 3142/21/5 3143/23/5
f 3141/22/5 3144/24/5 3142/21/5
f 3145/22/5 3146/21/5 3147/23/5
f 3145/22/5 3148/24/5 3146/21/5
f 3149/22/5 3150/21/5 3151/23/5
f 3149/22/5 3152/24/5 3150/21/5
f 3153/22/5 3154/21/5 3155/23/5
f 3153/22/5 3156/24/5 3154/21/5
f 3157/22/5 3158/21/5 3159/23/5
f 3157/22/5 3160/24/5 3158/21/5
f 3161/22/5 3162/21/5 3163/23/5
f 3161/22/5 3164/24/5 3162/21/5
f 3165/22/5 3166/21/5 3167/23/5
f 3165/22/5 3168/24/5 3166/21/5
f 3169/22/5 3170/21/5 3171/23/5
f 3169/22/5 3172/24/5 3170/21/5
f 3173/22/5 3174/21/5 3175/23/5
f 3173/22/5 3176/24/5 3174/21/5
f 3177/22/5 3178/21/5 3179/23/5
f 3177/22/5 3180/24/5 3178/21/5
f 3181/22/5 3182/21/5 3183/23/5
f 3181/22/5 3184/24/5 3182/21/5
f 3185/22/5 3186/21/5 3187/23/5
f 3185/22/5 3188/24/5 3186/21/5
f 3189/22/5 3190/21/5 3191/23/5
f 3189/22/5 3192/24/5 3190/21/5
f 3193/22/5 3194/21/5 3195/23/5
f 3193/22/5 3196/24/5 3194/21/5
f 3197/22/5 3198/21/5 3199/23/5
f 3197/22/5 3200/24/5 3198/21/5
f 3201/22/5 3202/21/5 3203/23/5
f 3201/22/5 3204/24/5 3202/21/5
f 3205/22/5 3206/21/5 3207/23/5
f 3205/22/5 3208/24/5 3206/21/5
f 3209/22/5 3210/21/5 3211/23/5
f 3209/22/5 3212/24/5 3210/21/5
f 3213/22/5 3214/21/5 3215/23/5
f 3213/22/5 3216/24/5 3214/21/5
f 3217/22/5 3218/21/5 3219/23/5
f 3217/22/5 3220/24/5 3218/21/5
f 3221/22/5 3222/21/5 3223/23/5
f 3221/22/5 3224/24/5 3222/21/5
f 3225/22/5 3226/21/5 3227/23/5
f 3225/22/5 3228/24/5 3226/21/5
f 3229/22/5 3230/21/5 3231/23/5
f 3229/22/5 3232/24/5 3230/21/5
f 3233/22/5 3234/21/5 3235/23/5
f 3233/22/5 3236/24/5 3234/21/5
f 3237/22/5 3238/21/5 3239/23/5
f 3237/22/5 3240/24/5 3238/21/5
f 3241/22/5 3242/21/5 3243/23/5
f 3241/22/5 3244/24/5 3242/21/5
f 3245/22/5 3246/21/5 3247/23/5
f 3245/22/5 3248/24/5 3246/21/5
f 3249/22/5 3250/21/5 3251/23/5
f 3249/22/5 3252/24/5 3250/21/5
f 3253/22/5 3254/21/5 3255/23/5
f 3253/22/5 3256/24/5 3254/21/5
f 3257/22/5 3258/21/5 3259/23/5
f 3257/22/5 3260/24/5 3258/21/5
f 3261/22/5 3262/21/5 3263/23/5
f 3261/22/5 3264/24/5 3262/21/5
f 3265/22/5 3266/21/5 3267/23/5
f 3265/22/5 3268/24/5 3266/21/5
f 3269/22/5 3270/21/5 3271/23/5
f 3269/22/5 3272/24/5 3270/21/5
f 3273/22/5 3274/21/5 3275/23/5
f 3273/22/5 3276/24/5 3274/21/5
f 3277/22/5 3278/21/5 3279/23/5
f 3277/22/5 3280/24/5 3278/21/5
f 3281/22/5 3282/21/5 3283/23/5
f 3281/22/5 3284/24/5 3282/21/5
f 3285/22/5 3286/21/5 3287/23/5
f 3285/22/5 3288/24/5 3286/21/5
f 3289/22/5 3290/21/5 3291/23/5
f 3289/22/5 3292/24/5 3290/21/5
f 3293/22/5 3294/21/5 3295/23/5
f 3293/22/5 3296/24/5 3294/21/5
f 3297/22/5 3298/21/5 3299/23/5
f 3297/22/5 3300/24/5 3298/21/5
f 3301/22/5 3302/21/5 3303/23/5
f 3301/22/5 3304/24/5 3302/21/5
f 3305/22/5 3306/21/5 3307/23/5
f 3305/22/5 3308/24/5 3306/21/5
f 3309/22/5 3310/21/5 3311/23/5
f 3309/22/5 3312/24/5 3310/21/5
f 3313/22/5 3314/21/5 3315/23/5
f 3313/22/5 3316/24/5 3314/21/5
f 3317/22/5 3318/21/5 3319/23/5
f 3317/22/5 3320/24/5 3318/21/5
f 3321/22/5 3322/21/5 3323/23/5
f 3321/22/5 3324/24/5 3322/21/5
f 3325/22/5 3326/21/5 3327/23/5
f 3325/22/5 3328/24/5 3326/21/5
f 3329/22/5 3330/21/5 3331/23/5
f 3329/22/5 3332/24/5 3330/21/5
f 3333/22/5 3334/21/5 3335/23/5
f 3333/22/5 3336/24/5 3334/21/5
f 3337/22/5 3338/21/5 3339/23/5
f 3337/22/5 3340/24/5 3338/21/5
f 3341/22/5 3342/21/5 3343/23/5
f 3341/22/5 3344/24/5 3342/21/5
f 3345/22/5 3346/21/5 3347/23/5
f 3345/22/5 3348/24/5 3346/21/5
f 3349/22/5 3350/21/5 3351/23/5
f 3349/22/5 3352/24/5 3350/21/5
f 3353/22/5 3354/21/5 3355/23/5
f 3353/22/5 3356/24/5 3354/21/5
f 3357/22/5 3358/21/5 3359/23/5
f 3357/22/5 3360/24/5 3358/21/5
f 3361/22/5 3362/21/5 3363/23/5
f 3361/22/5 3364/24/5 3362/21/5
f 3365/22/5 3366/21/5 3367/23/5
f 3365/22/5 3368/24/5 3366/21/5
f 3369/22/5 3370/21/5 3371/23/5
f 3369/22/5 3372/24/5 3370/21/5
f 3373/22/5 3374/21/5 3375/23/5
f 3373/22/5 3376/24/5 3374/21/5
f 3377/22/5 3378/21/5 3379/23/5
f 3377/22/5 3380/24/5 3378/21/5
f 3381/22/5 3382/21/5 3383/23/5
f 3381/22/5 3384/24/5 3382/21/5
f 3385/22/5 3386/21/5 3387/23/5
f 3385/22/5 3388/24/5 3386/21/5
f 3389/22/5 3390/21/5 3391/23/5
f 3389/22/5 3392/24/5 3390/21/5
f 3393/22/5 3394/21/5 3395/23/5
f 3393/22/5 3396/24/5 3394/21/5
f 3397/22/5 3398/21/5 3399/23/5
f 3397/22/5 3400/24/5 3398/21/5
f 3401/22/5 3402/21/5 3403/23/5
f 3401/22/5 3404/24/5 3402/21/5
f 3405/22/5 3406/21/5 3407/23/5
f 3405/22/5 3408/24/5 3406/21/5
f 3409/22/5 3410/21/5 3411/23/5
f 3409/22/5 3412/24/5 3410/21/5
f 3413/22/5 3414/21/5 3415/23/5
f 3413/22/5 3416/24/5 3414/21/5
f 3417/22/5 3418/21/5 3419/23/5
f 3417/22/5 3420/24/5 3418/21/5
f 3421/22/5 3422/21/5 3423/23/5
f 3421/22/5 3424/24/5 3422/21/5
f 3425/22/5 3426/21/5 3427/23/5
f 3425/22/5 3428/24/5 3426/21/5
f 3429/22/5 3430/21/5 3431/23/5
f 3429/22/5 3432/24/5 3430/21/5
f 3433/22/5 3434/21/5 3435/23/5
f 3433/22/5 3436/24/5 3434/21/5
f 3437/22/5 3438/21/5 3439/23/5
f 3437/22/5 3440/24/5 3438/21/5
f 3441/22/5 3442/21/5 3443/23/5
f 3441/22/5 3444/24/5 3442/21/5
f 3445/22/5 3446/21/5 3447/23/5
f 3445/22/5 3448/24/5 3446/21/5
f 3449/22/5 3450/21/5 3451/23/5
f 3449/22/5 3452/24/5 3450/21/5
f 3453/22/5 3454/21/5 3455/23/5
f 3453/22/5 3456/24/5 3454/21/5
f 3457/22/5 3458/21/5 3459/23/5
f 3457/22/5 3460/24/5 3458/21/5
f 3461/22/5 3462/21/5 3463/23/5
f 3461/22/5 3464/24/5 3462/21/5
f 3465/22/5 3466/21/5 3467/23/5
f 3465/22/5 3468/24/5 3466/21/5
f 3469/22/5 3470/21/5 3471/23/5
f 3469/22/5 3472/24/5 3470/21/5
f 3473/22/5 3474/21/5 3475/23/5
f 3473/22/5 3476/24/5 3474/21/5
f 3477/22/5 3478/21/5 3479/23/5
f 3477/22/5 3480/24/5 3478/21/5
f 3481/22/5 3482/21/5 3483/23/5
f 3481/22/5 3484/24/5 3482/21/5
f 3485/22/5 3486/21/5 3487/23/5
f 3485/22/5 3488/24/5 3486/21/5
f 3489/22/5 3490/21/5 3491/23/5
f 3489/22/5 3492/24/5 3490/21/5
f 3493/22/5 3494/21/5 3495/23/5
f 3493/22/5 3496/24/5 3494/21/5
f 3497/22/5 3498/21/5 3499/23/5
f 3497/22/5 3500/24/5 3498/21/5
f 3501/22/5 3502/21/5 3503/23/5
f 3501/22/5 3504/24/5 3502/21/5
f 3505/22/5 3506/21/5 3507/23/5
f 3505/22/5 3508/24/5 3506/21/5
f 3509/22/5 3510/21/5 3511/23/5
f 3509/22/5 3512/24/5 3510/21/5
f 3513/22/5 3514/21/5 3515/23/5
f 3513/22/5 3516/24/5 3514/21/5
f 3517/22/5 3518/21/5 3519/23/5
f 3517/22/5 3520/24/5 3518/21/5
f 3521/22/5 3522/21/5 3523/23/5
f 3521/22/5 3524/24/5 3522/21/5
f 3525/22/5 3526/21/5 3527/23/5
f 3525/22/5 3528/24/5 3526/21/5
f 3529/22/5 3530/21/5 3531/23/5
f 3529/22/5 3532/24/5 3530/21/5
f 3533/22/5 3534/21/5 3535/23/5
f 3533/22/5 3536/24/5 3534/21/5
f 3537/22/5 3538/21/5 3539/23/5
f 3537/22/5 3540/24/5 3538/21/5
f 3541/22/5 3542/21/5 3543/23/5
f 3541/22/5 3544/24/5 3542/21/5
f 3545/22/5 3546/21/5 3547/23/5
f 3545/22/5 3548/24/5 3546/21/5
f 3549/22/5 3550/21/5 3551/23/5
f 3549/22/5 3552/24/5 3550/21/5
f 3553/22/5 3554/21/5 3555/23/5
f 3553/22/5 3556/24/5 3554/21/5
f 3557/22/5 3558/21/5 3559/23/5
f 3557/22/5 3560/24/5 3558/21/5
f 3561/22/5 3562/21/5 3563/23/5
f 3561/22/5 3564/24/5 3562/21/5
f 3565/22/5 3566/21/5 3567/23/5
f 3565/22/5 3568/24/5 3566/21/5
f 3569/22/5 3570/21/5 3571/23/5
f 3569/22/5 3572/24/5 3570/21/5
f 3573/22/5 3574/21/5 3575/23/5
f 3573/22/5 3576/24/5 3574/21/5
f 3577/22/5 3578/21/5 3579/23/5
f 3577/22/5 3580/24/5 3578/21/5
f 3581/22/5 3582/21/5 3583/23/5
f 3581/22/5 3584/24/5 3582/21/5
f 3585/22/5 3586/21/5 3587/23/5
f 3585/22/5 3588/24/5 3586/21/5
f 3589/22/5 3590/21/5 3591/23/5
f 3589/22/5 3592/24/5 3590/21/5
f 3593/22/5 3594/21/5 3595/23/5
f 3593/22/5 3596/24/5 3594/21/5
f 3597/22/5 3598/21/5 3599/23/5
f 3597/22/5 3600/24/5 3598/21/5
f 3601/22/5 3602/21/5 3603/23/5
f 3601/22/5 3604/24/5 3602/21/5
f 3605/22/5 3606/21/5 3607/23/5
f 3605/22/5 3608/24/5 3606/21/5
f 3609/22/5 3610/21/5 3611/23/5
f 3609/22/5 3612/24/5 3610/21/5
f 3613/22/5 3614/21/5 3615/23/5
f 3613/22/5 3616/24/5 3614/21/5
f 3617/22/5 3618/21/5 3619/23/5
f 3617/22/5 3620/24/5 3618/21/5
f 3621/22/5 3622/21/5 3623/23/5
f 3621/22/5 3624/24/5 3622/21/5
f 3625/22/5 3626/21/5 3627/23/5
f 3625/22/5 3628/24/5 3626/21/5
f 3629/22/5 3630/21/5 3631/23/5
f 3629/22/5 3632/24/5 3630/21/5
f 3633/22/5 3634/21/5 3635/23/5
f 3633/22/5 3636/24/5 3634/21/5
f 3637/22/5 3638/21/5 3639/23/5
f 3637/22/5 3640/24/5 3638/21/5
f 3641/22/5 3642/21/5 3643/23/5
f 3641/22/5 3644/24/5 3642/21/5
f 3645/22/5 3646/21/5 3647/23/5
f 3645/22/5 3648/24/5 3646/21/5
f 3649/22/5 3650/21/5 3651/23/5
f 3649/22/5 3652/24/5 3650/21/5
f 3653/22/5 3654/21/5 3655/23/5
f 3653/22/5 3656/24/5 3654/21/5
f 3657/22/5 3658/21/5 3659/23/5
f 3657/22/5 3660/24/5 3658/21/5
f 3661/22/5 3662/21/5 3663/23/5
f 3661/22/5 3664/24/5 3662/21/5
f 3665/22/5 3666/21/5 3667/23/5
f 3665/22/5 3668/24/5 3666/21/5
f 3669/22/5 3670/21/5 3671/23/5
f 3669/22/5 3672/24/5 3670/21/5
f 3673/22/5 3674/21/5 3675/23/5
f 3673/22/5 3676/24/5 3674/21/5
f 3677/22/5 3678/21/5 3679/23/5
f 3677/22/5 3680/24/5 3678/21/5
f 3681/22/5 3682/21/5 3683/23/5
f 3681/22/5 3684/24/5 3682/21/5
f 3685/22/5 3686/21/5 3687/23/5
f 3685/22/5 3688/24/5 3686/21/5
f 3689/22/5 3690/21/5 3691/23/5
f 3689/22/5 3692/24/5 3690/21/5
f 3693/22/5 3694/21/5 3695/23/5
f 3693/22/5 3696/24/5 3694/21/5
f 3697/22/5 3698/21/5 3699/23/5
f 3697/22/5 3700/24/5 3698/21/5
f 3701/22/5 3702/21/5 3703/23/5
f 3701/22/5 3704/24/5 3702/21/5
f 3705/22/5 3706/21/5 3707/23/5
f 3705/22/5 3708/24/5 3706/21/5
f 3709/22/5 3710/21/5 3711/23/5
f 3709/22/5 3712/24/5 3710/21/5
f 3713/22/5 3714/21/5 3715/23/5
f 3713/22/5 3716/24/5 3714/21/5
f 3717/22/5 3718/21/5 3719/23/5
f 3717/22/5 3720/24/5 3718/21/5
f 3721/22/5 3722/21/5 3723/23/5
f 3721/22/5 3724/24/5 3722/21/5
f 3725/22/5 3726/21/5 3727/23/5
f 3725/22/5 3728/24/5 3726/21/5
f 3729/22/5 3730/21/5 3731/23/5
f 3729/22/5 3732/24/5 3730/21/5
f 3733/22/5 3734/21/5 3735/23/5
f 3733/22/5 3736/24/5 3734/21/5
f 3737/22/5 3738/21/5 3739/23/5
f 3737/22/5 3740/24/5 3738/21/5
f 3741/22/5 3742/21/5 3743/23/5
f 3741/22/5 3744/24/5 3742/21/5
f 3745/22/5 3746/21/5 3747/23/5
f 3745/22/5 3748/24/5 3746/21/5
f 3749/22/5 3750/21/5 3751/23/5
f 3749/22/5 3752/24/5 3750/21/5
f 3753/22/5 3754/21/5 3755/23/5
f 3753/22/5 3756/24/5 3754/21/5
f 3757/22/5 3758/21/5 3759/23/5
f 3757/22/5 3760/24/5 3758/21/5
f 3761/22/5 3762/21/5 3763/23/5
f 3761/22/5 3764/24/5 3762/21/5
f 3765/22/5 3766/21/5 3767/23/5
f 3765/22/5 3768/24/5 3766/21/5
f 3769/22/5 3770/21/5 3771/23/5
f 3769/22/5 3772/24/5 3770/21/5
f 3773/22/5 3774/21/5 3775/23/5
f 3773/22/5 3776/24/5 3774/21/5
f 3777/22/5 3778/21/5 3779/23/5
f 3777/22/5 3780/24/5 3778/21/5
f 3781/22/5 3782/21/5 3783/23/5
f 3781/22/5 3784/24/5 3782/21/5
f 3785/22/5 3786/21/5 3787/23/5
f 3785/22/5 3788/24/5 3786/21/5
f 3789/22/5 3790/21/5 3791/23/5
f 3789/22/5 3792/24/5 3790/21/5
f 3793/22/5 3794/21/5 3795/23/5
f 3793/22/5 3796/24/5 3794/21/5
f 3797/22/5 3798/21/5 3799/23/5
f 3797/22/5 3800/24/5 3798/21/5
f 3801/22/5 3802/21/5 3803/23/5
f 3801/22/5 3804/24/5 3802/21/5
f 3805/22/5 3806/21/5 3807/23/5
f 3805/22/5 3808/24/5 3806/21/5
f 3809/22/5 3810/21/5 3811/23/5
f 3809/22/5 3812/24/5 3810/21/5
f 3813/22/5 3814/21/5 3815/23/5
f 3813/22/5 3816/24/5 3814/21/5
f 3817/22/5 3818/21/5 3819/23/5
f 3817/22/5 3820/24/5 3818/21/5
f 3821/22/5 3822/21/5 3823/23/5
f 3821/22/5 3824/24/5 3822/21/5
f 3825/22/5 3826/21/5 3827/23/5
f 3825/22/5 3828/24/5 3826/21/5
f 3829/22/5 3830/21/5 3831/23/5
f 3829/22/5 3832/24/5 3830/21/5
f 3833/22/5 3834/21/5 3835/23/5
f 3833/22/5 3836/24/5 3834/21/5
f 3837/22/5 3838/21/5 3839/23/5
f 3837/22/5 3840/24/5 3838/21/5
f 3841/22/5 3842/21/5 3843/23/5
f 3841/22/5 3844/24/5 3842/21/5
f 3845/22/5 3846/21/5 3847/23/5
f 3845/22/5 3848/24/5 3846/21/5
f 3849/22/5 3850/21/5 3851/23/5
f 3849/22/5 3852/24/5 3850/21/5
f 3853/22/5 3854/21/5 3855/23/5
f 3853/22/5 3856/24/5 3854/21/5
f 3857/22/5 3858/21/5 3859/23/5
f 3857/22/5 3860/24/5 3858/21/5
f 3861/22/5 3862/21/5 3863/23/5
f 3861/22/5 3864/24/5 3862/21/5
f 3865/22/5 3866/21/5 3867/23/5
f 3865/22/5 3868/24/5 3866/21/5
f 3869/22/5 3870/21/5 3871/23/5
f 3869/22/5 3872/24/5 3870/21/5
f 3873/22/5 3874/21/5 3875/23/5
f 3873/22/5 3876/24/5 3874/21/5
f 3877/22/5 3878/21/5 3879/23/5
f 3877/22/5 3880/24/5 3878/21/5
f 3881/22/5 3882/21/5 3883/23/5
f 3881/22/5 3884/24/5 3882/21/5
f 3885/22/5 3886/21/5 3887/23/5
f 3885/22/5 3888/24/5 3886/21/5
f 3889/22/5 3890/21/5 3891/23/5
f 3889/22/5 3892/24/5 3890/21/5
f 3893/22/5 3894/21/5 3895/23/5
f 3893/22/5 3896/24/5 3894/21/5
f 3897/22/5 3898/21/5 3899/23/5
f 3897/22/5 3900/24/5 3898/21/5
f 3901/22/5 3902/21/5 3903/23/5
f 3901/22/5 3904/24/5 3902/21/5
f 3905/22/5 3906/21/5 3907/23/5
f 3905/22/5 3908/24/5 3906/21/5
f 3909/22/5 3910/21/5 3911/23/5
f 3909/22/5 3912/24/5 3910/21/5
f 3913/22/5 3914/21/5 3915/23/5
f 3913/22/5 3916/24/5 3914/21/5
f 3917/22/5 3918/21/5 3919/23/5
f 3917/22/5 3920/24/5 3918/21/5
f 3921/22/5 3922/21/5 3923/23/5
f 3921/22/5 3924/24/5 3922/21/5
f 3925/22/5 3926/21/5 3927/23/5
f 3925/22/5 3928/24/5 3926/21/5
f 3929/22/5 3930/21/5 3931/23/5
f 3929/22/5 3932/24/5 3930/21/5
f 3933/22/5 3934/21/5 3935/23/5
f 3933/22/5 3936/24/5 3934/21/5
f 3937/22/5 3938/21/5 3939/23/5
f 3937/22/5 3940/24/5 3938/21/5
f 3941/22/5 3942/21/5 3943/23/5
f 3941/22/5 3944/24/5 3942/21/5
f 3945/22/5 3946/21/5 3947/23/5
f 3945/22/5 3948/24/5 3946/21/5
f 3949/22/5 3950/21/5 3951/23/5
f 3949/22/5 3952/24/5 3950/21/5
f 3953/22/5 3954/21/5 3955/23/5
f 3953/22/5 3956/24/5 3954/21/5
f 3957/22/5 3958/21/5 3959/23/5
f 3957/22/5 3960/24/5 3958/21/5
f 3961/22/5 3962/21/5 3963/23/5
f 3961/22/5 3964/24/5 3962/21/5
f 3965/22/5 3966/21/5 3967/23/5
f 3965/22/5 3968/24/5 3966/21/5
f 3969/22/5 3970/21/5 3971/23/5
f 3969/22/5 3972/24/5 3970/21/5
f 3973/22/5 3974/21/5 3975/23/5
f 3973/22/5 3976/24/5 3974/21/5
f 3977/22/5 3978/21/5 3979/23/5
f 3977/22/5 3980/24/5 3978/21/5
f 3981/22/5 3982/21/5 3983/23/5
f 3981/22/5 3984/24/5 3982/21/5
f 3985/22/5 3986/21/5 3987/23/5
f 3985/22/5 3988/24/5 3986/21/5
f 3989/22/5 3990/21/5 3991/23/5
f 3989/22/5 3992/24/5 3990/21/5
f 3993/22/5 3994/21/5 3995/23/5
f 3993/22/5 3996/24/5 3994/21/5
f 3997/22/5 3998/21/5 3999/23/5
f 3997/22/5 4000/24/5 3998/21/5
f 4001/22/5 4002/21/5 4003/23/5
f 4001/22/5 4004/24/5 4002/21/5
f 4005/22/5 4006/21/5 4007/23/5
f 4005/22/5 4008/24/5 4006/21/5
f 4009/22/5 4010/21/5 4011/23/5
f 4009/22/5 4012/24/5 4010/21/5
f 4013/22/5 4014/21/5 4015/23/5
f 4013/22/5 4016/24/5 4014/21/5
f 4017/22/5 4018/21/5 4019/23/5
f 4017/22/5 4020/24/5 4018/21/5
f 4021/22/5 4022/21/5 4023/23/5
f 4021/22/5 4024/24/5 4022/21/5
f 4025/22/5 4026/21/5 4027/23/5
f 4025/22/5 4028/24/5 4026/21/5
f 4029/22/5 4030/21/5 4031/23/5
f 4029/22/5 4032/24/5 4030/21/5
f 4033/22/5 4034/21/5 4035/23/5
f 4033/22/5 4036/24/5 4034/21/5
f 4037/22/5 4038/21/5 4039/23/5
f 4037/22/5 4040/24/5 4038/21/5
f 4041/22/5 4042/21/5 4043/23/5
f 4041/22/5 4044/24/5 4042/21/5
f 4045/22/5 4046/21/5 4047/23/5
f 4045/22/5 4048/24/5 4046/21/5
f 4049/22/5 4050/21/5 4051/23/5
f 4049/22/5 4052/24/5 4050/21/5
f 4053/22/5 4054/21/5 4055/23/5
f 4053/22/5 4056/24/5 4054/21/5
f 4057/22/5 4058/21/5 4059/23/5
f 4057/22/5 4060/24/5 4058/21/5
f 4061/22/5 4062/21/5 4063/23/5
f 4061/22/5 4064/24/5 4062/21/5
f 4065/22/5 4066/21/5 4067/23/5
f 4065/22/5 4068/24/5 4066/21/5
f 4069/22/5 4070/21/5 4071/23/5
f 4069/22/5 4072/24/5 4070/21/5
f 4073/22/5 4074/21/5 4075/23/5
f 4073/22/5 4076/24/5 4074/21/5
f 4077/22/5 4078/21/5 4079/23/5
f 4077/22/5 4080/24/5 4078/21/5
f 4081/22/5 4082/21/5 4083/23/5
f 4081/22/5 4084/24/5 4082/21/5
f 4085/22/5 4086/21/5 4087/23/5
f 4085/22/5 4088/24/5 4086/21/5
f 4089/22/5 4090/21/5 4091/23/5
f 4089/22/5 4092/24/5 4090/21/5
f 4093/22/5 4094/21/5 4095/23/5
f 4093/22/5 4096/24/5 4094/21/5
f 4097/22/5 4098/21/5 4099/23/5
f 4097/22/5 4100/24/5 4098/21/5
f 4101/22/5 4102/21/5 4103/23/5
f 4101/22/5 4104/24/5 4102/21/5
f 4105/22/5 4106/21/5 4107/23/5
f 4105/22/5 4108/24/5 4106/21/5
f 4109/22/5 4110/21/5 4111/23/5
f 4109/22/5 4112/24/5 4110/21/5
f 4113/22/5 4114/21/5 4115/23/5
f 4113/22/5 4116/24/5 4114/21/5
f 4117/22/5 4118/21/5 4119/23/5
f 4117/22/5 4120/24/5 4118/21/5
f 4121/22/5 4122/21/5 4123/23/5
f 4121/22/5 4124/24/5 4122/21/5
f 4125/22/5 4126/21/5 4127/23/5
f 4125/22/5 4128/24/5 4126/21/5
f 4129/22/5 4130/21/5 4131/23/5
f 4129/22/5 4132/24/5 4130/21/5
f 4133/22/5 4134/21/5 4135/23/5
f 4133/22/5 4136/24/5 4134/21/5
f 4137/22/5 4138/21/5 4139/23/5
f 4137/22/5 4140/24/5 4138/21/5
f 4141/22/5 4142/21/5 4143/23/5
f 4141/22/5 4144/24/5 4142/21/5
f 4145/22/5 4146/21/5 4147/23/5
f 4145/22/5 4148/24/5 4146/21/5
f 4149/22/5 4150/21/5 4151/23/5
f 4149/22/5 4152/24/5 4150/21/5
f 4153/22/5 4154/21/5 4155/23/5
f 4153/22/5 4156/24/5 4154/21/5
f 4157/22/5 4158/21/5 4159/23/5
f 4157/22/5 4160/24/5 4158/21/5
f 4161/22/5 4162/21/5 4163/23/5
f 4161/22/5 4164/24/5 4162/21/5
f 4165/22/5 4166/21/5 4167/23/5
f 4165/22/5 4168/24/5 4166/21/5
f 4169/22/5 4170/21/5 4171/23/5
f 4169/22/5 4172/24/5 4170/21/5
f 4173/22/5 4174/21/5 4175/23/5
f 4173/22/5 4176/24/5 4174/21/5
f 4177/22/5 4178/21/5 4179/23/5
f 4177/22/5 4180/24/5 4178/21/5
f 4181/22/5 4182/21/5 4183/23/5
f 4181/22/5 4184/24/5 4182/21/5
f 4185/22/5 4186/21/5 4187/23/5
f 4185/22/5 4188/24/5 4186/21/5
f 4189/22/5 4190/21/5 4191/23/5
f 4189/22/5 4192/24/5 4190/21/5
f 4193/22/5 4194/21/5 4195/23/5
f 4193/22/5 4196/24/5 4194/21/5
f 4197/22/5 4198/21/5 4199/23/5
f 4197/22/5 4200/24/5 4198/21/5
f 4201/22/5 4202/21/5 4203/23/5
f 4201/22/5 4204/24/5 4202/21/5
f 4205/22/5 4206/21/5 4207/23/5
f 4205/22/5 4208/24/5 4206/21/5
f 4209/22/5 4210/21/5 4211/23/5
f 4209/22/5 4212/24/5 4210/21/5
f 4213/22/5 4214/21/5 4215/23/5
f 4213/22/5 4216/24/5 4214/21/5
f 4217/22/5 4218/21/5 4219/23/5
f 4217/22/5 4220/24/5 4218/21/5
f 4221/22/5 4222/21/5 4223/23/5
f 4221/22/5 4224/24/5 4222/21/5
f 4225/22/5 4226/21/5 4227/23/5
f 4225/22/5 4228/24/5 4226/21/5
f 4229/22/5 4230/21/5 4231/23/5
f 4229/22/5 4232/24/5 4230/21/5
f 4233/22/5 4234/21/5 4235/23/5
f 4233/22/5 4236/24/5 4234/21/5
f 4237/22/5 4238/21/5 4239/23/5
f 4237/22/5 4240/24/5 4238/21/5
f 4241/22/5 4242/21/5 4243/23/5
f 4241/22/5 4244/24/5 4242/21/5
f 4245/22/5 4246/21/5 4247/23/5
f 4245/22/5 4248/24/5 4246/21/5
f 4249/22/5 4250/21/5 4251/23/5
f 4249/22/5 4252/24/5 4250/21/5
f 4253/22/5 4254/21/5 4255/23/5
f 4253/22/5 4256/24/5 4254/21/5
f 4257/22/5 4258/21/5 4259/23/5
f 4257/22/5 4260/24/5 4258/21/5
f 4261/22/5 4262/21/5 4263/23/5
f 4261/22/5 4264/24/5 4262/21/5
f 4265/22/5 4266/21/5 4267/23/5
f 4265/22/5 4268/24/5 4266/21/5
f 4269/22/5 4270/21/5 4271/23/5
f 4269/22/5 4272/24/5 4270/21/5
f 4273/22/5 4274/21/5 4275/23/5
f 4273/22/5 4276/24/5 4274/21/5
f 4277/22/5 4278/21/5 4279/23/5
f 4277/22/5 4280/24/5 4278/21/5
f 4281/22/5 4282/21/5 4283/23/5
f 4281/22/5 4284/24/5 4282/21/5
f 4285/22/5 4286/21/5 4287/23/5
f 4285/22/5 4288/24/5 4286/21/5
f 4289/22/5 4290/21/5 4291/23/5
f 4289/22/5 4292/24/5 4290/21/5
f 4293/22/5 4294/21/5 4295/23/5
f 4293/22/5 4296/24/5 4294/21/5
f 4297/22/5 4298/21/5 4299/23/5
f 4297/22/5 4300/24/5 4298/21/5
f 4301/22/5 4302/21/5 4303/23/5
f 4301/22/5 4304/24/5 4302/21/5
f 4305/22/5 4306/21/5 4307/23/5
f 4305/22/5 4308/24/5 4306/21/5
f 4309/22/5 4310/21/5 4311/23/5
f 4309/22/5 4312/24/5 4310/21/5
f 4313/22/5 4314/21/5 4315/23/5
f 4313/22/5 4316/24/5 4314/21/5
f 4317/22/5 4318/21/5 4319/23/5
f 4317/22/5 4320/24/5 4318/21/5
f 4321/22/5 4322/21/5 4323/23/5
f 4321/22/5 4324/24/5 4322/21/5
f 4325/22/5 4326/21/5 4327/23/5
f 4325/22/5 4328/24/5 4326/21/5
f 4329/22/5 4330/21/5 4331/23/5
f 4329/22/5 4332/24/5 4330/21/5
f 4333/22/5 4334/21/5 4335/23/5
f 4333/22/5 4336/24/5 4334/21/5
f 4337/22/5 4338/21/5 4339/23/5
f 4337/22/5 4340/24/5 4338/21/5
f 4341/22/5 4342/21/5 4343/23/5
f 4341/22/5 4344/24/5 4342/21/5
f 4345/22/5 4346/21/5 4347/23/5
f 4345/22/5 4348/24/5 4346/21/5
f 4349/22/5 4350/21/5 4351/23/5
f 4349/22/5 4352/24/5 4350/21/5
f 4353/22/5 4354/21/5 4355/23/5
f 4353/22/5 4356/24/5 4354/21/5
f 4357/22/5 4358/21/5 4359/23/5
f 4357/22/5 4360/24/5 4358/21/5
f 4361/22/5 4362/21/5 4363/23/5
f 4361/22/5 4364/24/5 4362/21/5
f 4365/22/5 4366/21/5 4367/23/5
f 4365/22/5 4368/24/5 4366/21/5
f 4369/22/5 4370/21/5 4371/23/5
f 4369/22/5 4372/24/5 4370/21/5
f 4373/22/5 4374/21/5 4375/23/5
f 4373/22/5 4376/24/5 4374/21/5
f 4377/22/5 4378/21/5 4379/23/5
f 4377/22/5 4380/24/5 4378/21/5
f 4381/22/5 4382/21/5 4383/23/5
f 4381/22/5 4384/24/5 4382/21/5
f 4385/22/5 4386/21/5 4387/23/5
f 4385/22/5 4388/24/5 4386/21/5
f 4389/22/5 4390/21/5 4391/23/5
f 4389/22/5 4392/24/5 4390/21/5
f 4393/22/5 4394/21/5 4395/23/5
f 4393/22/5 4396/24/5 4394/21/5
f 4397/22/5 4398/21/5 4399/23/5
f 4397/22/5 4400/24/5 4398/21/5
f 4401/22/5 4402/21/5 4403/23/5
f 4401/22/5 4404/24/5 4402/21/5
f 4405/22/5 4406/21/5 4407/23/5
f 4405/22/5 4408/24/5 4406/21/5
f 4409/22/5 4410/21/5 4411/23/5
f 4409/22/5 4412/24/5 4410/21/5
f 4413/22/5 4414/21/5 4415/23/5
f 4413/22/5 4416/24/5 4414/21/5
f 4417/22/5 4418/21/5 4419/23/5
f 4417/22/5 4420/24/5 4418/21/5
f 4421/22/5 4422/21/5 4423/23/5
f 4421/22/5 4424/24/5 4422/21/5
f 4425/22/5 4426/21/5 4427/23/5
f 4425/22/5 4428/24/5 4426/21/5
f 4429/22/5 4430/21/5 4431/23/5
f 4429/22/5 4432/24/5 4430/21/5
f 4433/22/5 4434/21/5 4435/23/5
f 4433/22/5 4436/24/5 4434/21/5
f 4437/22/5 4438/21/5 4439/23/5
f 4437/22/5 4440/24/5 4438/21/5
f 4441/22/5 4442/21/5 4443/23/5
f 4441/22/5 4444/24/5 4442/21/5
f 4445/22/5 4446/21/5 4447/23/5
f 4445/22/5 4448/24/5 4446/21/5
f 4449/22/5 4450/21/5 4451/23/5
f 4449/22/5 4452/24/5 4450/21/5
f 4453/22/5 4454/21/5 4455/23/5
f 4453/22/5 4456/24/5 4454/21/5
f 4457/22/5 4458/21/5 4459/23/5
f 4457/22/5 4460/24/5 4458/21/5
f 4461/22/5 4462/21/5 4463/23/5
f 4461/22/5 4464/24/5 4462/21/5
f 4465/22/5 4466/21/5 4467/23/5
f 4465/22/5 4468/24/5 4466/21/5
f 4469/22/5 4470/21/5 4471/23/5
f 4469/22/5 4472/24/5 4470/21/5
f 4473/22/5 4474/21/5 4475/23/5
f 4473/22/5 4476/24/5 4474/21/5
f 4477/22/5 4478/21/5 4479/23/5
f 4477/22/5 4480/24/5 4478/21/5
f 4481/22/5 4482/21/5 4483/23/5
f 4481/22/5 4484/24/5 4482/21/5
f 4485/22/5 4486/21/5 4487/23/5
f 4485/22/5 4488/24/5 4486/21/5
f 4489/22/5 4490/21/5 4491/23/5
f 4489/22/5 4492/24/5 4490/21/5
f 4493/22/5 4494/21/5 4495/23/5
f 4493/22/5 4496/24/5 4494/21/5
f 4497/22/5 4498/21/5 4499/23/5
f 4497/22/5 4500/24/5 4498/21/5
f 4501/22/5 4502/21/5 4503/23/5
f 4501/22/5 4504/24/5 4502/21/5
f 4505/22/5 4506/21/5 4507/23/5
f 4505/22/5 4508/24/5 4506/21/5
f 4509/22/5 4510/21/5 4511/23/5
f 4509/22/5 4512/24/5 4510/21/5
f 4513/22/5 4514/21/5 4515/23/5
f 4513/22/5 4516/24/5 4514/21/5
f 4517/22/5 4518/21/5 4519/23/5
f 4517/22/5 4520/24/5 4518/21/5
f 4521/22/5 4522/21/5 4523/23/5
f 4521/22/5 4524/24/5 4522/21/5
f 4525/22/5 4526/21/5 4527/23/5
f 4525/22/5 4528/24/5 4526/21/5
f 4529/22/5 4530/21/5 4531/23/5
f 4529/22/5 4532/24/5 4530/21/5
f 4533/22/5 4534/21/5 4535/23/5
f 4533/22/5 4536/24/5 4534/21/5
f 4537/22/5 4538/21/5 4539/23/5
f 4537/22/5 4540/24/5 4538/21/5
f 4541/22/5 4542/21/5 4543/23/5
f 4541/22/5 4544/24/5 4542/21/5
f 4545/22/5 4546/21/5 4547/23/5
f 4545/22/5 4548/24/5 4546/21/5
f 4549/22/5 4550/21/5 4551/23/5
f 4549/22/5 4552/24/5 4550/21/5
f 4553/22/5 4554/21/5 4555/23/5
f 4553/22/5 4556/24/5 4554/21/5
f 4557/22/5 4558/21/5 4559/23/5
f 4557/22/5 4560/24/5 4558/21/5
f 4561/22/5 4562/21/5 4563/23/5
f 4561/22/5 4564/24/5 4562/21/5
f 4565/22/5 4566/21/5 4567/23/5
f 4565/22/5 4568/24/5 4566/21/5
f 4569/22/5 4570/21/5 4571/23/5
f 4569/22/5 4572/24/5 4570/21/5
f 4573/22/5 4574/21/5 4575/23/5
f 4573/22/5 4576/24/5 4574/21/5
f 4577/22/5 4578/21/5 4579/23/5
f 4577/22/5 4580/24/5 4578/21/5
f 4581/22/5 4582/21/5 4583/23/5
f 4581/22/5 4584/24/5 4582/21/5
f 4585/22/5 4586/21/5 4587/23/5
f 4585/22/5 4588/24/5 4586/21/5
f 4589/22/5 4590/21/5 4591/23/5
f 4589/22/5 4592/24/5 4590/21/5
f 4593/22/5 4594/21/5 4595/23/5
f 4593/22/5 4596/24/5 4594/21/5
f 4597/22/5 4598/21/5 4599/23/5
f 4597/22/5 4600/24/5 4598/21/5
f 4601/22/5 4602/21/5 4603/23/5
f 4601/22/5 4604/24/5 4602/21/5
f 4605/22/5 4606/21/5 4607/23/5
f 4605/22/5 4608/24/5 4606/21/5
f 4609/22/5 4610/21/5 4611/23/5
f 4609/22/5 4612/24/5 4610/21/5
f 4613/22/5 4614/21/5 4615/23/5
f 4613/22/5 4616/24/5 4614/21/5
f 4617/22/5 4618/21/5 4619/23/5
f 4617/22/5 4620/24/5 4618/21/5
f 4621/22/5 4622/21/5 4623/23/5
f 4621/22/5 4624/24/5 4622/21/5
f 4625/22/5 4626/21/5 4627/23/5
f 4625/22/5 4628/24/5 4626/21/5
f 4629/22/5 4630/21/5 4631/23/5
f 4629/22/5 4632/24/5 4630/21/5
f 4633/22/5 4634/21/5 4635/23/5
f 4633/22/5 4636/24/5 4634/21/5
f 4637/22/5 4638/21/5 4639/23/5
f 4637/22/5 4640/24/5 4638/21/5
f 4641/22/5 4642/21/5 4643/23/5
f 4641/22/5 4644/24/5 4642/21/5
f 4645/22/5 4646/21/5 4647/23/5
f 4645/22/5 4648/24/5 4646/21/5
f 4649/22/5 4650/21/5 4651/23/5
f 4649/22/5 4652/24/5 4650/21/5
f 4653/22/5 4654/21/5 4655/23/5
f 4653/22/5 4656/24/5 4654/21/5
f 4657/22/5 4658/21/5 4659/23/5
f 4657/22/5 4660/24/5 4658/21/5
f 4661/22/5 4662/21/5 4663/23/5
f 4661/22/5 4664/24/5 4662/21/5
f 4665/22/5 4666/21/5 4667/23/5
f 4665/22/5 4668/24/5 4666/21/5
f 4669/22/5 4670/21/5 4671/23/5
f 4669/22/5 4672/24/5 4670/21/5
f 4673/22/5 4674/21/5 4675/23/5
f 4673/22/5 4676/24/5 4674/21/5
f 4677/22/5 4678/21/5 4679/23/5
f 4677/22/5 4680/24/5 4678/21/5
f 4681/22/5 4682/21/5 4683/23/5
f 4681/22/5 4684/24/5 4682/21/5
f 4685/22/5 4686/21/5 4687/23/5
f 4685/22/5 4688/24/5 4686/21/5
f 4689/22/5 4690/21/5 4691/23/5
f 4689/22/5 4692/24/5 4690/21/5
f 4693/22/5 4694/21/5 4695/23/5
f 4693/22/5 4696/24/5 4694/21/5
f 4697/22/5 4698/21/5 4699/23/5
f 4697/22/5 4700/24/5 4698/21/5
f 4701/22/5 4702/21/5 4703/23/5
f 4701/22/5 4704/24/5 4702/21/5
f 4705/22/5 4706/21/5 4707/23/5
f 4705/22/5 4708/24/5 4706/21/5
f 4709/22/5 4710/21/5 4711/23/5
f 4709/22/5 4712/24/5 4710/21/5
f 4713/22/5 4714/21/5 4715/23/5
f 4713/22/5 4716/24/5 4714/21/5
f 4717/22/5 4718/21/5 4719/23/5
f 4717/22/5 4720/24/5 4718/21/5
f 4721/22/5 4722/21/5 4723/23/5
f 4721/22/5 4724/24/5 4722/21/5
f 4725/22/5 4726/21/5 4727/23/5
f 4725/22/5 4728/24/5 4726/21/5
f 4729/22/5 4730/21/5 4731/23/5
f 4729/22/5 4732/24/5 4730/21/5
f 4733/22/5 4734/21/5 4735/23/5
f 4733/22/5 4736/24/5 4734/21/5
f 4737/22/5 4738/21/5 4739/23/5
f 4737/22/5 4740/24/5 4738/21/5
f 4741/22/5 4742/21/5 4743/23/5
f 4741/22/5 4744/24/5 4742/21/5
f 4745/22/5 4746/21/5 4747/23/5
f 4745/22/5 4748/24/5 4746/21/5
f 4749/22/5 4750/21/5 4751/23/5
f 4749/22/5 4752/24/5 4750/21/5
f 4753/22/5 4754/21/5 4755/23/5
f 4753/22/5 4756/24/5 4754/21/5
f 4757/22/5 4758/21/5 4759/23/5
f 4757/22/5 4760/24/5 4758/21/5
f 4761/22/5 4762/21/5 4763/23/5
f 4761/22/5 4764/24/5 4762/21/5
f 4765/22/5 4766/21/5 4767/23/5
f 4765/22/5 4768/24/5 4766/21/5
f 4769/22/5 4770/21/5 4771/23/5
f 4769/22/5 4772/24/5 4770/21/5
f 4773/22/5 4774/21/5 4775/23/5
f 4773/22/5 4776/24/5 4774/21/5
f 4777/22/5 4778/21/5 4779/23/5
f 4777/22/5 4780/24/5 4778/21/5
f 4781/22/5 4782/21/5 4783/23/5
f 4781/22/5 4784/24/5 4782/21/5
f 4785/22/5 4786/21/5 4787/23/5
f 4785/22/5 4788/24/5 4786/21/5
f 4789/22/5 4790/21/5 4791/23/5
f 4789/22/5 4792/24/5 4790/21/5
f 4793/22/5 4794/21/5 4795/23/5
f 4793/22/5 4796/24/5 4794/21/5
f 4797/22/5 4798/21/5 4799/23/5
f 4797/22/5 4800/24/5 4798/21/5
f 4801/22/5 4802/21/5 4803/23/5
f 4801/22/5 4804/24/5 4802/21/5
f 4805/22/5 4806/21/5 4807/23/5
f 4805/22/5 4808/24/5 4806/21/5
f 4809/22/5 4810/21/5 4811/23/5
f 4809/22/5 4812/24/5 4810/21/5
f 4813/22/5 4814/21/5 4815/23/5
f 4813/22/5 4816/24/5 4814/21/5
f 4817/22/5 4818/21/5 4819/23/5
f 4817/22/5 4820/24/5 4818/21/5
f 4821/22/5 4822/21/5 4823/23/5
f 4821/22/5 4824/24/5 4822/21/5
f 4825/22/5 4826/21/5 4827/23/5
f 4825/22/5 4828/24/5 4826/21/5
f 4829/22/5 4830/21/5 4831/23/5
f 4829/22/5 4832/24/5 4830/21/5
f 4833/22/5 4834/21/5 4835/23/5
f 4833/22/5 4836/24/5 4834/21/5
f 4837/22/5 4838/21/5 4839/23/5
f 4837/22/5 4840/24/5 4838/21/5
f 4841/22/5 4842/21/5 4843/23/5
f 4841/22/5 4844/24/5 4842/21/5
f 4845/22/5 4846/21/5 4847/23/5
f 4845/22/5 4848/24/5 4846/21/5
f 4849/22/5 4850/21/5 4851/23/5
f 4849/22/5 4852/24/5 4850/21/5
f 4853/22/5 4854/21/5 4855/23/5
f 4853/22/5 4856/24/5 4854/21/5
f 4857/22/5 4858/21/5 4859/23/5
f 4857/22/5 4860/24/5 4858/21/5
f 4861/22/5 4862/21/5 4863/23/5
f 4861/22/5 4864/24/5 4862/21/5
f 4865/22/5 4866/21/5 4867/23/5
f 4865/22/5 4868/24/5 4866/21/5
f 4869/22/5 4870/21/5 4871/23/5
f 4869/22/5 4872/24/5 4870/21/5
f 4873/22/5 4874/21/5 4875/23/5
f 4873/22/5 4876/24/5 4874/21/5
f 4877/22/5 4878/21/5 4879/23/5
f 4877/22/5 4880/24/5 4878/21/5
f 4881/22/5 4882/21/5 4883/23/5
f 4881/22/5 4884/24/5 4882/21/5
f 4885/22/5 4886/21/5 4887/23/5
f 4885/22/5 4888/24/5 4886/21/5
f 4889/22/5 4890/21/5 4891/23/5
f 4889/22/5 4892/24/5 4890/21/5
f 4893/22/5 4894/21/5 4895/23/5
f 4893/22/5 4896/24/5 4894/21/5
f 4897/22/5 4898/21/5 4899/23/5
f 4897/22/5 4900/24/5 4898/21/5
f 4901/22/5 4902/21/5 4903/23/5
f 4901/22/5 4904/24/5 4902/21/5
f 4905/22/5 4906/21/5 4907/23/5
f 4905/22/5 4908/24/5 4906/21/5
f 4909/22/5 4910/21/5 4911/23/5
f 4909/22/5 4912/24/5 4910/21/5
f 4913/22/5 4914/21/5 4915/23/5
f 4913/22/5 4916/24/5 4914/21/5
f 4917/22/5 4918/21/5 4919/23/5
f 4917/22/5 4920/24/5 4918/21/5
f 4921/22/5 4922/21/5 4923/23/5
f 4921/22/5 4924/24/5 4922/21/5
f 4925/22/5 4926/21/5 4927/23/5
f 4925/22/5 4928/24/5 4926/21/5
f 4929/22/5 4930/21/5 4931/23/5
f 4929/22/5 4932/24/5 4930/21/5
f 4933/22/5 4934/21/5 4935/23/5
f 4933/22/5 4936/24/5 4934/21/5
f 4937/22/5 4938/21/5 4939/23/5
f 4937/22/5 4940/24/5 4938/21/5
f 4941/22/5 4942/21/5 4943/23/5
f 4941/22/5 4944/24/5 4942/21/5
f 4945/22/5 4946/21/5 4947/23/5
f 4945/22/5 4948/24/5 4946/21/5
f 4949/22/5 4950/21/5 4951/23/5
f 4949/22/5 4952/24/5 4950/21/5
f 4953/22/5 4954/21/5 4955/23/5
f 4953/22/5 4956/24/5 4954/21/5
f 4957/22/5 4958/21/5 4959/23/5
f 4957/22/5 4960/24/5 4958/21/5
f 4961/22/5 4962/21/5 4963/23/5
f 4961/22/5 4964/24/5 4962/21/5
f 4965/22/5 4966/21/5 4967/23/5
f 4965/22/5 4968/24/5 4966/21/5
f 4969/22/5 4970/21/5 4971/23/5
f 4969/22/5 4972/24/5 4970/21/5
f 4973/22/5 4974/21/5 4975/23/5
f 4973/22/5 4976/24/5 4974/21/5
f 4977/22/5 4978/21/5 4979/23/5
f 4977/22/5 4980/24/5 4978/21/5
f 4981/22/5 4982/21/5 4983/23/5
f 4981/22/5 4984/24/5 4982/21/5
f 4985/22/5 4986/21/5 4987/23/5
f 4985/22/5 4988/24/5 4986/21/5
f 4989/22/5 4990/21/5 4991/23/5
f 4989/22/5 4992/24/5 4990/21/5
f 4993/22/5 4994/21/5 4995/23/5
f 4993/22/5 4996/24/5 4994/21/5
f 4997/22/5 4998/21/5 4999/23/5
f 4997/22/5 5000/24/5 4998/21/5
f 5001/22/5 5002/21/5 5003/23/5
f 5001/22/5 5004/24/5 5002/21/5
f 5005/22/5 5006/21/5 5007/23/5
f 5005/22/5 5008/24/5 5006/21/5
f 5009/22/5 5010/21/5 5011/23/5
f 5009/22/5 5012/24/5 5010/21/5
f 5013/22/5 5014/21/5 5015/23/5
f 5013/22/5 5016/24/5 5014/21/5
f 5017/22/5 5018/21/5 5019/23/5
f 5017/22/5 5020/24/5 5018/21/5
f 5021/22/5 5022/21/5 5023/23/5
f 5021/22/5 5024/24/5 5022/21/5
f 5025/22/5 5026/21/5 5027/23/5
f 5025/22/5 5028/24/5 5026/21/5
f 5029/22/5 5030/21/5 5031/23/5
f 5029/22/5 5032/24/5 5030/21/5
f 5033/22/5 5034/21/5 5035/23/5
f 5033/22/5 5036/24/5 5034/21/5
f 5037/22/5 5038/21/5 5039/23/5
f 5037/22/5 5040/24/5 5038/21/5
f 5041/22/5 5042/21/5 5043/23/5
f 5041/22/5 5044/24/5 5042/21/5
f 5045/22/5 5046/21/5 5047/23/5
f 5045/22/5 5048/24/5 5046/21/5
f 5049/22/5 5050/21/5 5051/23/5
f 5049/22/5 5052/24/5 5050/21/5
f 5053/22/5 5054/21/5 5055/23/5
f 5053/22/5 5056/24/5 5054/21/5
f 5057/22/5 5058/21/5 5059/23/5
f 5057/22/5 5060/24/5 5058/21/5
f 5061/22/5 5062/21/5 5063/23/5
f 5061/22/5 5064/24/5 5062/21/5
f 5065/22/5 5066/21/5 5067/23/5
f 5065/22/5 5068/24/5 5066/21/5
f 5069/22/5 5070/21/5 5071/23/5
f 5069/22/5 5072/24/5 5070/21/5
f 5073/22/5 5074/21/5 5075/23/5
f 5073/22/5 5076/24/5 5074/21/5
f 5077/22/5 5078/21/5 5079/23/5
f 5077/22/5 5080/24/5 5078/21/5
f 5081/22/5 5082/21/5 5083/23/5
f 5081/22/5 5084/24/5 5082/21/5
f 5085/22/5 5086/21/5 5087/23/5
f 5085/22/5 5088/24/5 5086/21/5
f 5089/22/5 5090/21/5 5091/23/5
f 5089/22/5 5092/24/5 5090/21/5
f 5093/22/5 5094/21/5 5095/23/5
f 5093/22/5 5096/24/5 5094/21/5
f 5097/22/5 5098/21/5 5099/23/5
f 5097/22/5 5100/24/5 5098/21/5
f 5101/22/5 5102/21/5 5103/23/5
f 5101/22/5 5104/24/5 5102/21/5
f 5105/22/5 5106/21/5 5107/23/5
f 5105/22/5 5108/24/5 5106/21/5
f 5109/22/5 5110/21/5 5111/23/5
f 5109/22/5 5112/24/5 5110/21/5
f 5113/22/5 5114/21/5 5115/23/5
f 5113/22/5 5116/24/5 5114/21/5
f 5117/22/5 5118/21/5 5119/23/5
f 5117/22/5 5120/24/5 5118/21/5
f 5121/22/5 5122/21/5 5123/23/5
f 5121/22/5 5124/24/5 5122/21/5
f 5125/22/5 5126/21/5 5127/23/5
f 5125/22/5 5128/24/5 5126/21/5
f 5129/22/5 5130/21/5 5131/23/5
f 5129/22/5 5132/24/5 5130/21/5
f 5133/22/5 5134/21/5 5135/23/5
f 5133/22/5 5136/24/5 5134/21/5
f 5137/22/5 5138/21/5 5139/23/5
f 5137/22/5 5140/24/5 5138/21/5
f 5141/22/5 5142/21/5 5143/23/5
f 5141/22/5 5144/24/5 5142/21/5
f 5145/22/5 5146/21/5 5147/23/5
f 5145/22/5 5148/24/5 5146/21/5
f 5149/22/5 5150/21/5 5151/23/5
f 5149/22/5 5152/24/5 5150/21/5
f 5153/22/5 5154/21/5 5155/23/5
f 5153/22/5 5156/24/5 5154/21/5
f 5157/22/5 5158/21/5 5159/23/5
f 5157/22/5 5160/24/5 5158/21/5
f 5161/22/5 5162/21/5 5163/23/5
f 5161/22/5 5164/24/5 5162/21/5
f 5165/22/5 5166/21/5 5167/23/5
f 5165/22/5 5168/24/5 5166/21/5
f 5169/22/5 5170/21/5 5171/23/5
f 5169/22/5 5172/24/5 5170/21/5
f 5173/22/5 5174/21/5 5175/23/5
f 5173/22/5 5176/24/5 5174/21/5
f 5177/22/5 5178/21/5 5179/23/5
f 5177/22/5 5180/24/5 5178/21/5
f 5181/22/5 5182/21/5 5183/23/5
f 5181/22/5 5184/24/5 5182/21/5
f 5185/22/5 5186/21/5 5187/23/5
f 5185/22/5 5188/24/5 5186/21/5
f 5189/22/5 5190/21/5 5191/23/5
f 5189/22/5 5192/24/5 5190/21/5
f 5193/22/5 5194/21/5 5195/23/5
f 5193/22/5 5196/24/5 5194/21/5
f 5197/22/5 5198/21/5 5199/23/5
f 5197/22/5 5200/24/5 5198/21/5
f 5201/22/5 5202/21/5 5203/23/5
f 5201/22/5 5204/24/5 5202/21/5
f 5205/22/5 5206/21/5 5207/23/5
f 5205/22/5 5208/24/5 5206/21/5
f 5209/22/5 5210/21/5 5211/23/5
f 5209/22/5 5212/24/5 5210/21/5
f 5213/22/5 5214/21/5 5215/23/5
f 5213/22/5 5216/24/5 5214/21/5
f 5217/22/5 5218/21/5 5219/23/5
f 5217/22/5 5220/24/5 5218/21/5
f 5221/22/5 5222/21/5 5223/23/5
f 5221/22/5 5224/24/5 5222/21/5
f 5225/22/5 5226/21/5 5227/23/5
f 5225/22/5 5228/24/5 5226/21/5
f 5229/22/5 5230/21/5 5231/23/5
f 5229/22/5 5232/24/5 5230/21/5
f 5233/22/5 5234/21/5 5235/23/5
f 5233/22/5 5236/24/5 5234/21/5
f 5237/22/5 5238/21/5 5239/23/5
f 5237/22/5 5240/24/5 5238/21/5
f 5241/22/5 5242/21/5 5243/23/5
f 5241/22/5 5244/24/5 5242/21/5
f 5245/22/5 5246/21/5 5247/23/5
f 5245/22/5 5248/24/5 5246/21/5
f 5249/22/5 5250/21/5 5251/23/5
f 5249/22/5 5252/24/5 5250/21/5
f 5253/22/5 5254/21/5 5255/23/5
f 5253/22/5 5256/24/5 5254/21/5
f 5257/22/5 5258/21/5 5259/23/5
f 5257/22/5 5260/24/5 5258/21/5
f 5261/22/5 5262/21/5 5263/23/5
f 5261/22/5 5264/24/5 5262/21/5
f 5265/22/5 5266/21/5 5267/23/5
f 5265/22/5 5268/24/5 5266/21/5
f 5269/22/5 5270/21/5 5271/23/5
f 5269/22/5 5272/24/5 5270/21/5
f 5273/22/5 5274/21/5 5275/23/5
f 5273/22/5 5276/24/5 5274/21/5
f 5277/22/5 5278/21/5 5279/23/5
f 5277/22/5 5280/24/5 5278/21/5
f 5281/22/5 5282/21/5 5283/23/5
f 5281/22/5 5284/24/5 5282/21/5
f 5285/22/5 5286/21/5 5287/23/5
f 5285/22/5 5288/24/5 5286/21/5
f 5289/22/5 5290/21/5 5291/23/5
f 5289/22/5 5292/24/5 5290/21/5
f 5293/17/4 5294/4/4 5295/18/4
f 5293/17/4 5296/2/4 5294/4/4
f 5297/17/3 5298/4/3 5299/18/3
f 5297/17/3 5300/2/3 5298/4/3
f 5301/17/1 5302/4/1 5303/18/1
f 5301/17/1 5304/2/1 5302/4/1
f 5305/17/1 5306/4/1 5307/18/1
f 5305/17/1 5308/2/1 5306/4/1
f 5309/17/4 5310/4/4 5311/18/4
f 5309/17/4 5312/2/4 5310/4/4
f 5313/15/5 5314/2/5 5315/4/5
f 5313/15/5 5316/16/5 5314/2/5
f 5317/15/5 5318/2/5 5319/4/5
f 5317/15/5 5320/16/5 5318/2/5
f 5321/17/1 5322/4/1 5323/18/1
f 5321/17/1 5324/2/1 5322/4/1
f 5325/17/4 5326/4/4 5327/18/4
f 5325/17/4 5328/2/4 5326/4/4
f 5329/17/2 5330/4/2 5331/18/2
f 5329/17/2 5332/2/2 5330/4/2
f 5333/17/4 5334/4/4 5335/18/4
f 5333/17/4 5336/2/4 5334/4/4
f 5337/17/1 5338/4/1 5339/18/1
f 5337/17/1 5340/2/1 5338/4/1
f 5341/17/4 5342/4/4 5343/18/4
f 5341/17/4 5344/2/4 5342/4/4
f 5345/15/5 5346/2/5 5347/4/5
f 5345/15/5 5348/16/5 5346/2/5
f 5349/17/1 5350/4/1 5351/18/1
f 5349/17/1 5352/2/1 5350/4/1
f 5353/17/4 5354/4/4 5355/18/4
f 5353/17/4 5356/2/4 5354/4/4
f 5357/17/1 5358/4/1 5359/18/1
f 5357/17/1 5360/2/1 5358/4/1
f 5361/17/4 5362/4/4 5363/18/4
f 5361/17/4 5364/2/4 5362/4/4
f 5365/17/1 5366/4/1 5367/18/1
f 5365/17/1 5368/2/1 5366/4/1
f 5369/17/4 5370/4/4 5371/18/4
f 5369/17/4 5372/2/4 5370/4/4
f 5373/15/5 5374/2/5 5375/4/5
f 5373/15/5 5376/16/5 5374/2/5
f 5377/15/5 5378/2/5 5379/4/5
f 5377/15/5 5380/16/5 5378/2/5
f 5381/15/5 5382/2/5 5383/4/5
f 5381/15/5 5384/16/5 5382/2/5
f 5385/17/1 5386/4/1 5387/18/1
f 5385/17/1 5388/2/1 5386/4/1
f 5389/15/5 5390/2/5 5391/4/5
f 5389/15/5 5392/16/5 5390/2/5
f 5393/17/4 5394/4/4 5395/18/4
f 5393/17/4 5396/2/4 5394/4/4
f 5397/15/5 5398/2/5 5399/4/5
f 5397/15/5 5400/16/5 5398/2/5
f 5401/17/1 5402/4/1 5403/18/1
f 5401/17/1 5404/2/1 5402/4/1
f 5405/17/1 5406/4/1 5407/18/1
f 5405/17/1 5408/2/1 5406/4/1
f 5409/17/4 5410/4/4 5411/18/4
f 5409/17/4 5412/2/4 5410/4/4
f 5413/15/5 5414/2/5 5415/4/5
f 5413/15/5 5416/16/5 5414/2/5
f 5417/15/5 5418/2/5 5419/4/5
f 5417/15/5 5420/16/5 5418/2/5
f 5421/17/2 5422/4/2 5423/18/2
f 5421/17/2 5424/2/2 5422/4/2
f 5425/17/4 5426/4/4 5427/18/4
f 5425/17/4 5428/2/4 5426/4/4
f 5429/17/1 5430/4/1 5431/18/1
f 5429/17/1 5432/2/1 5430/4/1
f 5433/17/4 5434/4/4 5435/18/4
f 5433/17/4 5436/2/4 5434/4/4
f 5437/17/1 5438/4/1 5439/18/1
f 5437/17/1 5440/2/1 5438/4/1
f 5441/17/4 5442/4/4 5443/18/4
f 5441/17/4 5444/2/4 5442/4/4
f 5445/17/1 5446/4/1 5447/18/1
f 5445/17/1 5448/2/1 5446/4/1
f 5449/17/4 5450/4/4 5451/18/4
f 5449/17/4 5452/2/4 5450/4/4
f 5453/17/1 5454/4/1 5455/18/1
f 5453/17/1 5456/2/1 5454/4/1
f 5457/15/5 5458/2/5 5459/4/5
f 5457/15/5 5460/16/5 5458/2/5
f 5461/25/5 5462/26/5 5463/27/5
f 5461/25/5 5464/28/5 5462/26/5
f 5465/17/4 5466/4/4 5467/18/4
f 5465/17/4 5468/2/4 5466/4/4
f 5469/17/3 5470/4/3 5471/18/3
f 5469/17/3 5472/2/3 5470/4/3
f 5473/17/1 5474/4/1 5475/18/1
f 5473/17/1 5476/2/1 5474/4/1
f 5477/17/1 5478/4/1 5479/18/1
f 5477/17/1 5480/2/1 5478/4/1
f 5481/17/4 5482/4/4 5483/18/4
f 5481/17/4 5484/2/4 5482/4/4
f 5485/17/1 5486/4/1 5487/18/1
f 5485/17/1 5488/2/1 5486/4/1
f 5489/17/4 5490/4/4 5491/18/4
f 5489/17/4 5492/2/4 5490/4/4
f 5493/17/1 5494/4/1 5495/18/1
f 5493/17/1 5496/2/1 5494/4/1
f 5497/17/4 5498/4/4 5499/18/4
f 5497/17/4 5500/2/4 5498/4/4
f 5501/17/4 5502/4/4 5503/18/4
f 5501/17/4 5504/2/4 5502/4/4
f 5505/15/5 5506/2/5 5507/4/5
f 5505/15/5 5508/16/5 5506/2/5
f 5509/17/4 5510/4/4 5511/18/4
f 5509/17/4 5512/2/4 5510/4/4
f 5513/15/5 5514/2/5 5515/4/5
f 5513/15/5 5516/16/5 5514/2/5
f 5517/15/5 5518/2/5 5519/4/5
f 5517/15/5 5520/16/5 5518/2/5
f 5521/15/5 5522/2/5 5523/4/5
f 5521/15/5 5524/16/5 5522/2/5
f 5525/15/5 5526/2/5 5527/4/5
f 5525/15/5 5528/16/5 5526/2/5
f 5529/15/5 5530/2/5 5531/4/5
f 5529/15/5 5532/16/5 5530/2/5
f 5533/15/5 5534/2/5 5535/4/5
f 5533/15/5 5536/16/5 5534/2/5
f 5537/15/5 5538/2/5 5539/4/5
f 5537/15/5 5540/16/5 5538/2/5
f 5541/17/1 5542/4/1 5543/18/1
f 5541/17/1 5544/2/1 5542/4/1
f 5545/17/1 5546/4/1 5547/18/1
f 5545/17/1 5548/2/1 5546/4/1
f 5549/15/5 5550/2/5 5551/4/5
f 5549/15/5 5552/16/5 5550/2/5
f 5553/19/5 5554/10/5 5555/20/5
f 5553/19/5 5556/21/5 5554/10/5
f 5557/19/5 5558/10/5 5559/20/5
f 5557/19/5 5560/21/5 5558/10/5
f 5561/19/5 5562/10/5 5563/20/5
f 5561/19/5 5564/21/5 5562/10/5
f 5565/19/5 5566/10/5 5567/20/5
f 5565/19/5 5568/21/5 5566/10/5
f 5569/19/5 5570/10/5 5571/20/5
f 5569/19/5 5572/21/5 5570/10/5
f 5573/19/5 5574/10/5 5575/20/5
f 5573/19/5 5576/21/5 5574/10/5
f 5577/19/5 5578/10/5 5579/20/5
f 5577/19/5 5580/21/5 5578/10/5
f 5581/19/5 5582/10/5 5583/20/5
f 5581/19/5 5584/21/5 5582/10/5
f 5585/19/5 5586/10/5 5587/20/5
f 5585/19/5 5588/21/5 5586/10/5
f 5589/19/5 5590/10/5 5591/20/5
f 5589/19/5 5592/21/5 5590/10/5
f 5593/19/5 5594/10/5 5595/20/5
f 5593/19/5 5596/21/5 5594/10/5
f 5597/19/5 5598/10/5 5599/20/5
f 5597/19/5 5600/21/5 5598/10/5
f 5601/19/5 5602/10/5 5603/20/5
f 5601/19/5 5604/21/5 5602/10/5
f 5605/19/5 5606/10/5 5607/20/5
f 5605/19/5 5608/21/5 5606/10/5
f 5609/19/5 5610/10/5 5611/20/5
f 5609/19/5 5612/21/5 5610/10/5
f 5613/19/5 5614/10/5 5615/20/5
f 5613/19/5 5616/21/5 5614/10/5
f 5617/19/5 5618/10/5 5619/20/5
f 5617/19/5 5620/21/5 5618/10/5
f 5621/19/5 5622/10/5 5623/20/5
f 5621/19/5 5624/21/5 5622/10/5
f 5625/19/5 5626/10/5 5627/20/5
f 5625/19/5 5628/21/5 5626/10/5
f 5629/19/5 5630/10/5 5631/20/5
f 5629/19/5 5632/21/5 5630/10/5
f 5633/19/5 5634/10/5 5635/20/5
f 5633/19/5 5636/21/5 5634/10/5
f 5637/19/5 5638/10/5 5639/20/5
f 5637/19/5 5640/21/5 5638/10/5
f 5641/19/5 5642/10/5 5643/20/5
f 5641/19/5 5644/21/5 5642/10/5
f 5645/19/5 5646/10/5 5647/20/5
f 5645/19/5 5648/21/5 5646/10/5
f 5649/19/5 5650/10/5 5651/20/5
f 5649/19/5 5652/21/5 5650/10/5
f 5653/19/5 5654/10/5 5655/20/5
f 5653/19/5 5656/21/5 5654/10/5
f 5657/19/5 5658/10/5 5659/20/5
f 5657/19/5 5660/21/5 5658/10/5
f 5661/19/5 5662/10/5 5663/20/5
f 5661/19/5 5664/21/5 5662/10/5
f 5665/19/5 5666/10/5 5667/20/5
f 5665/19/5 5668/21/5 5666/10/5
f 5669/19/5 5670/10/5 5671/20/5
f 5669/19/5 5672/21/5 5670/10/5
f 5673/19/5 5674/10/5 5675/20/5
f 5673/19/5 5676/21/5 5674/10/5
f 5677/19/5 5678/10/5 5679/20/5
f 5677/19/5 5680/21/5 5678/10/5
f 5681/19/5 5682/10/5 5683/20/5
f 5681/19/5 5684/21/5 5682/10/5
f 5685/19/5 5686/10/5 5687/20/5
f 5685/19/5 5688/21/5 5686/10/5
f 5689/19/5 5690/10/5 5691/20/5
f 5689/19/5 5692/21/5 5690/10/5
f 5693/19/5 5694/10/5 5695/20/5
f 5693/19/5 5696/21/5 5694/10/5
f 5697/19/5 5698/10/5 5699/20/5
f 5697/19/5 5700/21/5 5698/10/5
f 5701/19/5 5702/10/5 5703/20/5
f 5701/19/5 5704/21/5 5702/10/5
f 5705/19/5 5706/10/5 5707/20/5
f 5705/19/5 5708/21/5 5706/10/5
f 5709/19/5 5710/10/5 5711/20/5
f 5709/19/5 5712/21/5 5710/10/5
f 5713/19/5 5714/10/5 5715/20/5
f 5713/19/5 5716/21/5 5714/10/5
f 5717/19/5 5718/10/5 5719/20/5
f 5717/19/5 5720/21/5 5718/10/5
f 5721/19/5 5722/10/5 5723/20/5
f 5721/19/5 5724/21/5 5722/10/5
f 5725/19/5 5726/10/5 5727/20/5
f 5725/19/5 5728/21/5 5726/10/5
f 5729/19/5 5730/10/5 5731/20/5
f 5729/19/5 5732/21/5 5730/10/5
f 5733/19/5 5734/10/5 5735/20/5
f 5733/19/5 5736/21/5 5734/10/5
f 5737/19/5 5738/10/5 5739/20/5
f 5737/19/5 5740/21/5 5738/10/5
f 5741/19/5 5742/10/5 5743/20/5
f 5741/19/5 5744/21/5 5742/10/5
f 5745/19/5 5746/10/5 5747/20/5
f 5745/19/5 5748/21/5 5746/10/5
f 5749/19/5 5750/10/5 5751/20/5
f 5749/19/5 5752/21/5 5750/10/5
f 5753/19/5 5754/10/5 5755/20/5
f 5753/19/5 5756/21/5 5754/10/5
f 5757/19/5 5758/10/5 5759/20/5
f 5757/19/5 5760/21/5 5758/10/5
f 5761/19/5 5762/10/5 5763/20/5
f 5761/19/5 5764/21/5 5762/10/5
f 5765/19/5 5766/10/5 5767/20/5
f 5765/19/5 5768/21/5 5766/10/5
f 5769/19/5 5770/10/5 5771/20/5
f 5769/19/5 5772/21/5 5770/10/5
f 5773/19/5 5774/10/5 5775/20/5
f 5773/19/5 5776/21/5 5774/10/5
f 5777/19/5 5778/10/5 5779/20/5
f 5777/19/5 5780/21/5 5778/10/5
f 5781/19/5 5782/10/5 5783/20/5
f 5781/19/5 5784/21/5 5782/10/5
f 5785/19/5 5786/10/5 5787/20/5
f 5785/19/5 5788/21/5 5786/10/5
f 5789/19/5 5790/10/5 5791/20/5
f 5789/19/5 5792/21/5 5790/10/5
f 5793/19/5 5794/10/5 5795/20/5
f 5793/19/5 5796/21/5 5794/10/5
f 5797/19/5 5798/10/5 5799/20/5
f 5797/19/5 5800/21/5 5798/10/5
f 5801/19/5 5802/10/5 5803/20/5
f 5801/19/5 5804/21/5 5802/10/5
f 5805/19/5 5806/10/5 5807/20/5
f 5805/19/5 5808/21/5 5806/10/5
f 5809/19/5 5810/10/5 5811/20/5
f 5809/19/5 5812/21/5 5810/10/5
f 5813/19/5 5814/10/5 5815/20/5
f 5813/19/5 5816/21/5 5814/10/5
f 5817/19/5 5818/10/5 5819/20/5
f 5817/19/5 5820/21/5 5818/10/5
f 5821/19/5 5822/10/5 5823/20/5
f 5821/19/5 5824/21/5 5822/10/5
f 5825/19/5 5826/10/5 5827/20/5
f 5825/19/5 5828/21/5 5826/10/5
f 5829/19/5 5830/10/5 5831/20/5
f 5829/19/5 5832/21/5 5830/10/5
f 5833/19/5 5834/10/5 5835/20/5
f 5833/19/5 5836/21/5 5834/10/5
f 5837/19/5 5838/10/5 5839/20/5
f 5837/19/5 5840/21/5 5838/10/5
f 5841/19/5 5842/10/5 5843/20/5
f 5841/19/5 5844/21/5 5842/10/5
f 5845/19/5 5846/10/5 5847/20/5
f 5845/19/5 5848/21/5 5846/10/5
f 5849/19/5 5850/10/5 5851/20/5
f 5849/19/5 5852/21/5 5850/10/5
f 5853/19/5 5854/10/5 5855/20/5
f 5853/19/5 5856/21/5 5854/10/5
f 5857/19/5 5858/10/5 5859/20/5
f 5857/19/5 5860/21/5 5858/10/5
f 5861/19/5 5862/10/5 5863/20/5
f 5861/19/5 5864/21/5 5862/10/5
f 5865/19/5 5866/10/5 5867/20/5
f 5865/19/5 5868/21/5 5866/10/5
f 5869/19/5 5870/10/5 5871/20/5
f 5869/19/5 5872/21/5 5870/10/5
f 5873/19/5 5874/10/5 5875/20/5
f 5873/19/5 5876/21/5 5874/10/5
f 5877/19/5 5878/10/5 5879/20/5
f 5877/19/5 5880/21/5 5878/10/5
f 5881/19/5 5882/10/5 5883/20/5
f 5881/19/5 5884/21/5 5882/10/5
f 5885/19/5 5886/10/5 5887/20/5
f 5885/19/5 5888/21/5 5886/10/5
f 5889/19/5 5890/10/5 5891/20/5
f 5889/19/5 5892/21/5 5890/10/5
f 5893/19/5 5894/10/5 5895/20/5
f 5893/19/5 5896/21/5 5894/10/5
f 5897/19/5 5898/10/5 5899/20/5
f 5897/19/5 5900/21/5 5898/10/5
f 5901/19/5 5902/10/5 5903/20/5
f 5901/19/5 5904/21/5 5902/10/5
f 5905/19/5 5906/10/5 5907/20/5
f 5905/19/5 5908/21/5 5906/10/5
f 5909/19/5 5910/10/5 5911/20/5
f 5909/19/5 5912/21/5 5910/10/5
f 5913/19/5 5914/10/5 5915/20/5
f 5913/19/5 5916/21/5 5914/10/5
f 5917/19/5 5918/10/5 5919/20/5
f 5917/19/5 5920/21/5 5918/10/5
f 5921/19/5 5922/10/5 5923/20/5
f 5921/19/5 5924/21/5 5922/10/5
f 5925/19/5 5926/10/5 5927/20/5
f 5925/19/5 5928/21/5 5926/10/5
f 5929/19/5 5930/10/5 5931/20/5
f 5929/19/5 5932/21/5 5930/10/5
f 5933/19/5 5934/10/5 5935/20/5
f 5933/19/5 5936/21/5 5934/10/5
f 5937/19/5 5938/10/5 5939/20/5
f 5937/19/5 5940/21/5 5938/10/5
f 5941/19/5 5942/10/5 5943/20/5
f 5941/19/5 5944/21/5 5942/10/5
f 5945/19/5 5946/10/5 5947/20/5
f 5945/19/5 5948/21/5 5946/10/5
f 5949/19/5 5950/10/5 5951/20/5
f 5949/19/5 5952/21/5 5950/10/5
f 5953/19/5 5954/10/5 5955/20/5
f 5953/19/5 5956/21/5 5954/10/5
f 5957/19/5 5958/10/5 5959/20/5
f 5957/19/5 5960/21/5 5958/10/5
f 5961/19/5 5962/10/5 5963/20/5
f 5961/19/5 5964/21/5 5962/10/5
f 5965/19/5 5966/10/5 5967/20/5
f 5965/19/5 5968/21/5 5966/10/5
f 5969/19/5 5970/10/5 5971/20/5
f 5969/19/5 5972/21/5 5970/10/5
f 5973/19/5 5974/10/5 5975/20/5
f 5973/19/5 5976/21/5 5974/10/5
f 5977/19/5 5978/10/5 5979/20/5
f 5977/19/5 5980/21/5 5978/10/5
f 5981/19/5 5982/10/5 5983/20/5
f 5981/19/5 5984/21/5 5982/10/5
f 5985/19/5 5986/10/5 5987/20/5
f 5985/19/5 5988/21/5 5986/10/5
f 5989/19/5 5990/10/5 5991/20/5
f 5989/19/5 5992/21/5 5990/10/5
f 5993/19/5 5994/10/5 5995/20/5
f 5993/19/5 5996/21/5 5994/10/5
f 5997/19/5 5998/10/5 5999/20/5
f 5997/19/5 6000/21/5 5998/10/5
f 6001/19/5 6002/10/5 6003/20/5
f 6001/19/5 6004/21/5 6002/10/5
f 6005/19/5 6006/10/5 6007/20/5
f 6005/19/5 6008/21/5 6006/10/5
f 6009/19/5 6010/10/5 6011/20/5
f 6009/19/5 6012/21/5 6010/10/5
f 6013/19/5 6014/10/5 6015/20/5
f 6013/19/5 6016/21/5 6014/10/5
f 6017/19/5 6018/10/5 6019/20/5
f 6017/19/5 6020/21/5 6018/10/5
f 6021/19/5 6022/10/5 6023/20/5
f 6021/19/5 6024/21/5 6022/10/5
f 6025/19/5 6026/10/5 6027/20/5
f 6025/19/5 6028/21/5 6026/10/5
f 6029/19/5 6030/10/5 6031/20/5
f 6029/19/5 6032/21/5 6030/10/5
f 6033/19/5 6034/10/5 6035/20/5
f 6033/19/5 6036/21/5 6034/10/5
f 6037/19/5 6038/10/5 6039/20/5
f 6037/19/5 6040/21/5 6038/10/5
f 6041/19/5 6042/10/5 6043/20/5
f 6041/19/5 6044/21/5 6042/10/5
f 6045/19/5 6046/10/5 6047/20/5
f 6045/19/5 6048/21/5 6046/10/5
f 6049/19/5 6050/10/5 6051/20/5
f 6049/19/5 6052/21/5 6050/10/5
f 6053/19/5 6054/10/5 6055/20/5
f 6053/19/5 6056/21/5 6054/10/5
f 6057/19/5 6058/10/5 6059/20/5
f 6057/19/5 6060/21/5 6058/10/5
f 6061/19/5 6062/10/5 6063/20/5
f 6061/19/5 6064/21/5 6062/10/5
f 6065/19/5 6066/10/5 6067/20/5
f 6065/19/5 6068/21/5 6066/10/5
f 6069/19/5 6070/10/5 6071/20/5
f 6069/19/5 6072/21/5 6070/10/5
f 6073/19/5 6074/10/5 6075/20/5
f 6073/19/5 6076/21/5 6074/10/5
f 6077/19/5 6078/10/5 6079/20/5
f 6077/19/5 6080/21/5 6078/10/5
f 6081/19/5 6082/10/5 6083/20/5
f 6081/19/5 6084/21/5 6082/10/5
f 6085/19/5 6086/10/5 6087/20/5
f 6085/19/5 6088/21/5 6086/10/5
f 6089/19/5 6090/10/5 6091/20/5
f 6089/19/5 6092/21/5 6090/10/5
f 6093/19/5 6094/10/5 6095/20/5
f 6093/19/5 6096/21/5 6094/10/5
f 6097/19/5 6098/10/5 6099/20/5
f 6097/19/5 6100/21/5 6098/10/5
f 6101/19/5 6102/10/5 6103/20/5
f 6101/19/5 6104/21/5 6102/10/5
f 6105/19/5 6106/10/5 6107/20/5
f 6105/19/5 6108/21/5 6106/10/5
f 6109/19/5 6110/10/5 6111/20/5
f 6109/19/5 6112/21/5 6110/10/5
f 6113/19/5 6114/10/5 6115/20/5
f 6113/19/5 6116/21/5 6114/10/5
f 6117/19/5 6118/10/5 6119/20/5
f 6117/19/5 6120/21/5 6118/10/5
f 6121/19/5 6122/10/5 6123/20/5
f 6121/19/5 6124/21/5 6122/10/5
f 6125/19/5 6126/10/5 6127/20/5
f 6125/19/5 6128/21/5 6126/10/5
f 6129/19/5 6130/10/5 6131/20/5
f 6129/19/5 6132/21/5 6130/10/5
f 6133/19/5 6134/10/5 6135/20/5
f 6133/19/5 6136/21/5 6134/10/5
f 6137/19/5 6138/10/5 6139/20/5
f 6137/19/5 6140/21/5 6138/10/5
f 6141/19/5 6142/10/5 6143/20/5
f 6141/19/5 6144/21/5 6142/10/5
f 6145/19/5 6146/10/5 6147/20/5
f 6145/19/5 6148/21/5 6146/10/5
f 6149/19/5 6150/10/5 6151/20/5
f 6149/19/5 6152/21/5 6150/10/5
f 6153/19/5 6154/10/5 6155/20/5
f 6153/19/5 6156/21/5 6154/10/5
f 6157/19/5 6158/10/5 6159/20/5
f 6157/19/5 6160/21/5 6158/10/5
f 6161/19/5 6162/10/5 6163/20/5
f 6161/19/5 6164/21/5 6162/10/5
f 6165/19/5 6166/10/5 6167/20/5
f 6165/19/5 6168/21/5 6166/10/5
f 6169/19/5 6170/10/5 6171/20/5
f 6169/19/5 6172/21/5 6170/10/5
f 6173/19/5 6174/10/5 6175/20/5
f 6173/19/5 6176/21/5 6174/10/5
f 6177/19/5 6178/10/5 6179/20/5
f 6177/19/5 6180/21/5 6178/10/5
f 6181/19/5 6182/10/5 6183/20/5
f 6181/19/5 6184/21/5 6182/10/5
f 6185/19/5 6186/10/5 6187/20/5
f 6185/19/5 6188/21/5 6186/10/5
f 6189/19/5 6190/10/5 6191/20/5
f 6189/19/5 6192/21/5 6190/10/5
f 6193/19/5 6194/10/5 6195/20/5
f 6193/19/5 6196/21/5 6194/10/5
f 6197/19/5 6198/10/5 6199/20/5
f 6197/19/5 6200/21/5 6198/10/5
f 6201/19/5 6202/10/5 6203/20/5
f 6201/19/5 6204/21/5 6202/10/5
f 6205/19/5 6206/10/5 6207/20/5
f 6205/19/5 6208/21/5 6206/10/5
f 6209/19/5 6210/10/5 6211/20/5
f 6209/19/5 6212/21/5 6210/10/5
f 6213/19/5 6214/10/5 6215/20/5
f 6213/19/5 6216/21/5 6214/10/5
f 6217/19/5 6218/10/5 6219/20/5
f 6217/19/5 6220/21/5 6218/10/5
f 6221/19/5 6222/10/5 6223/20/5
f 6221/19/5 6224/21/5 6222/10/5
f 6225/19/5 6226/10/5 6227/20/5
f 6225/19/5 6228/21/5 6226/10/5
f 6229/19/5 6230/10/5 6231/20/5
f 6229/19/5 6232/21/5 6230/10/5
f 6233/19/5 6234/10/5 6235/20/5
f 6233/19/5 6236/21/5 6234/10/5
f 6237/19/5 6238/10/5 6239/20/5
f 6237/19/5 6240/21/5 6238/10/5
f 6241/19/5 6242/10/5 6243/20/5
f 6241/19/5 6244/21/5 6242/10/5
f 6245/19/5 6246/10/5 6247/20/5
f 6245/19/5 6248/21/5 6246/10/5
f 6249/19/5 6250/10/5 6251/20/5
f 6249/19/5 6252/21/5 6250/10/5
f 6253/19/5 6254/10/5 6255/20/5
f 6253/19/5 6256/21/5 6254/10/5
f 6257/19/5 6258/10/5 6259/20/5
f 6257/19/5 6260/21/5 6258/10/5
f 6261/19/5 6262/10/5 6263/20/5
f 6261/19/5 6264/21/5 6262/10/5
f 6265/19/5 6266/10/5 6267/20/5
f 6265/19/5 6268/21/5 6266/10/5
f 6269/19/5 6270/10/5 6271/20/5
f 6269/19/5 6272/21/5 6270/10/5
f 6273/19/5 6274/10/5 6275/20/5
f 6273/19/5 6276/21/5 6274/10/5
f 6277/19/5 6278/10/5 6279/20/5
f 6277/19/5 6280/21/5 6278/10/5
f 6281/19/5 6282/10/5 6283/20/5
f 6281/19/5 6284/21/5 6282/10/5
f 6285/19/5 6286/10/5 6287/20/5
f 6285/19/5 6288/21/5 6286/10/5
f 6289/19/5 6290/10/5 6291/20/5
f 6289/19/5 6292/21/5 6290/10/5
f 6293/19/5 6294/10/5 6295/20/5
f 6293/19/5 6296/21/5 6294/10/5
f 6297/19/5 6298/10/5 6299/20/5
f 6297/19/5 6300/21/5 6298/10/5
f 6301/19/5 6302/10/5 6303/20/5
f 6301/19/5 6304/21/5 6302/10/5
f 6305/19/5 6306/10/5 6307/20/5
f 6305/19/5 6308/21/5 6306/10/5
f 6309/19/5 6310/10/5 6311/20/5
f 6309/19/5 6312/21/5 6310/10/5
f 6313/19/5 6314/10/5 6315/20/5
f 6313/19/5 6316/21/5 6314/10/5
f 6317/19/5 6318/10/5 6319/20/5
f 6317/19/5 6320/21/5 6318/10/5
f 6321/19/5 6322/10/5 6323/20/5
f 6321/19/5 6324/21/5 6322/10/5
f 6325/19/5 6326/10/5 6327/20/5
f 6325/19/5 6328/21/5 6326/10/5
f 6329/19/5 6330/10/5 6331/20/5
f 6329/19/5 6332/21/5 6330/10/5
f 6333/19/5 6334/10/5 6335/20/5
f 6333/19/5 6336/21/5 6334/10/5
f 6337/19/5 6338/10/5 6339/20/5
f 6337/19/5 6340/21/5 6338/10/5
f 6341/19/5 6342/10/5 6343/20/5
f 6341/19/5 6344/21/5 6342/10/5
f 6345/19/5 6346/10/5 6347/20/5
f 6345/19/5 6348/21/5 6346/10/5
f 6349/19/5 6350/10/5 6351/20/5
f 6349/19/5 6352/21/5 6350/10/5
f 6353/19/5 6354/10/5 6355/20/5
f 6353/19/5 6356/21/5 6354/10/5
f 6357/19/5 6358/10/5 6359/20/5
f 6357/19/5 6360/21/5 6358/10/5
f 6361/19/5 6362/10/5 6363/20/5
f 6361/19/5 6364/21/5 6362/10/5
f 6365/19/5 6366/10/5 6367/20/5
f 6365/19/5 6368/21/5 6366/10/5
f 6369/19/5 6370/10/5 6371/20/5
f 6369/19/5 6372/21/5 6370/10/5
f 6373/19/5 6374/10/5 6375/20/5
f 6373/19/5 6376/21/5 6374/10/5
f 6377/19/5 6378/10/5 6379/20/5
f 6377/19/5 6380/21/5 6378/10/5
f 6381/19/5 6382/10/5 6383/20/5
f 6381/19/5 6384/21/5 6382/10/5
f 6385/19/5 6386/10/5 6387/20/5
f 6385/19/5 6388/21/5 6386/10/5
f 6389/19/5 6390/10/5 6391/20/5
f 6389/19/5 6392/21/5 6390/10/5
f 6393/19/5 6394/10/5 6395/20/5
f 6393/19/5 6396/21/5 6394/10/5
f 6397/19/5 6398/10/5 6399/20/5
f 6397/19/5 6400/21/5 6398/10/5
f 6401/19/5 6402/10/5 6403/20/5
f 6401/19/5 6404/21/5 6402/10/5
f 6405/19/5 6406/10/5 6407/20/5
f 6405/19/5 6408/21/5 6406/10/5
f 6409/19/5 6410/10/5 6411/20/5
f 6409/19/5 6412/21/5 6410/10/5
f 6413/19/5 6414/10/5 6415/20/5
f 6413/19/5 6416/21/5 6414/10/5
f 6417/19/5 6418/10/5 6419/20/5
f 6417/19/5 6420/21/5 6418/10/5
f 6421/19/5 6422/10/5 6423/20/5
f 6421/19/5 6424/21/5 6422/10/5
f 6425/19/5 6426/10/5 6427/20/5
f 6425/19/5 6428/21/5 6426/10/5
f 6429/19/5 6430/10/5 6431/20/5
f 6429/19/5 6432/21/5 6430/10/5
f 6433/19/5 6434/10/5 6435/20/5
f 6433/19/5 6436/21/5 6434/10/5
f 6437/19/5 6438/10/5 6439/20/5
f 6437/19/5 6440/21/5 6438/10/5
f 6441/19/5 6442/10/5 6443/20/5
f 6441/19/5 6444/21/5 6442/10/5
f 6445/19/5 6446/10/5 6447/20/5
f 6445/19/5 6448/21/5 6446/10/5
f 6449/19/5 6450/10/5 6451/20/5
f 6449/19/5 6452/21/5 6450/10/5
f 6453/19/5 6454/10/5 6455/20/5
f 6453/19/5 6456/21/5 6454/10/5
f 6457/19/5 6458/10/5 6459/20/5
f 6457/19/5 6460/21/5 6458/10/5
f 6461/19/5 6462/10/5 6463/20/5
f 6461/19/5 6464/21/5 6462/10/5
f 6465/19/5 6466/10/5 6467/20/5
f 6465/19/5 6468/21/5 6466/10/5
f 6469/19/5 6470/10/5 6471/20/5
f 6469/19/5 6472/21/5 6470/10/5
f 6473/19/5 6474/10/5 6475/20/5
f 6473/19/5 6476/21/5 6474/10/5
f 6477/19/5 6478/10/5 6479/20/5
f 6477/19/5 6480/21/5 6478/10/5
f 6481/19/5 6482/10/5 6483/20/5
f 6481/19/5 6484/21/5 6482/10/5
f 6485/19/5 6486/10/5 6487/20/5
f 6485/19/5 6488/21/5 6486/10/5
f 6489/19/5 6490/10/5 6491/20/5
f 6489/19/5 6492/21/5 6490/10/5
f 6493/19/5 6494/10/5 6495/20/5
f 6493/19/5 6496/21/5 6494/10/5
f 6497/19/5 6498/10/5 6499/20/5
f 6497/19/5 6500/21/5 6498/10/5
f 6501/19/5 6502/10/5 6503/20/5
f 6501/19/5 6504/21/5 6502/10/5
f 6505/19/5 6506/10/5 6507/20/5
f 6505/19/5 6508/21/5 6506/10/5
f 6509/19/5 6510/10/5 6511/20/5
f 6509/19/5 6512/21/5 6510/10/5
f 6513/19/5 6514/10/5 6515/20/5
f 6513/19/5 6516/21/5 6514/10/5
f 6517/19/5 6518/10/5 6519/20/5
f 6517/19/5 6520/21/5 6518/10/5
f 6521/19/5 6522/10/5 6523/20/5
f 6521/19/5 6524/21/5 6522/10/5
f 6525/19/5 6526/10/5 6527/20/5
f 6525/19/5 6528/21/5 6526/10/5
f 6529/19/5 6530/10/5 6531/20/5
f 6529/19/5 6532/21/5 6530/10/5
f 6533/19/5 6534/10/5 6535/20/5
f 6533/19/5 6536/21/5 6534/10/5
f 6537/19/5 6538/10/5 6539/20/5
f 6537/19/5 6540/21/5 6538/10/5
f 6541/19/5 6542/10/5 6543/20/5
f 6541/19/5 6544/21/5 6542/10/5
f 6545/19/5 6546/10/5 6547/20/5
f 6545/19/5 6548/21/5 6546/10/5
f 6549/19/5 6550/10/5 6551/20/5
f 6549/19/5 6552/21/5 6550/10/5
f 6553/19/5 6554/10/5 6555/20/5
f 6553/19/5 6556/21/5 6554/10/5
f 6557/19/5 6558/10/5 6559/20/5
f 6557/19/5 6560/21/5 6558/10/5
f 6561/19/5 6562/10/5 6563/20/5
f 6561/19/5 6564/21/5 6562/10/5
f 6565/19/5 6566/10/5 6567/20/5
f 6565/19/5 6568/21/5 6566/10/5
f 6569/19/5 6570/10/5 6571/20/5
f 6569/19/5 6572/21/5 6570/10/5
f 6573/19/5 6574/10/5 6575/20/5
f 6573/19/5 6576/21/5 6574/10/5
f 6577/19/5 6578/10/5 6579/20/5
f 6577/19/5 6580/21/5 6578/10/5
f 6581/19/5 6582/10/5 6583/20/5
f 6581/19/5 6584/21/5 6582/10/5
f 6585/19/5 6586/10/5 6587/20/5
f 6585/19/5 6588/21/5 6586/10/5
f 6589/19/5 6590/10/5 6591/20/5
f 6589/19/5 6592/21/5 6590/10/5
f 6593/19/5 6594/10/5 6595/20/5
f 6593/19/5 6596/21/5 6594/10/5
f 6597/19/5 6598/10/5 6599/20/5
f 6597/19/5 6600/21/5 6598/10/5
f 6601/19/5 6602/10/5 6603/20/5
f 6601/19/5 6604/21/5 6602/10/5
f 6605/19/5 6606/10/5 6607/20/5
f 6605/19/5 6608/21/5 6606/10/5
f 6609/19/5 6610/10/5 6611/20/5
f 6609/19/5 6612/21/5 6610/10/5
f 6613/19/5 6614/10/5 6615/20/5
f 6613/19/5 6616/21/5 6614/10/5
f 6617/19/5 6618/10/5 6619/20/5
f 6617/19/5 6620/21/5 6618/10/5
f 6621/19/5 6622/10/5 6623/20/5
f 6621/19/5 6624/21/5 6622/10/5
f 6625/19/5 6626/10/5 6627/20/5
f 6625/19/5 6628/21/5 6626/10/5
f 6629/19/5 6630/10/5 6631/20/5
f 6629/19/5 6632/21/5 6630/10/5
f 6633/19/5 6634/10/5 6635/20/5
f 6633/19/5 6636/21/5 6634/10/5
f 6637/19/5 6638/10/5 6639/20/5
f 6637/19/5 6640/21/5 6638/10/5
f 6641/19/5 6642/10/5 6643/20/5
f 6641/19/5 6644/21/5 6642/10/5
f 6645/19/5 6646/10/5 6647/20/5
f 6645/19/5 6648/21/5 6646/10/5
f 6649/19/5 6650/10/5 6651/20/5
f 6649/19/5 6652/21/5 6650/10/5
f 6653/19/5 6654/10/5 6655/20/5
f 6653/19/5 6656/21/5 6654/10/5
f 6657/19/5 6658/10/5 6659/20/5
f 6657/19/5 6660/21/5 6658/10/5
f 6661/19/5 6662/10/5 6663/20/5
f 6661/19/5 6664/21/5 6662/10/5
f 6665/19/5 6666/10/5 6667/20/5
f 6665/19/5 6668/21/5 6666/10/5
f 6669/19/5 6670/10/5 6671/20/5
f 6669/19/5 6672/21/5 6670/10/5
f 6673/19/5 6674/10/5 6675/20/5
f 6673/19/5 6676/21/5 6674/10/5
f 6677/19/5 6678/10/5 6679/20/5
f 6677/19/5 6680/21/5 6678/10/5
f 6681/19/5 6682/10/5 6683/20/5
f 6681/19/5 6684/21/5 6682/10/5
f 6685/19/5 6686/10/5 6687/20/5
f 6685/19/5 6688/21/5 6686/10/5
f 6689/19/5 6690/10/5 6691/20/5
f 6689/19/5 6692/21/5 6690/10/5
f 6693/19/5 6694/10/5 6695/20/5
f 6693/19/5 6696/21/5 6694/10/5
f 6697/19/5 6698/10/5 6699/20/5
f 6697/19/5 6700/21/5 6698/10/5
f 6701/19/5 6702/10/5 6703/20/5
f 6701/19/5 6704/21/5 6702/10/5
f 6705/16/2 6706/29/2 6707/15/2
f 6705/16/2 6708/9/2 6706/29/2
f 6709/16/3 6710/29/3 6711/15/3
f 6709/16/3 6712/9/3 6710/29/3
f 6713/16/2 6714/29/2 6715/15/2
f 6713/16/2 6716/9/2 6714/29/2
f 6717/16/3 6718/29/3 6719/15/3
f 6717/16/3 6720/9/3 6718/29/3
f 6721/16/1 6722/29/1 6723/15/1
f 6721/16/1 6724/9/1 6722/29/1
f 6725/16/2 6726/29/2 6727/15/2
f 6725/16/2 6728/9/2 6726/29/2
f 6729/16/4 6730/29/4 6731/15/4
f 6729/16/4 6732/9/4 6730/29/4
f 6733/16/3 6734/29/3 6735/15/3
f 6733/16/3 6736/9/3 6734/29/3
f 6737/29/5 6738/2/5 6739/4/5
f 6737/29/5 6740/9/5 6738/2/5
f 6741/29/5 6742/2/5 6743/4/5
f 6741/29/5 6744/9/5 6742/2/5
f 6745/29/5 6746/2/5 6747/4/5
f 6745/29/5 6748/9/5 6746/2/5
f 6749/16/2 6750/29/2 6751/15/2
f 6749/16/2 6752/9/2 6750/29/2
f 6753/16/3 6754/29/3 6755/15/3
f 6753/16/3 6756/9/3 6754/29/3
f 6757/16/2 6758/29/2 6759/15/2
f 6757/16/2 6760/9/2 6758/29/2
f 6761/16/3 6762/29/3 6763/15/3
f 6761/16/3 6764/9/3 6762/29/3
f 6765/16/1 6766/29/1 6767/15/1
f 6765/16/1 6768/9/1 6766/29/1
f 6769/16/2 6770/29/2 6771/15/2
f 6769/16/2 6772/9/2 6770/29/2
f 6773/16/4 6774/29/4 6775/15/4
f 6773/16/4 6776/9/4 6774/29/4
f 6777/16/3 6778/29/3 6779/15/3
f 6777/16/3 6780/9/3 6778/29/3
f 6781/29/5 6782/2/5 6783/4/5
f 6781/29/5 6784/9/5 6782/2/5
f 6785/29/5 6786/2/5 6787/4/5
f 6785/29/5 6788/9/5 6786/2/5
f 6789/29/5 6790/2/5 6791/4/5
f 6789/29/5 6792/9/5 6790/2/5
f 6793/25/5 6794/26/5 6795/27/5
f 6793/25/5 6796/28/5 6794/26/5
f 6797/22/5 6798/21/5 6799/23/5
f 6797/22/5 6800/24/5 6798/21/5
f 6801/22/5 6802/21/5 6803/23/5
f 6801/22/5 6804/24/5 6802/21/5
f 6805/22/5 6806/21/5 6807/23/5
f 6805/22/5 6808/24/5 6806/21/5
f 6809/22/5 6810/21/5 6811/23/5
f 6809/22/5 6812/24/5 6810/21/5
f 6813/22/5 6814/21/5 6815/23/5
f 6813/22/5 6816/24/5 6814/21/5
f 6817/22/5 6818/21/5 6819/23/5
f 6817/22/5 6820/24/5 6818/21/5
f 6821/30/5 6822/31/5 6823/23/5
f 6821/30/5 6824/32/5 6822/31/5
f 6825/32/5 6826/19/5 6827/31/5
f 6825/32/5 6828/33/5 6826/19/5
f 6829/33/5 6830/34/5 6831/19/5
f 6829/33/5 6832/35/5 6830/34/5
f 6833/35/5 6834/21/5 6835/34/5
f 6833/35/5 6836/36/5 6834/21/5
f 6837/37/5 6838/32/5 6839/30/5
f 6837/37/5 6840/38/5 6838/32/5
f 6841/38/5 6842/33/5 6843/32/5
f 6841/38/5 6844/39/5 6842/33/5
f 6845/39/5 6846/35/5 6847/33/5
f 6845/39/5 6848/40/5 6846/35/5
f 6849/40/5 6850/36/5 6851/35/5
f 6849/40/5 6852/41/5 6850/36/5
f 6853/22/5 6854/21/5 6855/23/5
f 6853/22/5 6856/24/5 6854/21/5
f 6857/22/5 6858/21/5 6859/23/5
f 6857/22/5 6860/24/5 6858/21/5
f 6861/22/5 6862/21/5 6863/23/5
f 6861/22/5 6864/24/5 6862/21/5
f 6865/22/5 6866/21/5 6867/23/5
f 6865/22/5 6868/24/5 6866/21/5
f 6869/30/5 6870/31/5 6871/23/5
f 6869/30/5 6872/32/5 6870/31/5
f 6873/32/5 6874/19/5 6875/31/5
f 6873/32/5 6876/33/5 6874/19/5
f 6877/33/5 6878/34/5 6879/19/5
f 6877/33/5 6880/35/5 6878/34/5
f 6881/35/5 6882/21/5 6883/34/5
f 6881/35/5 6884/36/5 6882/21/5
f 6885/30/5 6886/31/5 6887/23/5
f 6885/30/5 6888/32/5 6886/31/5
f 6889/32/5 6890/19/5 6891/31/5
f 6889/32/5 6892/33/5 6890/19/5
f 6893/33/5 6894/34/5 6895/19/5
f 6893/33/5 6896/35/5 6894/34/5
f 6897/35/5 6898/21/5 6899/34/5
f 6897/35/5 6900/36/5 6898/21/5
f 6901/37/5 6902/32/5 6903/30/5
f 6901/37/5 6904/38/5 6902/32/5
f 6905/38/5 6906/33/5 6907/32/5
f 6905/38/5 6908/39/5 6906/33/5
f 6909/39/5 6910/35/5 6911/33/5
f 6909/39/5 6912/40/5 6910/35/5
f 6913/40/5 6914/36/5 6915/35/5
f 6913/40/5 6916/41/5 6914/36/5
f 6917/22/5 6918/21/5 6919/23/5
f 6917/22/5 6920/24/5 6918/21/5
f 6921/22/5 6922/21/5 6923/23/5
f 6921/22/5 6924/24/5 6922/21/5
f 6925/22/5 6926/21/5 6927/23/5
f 6925/22/5 6928/24/5 6926/21/5
f 6929/22/5 6930/21/5 6931/23/5
f 6929/22/5 6932/24/5 6930/21/5
f 6933/37/5 6934/32/5 6935/30/5
f 6933/37/5 6936/38/5 6934/32/5
f 6937/38/5 6938/33/5 6939/32/5
f 6937/38/5 6940/39/5 6938/33/5
f 6941/39/5 6942/35/5 6943/33/5
f 6941/39/5 6944/40/5 6942/35/5
f 6945/40/5 6946/36/5 6947/35/5
f 6945/40/5 6948/41/5 6946/36/5
f 6949/30/5 6950/31/5 6951/23/5
f 6949/30/5 6952/32/5 6950/31/5
f 6953/32/5 6954/19/5 6955/31/5
f 6953/32/5 6956/33/5 6954/19/5
f 6957/33/5 6958/34/5 6959/19/5
f 6957/33/5 6960/35/5 6958/34/5
f 6961/35/5 6962/21/5 6963/34/5
f 6961/35/5 6964/36/5 6962/21/5
f 6965/37/5 6966/32/5 6967/30/5
f 6965/37/5 6968/38/5 6966/32/5
f 6969/38/5 6970/33/5 6971/32/5
f 6969/38/5 6972/39/5 6970/33/5
f 6973/39/5 6974/35/5 6975/33/5
f 6973/39/5 6976/40/5 6974/35/5
f 6977/40/5 6978/36/5 6979/35/5
f 6977/40/5 6980/41/5 6978/36/5
f 6981/22/5 6982/21/5 6983/23/5
f 6981/22/5 6984/24/5 6982/21/5
f 6985/22/5 6986/21/5 6987/23/5
f 6985/22/5 6988/24/5 6986/21/5
f 6989/22/5 6990/21/5 6991/23/5
f 6989/22/5 6992/24/5 6990/21/5
f 6993/22/5 6994/21/5 6995/23/5
f 6993/22/5 6996/24/5 6994/21/5
f 6997/19/5 6998/10/5 6999/20/5
f 6997/19/5 7000/21/5 6998/10/5
f 7001/19/5 7002/10/5 7003/20/5
f 7001/19/5 7004/21/5 7002/10/5
f 7005/19/5 7006/10/5 7007/20/5
f 7005/19/5 7008/21/5 7006/10/5
f 7009/19/5 7010/10/5 7011/20/5
f 7009/19/5 7012/21/5 7010/10/5
f 7013/19/5 7014/10/5 7015/20/5
f 7013/19/5 7016/21/5 7014/10/5
f 7017/19/5 7018/10/5 7019/20/5
f 7017/19/5 7020/21/5 7018/10/5
f 7021/19/5 7022/10/5 7023/20/5
f 7021/19/5 7024/21/5 7022/10/5
f 7025/19/5 7026/10/5 7027/20/5
f 7025/19/5 7028/21/5 7026/10/5
f 7029/19/5 7030/10/5 7031/20/5
f 7029/19/5 7032/21/5 7030/10/5
f 7033/19/5 7034/10/5 7035/20/5
f 7033/19/5 7036/21/5 7034/10/5
f 7037/19/5 7038/10/5 7039/20/5
f 7037/19/5 7040/21/5 7038/10/5
f 7041/19/5 7042/10/5 7043/20/5
f 7041/19/5 7044/21/5 7042/10/5
f 7045/19/5 7046/10/5 7047/20/5
f 7045/19/5 7048/21/5 7046/10/5
f 7049/19/5 7050/10/5 7051/20/5
f 7049/19/5 7052/21/5 7050/10/5
f 7053/19/5 7054/10/5 7055/20/5
f 7053/19/5 7056/21/5 7054/10/5
f 7057/19/5 7058/10/5 7059/20/5
f 7057/19/5 7060/21/5 7058/10/5
f 7061/19/5 7062/10/5 7063/20/5
f 7061/19/5 7064/21/5 7062/10/5
f 7065/19/5 7066/10/5 7067/20/5
f 7065/19/5 7068/21/5 7066/10/5
f 7069/19/5 7070/10/5 7071/20/5
f 7069/19/5 7072/21/5 7070/10/5
f 7073/19/5 7074/10/5 7075/20/5
f 7073/19/5 7076/21/5 7074/10/5
f 7077/19/5 7078/10/5 7079/20/5
f 7077/19/5 7080/21/5 7078/10/5
f 7081/19/5 7082/10/5 7083/20/5
f 7081/19/5 7084/21/5 7082/10/5
f 7085/19/5 7086/10/5 7087/20/5
f 7085/19/5 7088/21/5 7086/10/5
f 7089/19/5 7090/10/5 7091/20/5
f 7089/19/5 7092/21/5 7090/10/5
f 7093/19/5 7094/10/5 7095/20/5
f 7093/19/5 7096/21/5 7094/10/5
f 7097/19/5 7098/10/5 7099/20/5
f 7097/19/5 7100/21/5 7098/10/5
f 7101/19/5 7102/10/5 7103/20/5
f 7101/19/5 7104/21/5 7102/10/5
f 7105/19/5 7106/10/5 7107/20/5
f 7105/19/5 7108/21/5 7106/10/5
f 7109/19/5 7110/10/5 7111/20/5
f 7109/19/5 7112/21/5 7110/10/5
f 7113/19/5 7114/10/5 7115/20/5
f 7113/19/5 7116/21/5 7114/10/5
f 7117/19/5 7118/10/5 7119/20/5
f 7117/19/5 7120/21/5 7118/10/5
f 7121/19/5 7122/10/5 7123/20/5
f 7121/19/5 7124/21/5 7122/10/5
f 7125/19/5 7126/10/5 7127/20/5
f 7125/19/5 7128/21/5 7126/10/5
f 7129/19/5 7130/10/5 7131/20/5
f 7129/19/5 7132/21/5 7130/10/5
f 7133/19/5 7134/10/5 7135/20/5
f 7133/19/5 7136/21/5 7134/10/5
f 7137/19/5 7138/10/5 7139/20/5
f 7137/19/5 7140/21/5 7138/10/5
f 7141/19/5 7142/10/5 7143/20/5
f 7141/19/5 7144/21/5 7142/10/5
f 7145/19/5 7146/10/5 7147/20/5
f 7145/19/5 7148/21/5 7146/10/5
f 7149/19/5 7150/10/5 7151/20/5
f 7149/19/5 7152/21/5 7150/10/5
f 7153/19/5 7154/10/5 7155/20/5
f 7153/19/5 7156/21/5 7154/10/5
f 7157/19/5 7158/10/5 7159/20/5
f 7157/19/5 7160/21/5 7158/10/5
f 7161/19/5 7162/10/5 7163/20/5
f 7161/19/5 7164/21/5 7162/10/5
f 7165/19/5 7166/10/5 7167/20/5
f 7165/19/5 7168/21/5 7166/10/5
f 7169/19/5 7170/10/5 7171/20/5
f 7169/19/5 7172/21/5 7170/10/5
f 7173/19/5 7174/10/5 7175/20/5
f 7173/19/5 7176/21/5 7174/10/5
f 7177/19/5 7178/10/5 7179/20/5
f 7177/19/5 7180/21/5 7178/10/5
f 7181/19/5 7182/10/5 7183/20/5
f 7181/19/5 7184/21/5 7182/10/5
f 7185/19/5 7186/10/5 7187/20/5
f 7185/19/5 7188/21/5 7186/10/5
f 7189/19/5 7190/10/5 7191/20/5
f 7189/19/5 7192/21/5 7190/10/5
f 7193/19/5 7194/10/5 7195/20/5
f 7193/19/5 7196/21/5 7194/10/5
f 7197/19/5 7198/10/5 7199/20/5
f 7197/19/5 7200/21/5 7198/10/5
f 7201/19/5 7202/10/5 7203/20/5
f 7201/19/5 7204/21/5 7202/10/5
f 7205/19/5 7206/10/5 7207/20/5
f 7205/19/5 7208/21/5 7206/10/5
f 7209/19/5 7210/10/5 7211/20/5
f 7209/19/5 7212/21/5 7210/10/5
f 7213/19/5 7214/10/5 7215/20/5
f 7213/19/5 7216/21/5 7214/10/5
f 7217/19/5 7218/10/5 7219/20/5
f 7217/19/5 7220/21/5 7218/10/5
f 7221/19/5 7222/10/5 7223/20/5
f 7221/19/5 7224/21/5 7222/10/5
f 7225/19/5 7226/10/5 7227/20/5
f 7225/19/5 7228/21/5 7226/10/5
f 7229/19/5 7230/10/5 7231/20/5
f 7229/19/5 7232/21/5 7230/10/5
f 7233/19/5 7234/10/5 7235/20/5
f 7233/19/5 7236/21/5 7234/10/5
f 7237/19/5 7238/10/5 7239/20/5
f 7237/19/5 7240/21/5 7238/10/5
f 7241/19/5 7242/10/5 7243/20/5
f 7241/19/5 7244/21/5 7242/10/5
f 7245/19/5 7246/10/5 7247/20/5
f 7245/19/5 7248/21/5 7246/10/5
f 7249/19/5 7250/10/5 7251/20/5
f 7249/19/5 7252/21/5 7250/10/5
f 7253/19/5 7254/10/5 7255/20/5
f 7253/19/5 7256/21/5 7254/10/5
f 7257/19/5 7258/10/5 7259/20/5
f 7257/19/5 7260/21/5 7258/10/5
f 7261/19/5 7262/10/5 7263/20/5
f 7261/19/5 7264/21/5 7262/10/5
f 7265/19/5 7266/10/5 7267/20/5
f 7265/19/5 7268/21/5 7266/10/5
f 7269/19/5 7270/10/5 7271/20/5
f 7269/19/5 7272/21/5 7270/10/5
f 7273/19/5 7274/10/5 7275/20/5
f 7273/19/5 7276/21/5 7274/10/5
f 7277/19/5 7278/10/5 7279/20/5
f 7277/19/5 7280/21/5 7278/10/5
f 7281/19/5 7282/10/5 7283/20/5
f 7281/19/5 7284/21/5 7282/10/5
f 7285/19/5 7286/10/5 7287/20/5
f 7285/19/5 7288/21/5 7286/10/5
f 7289/19/5 7290/10/5 7291/20/5
f 7289/19/5 7292/21/5 7290/10/5
f 7293/19/5 7294/10/5 7295/20/5
f 7293/19/5 7296/21/5 7294/10/5
f 7297/19/5 7298/10/5 7299/20/5
f 7297/19/5 7300/21/5 7298/10/5
f 7301/19/5 7302/10/5 7303/20/5
f 7301/19/5 7304/21/5 7302/10/5
f 7305/19/5 7306/10/5 7307/20/5
f 7305/19/5 7308/21/5 7306/10/5
f 7309/19/5 7310/10/5 7311/20/5
f 7309/19/5 7312/21/5 7310/10/5
f 7313/19/5 7314/10/5 7315/20/5
f 7313/19/5 7316/21/5 7314/10/5
f 7317/19/5 7318/10/5 7319/20/5
f 7317/19/5 7320/21/5 7318/10/5
f 7321/19/5 7322/10/5 7323/20/5
f 7321/19/5 7324/21/5 7322/10/5
f 7325/19/5 7326/10/5 7327/20/5
f 7325/19/5 7328/21/5 7326/10/5
f 7329/19/5 7330/10/5 7331/20/5
f 7329/19/5 7332/21/5 7330/10/5
f 7333/19/5 7334/10/5 7335/20/5
f 7333/19/5 7336/21/5 7334/10/5
f 7337/19/5 7338/10/5 7339/20/5
f 7337/19/5 7340/21/5 7338/10/5
f 7341/19/5 7342/10/5 7343/20/5
f 7341/19/5 7344/21/5 7342/10/5
f 7345/19/5 7346/10/5 7347/20/5
f 7345/19/5 7348/21/5 7346/10/5
f 7349/19/5 7350/10/5 7351/20/5
f 7349/19/5 7352/21/5 7350/10/5
f 7353/19/5 7354/10/5 7355/20/5
f 7353/19/5 7356/21/5 7354/10/5
f 7357/19/5 7358/10/5 7359/20/5
f 7357/19/5 7360/21/5 7358/10/5
f 7361/19/5 7362/10/5 7363/20/5
f 7361/19/5 7364/21/5 7362/10/5
f 7365/19/5 7366/10/5 7367/20/5
f 7365/19/5 7368/21/5 7366/10/5
f 7369/19/5 7370/10/5 7371/20/5
f 7369/19/5 7372/21/5 7370/10/5
f 7373/19/5 7374/10/5 7375/20/5
f 7373/19/5 7376/21/5 7374/10/5
f 7377/19/5 7378/10/5 7379/20/5
f 7377/19/5 7380/21/5 7378/10/5
f 7381/19/5 7382/10/5 7383/20/5
f 7381/19/5 7384/21/5 7382/10/5
f 7385/19/5 7386/10/5 7387/20/5
f 7385/19/5 7388/21/5 7386/10/5
f 7389/19/5 7390/10/5 7391/20/5
f 7389/19/5 7392/21/5 7390/10/5
f 7393/19/5 7394/10/5 7395/20/5
f 7393/19/5 7396/21/5 7394/10/5
f 7397/19/5 7398/10/5 7399/20/5
f 7397/19/5 7400/21/5 7398/10/5
f 7401/19/5 7402/10/5 7403/20/5
f 7401/19/5 7404/21/5 7402/10/5
f 7405/19/5 7406/10/5 7407/20/5
f 7405/19/5 7408/21/5 7406/10/5
f 7409/19/5 7410/10/5 7411/20/5
f 7409/19/5 7412/21/5 7410/10/5
f 7413/19/5 7414/10/5 7415/20/5
f 7413/19/5 7416/21/5 7414/10/5
f 7417/19/5 7418/10/5 7419/20/5
f 7417/19/5 7420/21/5 7418/10/5
f 7421/19/5 7422/10/5 7423/20/5
f 7421/19/5 7424/21/5 7422/10/5
f 7425/19/5 7426/10/5 7427/20/5
f 7425/19/5 7428/21/5 7426/10/5
f 7429/19/5 7430/10/5 7431/20/5
f 7429/19/5 7432/21/5 7430/10/5
f 7433/19/5 7434/10/5 7435/20/5
f 7433/19/5 7436/21/5 7434/10/5
f 7437/19/5 7438/10/5 7439/20/5
f 7437/19/5 7440/21/5 7438/10/5
f 7441/19/5 7442/10/5 7443/20/5
f 7441/19/5 7444/21/5 7442/10/5
f 7445/19/5 7446/10/5 7447/20/5
f 7445/19/5 7448/21/5 7446/10/5
f 7449/19/5 7450/10/5 7451/20/5
f 7449/19/5 7452/21/5 7450/10/5
f 7453/19/5 7454/10/5 7455/20/5
f 7453/19/5 7456/21/5 7454/10/5
f 7457/19/5 7458/10/5 7459/20/5
f 7457/19/5 7460/21/5 7458/10/5
f 7461/19/5 7462/10/5 7463/20/5
f 7461/19/5 7464/21/5 7462/10/5
f 7465/19/5 7466/10/5 7467/20/5
f 7465/19/5 7468/21/5 7466/10/5
f 7469/19/5 7470/10/5 7471/20/5
f 7469/19/5 7472/21/5 7470/10/5
f 7473/19/5 7474/10/5 7475/20/5
f 7473/19/5 7476/21/5 7474/10/5
f 7477/19/5 7478/10/5 7479/20/5
f 7477/19/5 7480/21/5 7478/10/5
f 7481/19/5 7482/10/5 7483/20/5
f 7481/19/5 7484/21/5 7482/10/5
f 7485/19/5 7486/10/5 7487/20/5
f 7485/19/5 7488/21/5 7486/10/5
f 7489/19/5 7490/10/5 7491/20/5
f 7489/19/5 7492/21/5 7490/10/5
f 7493/19/5 7494/10/5 7495/20/5
f 7493/19/5 7496/21/5 7494/10/5
f 7497/19/5 7498/10/5 7499/20/5
f 7497/19/5 7500/21/5 7498/10/5
f 7501/19/5 7502/10/5 7503/20/5
f 7501/19/5 7504/21/5 7502/10/5
f 7505/19/5 7506/10/5 7507/20/5
f 7505/19/5 7508/21/5 7506/10/5
f 7509/19/5 7510/10/5 7511/20/5
f 7509/19/5 7512/21/5 7510/10/5
f 7513/19/5 7514/10/5 7515/20/5
f 7513/19/5 7516/21/5 7514/10/5
f 7517/19/5 7518/10/5 7519/20/5
f 7517/19/5 7520/21/5 7518/10/5
f 7521/19/5 7522/10/5 7523/20/5
f 7521/19/5 7524/21/5 7522/10/5
f 7525/19/5 7526/10/5 7527/20/5
f 7525/19/5 7528/21/5 7526/10/5
f 7529/19/5 7530/10/5 7531/20/5
f 7529/19/5 7532/21/5 7530/10/5
f 7533/19/5 7534/10/5 7535/20/5
f 7533/19/5 7536/21/5 7534/10/5
f 7537/19/5 7538/10/5 7539/20/5
f 7537/19/5 7540/21/5 7538/10/5
f 7541/19/5 7542/10/5 7543/20/5
f 7541/19/5 7544/21/5 7542/10/5
f 7545/19/5 7546/10/5 7547/20/5
f 7545/19/5 7548/21/5 7546/10/5
f 7549/19/5 7550/10/5 7551/20/5
f 7549/19/5 7552/21/5 7550/10/5
f 7553/19/5 7554/10/5 7555/20/5
f 7553/19/5 7556/21/5 7554/10/5
f 7557/19/5 7558/10/5 7559/20/5
f 7557/19/5 7560/21/5 7558/10/5
f 7561/19/5 7562/10/5 7563/20/5
f 7561/19/5 7564/21/5 7562/10/5
f 7565/19/5 7566/10/5 7567/20/5
f 7565/19/5 7568/21/5 7566/10/5
f 7569/19/5 7570/10/5 7571/20/5
f 7569/19/5 7572/21/5 7570/10/5
f 7573/19/5 7574/10/5 7575/20/5
f 7573/19/5 7576/21/5 7574/10/5
f 7577/19/5 7578/10/5 7579/20/5
f 7577/19/5 7580/21/5 7578/10/5
f 7581/19/5 7582/10/5 7583/20/5
f 7581/19/5 7584/21/5 7582/10/5
f 7585/19/5 7586/10/5 7587/20/5
f 7585/19/5 7588/21/5 7586/10/5
f 7589/19/5 7590/10/5 7591/20/5
f 7589/19/5 7592/21/5 7590/10/5
f 7593/19/5 7594/10/5 7595/20/5
f 7593/19/5 7596/21/5 7594/10/5
f 7597/19/5 7598/10/5 7599/20/5
f 7597/19/5 7600/21/5 7598/10/5
f 7601/19/5 7602/10/5 7603/20/5
f 7601/19/5 7604/21/5 7602/10/5
f 7605/19/5 7606/10/5 7607/20/5
f 7605/19/5 7608/21/5 7606/10/5
f 7609/19/5 7610/10/5 7611/20/5
f 7609/19/5 7612/21/5 7610/10/5
f 7613/19/5 7614/10/5 7615/20/5
f 7613/19/5 7616/21/5 7614/10/5
f 7617/19/5 7618/10/5 7619/20/5
f 7617/19/5 7620/21/5 7618/10/5
f 7621/19/5 7622/10/5 7623/20/5
f 7621/19/5 7624/21/5 7622/10/5
f 7625/19/5 7626/10/5 7627/20/5
f 7625/19/5 7628/21/5 7626/10/5
f 7629/19/5 7630/10/5 7631/20/5
f 7629/19/5 7632/21/5 7630/10/5
f 7633/19/5 7634/10/5 7635/20/5
f 7633/19/5 7636/21/5 7634/10/5
f 7637/19/5 7638/10/5 7639/20/5
f 7637/19/5 7640/21/5 7638/10/5
f 7641/19/5 7642/10/5 7643/20/5
f 7641/19/5 7644/21/5 7642/10/5
f 7645/19/5 7646/10/5 7647/20/5
f 7645/19/5 7648/21/5 7646/10/5
f 7649/19/5 7650/10/5 7651/20/5
f 7649/19/5 7652/21/5 7650/10/5
f 7653/19/5 7654/10/5 7655/20/5
f 7653/19/5 7656/21/5 7654/10/5
f 7657/19/5 7658/10/5 7659/20/5
f 7657/19/5 7660/21/5 7658/10/5
f 7661/19/5 7662/10/5 7663/20/5
f 7661/19/5 7664/21/5 7662/10/5
f 7665/19/5 7666/10/5 7667/20/5
f 7665/19/5 7668/21/5 7666/10/5
f 7669/19/5 7670/10/5 7671/20/5
f 7669/19/5 7672/21/5 7670/10/5
f 7673/19/5 7674/10/5 7675/20/5
f 7673/19/5 7676/21/5 7674/10/5
f 7677/19/5 7678/10/5 7679/20/5
f 7677/19/5 7680/21/5 7678/10/5
f 7681/19/5 7682/10/5 7683/20/5
f 7681/19/5 7684/21/5 7682/10/5
f 7685/19/5 7686/10/5 7687/20/5
f 7685/19/5 7688/21/5 7686/10/5
f 7689/19/5 7690/10/5 7691/20/5
f 7689/19/5 7692/21/5 7690/10/5
f 7693/19/5 7694/10/5 7695/20/5
f 7693/19/5 7696/21/5 7694/10/5
f 7697/19/5 7698/10/5 7699/20/5
f 7697/19/5 7700/21/5 7698/10/5
f 7701/19/5 7702/10/5 7703/20/5
f 7701/19/5 7704/21/5 7702/10/5
f 7705/19/5 7706/10/5 7707/20/5
f 7705/19/5 7708/21/5 7706/10/5
f 7709/19/5 7710/10/5 7711/20/5
f 7709/19/5 7712/21/5 7710/10/5
f 7713/19/5 7714/10/5 7715/20/5
f 7713/19/5 7716/21/5 7714/10/5
f 7717/19/5 7718/10/5 7719/20/5
f 7717/19/5 7720/21/5 7718/10/5
f 7721/19/5 7722/10/5 7723/20/5
f 7721/19/5 7724/21/5 7722/10/5
f 7725/19/5 7726/10/5 7727/20/5
f 7725/19/5 7728/21/5 7726/10/5
f 7729/19/5 7730/10/5 7731/20/5
f 7729/19/5 7732/21/5 7730/10/5
f 7733/19/5 7734/10/5 7735/20/5
f 7733/19/5 7736/21/5 7734/10/5
f 7737/19/5 7738/10/5 7739/20/5
f 7737/19/5 7740/21/5 7738/10/5
f 7741/19/5 7742/10/5 7743/20/5
f 7741/19/5 7744/21/5 7742/10/5
f 7745/19/5 7746/10/5 7747/20/5
f 7745/19/5 7748/21/5 7746/10/5
f 7749/19/5 7750/10/5 7751/20/5
f 7749/19/5 7752/21/5 7750/10/5
f 7753/19/5 7754/10/5 7755/20/5
f 7753/19/5 7756/21/5 7754/10/5
f 7757/19/5 7758/10/5 7759/20/5
f 7757/19/5 7760/21/5 7758/10/5
f 7761/19/5 7762/10/5 7763/20/5
f 7761/19/5 7764/21/5 7762/10/5
f 7765/19/5 7766/10/5 7767/20/5
f 7765/19/5 7768/21/5 7766/10/5
f 7769/19/5 7770/10/5 7771/20/5
f 7769/19/5 7772/21/5 7770/10/5
f 7773/19/5 7774/10/5 7775/20/5
f 7773/19/5 7776/21/5 7774/10/5
f 7777/19/5 7778/10/5 7779/20/5
f 7777/19/5 7780/21/5 7778/10/5
f 7781/19/5 7782/10/5 7783/20/5
f 7781/19/5 7784/21/5 7782/10/5
f 7785/19/5 7786/10/5 7787/20/5
f 7785/19/5 7788/21/5 7786/10/5
f 7789/19/5 7790/10/5 7791/20/5
f 7789/19/5 7792/21/5 7790/10/5
f 7793/19/5 7794/10/5 7795/20/5
f 7793/19/5 7796/21/5 7794/10/5
f 7797/19/5 7798/10/5 7799/20/5
f 7797/19/5 7800/21/5 7798/10/5
f 7801/19/5 7802/10/5 7803/20/5
f 7801/19/5 7804/21/5 7802/10/5
f 7805/19/5 7806/10/5 7807/20/5
f 7805/19/5 7808/21/5 7806/10/5
f 7809/19/5 7810/10/5 7811/20/5
f 7809/19/5 7812/21/5 7810/10/5
f 7813/19/5 7814/10/5 7815/20/5
f 7813/19/5 7816/21/5 7814/10/5
f 7817/19/5 7818/10/5 7819/20/5
f 7817/19/5 7820/21/5 7818/10/5
f 7821/19/5 7822/10/5 7823/20/5
f 7821/19/5 7824/21/5 7822/10/5
f 7825/19/5 7826/10/5 7827/20/5
f 7825/19/5 7828/21/5 7826/10/5
f 7829/19/5 7830/10/5 7831/20/5
f 7829/19/5 7832/21/5 7830/10/5
f 7833/19/5 7834/10/5 7835/20/5
f 7833/19/5 7836/21/5 7834/10/5
f 7837/19/5 7838/10/5 7839/20/5
f 7837/19/5 7840/21/5 7838/10/5
f 7841/19/5 7842/10/5 7843/20/5
f 7841/19/5 7844/21/5 7842/10/5
f 7845/19/5 7846/10/5 7847/20/5
f 7845/19/5 7848/21/5 7846/10/5
f 7849/19/5 7850/10/5 7851/20/5
f 7849/19/5 7852/21/5 7850/10/5
f 7853/19/5 7854/10/5 7855/20/5
f 7853/19/5 7856/21/5 7854/10/5
f 7857/19/5 7858/10/5 7859/20/5
f 7857/19/5 7860/21/5 7858/10/5
f 7861/19/5 7862/10/5 7863/20/5
f 7861/19/5 7864/21/5 7862/10/5
f 7865/19/5 7866/10/5 7867/20/5
f 7865/19/5 7868/21/5 7866/10/5
f 7869/19/5 7870/10/5 7871/20/5
f 7869/19/5 7872/21/5 7870/10/5
f 7873/19/5 7874/10/5 7875/20/5
f 7873/19/5 7876/21/5 7874/10/5
f 7877/19/5 7878/10/5 7879/20/5
f 7877/19/5 7880/21/5 7878/10/5
f 7881/19/5 7882/10/5 7883/20/5
f 7881/19/5 7884/21/5 7882/10/5
f 7885/19/5 7886/10/5 7887/20/5
f 7885/19/5 7888/21/5 7886/10/5
f 7889/19/5 7890/10/5 7891/20/5
f 7889/19/5 7892/21/5 7890/10/5
f 7893/19/5 7894/10/5 7895/20/5
f 7893/19/5 7896/21/5 7894/10/5
f 7897/19/5 7898/10/5 7899/20/5
f 7897/19/5 7900/21/5 7898/10/5
f 7901/19/5 7902/10/5 7903/20/5
f 7901/19/5 7904/21/5 7902/10/5
f 7905/19/5 7906/10/5 7907/20/5
f 7905/19/5 7908/21/5 7906/10/5
f 7909/19/5 7910/10/5 7911/20/5
f 7909/19/5 7912/21/5 7910/10/5
f 7913/19/5 7914/10/5 7915/20/5
f 7913/19/5 7916/21/5 7914/10/5
f 7917/19/5 7918/10/5 7919/20/5
f 7917/19/5 7920/21/5 7918/10/5
f 7921/19/5 7922/10/5 7923/20/5
f 7921/19/5 7924/21/5 7922/10/5
f 7925/19/5 7926/10/5 7927/20/5
f 7925/19/5 7928/21/5 7926/10/5
f 7929/19/5 7930/10/5 7931/20/5
f 7929/19/5 7932/21/5 7930/10/5
f 7933/19/5 7934/10/5 7935/20/5
f 7933/19/5 7936/21/5 7934/10/5
f 7937/19/5 7938/10/5 7939/20/5
f 7937/19/5 7940/21/5 7938/10/5
f 7941/19/5 7942/10/5 7943/20/5
f 7941/19/5 7944/21/5 7942/10/5
f 7945/19/5 7946/10/5 7947/20/5
f 7945/19/5 7948/21/5 7946/10/5
f 7949/19/5 7950/10/5 7951/20/5
f 7949/19/5 7952/21/5 7950/10/5
f 7953/5/5 7954/2/5 7955/4/5
f 7953/5/5 7956/6/5 7954/2/5
f 7957/3/4 7958/4/4 7959/1/4
f 7957/3/4 7960/2/4 7958/4/4
f 7961/3/1 7962/4/1 7963/1/1
f 7961/3/1 7964/2/1 7962/4/1
f 7965/3/2 7966/4/2 7967/1/2
f 7965/3/2 7968/2/2 7966/4/2
f 7969/3/3 7970/4/3 7971/1/3
f 7969/3/3 7972/2/3 7970/4/3
f 7973/16/3 7974/4/3 7975/15/3
f 7973/16/3 7976/2/3 7974/4/3
f 7977/16/2 7978/4/2 7979/15/2
f 7977/16/2 7980/2/2 7978/4/2
f 7981/16/4 7982/4/4 7983/15/4
f 7981/16/4 7984/2/4 7982/4/4
f 7985/16/3 7986/4/3 7987/15/3
f 7985/16/3 7988/2/3 7986/4/3
f 7989/16/1 7990/4/1 7991/15/1
f 7989/16/1 7992/2/1 7990/4/1
f 7993/16/2 7994/4/2 7995/15/2
f 7993/16/2 7996/2/2 7994/4/2
f 7997/16/3 7998/4/3 7999/15/3
f 7997/16/3 8000/2/3 7998/4/3
f 8001/16/1 8002/4/1 8003/15/1
f 8001/16/1 8004/2/1 8002/4/1
f 8005/16/2 8006/4/2 8007/15/2
f 8005/16/2 8008/2/2 8006/4/2
f 8009/16/3 8010/4/3 8011/15/3
f 8009/16/3 8012/2/3 8010/4/3
f 8013/16/2 8014/4/2 8015/15/2
f 8013/16/2 8016/2/2 8014/4/2
f 8017/16/4 8018/4/4 8019/15/4
f 8017/16/4 8020/2/4 8018/4/4
f 8021/16/3 8022/4/3 8023/15/3
f 8021/16/3 8024/2/3 8022/4/3
f 8025/16/1 8026/4/1 8027/15/1
f 8025/16/1 8028/2/1 8026/4/1
f 8029/16/2 8030/4/2 8031/15/2
f 8029/16/2 8032/2/2 8030/4/2
f 8033/16/3 8034/4/3 8035/15/3
f 8033/16/3 8036/2/3 8034/4/3
f 8037/16/2 8038/4/2 8039/15/2
f 8037/16/2 8040/2/2 8038/4/2
f 8041/16/3 8042/4/3 8043/15/3
f 8041/16/3 8044/2/3 8042/4/3
f 8045/16/2 8046/4/2 8047/15/2
f 8045/16/2 8048/2/2 8046/4/2
f 8049/16/3 8050/4/3 8051/15/3
f 8049/16/3 8052/2/3 8050/4/3
f 8053/16/2 8054/4/2 8055/15/2
f 8053/16/2 8056/2/2 8054/4/2
f 8057/16/3 8058/4/3 8059/15/3
f 8057/16/3 8060/2/3 8058/4/3
f 8061/16/2 8062/4/2 8063/15/2
f 8061/16/2 8064/2/2 8062/4/2
f 8065/16/3 8066/4/3 8067/15/3
f 8065/16/3 8068/2/3 8066/4/3
f 8069/16/2 8070/4/2 8071/15/2
f 8069/16/2 8072/2/2 8070/4/2
f 8073/16/3 8074/4/3 8075/15/3
f 8073/16/3 8076/2/3 8074/4/3
f 8077/16/2 8078/4/2 8079/15/2
f 8077/16/2 8080/2/2 8078/4/2
f 8081/16/3 8082/4/3 8083/15/3
f 8081/16/3 8084/2/3 8082/4/3
f 8085/16/2 8086/4/2 8087/15/2
f 8085/16/2 8088/2/2 8086/4/2
f 8089/16/3 8090/4/3 8091/15/3
f 8089/16/3 8092/2/3 8090/4/3
f 8093/16/2 8094/4/2 8095/15/2
f 8093/16/2 8096/2/2 8094/4/2
f 8097/16/3 8098/4/3 8099/15/3
f 8097/16/3 8100/2/3 8098/4/3
f 8101/16/2 8102/4/2 8103/15/2
f 8101/16/2 8104/2/2 8102/4/2
f 8105/16/4 8106/4/4 8107/15/4
f 8105/16/4 8108/2/4 8106/4/4
f 8109/1/3 8110/2/3 8111/3/3
f 8109/1/3 8112/4/3 8110/2/3
f 8113/11/7 8114/12/7 8115/13/7
f 8113/11/7 8116/14/7 8114/12/7
f 8117/5/5 8118/2/5 8119/4/5
f 8117/5/5 8120/6/5 8118/2/5
f 8121/5/5 8122/2/5 8123/4/5
f 8121/5/5 8124/6/5 8122/2/5
f 8125/5/5 8126/2/5 8127/4/5
f 8125/5/5 8128/6/5 8126/2/5
f 8129/5/5 8130/2/5 8131/4/5
f 8129/5/5 8132/6/5 8130/2/5
f 8133/5/5 8134/2/5 8135/4/5
f 8133/5/5 8136/6/5 8134/2/5
f 8137/5/5 8138/2/5 8139/4/5
f 8137/5/5 8140/6/5 8138/2/5
f 8141/5/5 8142/2/5 8143/4/5
f 8141/5/5 8144/6/5 8142/2/5
f 8145/5/5 8146/2/5 8147/4/5
f 8145/5/5 8148/6/5 8146/2/5
f 8149/3/3 8150/4/3 8151/1/3
f 8149/3/3 8152/2/3 8150/4/3
f 8153/3/2 8154/4/2 8155/1/2
f 8153/3/2 8156/2/2 8154/4/2
f 8157/3/4 8158/4/4 8159/1/4
f 8157/3/4 8160/2/4 8158/4/4
f 8161/3/3 8162/4/3 8163/1/3
f 8161/3/3 8164/2/3 8162/4/3
f 8165/3/1 8166/4/1 8167/1/1
f 8165/3/1 8168/2/1 8166/4/1
f 8169/3/2 8170/4/2 8171/1/2
f 8169/3/2 8172/2/2 8170/4/2
f 8173/3/3 8174/4/3 8175/1/3
f 8173/3/3 8176/2/3 8174/4/3
f 8177/3/2 8178/4/2 8179/1/2
f 8177/3/2 8180/2/2 8178/4/2
f 8181/3/3 8182/4/3 8183/1/3
f 8181/3/3 8184/2/3 8182/4/3
f 8185/3/1 8186/4/1 8187/1/1
f 8185/3/1 8188/2/1 8186/4/1
f 8189/3/2 8190/4/2 8191/1/2
f 8189/3/2 8192/2/2 8190/4/2
f 8193/3/3 8194/4/3 8195/1/3
f 8193/3/3 8196/2/3 8194/4/3
f 8197/3/2 8198/4/2 8199/1/2
f 8197/3/2 8200/2/2 8198/4/2
f 8201/3/4 8202/4/4 8203/1/4
f 8201/3/4 8204/2/4 8202/4/4
f 8205/5/5 8206/2/5 8207/4/5
f 8205/5/5 8208/6/5 8206/2/5
f 8209/5/5 8210/2/5 8211/4/5
f 8209/5/5 8212/6/5 8210/2/5
f 8213/5/5 8214/2/5 8215/4/5
f 8213/5/5 8216/6/5 8214/2/5
f 8217/5/5 8218/2/5 8219/4/5
f 8217/5/5 8220/6/5 8218/2/5
f 8221/3/4 8222/4/4 8223/1/4
f 8221/3/4 8224/2/4 8222/4/4
f 8225/3/3 8226/4/3 8227/1/3
f 8225/3/3 8228/2/3 8226/4/3
f 8229/3/2 8230/4/2 8231/1/2
f 8229/3/2 8232/2/2 8230/4/2
f 8233/3/3 8234/4/3 8235/1/3
f 8233/3/3 8236/2/3 8234/4/3
f 8237/3/2 8238/4/2 8239/1/2
f 8237/3/2 8240/2/2 8238/4/2
f 8241/3/3 8242/4/3 8243/1/3
f 8241/3/3 8244/2/3 8242/4/3
f 8245/3/2 8246/4/2 8247/1/2
f 8245/3/2 8248/2/2 8246/4/2
f 8249/3/3 8250/4/3 8251/1/3
f 8249/3/3 8252/2/3 8250/4/3
f 8253/3/1 8254/4/1 8255/1/1
f 8253/3/1 8256/2/1 8254/4/1
f 8257/3/2 8258/4/2 8259/1/2
f 8257/3/2 8260/2/2 8258/4/2
f 8261/3/3 8262/4/3 8263/1/3
f 8261/3/3 8264/2/3 8262/4/3
f 8265/3/2 8266/4/2 8267/1/2
f 8265/3/2 8268/2/2 8266/4/2
f 8269/3/3 8270/4/3 8271/1/3
f 8269/3/3 8272/2/3 8270/4/3
f 8273/3/2 8274/4/2 8275/1/2
f 8273/3/2 8276/2/2 8274/4/2
f 8277/3/3 8278/4/3 8279/1/3
f 8277/3/3 8280/2/3 8278/4/3
f 8281/3/2 8282/4/2 8283/1/2
f 8281/3/2 8284/2/2 8282/4/2
f 8285/3/3 8286/4/3 8287/1/3
f 8285/3/3 8288/2/3 8286/4/3
f 8289/3/2 8290/4/2 8291/1/2
f 8289/3/2 8292/2/2 8290/4/2
f 8293/3/3 8294/4/3 8295/1/3
f 8293/3/3 8296/2/3 8294/4/3
f 8297/3/2 8298/4/2 8299/1/2
f 8297/3/2 8300/2/2 8298/4/2
f 8301/5/5 8302/2/5 8303/4/5
f 8301/5/5 8304/6/5 8302/2/5
f 8305/5/5 8306/2/5 8307/4/5
f 8305/5/5 8308/6/5 8306/2/5
f 8309/19/5 8310/10/5 8311/20/5
f 8309/19/5 8312/21/5 8310/10/5
f 8313/19/5 8314/10/5 8315/20/5
f 8313/19/5 8316/21/5 8314/10/5
f 8317/19/5 8318/10/5 8319/20/5
f 8317/19/5 8320/21/5 8318/10/5
f 8321/19/5 8322/10/5 8323/20/5
f 8321/19/5 8324/21/5 8322/10/5
f 8325/19/5 8326/10/5 8327/20/5
f 8325/19/5 8328/21/5 8326/10/5
f 8329/19/5 8330/10/5 8331/20/5
f 8329/19/5 8332/21/5 8330/10/5
f 8333/19/5 8334/10/5 8335/20/5
f 8333/19/5 8336/21/5 8334/10/5
f 8337/19/5 8338/10/5 8339/20/5
f 8337/19/5 8340/21/5 8338/10/5
f 8341/42/5 8342/39/5 8343/38/5
f 8341/42/5 8344/43/5 8342/39/5
f 8345/19/5 8346/10/5 8347/20/5
f 8345/19/5 8348/21/5 8346/10/5
f 8349/19/5 8350/10/5 8351/20/5
f 8349/19/5 8352/21/5 8350/10/5
f 8353/19/5 8354/10/5 8355/20/5
f 8353/19/5 8356/21/5 8354/10/5
f 8357/19/5 8358/10/5 8359/20/5
f 8357/19/5 8360/21/5 8358/10/5
f 8361/44/4 8362/45/4 8363/46/4
f 8361/44/4 8364/47/4 8362/45/4
f 8365/19/5 8366/10/5 8367/20/5
f 8365/19/5 8368/21/5 8366/10/5
f 8369/19/5 8370/10/5 8371/20/5
f 8369/19/5 8372/21/5 8370/10/5
f 8373/19/5 8374/10/5 8375/20/5
f 8373/19/5 8376/21/5 8374/10/5
f 8377/44/4 8378/45/4 8379/46/4
f 8377/44/4 8380/47/4 8378/45/4
f 8381/19/5 8382/10/5 8383/20/5
f 8381/19/5 8384/21/5 8382/10/5
f 8385/42/5 8386/39/5 8387/38/5
f 8385/42/5 8388/43/5 8386/39/5
f 8389/42/5 8390/39/5 8391/38/5
f 8389/42/5 8392/43/5 8390/39/5
f 8393/19/5 8394/10/5 8395/20/5
f 8393/19/5 8396/21/5 8394/10/5
f 8397/19/5 8398/10/5 8399/20/5
f 8397/19/5 8400/21/5 8398/10/5
f 8401/42/5 8402/39/5 8403/38/5
f 8401/42/5 8404/43/5 8402/39/5
f 8405/19/5 8406/10/5 8407/20/5
f 8405/19/5 8408/21/5 8406/10/5
f 8409/42/5 8410/39/5 8411/38/5
f 8409/42/5 8412/43/5 8410/39/5
f 8413/19/5 8414/10/5 8415/20/5
f 8413/19/5 8416/21/5 8414/10/5
f 8417/19/5 8418/10/5 8419/20/5
f 8417/19/5 8420/21/5 8418/10/5
f 8421/19/5 8422/10/5 8423/20/5
f 8421/19/5 8424/21/5 8422/10/5
f 8425/19/5 8426/10/5 8427/20/5
f 8425/19/5 8428/21/5 8426/10/5
f 8429/19/5 8430/10/5 8431/20/5
f 8429/19/5 8432/21/5 8430/10/5
f 8433/19/5 8434/10/5 8435/20/5
f 8433/19/5 8436/21/5 8434/10/5
f 8437/19/5 8438/10/5 8439/20/5
f 8437/19/5 8440/21/5 8438/10/5
f 8441/19/5 8442/10/5 8443/20/5
f 8441/19/5 8444/21/5 8442/10/5
f 8445/19/5 8446/10/5 8447/20/5
f 8445/19/5 8448/21/5 8446/10/5
f 8449/19/5 8450/10/5 8451/20/5
f 8449/19/5 8452/21/5 8450/10/5
f 8453/19/5 8454/10/5 8455/20/5
f 8453/19/5 8456/21/5 8454/10/5
f 8457/19/5 8458/10/5 8459/20/5
f 8457/19/5 8460/21/5 8458/10/5
