mtllib TreasuryBurnt.mtl
o Default
v 0 2.4 -10.4
v 0 2.56 -10.56
v 0 2.56 -10.4
v 0 2.4 -10.56
v 0 2.56 -10.24
v 0 2.72 -10.4
v 0 2.72 -10.24
v 0 0 0
v 0.16 0.16 0
v 0 0.16 0
v 0.16 0 0
v -1.28 0 -9.6
v -1.28 1.28 -8.32
v -1.28 1.28 -9.6
v -1.28 0 -8.32
v -1.28 0 -10.88
v -1.28 1.28 -10.88
v -1.28 1.28 -8.96
v -1.28 1.92 -8.32
v -1.28 1.92 -8.96
v -1.28 1.28 -10.24
v -1.28 1.92 -9.6
v -1.28 1.92 -10.24
v -1.28 1.92 -10.88
v 2.56 0 -8.32
v 2.56 1.28 -9.6
v 2.56 1.28 -8.32
v 2.56 0 -9.6
v 2.56 1.28 -10.88
v 2.56 0 -10.88
v 2.56 1.92 -9.6
v 2.56 1.92 -8.32
v 2.56 1.92 -10.88
v 0 0 -8.32
v 1.28 0 -8.64
v 0 0 -8.64
v 1.28 0 -8.32
v 0 0 -8
v 1.28 0 -8
v 0 0 -7.68
v 1.28 0 -7.68
v -1.28 0 -7.68
v -1.28 0 -8
v -1.28 0 -7.04
v 0 0 -7.36
v -1.28 0 -7.36
v 0 0 -7.04
v -1.28 0 -6.72
v 0 0 -6.72
v -1.28 0 -6.08
v 0 0 -6.4
v -1.28 0 -6.4
v 0 0 -6.08
v -1.28 0 -5.76
v 0 0 -5.76
v 1.28 0 -7.36
v 1.28 0 -7.04
v 1.28 0 -6.72
v 1.28 0 -6.4
v 1.28 0 -6.08
v 1.28 0 -5.76
v 2.56 0 -6.72
v 2.56 0 -6.4
v 2.56 0 -7.04
v 2.56 0 -7.36
v 2.56 0 -7.68
v 2.56 0 -8
v 2.56 0 -6.08
v 2.56 0 -5.76
v 1.28 1.92 -8.32
v 2.56 2.56 -8.32
v 1.28 2.56 -8.32
v 0 1.92 -8.32
v 0 2.56 -8.32
v -1.28 2.56 -8.32
v 0 1.92 -8.96
v 1.28 1.92 -8.96
v -1.28 0 -5.44
v -0.96 0 -5.76
v -0.96 0 -5.44
v -0.64 0 -5.76
v -0.64 0 -5.44
v -0.32 0 -5.76
v -0.32 0 -5.44
v 0 0 -5.44
v 1.28 0 -5.44
v -1.6 0 -7.68
v -1.6 0 -8
v -6.4 0 -7.36
v -6.08 0 -7.68
v -6.4 0 -7.68
v -6.08 0 -7.36
v -6.08 0 -8
v -6.4 0 -8
v 1.6 0 -5.76
v 1.6 0 -5.44
v 1.92 0 -5.76
v 1.92 0 -5.44
v 2.24 0 -5.76
v 2.24 0 -5.44
v 2.56 0 -5.44
v -1.28 0 -5.12
v -0.96 0 -5.12
v -0.64 0 -5.12
v -0.32 0 -5.12
v 0 0 -5.12
v 0.32 0 -5.44
v 0.32 0 -5.12
v 0.64 0 -5.44
v 0.64 0 -5.12
v 0.96 0 -5.44
v 0.96 0 -5.12
v 1.28 0 -5.12
v 1.6 0 -5.12
v 1.92 0 -5.12
v 2.24 0 -5.12
v 2.56 0 -5.12
v -1.28 0 -4.8
v -0.96 0 -4.8
v -0.64 0 -4.8
v -0.32 0 -4.8
v 0 0 -4.8
v 0.32 0 -4.8
v 0.64 0 -4.8
v 0.96 0 -4.8
v 1.28 0 -4.8
v 1.6 0 -4.8
v 1.92 0 -4.8
v 2.24 0 -4.8
v 2.56 0 -4.8
v -1.28 0 -4.48
v -0.96 0 -4.48
v -0.64 0 -4.48
v -0.32 0 -4.48
v 0 0 -4.48
v 0.32 0 -4.48
v 0.64 0 -4.48
v 0.96 0 -4.48
v 1.28 0 -4.48
v 1.6 0 -4.48
v 1.92 0 -4.48
v 2.24 0 -4.48
v 2.56 0 -4.48
v -1.28 0 -4.16
v -0.96 0 -4.16
v -0.64 0 -4.16
v -0.32 0 -4.16
v 0 0 -4.16
v 0.32 0 -4.16
v 0.64 0 -4.16
v 0.96 0 -4.16
v 1.28 0 -4.16
v 1.6 0 -4.16
v 1.92 0 -4.16
v 2.24 0 -4.16
v 2.56 0 -4.16
v -1.28 0 -3.84
v -0.96 0 -3.84
v -0.64 0 -3.84
v -0.32 0 -3.84
v 0 0 -3.84
v 0.32 0 -3.84
v 0.64 0 -3.84
v 0.96 0 -3.84
v 1.28 0 -3.84
v 1.6 0 -3.84
v 1.92 0 -3.84
v 2.24 0 -3.84
v 2.56 0 -3.84
v -1.28 0 -3.52
v -0.96 0 -3.52
v -0.64 0 -3.52
v -0.32 0 -3.52
v 0 0 -3.52
v 0.32 0 -3.52
v 0.64 0 -3.52
v 0.96 0 -3.52
v 1.28 0 -3.52
v 1.6 0 -3.52
v 1.92 0 -3.52
v 2.24 0 -3.52
v 2.56 0 -3.52
v -1.28 0 -3.2
v -0.96 0 -3.2
v -0.64 0 -3.2
v -0.32 0 -3.2
v 0 0 -3.2
v 0.32 0 -3.2
v 0.64 0 -3.2
v 0.96 0 -3.2
v 1.28 0 -3.2
v 1.6 0 -3.2
v 1.92 0 -3.2
v 2.24 0 -3.2
v 2.56 0 -3.2
v -1.28 0 -2.88
v -0.96 0 -2.88
v -0.64 0 -2.88
v -0.32 0 -2.88
v 0 0 -2.88
v 0.32 0 -2.88
v 0.64 0 -2.88
v 0.96 0 -2.88
v 1.28 0 -2.88
v 1.6 0 -2.88
v 1.92 0 -2.88
v 2.24 0 -2.88
v 2.56 0 -2.88
v -1.28 0 -2.56
v -0.96 0 -2.56
v -0.64 0 -2.56
v -0.32 0 -2.56
v 0 0 -2.56
v 0.32 0 -2.56
v 0.64 0 -2.56
v 0.96 0 -2.56
v 1.28 0 -2.56
v 1.6 0 -2.56
v 1.92 0 -2.56
v 2.24 0 -2.56
v 2.56 0 -2.56
v -1.28 0 -2.24
v -0.96 0 -2.24
v -0.64 0 -2.24
v -0.32 0 -2.24
v 0 0 -2.24
v 0.32 0 -2.24
v 0.64 0 -2.24
v 0.96 0 -2.24
v 1.28 0 -2.24
v 1.6 0 -2.24
v 1.92 0 -2.24
v 2.24 0 -2.24
v 2.56 0 -2.24
v 2.56 0 -11.84
v 2.88 0 -12.16
v 2.56 0 -12.16
v 2.88 0 -11.84
v 3.2 0 -12.16
v 3.2 0 -11.84
v 3.52 0 -12.16
v 3.52 0 -11.84
v 3.84 0 -12.16
v 3.84 0 -11.84
v 4.16 0 -12.16
v 4.16 0 -11.84
v 4.48 0 -12.16
v 4.48 0 -11.84
v 4.8 0 -12.16
v 4.8 0 -11.84
v 5.12 0 -12.16
v 5.12 0 -11.84
v 5.44 0 -12.16
v 5.44 0 -11.84
v 5.76 0 -12.16
v 5.76 0 -11.84
v 6.08 0 -12.16
v 6.08 0 -11.84
v 6.4 0 -12.16
v 6.4 0 -11.84
v 6.72 0 -12.16
v 6.72 0 -11.84
v 7.04 0 -12.16
v 7.04 0 -11.84
v 7.36 0 -12.16
v 7.36 0 -11.84
v 2.56 0 -11.52
v 2.88 0 -11.52
v 3.2 0 -11.52
v 3.52 0 -11.52
v 3.84 0 -11.52
v 4.16 0 -11.52
v 4.48 0 -11.52
v 4.8 0 -11.52
v 5.12 0 -11.52
v 5.44 0 -11.52
v 5.76 0 -11.52
v 6.08 0 -11.52
v 6.4 0 -11.52
v 6.72 0 -11.52
v 7.04 0 -11.52
v 7.36 0 -11.52
v 2.56 0 -11.200000000000001
v 2.88 0 -11.200000000000001
v 3.2 0 -11.200000000000001
v 3.52 0 -11.200000000000001
v 3.84 0 -11.200000000000001
v 4.16 0 -11.200000000000001
v 4.48 0 -11.200000000000001
v 4.8 0 -11.200000000000001
v 5.12 0 -11.200000000000001
v 5.44 0 -11.200000000000001
v 5.76 0 -11.200000000000001
v 6.08 0 -11.200000000000001
v 6.4 0 -11.200000000000001
v 6.72 0 -11.200000000000001
v 7.04 0 -11.200000000000001
v 7.36 0 -11.200000000000001
v 2.88 0 -10.88
v 3.2 0 -10.88
v 3.52 0 -10.88
v 3.84 0 -10.88
v 4.16 0 -10.88
v 4.48 0 -10.88
v 4.8 0 -10.88
v 5.12 0 -10.88
v 5.44 0 -10.88
v 5.76 0 -10.88
v 6.08 0 -10.88
v 6.4 0 -10.88
v 6.72 0 -10.88
v 7.04 0 -10.88
v 7.36 0 -10.88
v 2.56 0 -10.56
v 2.88 0 -10.56
v 3.2 0 -10.56
v 3.52 0 -10.56
v 3.84 0 -10.56
v 4.16 0 -10.56
v 4.48 0 -10.56
v 4.8 0 -10.56
v 5.12 0 -10.56
v 5.44 0 -10.56
v 5.76 0 -10.56
v 6.08 0 -10.56
v 6.4 0 -10.56
v 6.72 0 -10.56
v 7.04 0 -10.56
v 7.36 0 -10.56
v 2.56 0 -10.24
v 2.88 0 -10.24
v 3.2 0 -10.24
v 3.52 0 -10.24
v 3.84 0 -10.24
v 4.16 0 -10.24
v 4.48 0 -10.24
v 4.8 0 -10.24
v 5.12 0 -10.24
v 5.44 0 -10.24
v 5.76 0 -10.24
v 6.08 0 -10.24
v 6.4 0 -10.24
v 6.72 0 -10.24
v 7.04 0 -10.24
v 7.36 0 -10.24
v 2.56 0 -9.92
v 2.88 0 -9.92
v 3.2 0 -9.92
v 3.52 0 -9.92
v 3.84 0 -9.92
v 4.16 0 -9.92
v 4.48 0 -9.92
v 4.8 0 -9.92
v 5.12 0 -9.92
v 5.44 0 -9.92
v 5.76 0 -9.92
v 6.08 0 -9.92
v 6.4 0 -9.92
v 6.72 0 -9.92
v 7.04 0 -9.92
v 7.36 0 -9.92
v 2.88 0 -9.6
v 3.2 0 -9.6
v 3.52 0 -9.6
v 3.84 0 -9.6
v 4.16 0 -9.6
v 4.48 0 -9.6
v 4.8 0 -9.6
v 5.12 0 -9.6
v 5.44 0 -9.6
v 5.76 0 -9.6
v 6.08 0 -9.6
v 6.4 0 -9.6
v 6.72 0 -9.6
v 7.04 0 -9.6
v 7.36 0 -9.6
v 2.56 0 -9.28
v 2.88 0 -9.28
v 3.2 0 -9.28
v 3.52 0 -9.28
v 3.84 0 -9.28
v 4.16 0 -9.28
v 4.48 0 -9.28
v 4.8 0 -9.28
v 5.12 0 -9.28
v 5.44 0 -9.28
v 5.76 0 -9.28
v 6.08 0 -9.28
v 6.4 0 -9.28
v 6.72 0 -9.28
v 7.04 0 -9.28
v 7.36 0 -9.28
v 2.56 0 -8.96
v 2.88 0 -8.96
v 3.2 0 -8.96
v 3.52 0 -8.96
v 3.84 0 -8.96
v 4.16 0 -8.96
v 4.48 0 -8.96
v 4.8 0 -8.96
v 5.12 0 -8.96
v 5.44 0 -8.96
v 5.76 0 -8.96
v 6.08 0 -8.96
v 6.4 0 -8.96
v 6.72 0 -8.96
v 7.04 0 -8.96
v 7.36 0 -8.96
v 2.56 0 -8.64
v 2.88 0 -8.64
v 3.2 0 -8.64
v 3.52 0 -8.64
v 3.84 0 -8.64
v 4.16 0 -8.64
v 4.48 0 -8.64
v 4.8 0 -8.64
v 5.12 0 -8.64
v 5.44 0 -8.64
v 5.76 0 -8.64
v 6.08 0 -8.64
v 6.4 0 -8.64
v 6.72 0 -8.64
v 7.04 0 -8.64
v 7.36 0 -8.64
v 2.88 0 -8.32
v 3.2 0 -8.32
v 3.52 0 -8.32
v 3.84 0 -8.32
v 4.16 0 -8.32
v 4.48 0 -8.32
v 4.8 0 -8.32
v 5.12 0 -8.32
v 5.44 0 -8.32
v 5.76 0 -8.32
v 6.08 0 -8.32
v 6.4 0 -8.32
v 6.72 0 -8.32
v 7.04 0 -8.32
v 7.36 0 -8.32
v 2.88 0 -8
v 3.2 0 -8
v 3.52 0 -8
v 3.84 0 -8
v 4.16 0 -8
v 4.48 0 -8
v 4.8 0 -8
v 5.12 0 -8
v 5.44 0 -8
v 5.76 0 -8
v 6.08 0 -8
v 6.4 0 -8
v 6.72 0 -8
v 7.04 0 -8
v 7.36 0 -8
v 2.88 0 -7.36
v 2.88 0 -7.04
v 2.88 0 -7.68
v 3.2 0 -7.68
v 3.52 0 -7.68
v 3.84 0 -7.68
v 4.16 0 -7.68
v 4.48 0 -7.68
v 4.8 0 -7.68
v 5.12 0 -7.68
v 5.44 0 -7.68
v 5.76 0 -7.68
v 6.08 0 -7.68
v 6.4 0 -7.68
v 6.72 0 -7.68
v 7.04 0 -7.68
v 7.36 0 -7.68
v 3.2 0 -7.36
v 3.52 0 -7.36
v 3.84 0 -7.36
v 4.16 0 -7.36
v 4.48 0 -7.36
v 4.8 0 -7.36
v 5.12 0 -7.36
v 5.44 0 -7.36
v 5.76 0 -7.36
v 6.08 0 -7.36
v 6.4 0 -7.36
v 6.72 0 -7.36
v 7.04 0 -7.36
v 7.36 0 -7.36
v 2.88 0 -6.72
v 3.2 0 -7.04
v 3.52 0 -7.04
v 3.84 0 -7.04
v 4.16 0 -7.04
v 4.48 0 -7.04
v 4.8 0 -7.04
v 5.12 0 -7.04
v 5.44 0 -7.04
v 5.76 0 -7.04
v 6.08 0 -7.04
v 6.4 0 -7.04
v 6.72 0 -7.04
v 7.04 0 -7.04
v 7.36 0 -7.04
v 2.88 0 -6.4
v 3.2 0 -6.72
v 3.52 0 -6.72
v 3.84 0 -6.72
v 4.16 0 -6.72
v 4.48 0 -6.72
v 4.8 0 -6.72
v 5.12 0 -6.72
v 5.44 0 -6.72
v 5.76 0 -6.72
v 6.08 0 -6.72
v 6.4 0 -6.72
v 6.72 0 -6.72
v 7.04 0 -6.72
v 7.36 0 -6.72
v 2.88 0 -6.08
v 2.88 0 -5.76
v 3.2 0 -6.4
v 3.52 0 -6.4
v 3.84 0 -6.4
v 4.16 0 -6.4
v 4.48 0 -6.4
v 4.8 0 -6.4
v 5.12 0 -6.4
v 5.44 0 -6.4
v 5.76 0 -6.4
v 6.08 0 -6.4
v 6.4 0 -6.4
v 6.72 0 -6.4
v 7.04 0 -6.4
v 7.36 0 -6.4
v 3.2 0 -6.08
v 3.52 0 -6.08
v 3.84 0 -6.08
v 4.16 0 -6.08
v 4.48 0 -6.08
v 4.8 0 -6.08
v 5.12 0 -6.08
v 5.44 0 -6.08
v 5.76 0 -6.08
v 6.08 0 -6.08
v 6.4 0 -6.08
v 6.72 0 -6.08
v 7.04 0 -6.08
v 7.36 0 -6.08
v -6.72 0 -7.04
v -6.72 0 -7.36
v -6.4 0 -7.04
v 3.2 0 -5.76
v 3.52 0 -5.76
v 3.84 0 -5.76
v 4.16 0 -5.76
v 4.48 0 -5.76
v 4.8 0 -5.76
v 5.12 0 -5.76
v 5.44 0 -5.76
v 5.76 0 -5.76
v 6.08 0 -5.76
v 6.4 0 -5.76
v 6.72 0 -5.76
v 7.04 0 -5.76
v 7.36 0 -5.76
v 2.88 0 -5.44
v 3.2 0 -5.44
v 3.52 0 -5.44
v 3.84 0 -5.44
v 4.16 0 -5.44
v 4.48 0 -5.44
v 4.8 0 -5.44
v 5.12 0 -5.44
v 5.44 0 -5.44
v 5.76 0 -5.44
v 6.08 0 -5.44
v 6.4 0 -5.44
v 6.72 0 -5.44
v 7.04 0 -5.44
v 7.36 0 -5.44
v 2.88 0 -5.12
v 3.2 0 -5.12
v 3.52 0 -5.12
v 3.84 0 -5.12
v 4.16 0 -5.12
v 4.48 0 -5.12
v 4.8 0 -5.12
v 5.12 0 -5.12
v 5.44 0 -5.12
v 5.76 0 -5.12
v 6.08 0 -5.12
v 6.4 0 -5.12
v 6.72 0 -5.12
v 7.04 0 -5.12
v 7.36 0 -5.12
v 2.88 0 -4.8
v 3.2 0 -4.8
v 3.52 0 -4.8
v 3.84 0 -4.8
v 4.16 0 -4.8
v 4.48 0 -4.8
v 4.8 0 -4.8
v 5.12 0 -4.8
v 5.44 0 -4.8
v 5.76 0 -4.8
v 6.08 0 -4.8
v 6.4 0 -4.8
v 6.72 0 -4.8
v 7.04 0 -4.8
v 7.36 0 -4.8
v 2.88 0 -4.48
v 3.2 0 -4.48
v 3.52 0 -4.48
v 3.84 0 -4.48
v 4.16 0 -4.48
v 4.48 0 -4.48
v 4.8 0 -4.48
v 5.12 0 -4.48
v 5.44 0 -4.48
v 5.76 0 -4.48
v 6.08 0 -4.48
v 6.4 0 -4.48
v 6.72 0 -4.48
v 7.04 0 -4.48
v 7.36 0 -4.48
v 2.88 0 -4.16
v 3.2 0 -4.16
v 3.52 0 -4.16
v 3.84 0 -4.16
v 4.16 0 -4.16
v 4.48 0 -4.16
v 4.8 0 -4.16
v 5.12 0 -4.16
v 5.44 0 -4.16
v 5.76 0 -4.16
v 6.08 0 -4.16
v 6.4 0 -4.16
v 6.72 0 -4.16
v 7.04 0 -4.16
v 7.36 0 -4.16
v 2.88 0 -3.84
v 3.2 0 -3.84
v 3.52 0 -3.84
v 3.84 0 -3.84
v 4.16 0 -3.84
v 4.48 0 -3.84
v 4.8 0 -3.84
v 5.12 0 -3.84
v 5.44 0 -3.84
v 5.76 0 -3.84
v 6.08 0 -3.84
v 6.4 0 -3.84
v 6.72 0 -3.84
v 7.04 0 -3.84
v 7.36 0 -3.84
v 2.88 0 -3.52
v 3.2 0 -3.52
v 3.52 0 -3.52
v 3.84 0 -3.52
v 4.16 0 -3.52
v 4.48 0 -3.52
v 4.8 0 -3.52
v 5.12 0 -3.52
v 5.44 0 -3.52
v 5.76 0 -3.52
v 6.08 0 -3.52
v 6.4 0 -3.52
v 6.72 0 -3.52
v 7.04 0 -3.52
v 7.36 0 -3.52
v 2.88 0 -3.2
v 3.2 0 -3.2
v 3.52 0 -3.2
v 3.84 0 -3.2
v 4.16 0 -3.2
v 4.48 0 -3.2
v 4.8 0 -3.2
v 5.12 0 -3.2
v 5.44 0 -3.2
v 5.76 0 -3.2
v 6.08 0 -3.2
v 6.4 0 -3.2
v 6.72 0 -3.2
v 7.04 0 -3.2
v 7.36 0 -3.2
v 2.88 0 -2.88
v 3.2 0 -2.88
v 3.52 0 -2.88
v 3.84 0 -2.88
v 4.16 0 -2.88
v 4.48 0 -2.88
v 4.8 0 -2.88
v 5.12 0 -2.88
v 5.44 0 -2.88
v 5.76 0 -2.88
v 6.08 0 -2.88
v 6.4 0 -2.88
v 6.72 0 -2.88
v 7.04 0 -2.88
v 7.36 0 -2.88
v 2.88 0 -2.56
v 3.2 0 -2.56
v 3.52 0 -2.56
v 3.84 0 -2.56
v 4.16 0 -2.56
v 4.48 0 -2.56
v 4.8 0 -2.56
v 5.12 0 -2.56
v 5.44 0 -2.56
v 5.76 0 -2.56
v 6.08 0 -2.56
v 6.4 0 -2.56
v 6.72 0 -2.56
v 7.04 0 -2.56
v 7.36 0 -2.56
v 2.88 0 -2.24
v 3.2 0 -2.24
v 3.52 0 -2.24
v 3.84 0 -2.24
v 4.16 0 -2.24
v 4.48 0 -2.24
v 4.8 0 -2.24
v 5.12 0 -2.24
v 5.44 0 -2.24
v 5.76 0 -2.24
v 6.08 0 -2.24
v 6.4 0 -2.24
v 6.72 0 -2.24
v 7.04 0 -2.24
v 7.36 0 -2.24
v -6.08 0 -11.84
v -5.76 0 -12.16
v -6.08 0 -12.16
v -5.76 0 -11.84
v -5.44 0 -12.16
v -5.44 0 -11.84
v -5.12 0 -12.16
v -5.12 0 -11.84
v -4.8 0 -12.16
v -4.8 0 -11.84
v -4.48 0 -12.16
v -4.48 0 -11.84
v -4.16 0 -12.16
v -4.16 0 -11.84
v -3.84 0 -12.16
v -3.84 0 -11.84
v -3.52 0 -12.16
v -3.52 0 -11.84
v -3.2 0 -12.16
v -3.2 0 -11.84
v -2.88 0 -12.16
v -2.88 0 -11.84
v -2.56 0 -12.16
v -2.56 0 -11.84
v -2.24 0 -12.16
v -2.24 0 -11.84
v -1.92 0 -12.16
v -1.92 0 -11.84
v -1.6 0 -12.16
v -1.6 0 -11.84
v -1.28 0 -12.16
v -1.28 0 -11.84
v -6.08 0 -11.52
v -5.76 0 -11.52
v -5.44 0 -11.52
v -5.12 0 -11.52
v -4.8 0 -11.52
v -4.48 0 -11.52
v -4.16 0 -11.52
v -3.84 0 -11.52
v -3.52 0 -11.52
v -3.2 0 -11.52
v -2.88 0 -11.52
v -2.56 0 -11.52
v -2.24 0 -11.52
v -1.92 0 -11.52
v -1.6 0 -11.52
v -1.28 0 -11.52
v -6.08 0 -11.200000000000001
v -5.76 0 -11.200000000000001
v -5.44 0 -11.200000000000001
v -5.12 0 -11.200000000000001
v -4.8 0 -11.200000000000001
v -4.48 0 -11.200000000000001
v -4.16 0 -11.200000000000001
v -3.84 0 -11.200000000000001
v -3.52 0 -11.200000000000001
v -3.2 0 -11.200000000000001
v -2.88 0 -11.200000000000001
v -2.56 0 -11.200000000000001
v -2.24 0 -11.200000000000001
v -1.92 0 -11.200000000000001
v -1.6 0 -11.200000000000001
v -1.28 0 -11.200000000000001
v -6.08 0 -10.88
v -5.76 0 -10.88
v -5.44 0 -10.88
v -5.12 0 -10.88
v -4.8 0 -10.88
v -4.48 0 -10.88
v -4.16 0 -10.88
v -3.84 0 -10.88
v -3.52 0 -10.88
v -3.2 0 -10.88
v -2.88 0 -10.88
v -2.56 0 -10.88
v -2.24 0 -10.88
v -1.92 0 -10.88
v -1.6 0 -10.88
v -6.08 0 -10.56
v -5.76 0 -10.56
v -5.44 0 -10.56
v -5.12 0 -10.56
v -4.8 0 -10.56
v -4.48 0 -10.56
v -4.16 0 -10.56
v -3.84 0 -10.56
v -3.52 0 -10.56
v -3.2 0 -10.56
v -2.88 0 -10.56
v -2.56 0 -10.56
v -2.24 0 -10.56
v -1.92 0 -10.56
v -1.6 0 -10.56
v -1.28 0 -10.56
v -6.08 0 -10.24
v -5.76 0 -10.24
v -5.44 0 -10.24
v -5.12 0 -10.24
v -4.8 0 -10.24
v -4.48 0 -10.24
v -4.16 0 -10.24
v -3.84 0 -10.24
v -3.52 0 -10.24
v -3.2 0 -10.24
v -2.88 0 -10.24
v -2.56 0 -10.24
v -2.24 0 -10.24
v -1.92 0 -10.24
v -1.6 0 -10.24
v -1.28 0 -10.24
v -6.08 0 -9.92
v -5.76 0 -9.92
v -5.44 0 -9.92
v -5.12 0 -9.92
v -4.8 0 -9.92
v -4.48 0 -9.92
v -4.16 0 -9.92
v -3.84 0 -9.92
v -3.52 0 -9.92
v -3.2 0 -9.92
v -2.88 0 -9.92
v -2.56 0 -9.92
v -2.24 0 -9.92
v -1.92 0 -9.92
v -1.6 0 -9.92
v -1.28 0 -9.92
v -6.08 0 -9.6
v -5.76 0 -9.6
v -5.44 0 -9.6
v -5.12 0 -9.6
v -4.8 0 -9.6
v -4.48 0 -9.6
v -4.16 0 -9.6
v -3.84 0 -9.6
v -3.52 0 -9.6
v -3.2 0 -9.6
v -2.88 0 -9.6
v -2.56 0 -9.6
v -2.24 0 -9.6
v -1.92 0 -9.6
v -1.6 0 -9.6
v -6.08 0 -9.28
v -5.76 0 -9.28
v -5.44 0 -9.28
v -5.12 0 -9.28
v -4.8 0 -9.28
v -4.48 0 -9.28
v -4.16 0 -9.28
v -3.84 0 -9.28
v -3.52 0 -9.28
v -3.2 0 -9.28
v -2.88 0 -9.28
v -2.56 0 -9.28
v -2.24 0 -9.28
v -1.92 0 -9.28
v -1.6 0 -9.28
v -1.28 0 -9.28
v -6.08 0 -8.96
v -5.76 0 -8.96
v -5.44 0 -8.96
v -5.12 0 -8.96
v -4.8 0 -8.96
v -4.48 0 -8.96
v -4.16 0 -8.96
v -3.84 0 -8.96
v -3.52 0 -8.96
v -3.2 0 -8.96
v -2.88 0 -8.96
v -2.56 0 -8.96
v -2.24 0 -8.96
v -1.92 0 -8.96
v -1.6 0 -8.96
v -1.28 0 -8.96
v -6.08 0 -8.64
v -5.76 0 -8.64
v -5.44 0 -8.64
v -5.12 0 -8.64
v -4.8 0 -8.64
v -4.48 0 -8.64
v -4.16 0 -8.64
v -3.84 0 -8.64
v -3.52 0 -8.64
v -3.2 0 -8.64
v -2.88 0 -8.64
v -2.56 0 -8.64
v -2.24 0 -8.64
v -1.92 0 -8.64
v -1.6 0 -8.64
v -1.28 0 -8.64
v -6.08 0 -8.32
v -5.76 0 -8.32
v -5.44 0 -8.32
v -5.12 0 -8.32
v -4.8 0 -8.32
v -4.48 0 -8.32
v -4.16 0 -8.32
v -3.84 0 -8.32
v -3.52 0 -8.32
v -3.2 0 -8.32
v -2.88 0 -8.32
v -2.56 0 -8.32
v -2.24 0 -8.32
v -1.92 0 -8.32
v -1.6 0 -8.32
v -5.76 0 -8
v -5.44 0 -8
v -5.12 0 -8
v -4.8 0 -8
v -4.48 0 -8
v -4.16 0 -8
v -3.84 0 -8
v -3.52 0 -8
v -3.2 0 -8
v -2.88 0 -8
v -2.56 0 -8
v -2.24 0 -8
v -1.92 0 -8
v -5.76 0 -7.68
v -5.44 0 -7.68
v -5.12 0 -7.68
v -4.8 0 -7.68
v -4.48 0 -7.68
v -4.16 0 -7.68
v -3.84 0 -7.68
v -3.52 0 -7.68
v -3.2 0 -7.68
v -2.88 0 -7.68
v -2.56 0 -7.68
v -2.24 0 -7.68
v -1.92 0 -7.68
v -1.6 0 -7.36
v -5.76 0 -7.36
v -5.44 0 -7.36
v -5.12 0 -7.36
v -4.8 0 -7.36
v -4.48 0 -7.36
v -4.16 0 -7.36
v -3.84 0 -7.36
v -3.52 0 -7.36
v -3.2 0 -7.36
v -2.88 0 -7.36
v -2.56 0 -7.36
v -2.24 0 -7.36
v -1.92 0 -7.36
v -6.72 0 -7.68
v -6.72 0 -8
v -6.08 0 -7.04
v -5.76 0 -7.04
v -5.44 0 -7.04
v -5.12 0 -7.04
v -4.8 0 -7.04
v -4.48 0 -7.04
v -4.16 0 -7.04
v -3.84 0 -7.04
v -3.52 0 -7.04
v -3.2 0 -7.04
v -2.88 0 -7.04
v -2.56 0 -7.04
v -2.24 0 -7.04
v -1.92 0 -7.04
v -1.6 0 -7.04
v -6.08 0 -6.72
v -5.76 0 -6.72
v -5.44 0 -6.72
v -5.12 0 -6.72
v -4.8 0 -6.72
v -4.48 0 -6.72
v -4.16 0 -6.72
v -3.84 0 -6.72
v -3.52 0 -6.72
v -3.2 0 -6.72
v -2.88 0 -6.72
v -2.56 0 -6.72
v -2.24 0 -6.72
v -1.92 0 -6.72
v -1.6 0 -6.72
v -6.08 0 -6.4
v -5.76 0 -6.4
v -5.44 0 -6.4
v -5.12 0 -6.4
v -4.8 0 -6.4
v -4.48 0 -6.4
v -4.16 0 -6.4
v -3.84 0 -6.4
v -3.52 0 -6.4
v -3.2 0 -6.4
v -2.88 0 -6.4
v -2.56 0 -6.4
v -2.24 0 -6.4
v -1.92 0 -6.4
v -1.6 0 -6.4
v -6.08 0 -6.08
v -5.76 0 -6.08
v -5.44 0 -6.08
v -5.12 0 -6.08
v -4.8 0 -6.08
v -4.48 0 -6.08
v -4.16 0 -6.08
v -3.84 0 -6.08
v -3.52 0 -6.08
v -3.2 0 -6.08
v -2.88 0 -6.08
v -2.56 0 -6.08
v -2.24 0 -6.08
v -1.92 0 -6.08
v -6.4 0 -8.64
v -6.4 0 -8.96
v -6.08 0 -5.76
v -5.76 0 -5.76
v -5.44 0 -5.76
v -5.12 0 -5.76
v -4.8 0 -5.76
v -4.48 0 -5.76
v -4.16 0 -5.76
v -3.84 0 -5.76
v -3.52 0 -5.76
v -3.2 0 -5.76
v -2.88 0 -5.76
v -2.56 0 -5.76
v -2.24 0 -5.76
v -1.92 0 -5.76
v -1.6 0 -6.08
v -1.6 0 -5.76
v -6.08 0 -5.44
v -5.76 0 -5.44
v -5.44 0 -5.44
v -5.12 0 -5.44
v -4.8 0 -5.44
v -4.48 0 -5.44
v -4.16 0 -5.44
v -3.84 0 -5.44
v -3.52 0 -5.44
v -3.2 0 -5.44
v -2.88 0 -5.44
v -2.56 0 -5.44
v -2.24 0 -5.44
v -1.92 0 -5.44
v -1.6 0 -5.44
v -6.08 0 -5.12
v -5.76 0 -5.12
v -5.44 0 -5.12
v -5.12 0 -5.12
v -4.8 0 -5.12
v -4.48 0 -5.12
v -4.16 0 -5.12
v -3.84 0 -5.12
v -3.52 0 -5.12
v -3.2 0 -5.12
v -2.88 0 -5.12
v -2.56 0 -5.12
v -2.24 0 -5.12
v -1.92 0 -5.12
v -1.6 0 -5.12
v -6.08 0 -4.8
v -5.76 0 -4.8
v -5.44 0 -4.8
v -5.12 0 -4.8
v -4.8 0 -4.8
v -4.48 0 -4.8
v -4.16 0 -4.8
v -3.84 0 -4.8
v -3.52 0 -4.8
v -3.2 0 -4.8
v -2.88 0 -4.8
v -2.56 0 -4.8
v -2.24 0 -4.8
v -1.92 0 -4.8
v -1.6 0 -4.8
v -6.08 0 -4.48
v -5.76 0 -4.48
v -5.44 0 -4.48
v -5.12 0 -4.48
v -4.8 0 -4.48
v -4.48 0 -4.48
v -4.16 0 -4.48
v -3.84 0 -4.48
v -3.52 0 -4.48
v -3.2 0 -4.48
v -2.88 0 -4.48
v -2.56 0 -4.48
v -2.24 0 -4.48
v -1.92 0 -4.48
v -1.6 0 -4.48
v -6.08 0 -4.16
v -5.76 0 -4.16
v -5.44 0 -4.16
v -5.12 0 -4.16
v -4.8 0 -4.16
v -4.48 0 -4.16
v -4.16 0 -4.16
v -3.84 0 -4.16
v -3.52 0 -4.16
v -3.2 0 -4.16
v -2.88 0 -4.16
v -2.56 0 -4.16
v -2.24 0 -4.16
v -1.92 0 -4.16
v -1.6 0 -4.16
v -6.08 0 -3.84
v -5.76 0 -3.84
v -5.44 0 -3.84
v -5.12 0 -3.84
v -4.8 0 -3.84
v -4.48 0 -3.84
v -4.16 0 -3.84
v -3.84 0 -3.84
v -3.52 0 -3.84
v -3.2 0 -3.84
v -2.88 0 -3.84
v -2.56 0 -3.84
v -2.24 0 -3.84
v -1.92 0 -3.84
v -1.6 0 -3.84
v -6.08 0 -3.52
v -5.76 0 -3.52
v -5.44 0 -3.52
v -5.12 0 -3.52
v -4.8 0 -3.52
v -4.48 0 -3.52
v -4.16 0 -3.52
v -3.84 0 -3.52
v -3.52 0 -3.52
v -3.2 0 -3.52
v -2.88 0 -3.52
v -2.56 0 -3.52
v -2.24 0 -3.52
v -1.92 0 -3.52
v -1.6 0 -3.52
v -6.08 0 -3.2
v -5.76 0 -3.2
v -5.44 0 -3.2
v -5.12 0 -3.2
v -4.8 0 -3.2
v -4.48 0 -3.2
v -4.16 0 -3.2
v -3.84 0 -3.2
v -3.52 0 -3.2
v -3.2 0 -3.2
v -2.88 0 -3.2
v -2.56 0 -3.2
v -2.24 0 -3.2
v -1.92 0 -3.2
v -1.6 0 -3.2
v -6.08 0 -2.88
v -5.76 0 -2.88
v -5.44 0 -2.88
v -5.12 0 -2.88
v -4.8 0 -2.88
v -4.48 0 -2.88
v -4.16 0 -2.88
v -3.84 0 -2.88
v -3.52 0 -2.88
v -3.2 0 -2.88
v -2.88 0 -2.88
v -2.56 0 -2.88
v -2.24 0 -2.88
v -1.92 0 -2.88
v -1.6 0 -2.88
v -6.08 0 -2.56
v -5.76 0 -2.56
v -5.44 0 -2.56
v -5.12 0 -2.56
v -4.8 0 -2.56
v -4.48 0 -2.56
v -4.16 0 -2.56
v -3.84 0 -2.56
v -3.52 0 -2.56
v -3.2 0 -2.56
v -2.88 0 -2.56
v -2.56 0 -2.56
v -2.24 0 -2.56
v -1.92 0 -2.56
v -1.6 0 -2.56
v -6.08 0 -2.24
v -5.76 0 -2.24
v -5.44 0 -2.24
v -5.12 0 -2.24
v -4.8 0 -2.24
v -4.48 0 -2.24
v -4.16 0 -2.24
v -3.84 0 -2.24
v -3.52 0 -2.24
v -3.2 0 -2.24
v -2.88 0 -2.24
v -2.56 0 -2.24
v -2.24 0 -2.24
v -1.92 0 -2.24
v -1.6 0 -2.24
v -6.4 0 -11.200000000000001
v -6.4 0 -11.52
v -6.4 0 -10.88
v -6.72 0 -10.56
v -6.72 0 -10.88
v -6.4 0 -10.56
v -6.72 0 -10.24
v -6.4 0 -10.24
v -6.4 0 -9.92
v -6.4 0 -9.28
v -6.4 0 -9.6
v -6.72 0 -9.92
v -6.72 0 -9.6
v -6.72 0 -9.28
v -6.72 0 -8.64
v -6.72 0 -8.96
v -6.72 0 -8.32
v -6.4 0 -8.32
v -7.36 0 -8
v -7.04 0 -8.32
v -7.36 0 -8.32
v -7.04 0 -8
v -7.36 0 -7.68
v -7.04 0 -7.68
v -7.36 0 -7.36
v -7.04 0 -7.36
v -7.04 0 -7.04
v -6.4 0 -6.72
v -5.44 0 -1.92
v -5.12 0 -1.92
v -4.8 0 -1.92
v -4.48 0 -1.92
v -4.16 0 -1.92
v -3.84 0 -1.92
v -3.52 0 -1.92
v -3.2 0 -1.92
v -2.88 0 -1.92
v -2.56 0 -1.92
v -2.24 0 -1.92
v -1.92 0 -1.92
v -1.6 0 -1.92
v -1.28 0 -1.92
v -0.96 0 -1.92
v -0.64 0 -1.92
v -0.32 0 -1.92
v 0 0 -1.92
v 0.32 0 -1.92
v 0.64 0 -1.92
v 0.96 0 -1.92
v 1.28 0 -1.92
v 1.6 0 -1.92
v 1.92 0 -1.92
v 2.24 0 -1.92
v 2.56 0 -1.92
v 2.88 0 -1.92
v 3.2 0 -1.92
v 3.52 0 -1.92
v 3.84 0 -1.92
v 4.16 0 -1.92
v 4.48 0 -1.92
v 4.8 0 -1.92
v 5.12 0 -1.92
v 5.44 0 -1.92
v 5.76 0 -1.92
v 6.08 0 -1.92
v 6.4 0 -1.92
v -5.44 0 -1.6
v -5.12 0 -1.6
v -4.8 0 -1.6
v -4.48 0 -1.6
v -4.16 0 -1.6
v -3.84 0 -1.6
v -3.52 0 -1.6
v -3.2 0 -1.6
v -2.88 0 -1.6
v -2.56 0 -1.6
v -2.24 0 -1.6
v -1.92 0 -1.6
v -1.6 0 -1.6
v -1.28 0 -1.6
v -0.96 0 -1.6
v -0.64 0 -1.6
v -0.32 0 -1.6
v 0 0 -1.6
v 0.32 0 -1.6
v 0.64 0 -1.6
v 0.96 0 -1.6
v 1.28 0 -1.6
v 1.6 0 -1.6
v 1.92 0 -1.6
v 2.24 0 -1.6
v 2.56 0 -1.6
v 2.88 0 -1.6
v 3.2 0 -1.6
v 3.52 0 -1.6
v 3.84 0 -1.6
v 4.16 0 -1.6
v 4.48 0 -1.6
v 4.8 0 -1.6
v 5.12 0 -1.6
v 5.44 0 -1.6
v 5.76 0 -1.6
v 6.08 0 -1.6
v 6.4 0 -1.6
v -5.44 0 -1.28
v -5.12 0 -1.28
v -4.8 0 -1.28
v -4.48 0 -1.28
v -4.16 0 -1.28
v -3.84 0 -1.28
v -3.52 0 -1.28
v -3.2 0 -1.28
v -2.88 0 -1.28
v -2.56 0 -1.28
v -2.24 0 -1.28
v -1.92 0 -1.28
v -1.6 0 -1.28
v -1.28 0 -1.28
v -0.96 0 -1.28
v -0.64 0 -1.28
v -0.32 0 -1.28
v 0 0 -1.28
v 0.32 0 -1.28
v 0.64 0 -1.28
v 0.96 0 -1.28
v 1.28 0 -1.28
v 1.6 0 -1.28
v 1.92 0 -1.28
v 2.24 0 -1.28
v 2.56 0 -1.28
v 2.88 0 -1.28
v 3.2 0 -1.28
v 3.52 0 -1.28
v 3.84 0 -1.28
v 4.16 0 -1.28
v 4.48 0 -1.28
v 4.8 0 -1.28
v 5.12 0 -1.28
v 5.44 0 -1.28
v 5.76 0 -1.28
v 6.08 0 -1.28
v 6.4 0 -1.28
v 4.16 0 -0.96
v 4.48 0 -0.96
v 1.92 0 -0.96
v 2.24 0 -0.96
v 1.6 0 -0.96
v 2.56 0 -0.96
v 2.88 0 -0.96
v 3.2 0 -0.96
v 3.52 0 -0.96
v 3.84 0 -0.96
v -2.88 0 -0.96
v -2.56 0 -0.96
v -3.2 0 -0.96
v -3.52 0 -0.96
v -1.6 0 -0.96
v -1.28 0 -0.96
v 7.68 0 -7.68
v 7.68 0 -7.36
v 7.68 0 -8
v 8 0 -8.32
v 7.68 0 -8.32
v 8 0 -8
v 7.68 0 -8.96
v 7.68 0 -8.64
v 7.68 0 -9.28
v 8 0 -9.6
v 7.68 0 -9.6
v 8 0 -9.28
v 7.68 0 -7.04
v 7.68 0 -6.72
v 7.68 0 -6.4
v 8 0 -8.64
v 8 0 -8.96
v 7.68 0 -9.92
v 8 0 -10.24
v 7.68 0 -10.24
v 8 0 -9.92
v 8 0 -10.56
v 7.68 0 -10.56
v 7.68 0 -10.88
v 7.68 0 -5.44
v 7.68 0 -5.12
v 7.68 0 -5.76
v 7.68 0 -6.08
v -6.4 0 -4.16
v -6.4 0 -4.48
v -6.4 0 -4.8
v -6.4 0 -5.12
v -6.4 0 -5.44
v -6.4 0 -5.76
v -6.72 0 -6.08
v -6.4 0 -6.4
v -6.72 0 -6.4
v -6.4 0 -6.08
v -6.72 0 -6.72
v -6.72 0 -5.44
v -6.72 0 -5.76
v -0.11 0 -11.200000000000001
v 0.49 1.92 -11.200000000000001
v -0.11 1.92 -11.200000000000001
v 0.49 0 -11.200000000000001
v 2.5500000000000003 0 -11.200000000000001
v 2.5500000000000003 1.92 -10.56
v 2.5500000000000003 1.92 -11.200000000000001
v 2.5500000000000003 0 -10.56
v 1.09 1.92 -11.200000000000001
v 1.09 0 -11.200000000000001
v 2.5500000000000003 0 -9.28
v 2.5500000000000003 1.92 -8.64
v 2.5500000000000003 1.92 -9.28
v 2.5500000000000003 0 -8.64
v 2.5500000000000003 0 -9.92
v 2.5500000000000003 1.92 -9.92
v 1.69 1.92 -11.200000000000001
v 1.69 0 -11.200000000000001
v 2.29 1.92 -11.200000000000001
v 2.29 0 -11.200000000000001
v 2.59 1.92 -11.200000000000001
v 2.59 0 -11.200000000000001
v -1.28 1.92 -11.200000000000001
v -1.28 1.92 -10.56
v 0 0 -11.200000000000001
v 0 0 -9.92
v 1.28 0 -11.200000000000001
v 1.28 0 -9.92
v 1.28 1.92 -11.200000000000001
v 2.56 1.92 -9.92
v 1.28 1.92 -9.92
v 2.56 1.92 -11.200000000000001
v 0 1.92 -9.92
v -1.28 1.92 -9.92
v 0 1.92 -11.200000000000001
v 1.28 1.92 -8.64
v 0 1.92 -8.64
v 2.56 1.92 -8.64
v -1.28 1.92 -8.64
v -1.28 1.92 -9.28
v -1.31 0 -11.200000000000001
v -0.71 1.92 -11.200000000000001
v -1.31 1.92 -11.200000000000001
v -0.71 0 -11.200000000000001
v 1.92 0 -8.32
v 1.92 1.92 -8.32
v -0.64 0 -8.32
v -0.64 1.92 -8.32
v -0.64 0 -8.64
v -0.64 1.92 -8.64
v 1.92 0 -8.64
v 1.92 1.92 -8.64
vt 0 0.9375
vt 0.0625 1
vt 0 1
vt 0.0625 0.9375
vt 0 0.5
vt 0.5 1
vt 0.5 0.5
vt 0 0.75
vt 0.25 1
vt 0.25 0.75
vt 0.5 0.75
vt 0 0.875
vt 0.5 0.875
vt 0 0.625
vt 0.5 0.625
vt 0.625 1
vt 0.625 0.875
vt 0.375 0.875
vt 0.375 1
vt 0.125 1
vt 0.125 0.875
vt 0.25 0.875
vt 0.515625 0.125
vt 0.75 0.875
vt 0.515625 0.875
vt 0.75 0.125
vt 0.5 0.125
vt 0.6328125 0.875
vt 0.6328125 0.125
vt 0 0
vt 0.5 0
vt 0.625 0.125
vn 1 0 0
vn 0 0 1
vn -1 0 0
vn 0 1 0
vn 0 -1 0
vn 0 0 -1
g Scene
usemtl HouseTileset
f 1/1/1 2/2/1 3/3/1
f 1/1/1 4/4/1 2/2/1
f 5/1/1 6/2/1 7/3/1
f 5/1/1 3/4/1 6/2/1
f 8/1/2 9/2/2 10/3/2
f 8/1/2 11/4/2 9/2/2
usemtl 0
f 12/5/3 13/6/3 14/3/3
f 12/5/3 15/7/3 13/6/3
f 16/5/3 14/6/3 17/3/3
f 16/5/3 12/7/3 14/6/3
f 18/8/3 19/9/3 20/3/3
f 18/8/3 13/10/3 19/9/3
f 21/8/3 22/9/3 23/3/3
f 21/8/3 14/10/3 22/9/3
f 14/8/3 20/9/3 22/3/3
f 14/8/3 18/10/3 20/9/3
f 17/8/3 23/9/3 24/3/3
f 17/8/3 21/10/3 23/9/3
f 25/5/1 26/6/1 27/3/1
f 25/5/1 28/7/1 26/6/1
f 28/5/1 29/6/1 26/3/1
f 28/5/1 30/7/1 29/6/1
f 27/8/1 31/6/1 32/3/1
f 27/8/1 26/11/1 31/6/1
f 26/8/1 33/6/1 31/3/1
f 26/8/1 29/11/1 33/6/1
usemtl HouseTileset
f 34/12/4 35/6/4 36/3/4
f 34/12/4 37/13/4 35/6/4
f 38/12/4 37/6/4 34/3/4
f 38/12/4 39/13/4 37/6/4
f 40/12/4 39/6/4 38/3/4
f 40/12/4 41/13/4 39/6/4
f 42/12/4 38/6/4 43/3/4
f 42/12/4 40/13/4 38/6/4
f 43/12/4 34/6/4 15/3/4
f 43/12/4 38/13/4 34/6/4
f 44/12/4 45/6/4 46/3/4
f 44/12/4 47/13/4 45/6/4
f 48/12/4 47/6/4 44/3/4
f 48/12/4 49/13/4 47/6/4
f 50/12/4 51/6/4 52/3/4
f 50/12/4 53/13/4 51/6/4
f 54/12/4 53/6/4 50/3/4
f 54/12/4 55/13/4 53/6/4
f 52/12/4 49/6/4 48/3/4
f 52/12/4 51/13/4 49/6/4
f 46/12/4 40/6/4 42/3/4
f 46/12/4 45/13/4 40/6/4
f 45/12/4 41/6/4 40/3/4
f 45/12/4 56/13/4 41/6/4
f 47/12/4 56/6/4 45/3/4
f 47/12/4 57/13/4 56/6/4
f 49/12/4 57/6/4 47/3/4
f 49/12/4 58/13/4 57/6/4
f 51/12/4 58/6/4 49/3/4
f 51/12/4 59/13/4 58/6/4
f 55/12/4 60/6/4 53/3/4
f 55/12/4 61/13/4 60/6/4
f 59/12/4 62/6/4 58/3/4
f 59/12/4 63/13/4 62/6/4
f 58/12/4 64/6/4 57/3/4
f 58/12/4 62/13/4 64/6/4
f 57/12/4 65/6/4 56/3/4
f 57/12/4 64/13/4 65/6/4
f 56/12/4 66/6/4 41/3/4
f 56/12/4 65/13/4 66/6/4
f 41/12/4 67/6/4 39/3/4
f 41/12/4 66/13/4 67/6/4
f 60/12/4 63/6/4 59/3/4
f 60/12/4 68/13/4 63/6/4
f 53/12/4 59/6/4 51/3/4
f 53/12/4 60/13/4 59/6/4
f 39/12/4 25/6/4 37/3/4
f 39/12/4 67/13/4 25/6/4
f 61/12/4 68/6/4 60/3/4
f 61/12/4 69/13/4 68/6/4
usemtl 0
f 70/14/2 71/13/2 72/12/2
f 70/14/2 32/15/2 71/13/2
f 73/14/2 72/13/2 74/12/2
f 73/14/2 70/15/2 72/13/2
f 19/14/2 74/13/2 75/12/2
f 19/14/2 73/15/2 74/13/2
f 76/14/5 70/13/5 73/12/5
f 76/14/5 77/15/5 70/13/5
usemtl HouseTileset
f 78/13/4 79/16/4 54/6/4
f 78/13/4 80/17/4 79/16/4
f 80/13/4 81/16/4 79/6/4
f 80/13/4 82/17/4 81/16/4
f 82/13/4 83/16/4 81/6/4
f 82/13/4 84/17/4 83/16/4
f 84/13/4 55/16/4 83/6/4
f 84/13/4 85/17/4 55/16/4
f 85/12/4 61/6/4 55/3/4
f 85/12/4 86/13/4 61/6/4
f 87/18/4 43/6/4 88/19/4
f 87/18/4 42/13/4 43/6/4
f 89/13/4 90/16/4 91/6/4
f 89/13/4 92/17/4 90/16/4
f 91/13/4 93/16/4 94/6/4
f 91/13/4 90/17/4 93/16/4
f 86/13/4 95/16/4 61/6/4
f 86/13/4 96/17/4 95/16/4
f 96/13/4 97/16/4 95/6/4
f 96/13/4 98/17/4 97/16/4
f 98/13/4 99/16/4 97/6/4
f 98/13/4 100/17/4 99/16/4
f 100/13/4 69/16/4 99/6/4
f 100/13/4 101/17/4 69/16/4
f 102/13/4 80/16/4 78/6/4
f 102/13/4 103/17/4 80/16/4
f 103/13/4 82/16/4 80/6/4
f 103/13/4 104/17/4 82/16/4
f 104/13/4 84/16/4 82/6/4
f 104/13/4 105/17/4 84/16/4
f 105/13/4 85/16/4 84/6/4
f 105/13/4 106/17/4 85/16/4
f 106/13/4 107/16/4 85/6/4
f 106/13/4 108/17/4 107/16/4
f 108/13/4 109/16/4 107/6/4
f 108/13/4 110/17/4 109/16/4
f 110/13/4 111/16/4 109/6/4
f 110/13/4 112/17/4 111/16/4
f 112/13/4 86/16/4 111/6/4
f 112/13/4 113/17/4 86/16/4
f 113/13/4 96/16/4 86/6/4
f 113/13/4 114/17/4 96/16/4
f 114/13/4 98/16/4 96/6/4
f 114/13/4 115/17/4 98/16/4
f 115/13/4 100/16/4 98/6/4
f 115/13/4 116/17/4 100/16/4
f 116/13/4 101/16/4 100/6/4
f 116/13/4 117/17/4 101/16/4
f 118/13/4 103/16/4 102/6/4
f 118/13/4 119/17/4 103/16/4
f 119/13/4 104/16/4 103/6/4
f 119/13/4 120/17/4 104/16/4
f 120/13/4 105/16/4 104/6/4
f 120/13/4 121/17/4 105/16/4
f 121/13/4 106/16/4 105/6/4
f 121/13/4 122/17/4 106/16/4
f 122/13/4 108/16/4 106/6/4
f 122/13/4 123/17/4 108/16/4
f 123/13/4 110/16/4 108/6/4
f 123/13/4 124/17/4 110/16/4
f 124/13/4 112/16/4 110/6/4
f 124/13/4 125/17/4 112/16/4
f 125/13/4 113/16/4 112/6/4
f 125/13/4 126/17/4 113/16/4
f 126/13/4 114/16/4 113/6/4
f 126/13/4 127/17/4 114/16/4
f 127/13/4 115/16/4 114/6/4
f 127/13/4 128/17/4 115/16/4
f 128/13/4 116/16/4 115/6/4
f 128/13/4 129/17/4 116/16/4
f 129/13/4 117/16/4 116/6/4
f 129/13/4 130/17/4 117/16/4
f 131/13/4 119/16/4 118/6/4
f 131/13/4 132/17/4 119/16/4
f 132/13/4 120/16/4 119/6/4
f 132/13/4 133/17/4 120/16/4
f 133/13/4 121/16/4 120/6/4
f 133/13/4 134/17/4 121/16/4
f 134/13/4 122/16/4 121/6/4
f 134/13/4 135/17/4 122/16/4
f 135/13/4 123/16/4 122/6/4
f 135/13/4 136/17/4 123/16/4
f 136/13/4 124/16/4 123/6/4
f 136/13/4 137/17/4 124/16/4
f 137/13/4 125/16/4 124/6/4
f 137/13/4 138/17/4 125/16/4
f 138/13/4 126/16/4 125/6/4
f 138/13/4 139/17/4 126/16/4
f 139/13/4 127/16/4 126/6/4
f 139/13/4 140/17/4 127/16/4
f 140/13/4 128/16/4 127/6/4
f 140/13/4 141/17/4 128/16/4
f 141/13/4 129/16/4 128/6/4
f 141/13/4 142/17/4 129/16/4
f 142/13/4 130/16/4 129/6/4
f 142/13/4 143/17/4 130/16/4
f 144/13/4 132/16/4 131/6/4
f 144/13/4 145/17/4 132/16/4
f 145/13/4 133/16/4 132/6/4
f 145/13/4 146/17/4 133/16/4
f 146/13/4 134/16/4 133/6/4
f 146/13/4 147/17/4 134/16/4
f 147/13/4 135/16/4 134/6/4
f 147/13/4 148/17/4 135/16/4
f 148/13/4 136/16/4 135/6/4
f 148/13/4 149/17/4 136/16/4
f 149/13/4 137/16/4 136/6/4
f 149/13/4 150/17/4 137/16/4
f 150/13/4 138/16/4 137/6/4
f 150/13/4 151/17/4 138/16/4
f 151/13/4 139/16/4 138/6/4
f 151/13/4 152/17/4 139/16/4
f 152/13/4 140/16/4 139/6/4
f 152/13/4 153/17/4 140/16/4
f 153/13/4 141/16/4 140/6/4
f 153/13/4 154/17/4 141/16/4
f 154/13/4 142/16/4 141/6/4
f 154/13/4 155/17/4 142/16/4
f 155/13/4 143/16/4 142/6/4
f 155/13/4 156/17/4 143/16/4
f 157/13/4 145/16/4 144/6/4
f 157/13/4 158/17/4 145/16/4
f 158/13/4 146/16/4 145/6/4
f 158/13/4 159/17/4 146/16/4
f 159/13/4 147/16/4 146/6/4
f 159/13/4 160/17/4 147/16/4
f 160/13/4 148/16/4 147/6/4
f 160/13/4 161/17/4 148/16/4
f 161/13/4 149/16/4 148/6/4
f 161/13/4 162/17/4 149/16/4
f 162/13/4 150/16/4 149/6/4
f 162/13/4 163/17/4 150/16/4
f 163/13/4 151/16/4 150/6/4
f 163/13/4 164/17/4 151/16/4
f 164/13/4 152/16/4 151/6/4
f 164/13/4 165/17/4 152/16/4
f 165/13/4 153/16/4 152/6/4
f 165/13/4 166/17/4 153/16/4
f 166/13/4 154/16/4 153/6/4
f 166/13/4 167/17/4 154/16/4
f 167/13/4 155/16/4 154/6/4
f 167/13/4 168/17/4 155/16/4
f 168/13/4 156/16/4 155/6/4
f 168/13/4 169/17/4 156/16/4
f 170/13/4 158/16/4 157/6/4
f 170/13/4 171/17/4 158/16/4
f 171/13/4 159/16/4 158/6/4
f 171/13/4 172/17/4 159/16/4
f 172/13/4 160/16/4 159/6/4
f 172/13/4 173/17/4 160/16/4
f 173/13/4 161/16/4 160/6/4
f 173/13/4 174/17/4 161/16/4
f 174/13/4 162/16/4 161/6/4
f 174/13/4 175/17/4 162/16/4
f 175/13/4 163/16/4 162/6/4
f 175/13/4 176/17/4 163/16/4
f 176/13/4 164/16/4 163/6/4
f 176/13/4 177/17/4 164/16/4
f 177/13/4 165/16/4 164/6/4
f 177/13/4 178/17/4 165/16/4
f 178/13/4 166/16/4 165/6/4
f 178/13/4 179/17/4 166/16/4
f 179/13/4 167/16/4 166/6/4
f 179/13/4 180/17/4 167/16/4
f 180/13/4 168/16/4 167/6/4
f 180/13/4 181/17/4 168/16/4
f 181/13/4 169/16/4 168/6/4
f 181/13/4 182/17/4 169/16/4
f 183/13/4 171/16/4 170/6/4
f 183/13/4 184/17/4 171/16/4
f 184/13/4 172/16/4 171/6/4
f 184/13/4 185/17/4 172/16/4
f 185/13/4 173/16/4 172/6/4
f 185/13/4 186/17/4 173/16/4
f 186/13/4 174/16/4 173/6/4
f 186/13/4 187/17/4 174/16/4
f 187/13/4 175/16/4 174/6/4
f 187/13/4 188/17/4 175/16/4
f 188/13/4 176/16/4 175/6/4
f 188/13/4 189/17/4 176/16/4
f 189/13/4 177/16/4 176/6/4
f 189/13/4 190/17/4 177/16/4
f 190/13/4 178/16/4 177/6/4
f 190/13/4 191/17/4 178/16/4
f 191/13/4 179/16/4 178/6/4
f 191/13/4 192/17/4 179/16/4
f 192/13/4 180/16/4 179/6/4
f 192/13/4 193/17/4 180/16/4
f 193/13/4 181/16/4 180/6/4
f 193/13/4 194/17/4 181/16/4
f 194/13/4 182/16/4 181/6/4
f 194/13/4 195/17/4 182/16/4
f 196/13/4 184/16/4 183/6/4
f 196/13/4 197/17/4 184/16/4
f 197/13/4 185/16/4 184/6/4
f 197/13/4 198/17/4 185/16/4
f 198/13/4 186/16/4 185/6/4
f 198/13/4 199/17/4 186/16/4
f 199/13/4 187/16/4 186/6/4
f 199/13/4 200/17/4 187/16/4
f 200/13/4 188/16/4 187/6/4
f 200/13/4 201/17/4 188/16/4
f 201/13/4 189/16/4 188/6/4
f 201/13/4 202/17/4 189/16/4
f 202/13/4 190/16/4 189/6/4
f 202/13/4 203/17/4 190/16/4
f 203/13/4 191/16/4 190/6/4
f 203/13/4 204/17/4 191/16/4
f 204/13/4 192/16/4 191/6/4
f 204/13/4 205/17/4 192/16/4
f 205/13/4 193/16/4 192/6/4
f 205/13/4 206/17/4 193/16/4
f 206/13/4 194/16/4 193/6/4
f 206/13/4 207/17/4 194/16/4
f 207/13/4 195/16/4 194/6/4
f 207/13/4 208/17/4 195/16/4
f 209/13/4 197/16/4 196/6/4
f 209/13/4 210/17/4 197/16/4
f 210/13/4 198/16/4 197/6/4
f 210/13/4 211/17/4 198/16/4
f 211/13/4 199/16/4 198/6/4
f 211/13/4 212/17/4 199/16/4
f 212/13/4 200/16/4 199/6/4
f 212/13/4 213/17/4 200/16/4
f 213/13/4 201/16/4 200/6/4
f 213/13/4 214/17/4 201/16/4
f 214/13/4 202/16/4 201/6/4
f 214/13/4 215/17/4 202/16/4
f 215/13/4 203/16/4 202/6/4
f 215/13/4 216/17/4 203/16/4
f 216/13/4 204/16/4 203/6/4
f 216/13/4 217/17/4 204/16/4
f 217/13/4 205/16/4 204/6/4
f 217/13/4 218/17/4 205/16/4
f 218/13/4 206/16/4 205/6/4
f 218/13/4 219/17/4 206/16/4
f 219/13/4 207/16/4 206/6/4
f 219/13/4 220/17/4 207/16/4
f 220/13/4 208/16/4 207/6/4
f 220/13/4 221/17/4 208/16/4
f 222/13/4 210/16/4 209/6/4
f 222/13/4 223/17/4 210/16/4
f 223/13/4 211/16/4 210/6/4
f 223/13/4 224/17/4 211/16/4
f 224/13/4 212/16/4 211/6/4
f 224/13/4 225/17/4 212/16/4
f 225/13/4 213/16/4 212/6/4
f 225/13/4 226/17/4 213/16/4
f 226/13/4 214/16/4 213/6/4
f 226/13/4 227/17/4 214/16/4
f 227/13/4 215/16/4 214/6/4
f 227/13/4 228/17/4 215/16/4
f 228/13/4 216/16/4 215/6/4
f 228/13/4 229/17/4 216/16/4
f 229/13/4 217/16/4 216/6/4
f 229/13/4 230/17/4 217/16/4
f 230/13/4 218/16/4 217/6/4
f 230/13/4 231/17/4 218/16/4
f 231/13/4 219/16/4 218/6/4
f 231/13/4 232/17/4 219/16/4
f 232/13/4 220/16/4 219/6/4
f 232/13/4 233/17/4 220/16/4
f 233/13/4 221/16/4 220/6/4
f 233/13/4 234/17/4 221/16/4
f 235/13/4 236/16/4 237/6/4
f 235/13/4 238/17/4 236/16/4
f 238/13/4 239/16/4 236/6/4
f 238/13/4 240/17/4 239/16/4
f 240/13/4 241/16/4 239/6/4
f 240/13/4 242/17/4 241/16/4
f 242/13/4 243/16/4 241/6/4
f 242/13/4 244/17/4 243/16/4
f 244/13/4 245/16/4 243/6/4
f 244/13/4 246/17/4 245/16/4
f 246/13/4 247/16/4 245/6/4
f 246/13/4 248/17/4 247/16/4
f 248/13/4 249/16/4 247/6/4
f 248/13/4 250/17/4 249/16/4
f 250/13/4 251/16/4 249/6/4
f 250/13/4 252/17/4 251/16/4
f 252/13/4 253/16/4 251/6/4
f 252/13/4 254/17/4 253/16/4
f 254/13/4 255/16/4 253/6/4
f 254/13/4 256/17/4 255/16/4
f 256/13/4 257/16/4 255/6/4
f 256/13/4 258/17/4 257/16/4
f 258/13/4 259/16/4 257/6/4
f 258/13/4 260/17/4 259/16/4
f 260/13/4 261/16/4 259/6/4
f 260/13/4 262/17/4 261/16/4
f 262/13/4 263/16/4 261/6/4
f 262/13/4 264/17/4 263/16/4
f 264/13/4 265/16/4 263/6/4
f 264/13/4 266/17/4 265/16/4
f 267/13/4 238/16/4 235/6/4
f 267/13/4 268/17/4 238/16/4
f 268/13/4 240/16/4 238/6/4
f 268/13/4 269/17/4 240/16/4
f 269/13/4 242/16/4 240/6/4
f 269/13/4 270/17/4 242/16/4
f 270/13/4 244/16/4 242/6/4
f 270/13/4 271/17/4 244/16/4
f 271/13/4 246/16/4 244/6/4
f 271/13/4 272/17/4 246/16/4
f 272/13/4 248/16/4 246/6/4
f 272/13/4 273/17/4 248/16/4
f 273/13/4 250/16/4 248/6/4
f 273/13/4 274/17/4 250/16/4
f 274/13/4 252/16/4 250/6/4
f 274/13/4 275/17/4 252/16/4
f 275/13/4 254/16/4 252/6/4
f 275/13/4 276/17/4 254/16/4
f 276/13/4 256/16/4 254/6/4
f 276/13/4 277/17/4 256/16/4
f 277/13/4 258/16/4 256/6/4
f 277/13/4 278/17/4 258/16/4
f 278/13/4 260/16/4 258/6/4
f 278/13/4 279/17/4 260/16/4
f 279/13/4 262/16/4 260/6/4
f 279/13/4 280/17/4 262/16/4
f 280/13/4 264/16/4 262/6/4
f 280/13/4 281/17/4 264/16/4
f 281/13/4 266/16/4 264/6/4
f 281/13/4 282/17/4 266/16/4
f 283/13/4 268/16/4 267/6/4
f 283/13/4 284/17/4 268/16/4
f 284/13/4 269/16/4 268/6/4
f 284/13/4 285/17/4 269/16/4
f 285/13/4 270/16/4 269/6/4
f 285/13/4 286/17/4 270/16/4
f 286/13/4 271/16/4 270/6/4
f 286/13/4 287/17/4 271/16/4
f 287/13/4 272/16/4 271/6/4
f 287/13/4 288/17/4 272/16/4
f 288/13/4 273/16/4 272/6/4
f 288/13/4 289/17/4 273/16/4
f 289/13/4 274/16/4 273/6/4
f 289/13/4 290/17/4 274/16/4
f 290/13/4 275/16/4 274/6/4
f 290/13/4 291/17/4 275/16/4
f 291/13/4 276/16/4 275/6/4
f 291/13/4 292/17/4 276/16/4
f 292/13/4 277/16/4 276/6/4
f 292/13/4 293/17/4 277/16/4
f 293/13/4 278/16/4 277/6/4
f 293/13/4 294/17/4 278/16/4
f 294/13/4 279/16/4 278/6/4
f 294/13/4 295/17/4 279/16/4
f 295/13/4 280/16/4 279/6/4
f 295/13/4 296/17/4 280/16/4
f 296/13/4 281/16/4 280/6/4
f 296/13/4 297/17/4 281/16/4
f 297/13/4 282/16/4 281/6/4
f 297/13/4 298/17/4 282/16/4
f 30/13/4 284/16/4 283/6/4
f 30/13/4 299/17/4 284/16/4
f 299/13/4 285/16/4 284/6/4
f 299/13/4 300/17/4 285/16/4
f 300/13/4 286/16/4 285/6/4
f 300/13/4 301/17/4 286/16/4
f 301/13/4 287/16/4 286/6/4
f 301/13/4 302/17/4 287/16/4
f 302/13/4 288/16/4 287/6/4
f 302/13/4 303/17/4 288/16/4
f 303/13/4 289/16/4 288/6/4
f 303/13/4 304/17/4 289/16/4
f 304/13/4 290/16/4 289/6/4
f 304/13/4 305/17/4 290/16/4
f 305/13/4 291/16/4 290/6/4
f 305/13/4 306/17/4 291/16/4
f 306/13/4 292/16/4 291/6/4
f 306/13/4 307/17/4 292/16/4
f 307/13/4 293/16/4 292/6/4
f 307/13/4 308/17/4 293/16/4
f 308/13/4 294/16/4 293/6/4
f 308/13/4 309/17/4 294/16/4
f 309/13/4 295/16/4 294/6/4
f 309/13/4 310/17/4 295/16/4
f 310/13/4 296/16/4 295/6/4
f 310/13/4 311/17/4 296/16/4
f 311/13/4 297/16/4 296/6/4
f 311/13/4 312/17/4 297/16/4
f 312/13/4 298/16/4 297/6/4
f 312/13/4 313/17/4 298/16/4
f 314/13/4 299/16/4 30/6/4
f 314/13/4 315/17/4 299/16/4
f 315/13/4 300/16/4 299/6/4
f 315/13/4 316/17/4 300/16/4
f 316/13/4 301/16/4 300/6/4
f 316/13/4 317/17/4 301/16/4
f 317/13/4 302/16/4 301/6/4
f 317/13/4 318/17/4 302/16/4
f 318/13/4 303/16/4 302/6/4
f 318/13/4 319/17/4 303/16/4
f 319/13/4 304/16/4 303/6/4
f 319/13/4 320/17/4 304/16/4
f 320/13/4 305/16/4 304/6/4
f 320/13/4 321/17/4 305/16/4
f 321/13/4 306/16/4 305/6/4
f 321/13/4 322/17/4 306/16/4
f 322/13/4 307/16/4 306/6/4
f 322/13/4 323/17/4 307/16/4
f 323/13/4 308/16/4 307/6/4
f 323/13/4 324/17/4 308/16/4
f 324/13/4 309/16/4 308/6/4
f 324/13/4 325/17/4 309/16/4
f 325/13/4 310/16/4 309/6/4
f 325/13/4 326/17/4 310/16/4
f 326/13/4 311/16/4 310/6/4
f 326/13/4 327/17/4 311/16/4
f 327/13/4 312/16/4 311/6/4
f 327/13/4 328/17/4 312/16/4
f 328/13/4 313/16/4 312/6/4
f 328/13/4 329/17/4 313/16/4
f 330/13/4 315/16/4 314/6/4
f 330/13/4 331/17/4 315/16/4
f 331/13/4 316/16/4 315/6/4
f 331/13/4 332/17/4 316/16/4
f 332/13/4 317/16/4 316/6/4
f 332/13/4 333/17/4 317/16/4
f 333/13/4 318/16/4 317/6/4
f 333/13/4 334/17/4 318/16/4
f 334/13/4 319/16/4 318/6/4
f 334/13/4 335/17/4 319/16/4
f 335/13/4 320/16/4 319/6/4
f 335/13/4 336/17/4 320/16/4
f 336/13/4 321/16/4 320/6/4
f 336/13/4 337/17/4 321/16/4
f 337/13/4 322/16/4 321/6/4
f 337/13/4 338/17/4 322/16/4
f 338/13/4 323/16/4 322/6/4
f 338/13/4 339/17/4 323/16/4
f 339/13/4 324/16/4 323/6/4
f 339/13/4 340/17/4 324/16/4
f 340/13/4 325/16/4 324/6/4
f 340/13/4 341/17/4 325/16/4
f 341/13/4 326/16/4 325/6/4
f 341/13/4 342/17/4 326/16/4
f 342/13/4 327/16/4 326/6/4
f 342/13/4 343/17/4 327/16/4
f 343/13/4 328/16/4 327/6/4
f 343/13/4 344/17/4 328/16/4
f 344/13/4 329/16/4 328/6/4
f 344/13/4 345/17/4 329/16/4
f 346/13/4 331/16/4 330/6/4
f 346/13/4 347/17/4 331/16/4
f 347/13/4 332/16/4 331/6/4
f 347/13/4 348/17/4 332/16/4
f 348/13/4 333/16/4 332/6/4
f 348/13/4 349/17/4 333/16/4
f 349/13/4 334/16/4 333/6/4
f 349/13/4 350/17/4 334/16/4
f 350/13/4 335/16/4 334/6/4
f 350/13/4 351/17/4 335/16/4
f 351/13/4 336/16/4 335/6/4
f 351/13/4 352/17/4 336/16/4
f 352/13/4 337/16/4 336/6/4
f 352/13/4 353/17/4 337/16/4
f 353/13/4 338/16/4 337/6/4
f 353/13/4 354/17/4 338/16/4
f 354/13/4 339/16/4 338/6/4
f 354/13/4 355/17/4 339/16/4
f 355/13/4 340/16/4 339/6/4
f 355/13/4 356/17/4 340/16/4
f 356/13/4 341/16/4 340/6/4
f 356/13/4 357/17/4 341/16/4
f 357/13/4 342/16/4 341/6/4
f 357/13/4 358/17/4 342/16/4
f 358/13/4 343/16/4 342/6/4
f 358/13/4 359/17/4 343/16/4
f 359/13/4 344/16/4 343/6/4
f 359/13/4 360/17/4 344/16/4
f 360/13/4 345/16/4 344/6/4
f 360/13/4 361/17/4 345/16/4
f 28/13/4 347/16/4 346/6/4
f 28/13/4 362/17/4 347/16/4
f 362/13/4 348/16/4 347/6/4
f 362/13/4 363/17/4 348/16/4
f 363/13/4 349/16/4 348/6/4
f 363/13/4 364/17/4 349/16/4
f 364/13/4 350/16/4 349/6/4
f 364/13/4 365/17/4 350/16/4
f 365/13/4 351/16/4 350/6/4
f 365/13/4 366/17/4 351/16/4
f 366/13/4 352/16/4 351/6/4
f 366/13/4 367/17/4 352/16/4
f 367/13/4 353/16/4 352/6/4
f 367/13/4 368/17/4 353/16/4
f 368/13/4 354/16/4 353/6/4
f 368/13/4 369/17/4 354/16/4
f 369/13/4 355/16/4 354/6/4
f 369/13/4 370/17/4 355/16/4
f 370/13/4 356/16/4 355/6/4
f 370/13/4 371/17/4 356/16/4
f 371/13/4 357/16/4 356/6/4
f 371/13/4 372/17/4 357/16/4
f 372/13/4 358/16/4 357/6/4
f 372/13/4 373/17/4 358/16/4
f 373/13/4 359/16/4 358/6/4
f 373/13/4 374/17/4 359/16/4
f 374/13/4 360/16/4 359/6/4
f 374/13/4 375/17/4 360/16/4
f 375/13/4 361/16/4 360/6/4
f 375/13/4 376/17/4 361/16/4
f 377/13/4 362/16/4 28/6/4
f 377/13/4 378/17/4 362/16/4
f 378/13/4 363/16/4 362/6/4
f 378/13/4 379/17/4 363/16/4
f 379/13/4 364/16/4 363/6/4
f 379/13/4 380/17/4 364/16/4
f 380/13/4 365/16/4 364/6/4
f 380/13/4 381/17/4 365/16/4
f 381/13/4 366/16/4 365/6/4
f 381/13/4 382/17/4 366/16/4
f 382/13/4 367/16/4 366/6/4
f 382/13/4 383/17/4 367/16/4
f 383/13/4 368/16/4 367/6/4
f 383/13/4 384/17/4 368/16/4
f 384/13/4 369/16/4 368/6/4
f 384/13/4 385/17/4 369/16/4
f 385/13/4 370/16/4 369/6/4
f 385/13/4 386/17/4 370/16/4
f 386/13/4 371/16/4 370/6/4
f 386/13/4 387/17/4 371/16/4
f 387/13/4 372/16/4 371/6/4
f 387/13/4 388/17/4 372/16/4
f 388/13/4 373/16/4 372/6/4
f 388/13/4 389/17/4 373/16/4
f 389/13/4 374/16/4 373/6/4
f 389/13/4 390/17/4 374/16/4
f 390/13/4 375/16/4 374/6/4
f 390/13/4 391/17/4 375/16/4
f 391/13/4 376/16/4 375/6/4
f 391/13/4 392/17/4 376/16/4
f 393/13/4 378/16/4 377/6/4
f 393/13/4 394/17/4 378/16/4
f 394/13/4 379/16/4 378/6/4
f 394/13/4 395/17/4 379/16/4
f 395/13/4 380/16/4 379/6/4
f 395/13/4 396/17/4 380/16/4
f 396/13/4 381/16/4 380/6/4
f 396/13/4 397/17/4 381/16/4
f 397/13/4 382/16/4 381/6/4
f 397/13/4 398/17/4 382/16/4
f 398/13/4 383/16/4 382/6/4
f 398/13/4 399/17/4 383/16/4
f 399/13/4 384/16/4 383/6/4
f 399/13/4 400/17/4 384/16/4
f 400/13/4 385/16/4 384/6/4
f 400/13/4 401/17/4 385/16/4
f 401/13/4 386/16/4 385/6/4
f 401/13/4 402/17/4 386/16/4
f 402/13/4 387/16/4 386/6/4
f 402/13/4 403/17/4 387/16/4
f 403/13/4 388/16/4 387/6/4
f 403/13/4 404/17/4 388/16/4
f 404/13/4 389/16/4 388/6/4
f 404/13/4 405/17/4 389/16/4
f 405/13/4 390/16/4 389/6/4
f 405/13/4 406/17/4 390/16/4
f 406/13/4 391/16/4 390/6/4
f 406/13/4 407/17/4 391/16/4
f 407/13/4 392/16/4 391/6/4
f 407/13/4 408/17/4 392/16/4
f 409/13/4 394/16/4 393/6/4
f 409/13/4 410/17/4 394/16/4
f 410/13/4 395/16/4 394/6/4
f 410/13/4 411/17/4 395/16/4
f 411/13/4 396/16/4 395/6/4
f 411/13/4 412/17/4 396/16/4
f 412/13/4 397/16/4 396/6/4
f 412/13/4 413/17/4 397/16/4
f 413/13/4 398/16/4 397/6/4
f 413/13/4 414/17/4 398/16/4
f 414/13/4 399/16/4 398/6/4
f 414/13/4 415/17/4 399/16/4
f 415/13/4 400/16/4 399/6/4
f 415/13/4 416/17/4 400/16/4
f 416/13/4 401/16/4 400/6/4
f 416/13/4 417/17/4 401/16/4
f 417/13/4 402/16/4 401/6/4
f 417/13/4 418/17/4 402/16/4
f 418/13/4 403/16/4 402/6/4
f 418/13/4 419/17/4 403/16/4
f 419/13/4 404/16/4 403/6/4
f 419/13/4 420/17/4 404/16/4
f 420/13/4 405/16/4 404/6/4
f 420/13/4 421/17/4 405/16/4
f 421/13/4 406/16/4 405/6/4
f 421/13/4 422/17/4 406/16/4
f 422/13/4 407/16/4 406/6/4
f 422/13/4 423/17/4 407/16/4
f 423/13/4 408/16/4 407/6/4
f 423/13/4 424/17/4 408/16/4
f 25/13/4 410/16/4 409/6/4
f 25/13/4 425/17/4 410/16/4
f 425/13/4 411/16/4 410/6/4
f 425/13/4 426/17/4 411/16/4
f 426/13/4 412/16/4 411/6/4
f 426/13/4 427/17/4 412/16/4
f 427/13/4 413/16/4 412/6/4
f 427/13/4 428/17/4 413/16/4
f 428/13/4 414/16/4 413/6/4
f 428/13/4 429/17/4 414/16/4
f 429/13/4 415/16/4 414/6/4
f 429/13/4 430/17/4 415/16/4
f 430/13/4 416/16/4 415/6/4
f 430/13/4 431/17/4 416/16/4
f 431/13/4 417/16/4 416/6/4
f 431/13/4 432/17/4 417/16/4
f 432/13/4 418/16/4 417/6/4
f 432/13/4 433/17/4 418/16/4
f 433/13/4 419/16/4 418/6/4
f 433/13/4 434/17/4 419/16/4
f 434/13/4 420/16/4 419/6/4
f 434/13/4 435/17/4 420/16/4
f 435/13/4 421/16/4 420/6/4
f 435/13/4 436/17/4 421/16/4
f 436/13/4 422/16/4 421/6/4
f 436/13/4 437/17/4 422/16/4
f 437/13/4 423/16/4 422/6/4
f 437/13/4 438/17/4 423/16/4
f 438/13/4 424/16/4 423/6/4
f 438/13/4 439/17/4 424/16/4
f 67/13/4 425/16/4 25/6/4
f 67/13/4 440/17/4 425/16/4
f 440/13/4 426/16/4 425/6/4
f 440/13/4 441/17/4 426/16/4
f 441/13/4 427/16/4 426/6/4
f 441/13/4 442/17/4 427/16/4
f 442/13/4 428/16/4 427/6/4
f 442/13/4 443/17/4 428/16/4
f 443/13/4 429/16/4 428/6/4
f 443/13/4 444/17/4 429/16/4
f 444/13/4 430/16/4 429/6/4
f 444/13/4 445/17/4 430/16/4
f 445/13/4 431/16/4 430/6/4
f 445/13/4 446/17/4 431/16/4
f 446/13/4 432/16/4 431/6/4
f 446/13/4 447/17/4 432/16/4
f 447/13/4 433/16/4 432/6/4
f 447/13/4 448/17/4 433/16/4
f 448/13/4 434/16/4 433/6/4
f 448/13/4 449/17/4 434/16/4
f 449/13/4 435/16/4 434/6/4
f 449/13/4 450/17/4 435/16/4
f 450/13/4 436/16/4 435/6/4
f 450/13/4 451/17/4 436/16/4
f 451/13/4 437/16/4 436/6/4
f 451/13/4 452/17/4 437/16/4
f 452/13/4 438/16/4 437/6/4
f 452/13/4 453/17/4 438/16/4
f 453/13/4 439/16/4 438/6/4
f 453/13/4 454/17/4 439/16/4
f 64/12/4 455/20/4 65/3/4
f 64/12/4 456/21/4 455/20/4
f 457/13/4 441/16/4 440/6/4
f 457/13/4 458/17/4 441/16/4
f 458/13/4 442/16/4 441/6/4
f 458/13/4 459/17/4 442/16/4
f 459/13/4 443/16/4 442/6/4
f 459/13/4 460/17/4 443/16/4
f 460/13/4 444/16/4 443/6/4
f 460/13/4 461/17/4 444/16/4
f 461/13/4 445/16/4 444/6/4
f 461/13/4 462/17/4 445/16/4
f 462/13/4 446/16/4 445/6/4
f 462/13/4 463/17/4 446/16/4
f 463/13/4 447/16/4 446/6/4
f 463/13/4 464/17/4 447/16/4
f 464/13/4 448/16/4 447/6/4
f 464/13/4 465/17/4 448/16/4
f 465/13/4 449/16/4 448/6/4
f 465/13/4 466/17/4 449/16/4
f 466/13/4 450/16/4 449/6/4
f 466/13/4 467/17/4 450/16/4
f 467/13/4 451/16/4 450/6/4
f 467/13/4 468/17/4 451/16/4
f 468/13/4 452/16/4 451/6/4
f 468/13/4 469/17/4 452/16/4
f 469/13/4 453/16/4 452/6/4
f 469/13/4 470/17/4 453/16/4
f 470/13/4 454/16/4 453/6/4
f 470/13/4 471/17/4 454/16/4
f 65/13/4 457/16/4 66/6/4
f 65/13/4 455/17/4 457/16/4
f 455/13/4 458/16/4 457/6/4
f 455/13/4 472/17/4 458/16/4
f 472/13/4 459/16/4 458/6/4
f 472/13/4 473/17/4 459/16/4
f 473/13/4 460/16/4 459/6/4
f 473/13/4 474/17/4 460/16/4
f 474/13/4 461/16/4 460/6/4
f 474/13/4 475/17/4 461/16/4
f 475/13/4 462/16/4 461/6/4
f 475/13/4 476/17/4 462/16/4
f 476/13/4 463/16/4 462/6/4
f 476/13/4 477/17/4 463/16/4
f 477/13/4 464/16/4 463/6/4
f 477/13/4 478/17/4 464/16/4
f 478/13/4 465/16/4 464/6/4
f 478/13/4 479/17/4 465/16/4
f 479/13/4 466/16/4 465/6/4
f 479/13/4 480/17/4 466/16/4
f 480/13/4 467/16/4 466/6/4
f 480/13/4 481/17/4 467/16/4
f 481/13/4 468/16/4 467/6/4
f 481/13/4 482/17/4 468/16/4
f 482/13/4 469/16/4 468/6/4
f 482/13/4 483/17/4 469/16/4
f 483/13/4 470/16/4 469/6/4
f 483/13/4 484/17/4 470/16/4
f 484/13/4 471/16/4 470/6/4
f 484/13/4 485/17/4 471/16/4
f 62/12/4 456/20/4 64/3/4
f 62/12/4 486/21/4 456/20/4
f 456/13/4 472/16/4 455/6/4
f 456/13/4 487/17/4 472/16/4
f 487/13/4 473/16/4 472/6/4
f 487/13/4 488/17/4 473/16/4
f 488/13/4 474/16/4 473/6/4
f 488/13/4 489/17/4 474/16/4
f 489/13/4 475/16/4 474/6/4
f 489/13/4 490/17/4 475/16/4
f 490/13/4 476/16/4 475/6/4
f 490/13/4 491/17/4 476/16/4
f 491/13/4 477/16/4 476/6/4
f 491/13/4 492/17/4 477/16/4
f 492/13/4 478/16/4 477/6/4
f 492/13/4 493/17/4 478/16/4
f 493/13/4 479/16/4 478/6/4
f 493/13/4 494/17/4 479/16/4
f 494/13/4 480/16/4 479/6/4
f 494/13/4 495/17/4 480/16/4
f 495/13/4 481/16/4 480/6/4
f 495/13/4 496/17/4 481/16/4
f 496/13/4 482/16/4 481/6/4
f 496/13/4 497/17/4 482/16/4
f 497/13/4 483/16/4 482/6/4
f 497/13/4 498/17/4 483/16/4
f 498/13/4 484/16/4 483/6/4
f 498/13/4 499/17/4 484/16/4
f 499/13/4 485/16/4 484/6/4
f 499/13/4 500/17/4 485/16/4
f 63/12/4 486/20/4 62/3/4
f 63/12/4 501/21/4 486/20/4
f 66/12/4 440/20/4 67/3/4
f 66/12/4 457/21/4 440/20/4
f 502/13/4 488/16/4 487/6/4
f 502/13/4 503/17/4 488/16/4
f 503/13/4 489/16/4 488/6/4
f 503/13/4 504/17/4 489/16/4
f 504/13/4 490/16/4 489/6/4
f 504/13/4 505/17/4 490/16/4
f 505/13/4 491/16/4 490/6/4
f 505/13/4 506/17/4 491/16/4
f 506/13/4 492/16/4 491/6/4
f 506/13/4 507/17/4 492/16/4
f 507/13/4 493/16/4 492/6/4
f 507/13/4 508/17/4 493/16/4
f 508/13/4 494/16/4 493/6/4
f 508/13/4 509/17/4 494/16/4
f 509/13/4 495/16/4 494/6/4
f 509/13/4 510/17/4 495/16/4
f 510/13/4 496/16/4 495/6/4
f 510/13/4 511/17/4 496/16/4
f 511/13/4 497/16/4 496/6/4
f 511/13/4 512/17/4 497/16/4
f 512/13/4 498/16/4 497/6/4
f 512/13/4 513/17/4 498/16/4
f 513/13/4 499/16/4 498/6/4
f 513/13/4 514/17/4 499/16/4
f 514/13/4 500/16/4 499/6/4
f 514/13/4 515/17/4 500/16/4
f 69/12/4 516/20/4 68/3/4
f 69/12/4 517/21/4 516/20/4
f 501/13/4 502/16/4 486/6/4
f 501/13/4 518/17/4 502/16/4
f 518/13/4 503/16/4 502/6/4
f 518/13/4 519/17/4 503/16/4
f 519/13/4 504/16/4 503/6/4
f 519/13/4 520/17/4 504/16/4
f 520/13/4 505/16/4 504/6/4
f 520/13/4 521/17/4 505/16/4
f 521/13/4 506/16/4 505/6/4
f 521/13/4 522/17/4 506/16/4
f 522/13/4 507/16/4 506/6/4
f 522/13/4 523/17/4 507/16/4
f 523/13/4 508/16/4 507/6/4
f 523/13/4 524/17/4 508/16/4
f 524/13/4 509/16/4 508/6/4
f 524/13/4 525/17/4 509/16/4
f 525/13/4 510/16/4 509/6/4
f 525/13/4 526/17/4 510/16/4
f 526/13/4 511/16/4 510/6/4
f 526/13/4 527/17/4 511/16/4
f 527/13/4 512/16/4 511/6/4
f 527/13/4 528/17/4 512/16/4
f 528/13/4 513/16/4 512/6/4
f 528/13/4 529/17/4 513/16/4
f 529/13/4 514/16/4 513/6/4
f 529/13/4 530/17/4 514/16/4
f 530/13/4 515/16/4 514/6/4
f 530/13/4 531/17/4 515/16/4
f 68/13/4 501/16/4 63/6/4
f 68/13/4 516/17/4 501/16/4
f 516/13/4 518/16/4 501/6/4
f 516/13/4 532/17/4 518/16/4
f 532/13/4 519/16/4 518/6/4
f 532/13/4 533/17/4 519/16/4
f 533/13/4 520/16/4 519/6/4
f 533/13/4 534/17/4 520/16/4
f 534/13/4 521/16/4 520/6/4
f 534/13/4 535/17/4 521/16/4
f 535/13/4 522/16/4 521/6/4
f 535/13/4 536/17/4 522/16/4
f 536/13/4 523/16/4 522/6/4
f 536/13/4 537/17/4 523/16/4
f 537/13/4 524/16/4 523/6/4
f 537/13/4 538/17/4 524/16/4
f 538/13/4 525/16/4 524/6/4
f 538/13/4 539/17/4 525/16/4
f 539/13/4 526/16/4 525/6/4
f 539/13/4 540/17/4 526/16/4
f 540/13/4 527/16/4 526/6/4
f 540/13/4 541/17/4 527/16/4
f 541/13/4 528/16/4 527/6/4
f 541/13/4 542/17/4 528/16/4
f 542/13/4 529/16/4 528/6/4
f 542/13/4 543/17/4 529/16/4
f 543/13/4 530/16/4 529/6/4
f 543/13/4 544/17/4 530/16/4
f 544/13/4 531/16/4 530/6/4
f 544/13/4 545/17/4 531/16/4
f 546/13/4 89/16/4 547/6/4
f 546/13/4 548/17/4 89/16/4
f 517/13/4 532/16/4 516/6/4
f 517/13/4 549/17/4 532/16/4
f 549/13/4 533/16/4 532/6/4
f 549/13/4 550/17/4 533/16/4
f 550/13/4 534/16/4 533/6/4
f 550/13/4 551/17/4 534/16/4
f 551/13/4 535/16/4 534/6/4
f 551/13/4 552/17/4 535/16/4
f 552/13/4 536/16/4 535/6/4
f 552/13/4 553/17/4 536/16/4
f 553/13/4 537/16/4 536/6/4
f 553/13/4 554/17/4 537/16/4
f 554/13/4 538/16/4 537/6/4
f 554/13/4 555/17/4 538/16/4
f 555/13/4 539/16/4 538/6/4
f 555/13/4 556/17/4 539/16/4
f 556/13/4 540/16/4 539/6/4
f 556/13/4 557/17/4 540/16/4
f 557/13/4 541/16/4 540/6/4
f 557/13/4 558/17/4 541/16/4
f 558/13/4 542/16/4 541/6/4
f 558/13/4 559/17/4 542/16/4
f 559/13/4 543/16/4 542/6/4
f 559/13/4 560/17/4 543/16/4
f 560/13/4 544/16/4 543/6/4
f 560/13/4 561/17/4 544/16/4
f 561/13/4 545/16/4 544/6/4
f 561/13/4 562/17/4 545/16/4
f 101/13/4 517/16/4 69/6/4
f 101/13/4 563/17/4 517/16/4
f 563/13/4 549/16/4 517/6/4
f 563/13/4 564/17/4 549/16/4
f 564/13/4 550/16/4 549/6/4
f 564/13/4 565/17/4 550/16/4
f 565/13/4 551/16/4 550/6/4
f 565/13/4 566/17/4 551/16/4
f 566/13/4 552/16/4 551/6/4
f 566/13/4 567/17/4 552/16/4
f 567/13/4 553/16/4 552/6/4
f 567/13/4 568/17/4 553/16/4
f 568/13/4 554/16/4 553/6/4
f 568/13/4 569/17/4 554/16/4
f 569/13/4 555/16/4 554/6/4
f 569/13/4 570/17/4 555/16/4
f 570/13/4 556/16/4 555/6/4
f 570/13/4 571/17/4 556/16/4
f 571/13/4 557/16/4 556/6/4
f 571/13/4 572/17/4 557/16/4
f 572/13/4 558/16/4 557/6/4
f 572/13/4 573/17/4 558/16/4
f 573/13/4 559/16/4 558/6/4
f 573/13/4 574/17/4 559/16/4
f 574/13/4 560/16/4 559/6/4
f 574/13/4 575/17/4 560/16/4
f 575/13/4 561/16/4 560/6/4
f 575/13/4 576/17/4 561/16/4
f 576/13/4 562/16/4 561/6/4
f 576/13/4 577/17/4 562/16/4
f 117/13/4 563/16/4 101/6/4
f 117/13/4 578/17/4 563/16/4
f 578/13/4 564/16/4 563/6/4
f 578/13/4 579/17/4 564/16/4
f 579/13/4 565/16/4 564/6/4
f 579/13/4 580/17/4 565/16/4
f 580/13/4 566/16/4 565/6/4
f 580/13/4 581/17/4 566/16/4
f 581/13/4 567/16/4 566/6/4
f 581/13/4 582/17/4 567/16/4
f 582/13/4 568/16/4 567/6/4
f 582/13/4 583/17/4 568/16/4
f 583/13/4 569/16/4 568/6/4
f 583/13/4 584/17/4 569/16/4
f 584/13/4 570/16/4 569/6/4
f 584/13/4 585/17/4 570/16/4
f 585/13/4 571/16/4 570/6/4
f 585/13/4 586/17/4 571/16/4
f 586/13/4 572/16/4 571/6/4
f 586/13/4 587/17/4 572/16/4
f 587/13/4 573/16/4 572/6/4
f 587/13/4 588/17/4 573/16/4
f 588/13/4 574/16/4 573/6/4
f 588/13/4 589/17/4 574/16/4
f 589/13/4 575/16/4 574/6/4
f 589/13/4 590/17/4 575/16/4
f 590/13/4 576/16/4 575/6/4
f 590/13/4 591/17/4 576/16/4
f 591/13/4 577/16/4 576/6/4
f 591/13/4 592/17/4 577/16/4
f 130/13/4 578/16/4 117/6/4
f 130/13/4 593/17/4 578/16/4
f 593/13/4 579/16/4 578/6/4
f 593/13/4 594/17/4 579/16/4
f 594/13/4 580/16/4 579/6/4
f 594/13/4 595/17/4 580/16/4
f 595/13/4 581/16/4 580/6/4
f 595/13/4 596/17/4 581/16/4
f 596/13/4 582/16/4 581/6/4
f 596/13/4 597/17/4 582/16/4
f 597/13/4 583/16/4 582/6/4
f 597/13/4 598/17/4 583/16/4
f 598/13/4 584/16/4 583/6/4
f 598/13/4 599/17/4 584/16/4
f 599/13/4 585/16/4 584/6/4
f 599/13/4 600/17/4 585/16/4
f 600/13/4 586/16/4 585/6/4
f 600/13/4 601/17/4 586/16/4
f 601/13/4 587/16/4 586/6/4
f 601/13/4 602/17/4 587/16/4
f 602/13/4 588/16/4 587/6/4
f 602/13/4 603/17/4 588/16/4
f 603/13/4 589/16/4 588/6/4
f 603/13/4 604/17/4 589/16/4
f 604/13/4 590/16/4 589/6/4
f 604/13/4 605/17/4 590/16/4
f 605/13/4 591/16/4 590/6/4
f 605/13/4 606/17/4 591/16/4
f 606/13/4 592/16/4 591/6/4
f 606/13/4 607/17/4 592/16/4
f 143/13/4 593/16/4 130/6/4
f 143/13/4 608/17/4 593/16/4
f 608/13/4 594/16/4 593/6/4
f 608/13/4 609/17/4 594/16/4
f 609/13/4 595/16/4 594/6/4
f 609/13/4 610/17/4 595/16/4
f 610/13/4 596/16/4 595/6/4
f 610/13/4 611/17/4 596/16/4
f 611/13/4 597/16/4 596/6/4
f 611/13/4 612/17/4 597/16/4
f 612/13/4 598/16/4 597/6/4
f 612/13/4 613/17/4 598/16/4
f 613/13/4 599/16/4 598/6/4
f 613/13/4 614/17/4 599/16/4
f 614/13/4 600/16/4 599/6/4
f 614/13/4 615/17/4 600/16/4
f 615/13/4 601/16/4 600/6/4
f 615/13/4 616/17/4 601/16/4
f 616/13/4 602/16/4 601/6/4
f 616/13/4 617/17/4 602/16/4
f 617/13/4 603/16/4 602/6/4
f 617/13/4 618/17/4 603/16/4
f 618/13/4 604/16/4 603/6/4
f 618/13/4 619/17/4 604/16/4
f 619/13/4 605/16/4 604/6/4
f 619/13/4 620/17/4 605/16/4
f 620/13/4 606/16/4 605/6/4
f 620/13/4 621/17/4 606/16/4
f 621/13/4 607/16/4 606/6/4
f 621/13/4 622/17/4 607/16/4
f 156/13/4 608/16/4 143/6/4
f 156/13/4 623/17/4 608/16/4
f 623/13/4 609/16/4 608/6/4
f 623/13/4 624/17/4 609/16/4
f 624/13/4 610/16/4 609/6/4
f 624/13/4 625/17/4 610/16/4
f 625/13/4 611/16/4 610/6/4
f 625/13/4 626/17/4 611/16/4
f 626/13/4 612/16/4 611/6/4
f 626/13/4 627/17/4 612/16/4
f 627/13/4 613/16/4 612/6/4
f 627/13/4 628/17/4 613/16/4
f 628/13/4 614/16/4 613/6/4
f 628/13/4 629/17/4 614/16/4
f 629/13/4 615/16/4 614/6/4
f 629/13/4 630/17/4 615/16/4
f 630/13/4 616/16/4 615/6/4
f 630/13/4 631/17/4 616/16/4
f 631/13/4 617/16/4 616/6/4
f 631/13/4 632/17/4 617/16/4
f 632/13/4 618/16/4 617/6/4
f 632/13/4 633/17/4 618/16/4
f 633/13/4 619/16/4 618/6/4
f 633/13/4 634/17/4 619/16/4
f 634/13/4 620/16/4 619/6/4
f 634/13/4 635/17/4 620/16/4
f 635/13/4 621/16/4 620/6/4
f 635/13/4 636/17/4 621/16/4
f 636/13/4 622/16/4 621/6/4
f 636/13/4 637/17/4 622/16/4
f 169/13/4 623/16/4 156/6/4
f 169/13/4 638/17/4 623/16/4
f 638/13/4 624/16/4 623/6/4
f 638/13/4 639/17/4 624/16/4
f 639/13/4 625/16/4 624/6/4
f 639/13/4 640/17/4 625/16/4
f 640/13/4 626/16/4 625/6/4
f 640/13/4 641/17/4 626/16/4
f 641/13/4 627/16/4 626/6/4
f 641/13/4 642/17/4 627/16/4
f 642/13/4 628/16/4 627/6/4
f 642/13/4 643/17/4 628/16/4
f 643/13/4 629/16/4 628/6/4
f 643/13/4 644/17/4 629/16/4
f 644/13/4 630/16/4 629/6/4
f 644/13/4 645/17/4 630/16/4
f 645/13/4 631/16/4 630/6/4
f 645/13/4 646/17/4 631/16/4
f 646/13/4 632/16/4 631/6/4
f 646/13/4 647/17/4 632/16/4
f 647/13/4 633/16/4 632/6/4
f 647/13/4 648/17/4 633/16/4
f 648/13/4 634/16/4 633/6/4
f 648/13/4 649/17/4 634/16/4
f 649/13/4 635/16/4 634/6/4
f 649/13/4 650/17/4 635/16/4
f 650/13/4 636/16/4 635/6/4
f 650/13/4 651/17/4 636/16/4
f 651/13/4 637/16/4 636/6/4
f 651/13/4 652/17/4 637/16/4
f 182/13/4 638/16/4 169/6/4
f 182/13/4 653/17/4 638/16/4
f 653/13/4 639/16/4 638/6/4
f 653/13/4 654/17/4 639/16/4
f 654/13/4 640/16/4 639/6/4
f 654/13/4 655/17/4 640/16/4
f 655/13/4 641/16/4 640/6/4
f 655/13/4 656/17/4 641/16/4
f 656/13/4 642/16/4 641/6/4
f 656/13/4 657/17/4 642/16/4
f 657/13/4 643/16/4 642/6/4
f 657/13/4 658/17/4 643/16/4
f 658/13/4 644/16/4 643/6/4
f 658/13/4 659/17/4 644/16/4
f 659/13/4 645/16/4 644/6/4
f 659/13/4 660/17/4 645/16/4
f 660/13/4 646/16/4 645/6/4
f 660/13/4 661/17/4 646/16/4
f 661/13/4 647/16/4 646/6/4
f 661/13/4 662/17/4 647/16/4
f 662/13/4 648/16/4 647/6/4
f 662/13/4 663/17/4 648/16/4
f 663/13/4 649/16/4 648/6/4
f 663/13/4 664/17/4 649/16/4
f 664/13/4 650/16/4 649/6/4
f 664/13/4 665/17/4 650/16/4
f 665/13/4 651/16/4 650/6/4
f 665/13/4 666/17/4 651/16/4
f 666/13/4 652/16/4 651/6/4
f 666/13/4 667/17/4 652/16/4
f 195/13/4 653/16/4 182/6/4
f 195/13/4 668/17/4 653/16/4
f 668/13/4 654/16/4 653/6/4
f 668/13/4 669/17/4 654/16/4
f 669/13/4 655/16/4 654/6/4
f 669/13/4 670/17/4 655/16/4
f 670/13/4 656/16/4 655/6/4
f 670/13/4 671/17/4 656/16/4
f 671/13/4 657/16/4 656/6/4
f 671/13/4 672/17/4 657/16/4
f 672/13/4 658/16/4 657/6/4
f 672/13/4 673/17/4 658/16/4
f 673/13/4 659/16/4 658/6/4
f 673/13/4 674/17/4 659/16/4
f 674/13/4 660/16/4 659/6/4
f 674/13/4 675/17/4 660/16/4
f 675/13/4 661/16/4 660/6/4
f 675/13/4 676/17/4 661/16/4
f 676/13/4 662/16/4 661/6/4
f 676/13/4 677/17/4 662/16/4
f 677/13/4 663/16/4 662/6/4
f 677/13/4 678/17/4 663/16/4
f 678/13/4 664/16/4 663/6/4
f 678/13/4 679/17/4 664/16/4
f 679/13/4 665/16/4 664/6/4
f 679/13/4 680/17/4 665/16/4
f 680/13/4 666/16/4 665/6/4
f 680/13/4 681/17/4 666/16/4
f 681/13/4 667/16/4 666/6/4
f 681/13/4 682/17/4 667/16/4
f 208/13/4 668/16/4 195/6/4
f 208/13/4 683/17/4 668/16/4
f 683/13/4 669/16/4 668/6/4
f 683/13/4 684/17/4 669/16/4
f 684/13/4 670/16/4 669/6/4
f 684/13/4 685/17/4 670/16/4
f 685/13/4 671/16/4 670/6/4
f 685/13/4 686/17/4 671/16/4
f 686/13/4 672/16/4 671/6/4
f 686/13/4 687/17/4 672/16/4
f 687/13/4 673/16/4 672/6/4
f 687/13/4 688/17/4 673/16/4
f 688/13/4 674/16/4 673/6/4
f 688/13/4 689/17/4 674/16/4
f 689/13/4 675/16/4 674/6/4
f 689/13/4 690/17/4 675/16/4
f 690/13/4 676/16/4 675/6/4
f 690/13/4 691/17/4 676/16/4
f 691/13/4 677/16/4 676/6/4
f 691/13/4 692/17/4 677/16/4
f 692/13/4 678/16/4 677/6/4
f 692/13/4 693/17/4 678/16/4
f 693/13/4 679/16/4 678/6/4
f 693/13/4 694/17/4 679/16/4
f 694/13/4 680/16/4 679/6/4
f 694/13/4 695/17/4 680/16/4
f 695/13/4 681/16/4 680/6/4
f 695/13/4 696/17/4 681/16/4
f 696/13/4 682/16/4 681/6/4
f 696/13/4 697/17/4 682/16/4
f 221/13/4 683/16/4 208/6/4
f 221/13/4 698/17/4 683/16/4
f 698/13/4 684/16/4 683/6/4
f 698/13/4 699/17/4 684/16/4
f 699/13/4 685/16/4 684/6/4
f 699/13/4 700/17/4 685/16/4
f 700/13/4 686/16/4 685/6/4
f 700/13/4 701/17/4 686/16/4
f 701/13/4 687/16/4 686/6/4
f 701/13/4 702/17/4 687/16/4
f 702/13/4 688/16/4 687/6/4
f 702/13/4 703/17/4 688/16/4
f 703/13/4 689/16/4 688/6/4
f 703/13/4 704/17/4 689/16/4
f 704/13/4 690/16/4 689/6/4
f 704/13/4 705/17/4 690/16/4
f 705/13/4 691/16/4 690/6/4
f 705/13/4 706/17/4 691/16/4
f 706/13/4 692/16/4 691/6/4
f 706/13/4 707/17/4 692/16/4
f 707/13/4 693/16/4 692/6/4
f 707/13/4 708/17/4 693/16/4
f 708/13/4 694/16/4 693/6/4
f 708/13/4 709/17/4 694/16/4
f 709/13/4 695/16/4 694/6/4
f 709/13/4 710/17/4 695/16/4
f 710/13/4 696/16/4 695/6/4
f 710/13/4 711/17/4 696/16/4
f 711/13/4 697/16/4 696/6/4
f 711/13/4 712/17/4 697/16/4
f 234/13/4 698/16/4 221/6/4
f 234/13/4 713/17/4 698/16/4
f 713/13/4 699/16/4 698/6/4
f 713/13/4 714/17/4 699/16/4
f 714/13/4 700/16/4 699/6/4
f 714/13/4 715/17/4 700/16/4
f 715/13/4 701/16/4 700/6/4
f 715/13/4 716/17/4 701/16/4
f 716/13/4 702/16/4 701/6/4
f 716/13/4 717/17/4 702/16/4
f 717/13/4 703/16/4 702/6/4
f 717/13/4 718/17/4 703/16/4
f 718/13/4 704/16/4 703/6/4
f 718/13/4 719/17/4 704/16/4
f 719/13/4 705/16/4 704/6/4
f 719/13/4 720/17/4 705/16/4
f 720/13/4 706/16/4 705/6/4
f 720/13/4 721/17/4 706/16/4
f 721/13/4 707/16/4 706/6/4
f 721/13/4 722/17/4 707/16/4
f 722/13/4 708/16/4 707/6/4
f 722/13/4 723/17/4 708/16/4
f 723/13/4 709/16/4 708/6/4
f 723/13/4 724/17/4 709/16/4
f 724/13/4 710/16/4 709/6/4
f 724/13/4 725/17/4 710/16/4
f 725/13/4 711/16/4 710/6/4
f 725/13/4 726/17/4 711/16/4
f 726/13/4 712/16/4 711/6/4
f 726/13/4 727/17/4 712/16/4
f 728/13/4 729/16/4 730/6/4
f 728/13/4 731/17/4 729/16/4
f 731/13/4 732/16/4 729/6/4
f 731/13/4 733/17/4 732/16/4
f 733/13/4 734/16/4 732/6/4
f 733/13/4 735/17/4 734/16/4
f 735/13/4 736/16/4 734/6/4
f 735/13/4 737/17/4 736/16/4
f 737/13/4 738/16/4 736/6/4
f 737/13/4 739/17/4 738/16/4
f 739/13/4 740/16/4 738/6/4
f 739/13/4 741/17/4 740/16/4
f 741/13/4 742/16/4 740/6/4
f 741/13/4 743/17/4 742/16/4
f 743/13/4 744/16/4 742/6/4
f 743/13/4 745/17/4 744/16/4
f 745/13/4 746/16/4 744/6/4
f 745/13/4 747/17/4 746/16/4
f 747/13/4 748/16/4 746/6/4
f 747/13/4 749/17/4 748/16/4
f 749/13/4 750/16/4 748/6/4
f 749/13/4 751/17/4 750/16/4
f 751/13/4 752/16/4 750/6/4
f 751/13/4 753/17/4 752/16/4
f 753/13/4 754/16/4 752/6/4
f 753/13/4 755/17/4 754/16/4
f 755/13/4 756/16/4 754/6/4
f 755/13/4 757/17/4 756/16/4
f 757/13/4 758/16/4 756/6/4
f 757/13/4 759/17/4 758/16/4
f 760/13/4 731/16/4 728/6/4
f 760/13/4 761/17/4 731/16/4
f 761/13/4 733/16/4 731/6/4
f 761/13/4 762/17/4 733/16/4
f 762/13/4 735/16/4 733/6/4
f 762/13/4 763/17/4 735/16/4
f 763/13/4 737/16/4 735/6/4
f 763/13/4 764/17/4 737/16/4
f 764/13/4 739/16/4 737/6/4
f 764/13/4 765/17/4 739/16/4
f 765/13/4 741/16/4 739/6/4
f 765/13/4 766/17/4 741/16/4
f 766/13/4 743/16/4 741/6/4
f 766/13/4 767/17/4 743/16/4
f 767/13/4 745/16/4 743/6/4
f 767/13/4 768/17/4 745/16/4
f 768/13/4 747/16/4 745/6/4
f 768/13/4 769/17/4 747/16/4
f 769/13/4 749/16/4 747/6/4
f 769/13/4 770/17/4 749/16/4
f 770/13/4 751/16/4 749/6/4
f 770/13/4 771/17/4 751/16/4
f 771/13/4 753/16/4 751/6/4
f 771/13/4 772/17/4 753/16/4
f 772/13/4 755/16/4 753/6/4
f 772/13/4 773/17/4 755/16/4
f 773/13/4 757/16/4 755/6/4
f 773/13/4 774/17/4 757/16/4
f 774/13/4 759/16/4 757/6/4
f 774/13/4 775/17/4 759/16/4
f 776/13/4 761/16/4 760/6/4
f 776/13/4 777/17/4 761/16/4
f 777/13/4 762/16/4 761/6/4
f 777/13/4 778/17/4 762/16/4
f 778/13/4 763/16/4 762/6/4
f 778/13/4 779/17/4 763/16/4
f 779/13/4 764/16/4 763/6/4
f 779/13/4 780/17/4 764/16/4
f 780/13/4 765/16/4 764/6/4
f 780/13/4 781/17/4 765/16/4
f 781/13/4 766/16/4 765/6/4
f 781/13/4 782/17/4 766/16/4
f 782/13/4 767/16/4 766/6/4
f 782/13/4 783/17/4 767/16/4
f 783/13/4 768/16/4 767/6/4
f 783/13/4 784/17/4 768/16/4
f 784/13/4 769/16/4 768/6/4
f 784/13/4 785/17/4 769/16/4
f 785/13/4 770/16/4 769/6/4
f 785/13/4 786/17/4 770/16/4
f 786/13/4 771/16/4 770/6/4
f 786/13/4 787/17/4 771/16/4
f 787/13/4 772/16/4 771/6/4
f 787/13/4 788/17/4 772/16/4
f 788/13/4 773/16/4 772/6/4
f 788/13/4 789/17/4 773/16/4
f 789/13/4 774/16/4 773/6/4
f 789/13/4 790/17/4 774/16/4
f 790/13/4 775/16/4 774/6/4
f 790/13/4 791/17/4 775/16/4
f 792/13/4 777/16/4 776/6/4
f 792/13/4 793/17/4 777/16/4
f 793/13/4 778/16/4 777/6/4
f 793/13/4 794/17/4 778/16/4
f 794/13/4 779/16/4 778/6/4
f 794/13/4 795/17/4 779/16/4
f 795/13/4 780/16/4 779/6/4
f 795/13/4 796/17/4 780/16/4
f 796/13/4 781/16/4 780/6/4
f 796/13/4 797/17/4 781/16/4
f 797/13/4 782/16/4 781/6/4
f 797/13/4 798/17/4 782/16/4
f 798/13/4 783/16/4 782/6/4
f 798/13/4 799/17/4 783/16/4
f 799/13/4 784/16/4 783/6/4
f 799/13/4 800/17/4 784/16/4
f 800/13/4 785/16/4 784/6/4
f 800/13/4 801/17/4 785/16/4
f 801/13/4 786/16/4 785/6/4
f 801/13/4 802/17/4 786/16/4
f 802/13/4 787/16/4 786/6/4
f 802/13/4 803/17/4 787/16/4
f 803/13/4 788/16/4 787/6/4
f 803/13/4 804/17/4 788/16/4
f 804/13/4 789/16/4 788/6/4
f 804/13/4 805/17/4 789/16/4
f 805/13/4 790/16/4 789/6/4
f 805/13/4 806/17/4 790/16/4
f 806/13/4 791/16/4 790/6/4
f 806/13/4 16/17/4 791/16/4
f 807/13/4 793/16/4 792/6/4
f 807/13/4 808/17/4 793/16/4
f 808/13/4 794/16/4 793/6/4
f 808/13/4 809/17/4 794/16/4
f 809/13/4 795/16/4 794/6/4
f 809/13/4 810/17/4 795/16/4
f 810/13/4 796/16/4 795/6/4
f 810/13/4 811/17/4 796/16/4
f 811/13/4 797/16/4 796/6/4
f 811/13/4 812/17/4 797/16/4
f 812/13/4 798/16/4 797/6/4
f 812/13/4 813/17/4 798/16/4
f 813/13/4 799/16/4 798/6/4
f 813/13/4 814/17/4 799/16/4
f 814/13/4 800/16/4 799/6/4
f 814/13/4 815/17/4 800/16/4
f 815/13/4 801/16/4 800/6/4
f 815/13/4 816/17/4 801/16/4
f 816/13/4 802/16/4 801/6/4
f 816/13/4 817/17/4 802/16/4
f 817/13/4 803/16/4 802/6/4
f 817/13/4 818/17/4 803/16/4
f 818/13/4 804/16/4 803/6/4
f 818/13/4 819/17/4 804/16/4
f 819/13/4 805/16/4 804/6/4
f 819/13/4 820/17/4 805/16/4
f 820/13/4 806/16/4 805/6/4
f 820/13/4 821/17/4 806/16/4
f 821/13/4 16/16/4 806/6/4
f 821/13/4 822/17/4 16/16/4
f 823/13/4 808/16/4 807/6/4
f 823/13/4 824/17/4 808/16/4
f 824/13/4 809/16/4 808/6/4
f 824/13/4 825/17/4 809/16/4
f 825/13/4 810/16/4 809/6/4
f 825/13/4 826/17/4 810/16/4
f 826/13/4 811/16/4 810/6/4
f 826/13/4 827/17/4 811/16/4
f 827/13/4 812/16/4 811/6/4
f 827/13/4 828/17/4 812/16/4
f 828/13/4 813/16/4 812/6/4
f 828/13/4 829/17/4 813/16/4
f 829/13/4 814/16/4 813/6/4
f 829/13/4 830/17/4 814/16/4
f 830/13/4 815/16/4 814/6/4
f 830/13/4 831/17/4 815/16/4
f 831/13/4 816/16/4 815/6/4
f 831/13/4 832/17/4 816/16/4
f 832/13/4 817/16/4 816/6/4
f 832/13/4 833/17/4 817/16/4
f 833/13/4 818/16/4 817/6/4
f 833/13/4 834/17/4 818/16/4
f 834/13/4 819/16/4 818/6/4
f 834/13/4 835/17/4 819/16/4
f 835/13/4 820/16/4 819/6/4
f 835/13/4 836/17/4 820/16/4
f 836/13/4 821/16/4 820/6/4
f 836/13/4 837/17/4 821/16/4
f 837/13/4 822/16/4 821/6/4
f 837/13/4 838/17/4 822/16/4
f 839/13/4 824/16/4 823/6/4
f 839/13/4 840/17/4 824/16/4
f 840/13/4 825/16/4 824/6/4
f 840/13/4 841/17/4 825/16/4
f 841/13/4 826/16/4 825/6/4
f 841/13/4 842/17/4 826/16/4
f 842/13/4 827/16/4 826/6/4
f 842/13/4 843/17/4 827/16/4
f 843/13/4 828/16/4 827/6/4
f 843/13/4 844/17/4 828/16/4
f 844/13/4 829/16/4 828/6/4
f 844/13/4 845/17/4 829/16/4
f 845/13/4 830/16/4 829/6/4
f 845/13/4 846/17/4 830/16/4
f 846/13/4 831/16/4 830/6/4
f 846/13/4 847/17/4 831/16/4
f 847/13/4 832/16/4 831/6/4
f 847/13/4 848/17/4 832/16/4
f 848/13/4 833/16/4 832/6/4
f 848/13/4 849/17/4 833/16/4
f 849/13/4 834/16/4 833/6/4
f 849/13/4 850/17/4 834/16/4
f 850/13/4 835/16/4 834/6/4
f 850/13/4 851/17/4 835/16/4
f 851/13/4 836/16/4 835/6/4
f 851/13/4 852/17/4 836/16/4
f 852/13/4 837/16/4 836/6/4
f 852/13/4 853/17/4 837/16/4
f 853/13/4 838/16/4 837/6/4
f 853/13/4 854/17/4 838/16/4
f 855/13/4 840/16/4 839/6/4
f 855/13/4 856/17/4 840/16/4
f 856/13/4 841/16/4 840/6/4
f 856/13/4 857/17/4 841/16/4
f 857/13/4 842/16/4 841/6/4
f 857/13/4 858/17/4 842/16/4
f 858/13/4 843/16/4 842/6/4
f 858/13/4 859/17/4 843/16/4
f 859/13/4 844/16/4 843/6/4
f 859/13/4 860/17/4 844/16/4
f 860/13/4 845/16/4 844/6/4
f 860/13/4 861/17/4 845/16/4
f 861/13/4 846/16/4 845/6/4
f 861/13/4 862/17/4 846/16/4
f 862/13/4 847/16/4 846/6/4
f 862/13/4 863/17/4 847/16/4
f 863/13/4 848/16/4 847/6/4
f 863/13/4 864/17/4 848/16/4
f 864/13/4 849/16/4 848/6/4
f 864/13/4 865/17/4 849/16/4
f 865/13/4 850/16/4 849/6/4
f 865/13/4 866/17/4 850/16/4
f 866/13/4 851/16/4 850/6/4
f 866/13/4 867/17/4 851/16/4
f 867/13/4 852/16/4 851/6/4
f 867/13/4 868/17/4 852/16/4
f 868/13/4 853/16/4 852/6/4
f 868/13/4 869/17/4 853/16/4
f 869/13/4 854/16/4 853/6/4
f 869/13/4 12/17/4 854/16/4
f 870/13/4 856/16/4 855/6/4
f 870/13/4 871/17/4 856/16/4
f 871/13/4 857/16/4 856/6/4
f 871/13/4 872/17/4 857/16/4
f 872/13/4 858/16/4 857/6/4
f 872/13/4 873/17/4 858/16/4
f 873/13/4 859/16/4 858/6/4
f 873/13/4 874/17/4 859/16/4
f 874/13/4 860/16/4 859/6/4
f 874/13/4 875/17/4 860/16/4
f 875/13/4 861/16/4 860/6/4
f 875/13/4 876/17/4 861/16/4
f 876/13/4 862/16/4 861/6/4
f 876/13/4 877/17/4 862/16/4
f 877/13/4 863/16/4 862/6/4
f 877/13/4 878/17/4 863/16/4
f 878/13/4 864/16/4 863/6/4
f 878/13/4 879/17/4 864/16/4
f 879/13/4 865/16/4 864/6/4
f 879/13/4 880/17/4 865/16/4
f 880/13/4 866/16/4 865/6/4
f 880/13/4 881/17/4 866/16/4
f 881/13/4 867/16/4 866/6/4
f 881/13/4 882/17/4 867/16/4
f 882/13/4 868/16/4 867/6/4
f 882/13/4 883/17/4 868/16/4
f 883/13/4 869/16/4 868/6/4
f 883/13/4 884/17/4 869/16/4
f 884/13/4 12/16/4 869/6/4
f 884/13/4 885/17/4 12/16/4
f 886/13/4 871/16/4 870/6/4
f 886/13/4 887/17/4 871/16/4
f 887/13/4 872/16/4 871/6/4
f 887/13/4 888/17/4 872/16/4
f 888/13/4 873/16/4 872/6/4
f 888/13/4 889/17/4 873/16/4
f 889/13/4 874/16/4 873/6/4
f 889/13/4 890/17/4 874/16/4
f 890/13/4 875/16/4 874/6/4
f 890/13/4 891/17/4 875/16/4
f 891/13/4 876/16/4 875/6/4
f 891/13/4 892/17/4 876/16/4
f 892/13/4 877/16/4 876/6/4
f 892/13/4 893/17/4 877/16/4
f 893/13/4 878/16/4 877/6/4
f 893/13/4 894/17/4 878/16/4
f 894/13/4 879/16/4 878/6/4
f 894/13/4 895/17/4 879/16/4
f 895/13/4 880/16/4 879/6/4
f 895/13/4 896/17/4 880/16/4
f 896/13/4 881/16/4 880/6/4
f 896/13/4 897/17/4 881/16/4
f 897/13/4 882/16/4 881/6/4
f 897/13/4 898/17/4 882/16/4
f 898/13/4 883/16/4 882/6/4
f 898/13/4 899/17/4 883/16/4
f 899/13/4 884/16/4 883/6/4
f 899/13/4 900/17/4 884/16/4
f 900/13/4 885/16/4 884/6/4
f 900/13/4 901/17/4 885/16/4
f 902/13/4 887/16/4 886/6/4
f 902/13/4 903/17/4 887/16/4
f 903/13/4 888/16/4 887/6/4
f 903/13/4 904/17/4 888/16/4
f 904/13/4 889/16/4 888/6/4
f 904/13/4 905/17/4 889/16/4
f 905/13/4 890/16/4 889/6/4
f 905/13/4 906/17/4 890/16/4
f 906/13/4 891/16/4 890/6/4
f 906/13/4 907/17/4 891/16/4
f 907/13/4 892/16/4 891/6/4
f 907/13/4 908/17/4 892/16/4
f 908/13/4 893/16/4 892/6/4
f 908/13/4 909/17/4 893/16/4
f 909/13/4 894/16/4 893/6/4
f 909/13/4 910/17/4 894/16/4
f 910/13/4 895/16/4 894/6/4
f 910/13/4 911/17/4 895/16/4
f 911/13/4 896/16/4 895/6/4
f 911/13/4 912/17/4 896/16/4
f 912/13/4 897/16/4 896/6/4
f 912/13/4 913/17/4 897/16/4
f 913/13/4 898/16/4 897/6/4
f 913/13/4 914/17/4 898/16/4
f 914/13/4 899/16/4 898/6/4
f 914/13/4 915/17/4 899/16/4
f 915/13/4 900/16/4 899/6/4
f 915/13/4 916/17/4 900/16/4
f 916/13/4 901/16/4 900/6/4
f 916/13/4 917/17/4 901/16/4
f 918/13/4 903/16/4 902/6/4
f 918/13/4 919/17/4 903/16/4
f 919/13/4 904/16/4 903/6/4
f 919/13/4 920/17/4 904/16/4
f 920/13/4 905/16/4 904/6/4
f 920/13/4 921/17/4 905/16/4
f 921/13/4 906/16/4 905/6/4
f 921/13/4 922/17/4 906/16/4
f 922/13/4 907/16/4 906/6/4
f 922/13/4 923/17/4 907/16/4
f 923/13/4 908/16/4 907/6/4
f 923/13/4 924/17/4 908/16/4
f 924/13/4 909/16/4 908/6/4
f 924/13/4 925/17/4 909/16/4
f 925/13/4 910/16/4 909/6/4
f 925/13/4 926/17/4 910/16/4
f 926/13/4 911/16/4 910/6/4
f 926/13/4 927/17/4 911/16/4
f 927/13/4 912/16/4 911/6/4
f 927/13/4 928/17/4 912/16/4
f 928/13/4 913/16/4 912/6/4
f 928/13/4 929/17/4 913/16/4
f 929/13/4 914/16/4 913/6/4
f 929/13/4 930/17/4 914/16/4
f 930/13/4 915/16/4 914/6/4
f 930/13/4 931/17/4 915/16/4
f 931/13/4 916/16/4 915/6/4
f 931/13/4 932/17/4 916/16/4
f 932/13/4 917/16/4 916/6/4
f 932/13/4 15/17/4 917/16/4
f 93/13/4 919/16/4 918/6/4
f 93/13/4 933/17/4 919/16/4
f 933/13/4 920/16/4 919/6/4
f 933/13/4 934/17/4 920/16/4
f 934/13/4 921/16/4 920/6/4
f 934/13/4 935/17/4 921/16/4
f 935/13/4 922/16/4 921/6/4
f 935/13/4 936/17/4 922/16/4
f 936/13/4 923/16/4 922/6/4
f 936/13/4 937/17/4 923/16/4
f 937/13/4 924/16/4 923/6/4
f 937/13/4 938/17/4 924/16/4
f 938/13/4 925/16/4 924/6/4
f 938/13/4 939/17/4 925/16/4
f 939/13/4 926/16/4 925/6/4
f 939/13/4 940/17/4 926/16/4
f 940/13/4 927/16/4 926/6/4
f 940/13/4 941/17/4 927/16/4
f 941/13/4 928/16/4 927/6/4
f 941/13/4 942/17/4 928/16/4
f 942/13/4 929/16/4 928/6/4
f 942/13/4 943/17/4 929/16/4
f 943/13/4 930/16/4 929/6/4
f 943/13/4 944/17/4 930/16/4
f 944/13/4 931/16/4 930/6/4
f 944/13/4 945/17/4 931/16/4
f 945/13/4 932/16/4 931/6/4
f 945/13/4 88/17/4 932/16/4
f 88/13/4 15/16/4 932/6/4
f 88/13/4 43/17/4 15/16/4
f 90/13/4 933/16/4 93/6/4
f 90/13/4 946/17/4 933/16/4
f 946/13/4 934/16/4 933/6/4
f 946/13/4 947/17/4 934/16/4
f 947/13/4 935/16/4 934/6/4
f 947/13/4 948/17/4 935/16/4
f 948/13/4 936/16/4 935/6/4
f 948/13/4 949/17/4 936/16/4
f 949/13/4 937/16/4 936/6/4
f 949/13/4 950/17/4 937/16/4
f 950/13/4 938/16/4 937/6/4
f 950/13/4 951/17/4 938/16/4
f 951/13/4 939/16/4 938/6/4
f 951/13/4 952/17/4 939/16/4
f 952/13/4 940/16/4 939/6/4
f 952/13/4 953/17/4 940/16/4
f 953/13/4 941/16/4 940/6/4
f 953/13/4 954/17/4 941/16/4
f 954/13/4 942/16/4 941/6/4
f 954/13/4 955/17/4 942/16/4
f 955/13/4 943/16/4 942/6/4
f 955/13/4 956/17/4 943/16/4
f 956/13/4 944/16/4 943/6/4
f 956/13/4 957/17/4 944/16/4
f 957/13/4 945/16/4 944/6/4
f 957/13/4 958/17/4 945/16/4
f 958/13/4 88/16/4 945/6/4
f 958/13/4 87/17/4 88/16/4
f 959/18/4 42/6/4 87/19/4
f 959/18/4 46/13/4 42/6/4
f 92/13/4 946/16/4 90/6/4
f 92/13/4 960/17/4 946/16/4
f 960/13/4 947/16/4 946/6/4
f 960/13/4 961/17/4 947/16/4
f 961/13/4 948/16/4 947/6/4
f 961/13/4 962/17/4 948/16/4
f 962/13/4 949/16/4 948/6/4
f 962/13/4 963/17/4 949/16/4
f 963/13/4 950/16/4 949/6/4
f 963/13/4 964/17/4 950/16/4
f 964/13/4 951/16/4 950/6/4
f 964/13/4 965/17/4 951/16/4
f 965/13/4 952/16/4 951/6/4
f 965/13/4 966/17/4 952/16/4
f 966/13/4 953/16/4 952/6/4
f 966/13/4 967/17/4 953/16/4
f 967/13/4 954/16/4 953/6/4
f 967/13/4 968/17/4 954/16/4
f 968/13/4 955/16/4 954/6/4
f 968/13/4 969/17/4 955/16/4
f 969/13/4 956/16/4 955/6/4
f 969/13/4 970/17/4 956/16/4
f 970/13/4 957/16/4 956/6/4
f 970/13/4 971/17/4 957/16/4
f 971/13/4 958/16/4 957/6/4
f 971/13/4 972/17/4 958/16/4
f 972/13/4 87/16/4 958/6/4
f 972/13/4 959/17/4 87/16/4
f 973/13/4 94/16/4 974/6/4
f 973/13/4 91/17/4 94/16/4
f 975/13/4 960/16/4 92/6/4
f 975/13/4 976/17/4 960/16/4
f 976/13/4 961/16/4 960/6/4
f 976/13/4 977/17/4 961/16/4
f 977/13/4 962/16/4 961/6/4
f 977/13/4 978/17/4 962/16/4
f 978/13/4 963/16/4 962/6/4
f 978/13/4 979/17/4 963/16/4
f 979/13/4 964/16/4 963/6/4
f 979/13/4 980/17/4 964/16/4
f 980/13/4 965/16/4 964/6/4
f 980/13/4 981/17/4 965/16/4
f 981/13/4 966/16/4 965/6/4
f 981/13/4 982/17/4 966/16/4
f 982/13/4 967/16/4 966/6/4
f 982/13/4 983/17/4 967/16/4
f 983/13/4 968/16/4 967/6/4
f 983/13/4 984/17/4 968/16/4
f 984/13/4 969/16/4 968/6/4
f 984/13/4 985/17/4 969/16/4
f 985/13/4 970/16/4 969/6/4
f 985/13/4 986/17/4 970/16/4
f 986/13/4 971/16/4 970/6/4
f 986/13/4 987/17/4 971/16/4
f 987/13/4 972/16/4 971/6/4
f 987/13/4 988/17/4 972/16/4
f 988/13/4 959/16/4 972/6/4
f 988/13/4 989/17/4 959/16/4
f 989/13/4 46/16/4 959/6/4
f 989/13/4 44/17/4 46/16/4
f 990/13/4 976/16/4 975/6/4
f 990/13/4 991/17/4 976/16/4
f 991/13/4 977/16/4 976/6/4
f 991/13/4 992/17/4 977/16/4
f 992/13/4 978/16/4 977/6/4
f 992/13/4 993/17/4 978/16/4
f 993/13/4 979/16/4 978/6/4
f 993/13/4 994/17/4 979/16/4
f 994/13/4 980/16/4 979/6/4
f 994/13/4 995/17/4 980/16/4
f 995/13/4 981/16/4 980/6/4
f 995/13/4 996/17/4 981/16/4
f 996/13/4 982/16/4 981/6/4
f 996/13/4 997/17/4 982/16/4
f 997/13/4 983/16/4 982/6/4
f 997/13/4 998/17/4 983/16/4
f 998/13/4 984/16/4 983/6/4
f 998/13/4 999/17/4 984/16/4
f 999/13/4 985/16/4 984/6/4
f 999/13/4 1000/17/4 985/16/4
f 1000/13/4 986/16/4 985/6/4
f 1000/13/4 1001/17/4 986/16/4
f 1001/13/4 987/16/4 986/6/4
f 1001/13/4 1002/17/4 987/16/4
f 1002/13/4 988/16/4 987/6/4
f 1002/13/4 1003/17/4 988/16/4
f 1003/13/4 989/16/4 988/6/4
f 1003/13/4 1004/17/4 989/16/4
f 1004/13/4 44/16/4 989/6/4
f 1004/13/4 48/17/4 44/16/4
f 1005/13/4 991/16/4 990/6/4
f 1005/13/4 1006/17/4 991/16/4
f 1006/13/4 992/16/4 991/6/4
f 1006/13/4 1007/17/4 992/16/4
f 1007/13/4 993/16/4 992/6/4
f 1007/13/4 1008/17/4 993/16/4
f 1008/13/4 994/16/4 993/6/4
f 1008/13/4 1009/17/4 994/16/4
f 1009/13/4 995/16/4 994/6/4
f 1009/13/4 1010/17/4 995/16/4
f 1010/13/4 996/16/4 995/6/4
f 1010/13/4 1011/17/4 996/16/4
f 1011/13/4 997/16/4 996/6/4
f 1011/13/4 1012/17/4 997/16/4
f 1012/13/4 998/16/4 997/6/4
f 1012/13/4 1013/17/4 998/16/4
f 1013/13/4 999/16/4 998/6/4
f 1013/13/4 1014/17/4 999/16/4
f 1014/13/4 1000/16/4 999/6/4
f 1014/13/4 1015/17/4 1000/16/4
f 1015/13/4 1001/16/4 1000/6/4
f 1015/13/4 1016/17/4 1001/16/4
f 1016/13/4 1002/16/4 1001/6/4
f 1016/13/4 1017/17/4 1002/16/4
f 1017/13/4 1003/16/4 1002/6/4
f 1017/13/4 1018/17/4 1003/16/4
f 1018/13/4 1004/16/4 1003/6/4
f 1018/13/4 1019/17/4 1004/16/4
f 548/13/4 92/16/4 89/6/4
f 548/13/4 975/17/4 92/16/4
f 1020/13/4 1006/16/4 1005/6/4
f 1020/13/4 1021/17/4 1006/16/4
f 1021/13/4 1007/16/4 1006/6/4
f 1021/13/4 1022/17/4 1007/16/4
f 1022/13/4 1008/16/4 1007/6/4
f 1022/13/4 1023/17/4 1008/16/4
f 1023/13/4 1009/16/4 1008/6/4
f 1023/13/4 1024/17/4 1009/16/4
f 1024/13/4 1010/16/4 1009/6/4
f 1024/13/4 1025/17/4 1010/16/4
f 1025/13/4 1011/16/4 1010/6/4
f 1025/13/4 1026/17/4 1011/16/4
f 1026/13/4 1012/16/4 1011/6/4
f 1026/13/4 1027/17/4 1012/16/4
f 1027/13/4 1013/16/4 1012/6/4
f 1027/13/4 1028/17/4 1013/16/4
f 1028/13/4 1014/16/4 1013/6/4
f 1028/13/4 1029/17/4 1014/16/4
f 1029/13/4 1015/16/4 1014/6/4
f 1029/13/4 1030/17/4 1015/16/4
f 1030/13/4 1016/16/4 1015/6/4
f 1030/13/4 1031/17/4 1016/16/4
f 1031/13/4 1017/16/4 1016/6/4
f 1031/13/4 1032/17/4 1017/16/4
f 1032/13/4 1018/16/4 1017/6/4
f 1032/13/4 1033/17/4 1018/16/4
f 547/13/4 91/16/4 973/6/4
f 547/13/4 89/17/4 91/16/4
f 1034/13/4 886/16/4 1035/6/4
f 1034/13/4 902/17/4 886/16/4
f 1036/13/4 1021/16/4 1020/6/4
f 1036/13/4 1037/17/4 1021/16/4
f 1037/13/4 1022/16/4 1021/6/4
f 1037/13/4 1038/17/4 1022/16/4
f 1038/13/4 1023/16/4 1022/6/4
f 1038/13/4 1039/17/4 1023/16/4
f 1039/13/4 1024/16/4 1023/6/4
f 1039/13/4 1040/17/4 1024/16/4
f 1040/13/4 1025/16/4 1024/6/4
f 1040/13/4 1041/17/4 1025/16/4
f 1041/13/4 1026/16/4 1025/6/4
f 1041/13/4 1042/17/4 1026/16/4
f 1042/13/4 1027/16/4 1026/6/4
f 1042/13/4 1043/17/4 1027/16/4
f 1043/13/4 1028/16/4 1027/6/4
f 1043/13/4 1044/17/4 1028/16/4
f 1044/13/4 1029/16/4 1028/6/4
f 1044/13/4 1045/17/4 1029/16/4
f 1045/13/4 1030/16/4 1029/6/4
f 1045/13/4 1046/17/4 1030/16/4
f 1046/13/4 1031/16/4 1030/6/4
f 1046/13/4 1047/17/4 1031/16/4
f 1047/13/4 1032/16/4 1031/6/4
f 1047/13/4 1048/17/4 1032/16/4
f 1048/13/4 1033/16/4 1032/6/4
f 1048/13/4 1049/17/4 1033/16/4
f 1049/13/4 1050/16/4 1033/6/4
f 1049/13/4 1051/17/4 1050/16/4
f 486/21/4 487/9/4 456/20/4
f 486/21/4 502/22/4 487/9/4
f 1052/13/4 1037/16/4 1036/6/4
f 1052/13/4 1053/17/4 1037/16/4
f 1053/13/4 1038/16/4 1037/6/4
f 1053/13/4 1054/17/4 1038/16/4
f 1054/13/4 1039/16/4 1038/6/4
f 1054/13/4 1055/17/4 1039/16/4
f 1055/13/4 1040/16/4 1039/6/4
f 1055/13/4 1056/17/4 1040/16/4
f 1056/13/4 1041/16/4 1040/6/4
f 1056/13/4 1057/17/4 1041/16/4
f 1057/13/4 1042/16/4 1041/6/4
f 1057/13/4 1058/17/4 1042/16/4
f 1058/13/4 1043/16/4 1042/6/4
f 1058/13/4 1059/17/4 1043/16/4
f 1059/13/4 1044/16/4 1043/6/4
f 1059/13/4 1060/17/4 1044/16/4
f 1060/13/4 1045/16/4 1044/6/4
f 1060/13/4 1061/17/4 1045/16/4
f 1061/13/4 1046/16/4 1045/6/4
f 1061/13/4 1062/17/4 1046/16/4
f 1062/13/4 1047/16/4 1046/6/4
f 1062/13/4 1063/17/4 1047/16/4
f 1063/13/4 1048/16/4 1047/6/4
f 1063/13/4 1064/17/4 1048/16/4
f 1064/13/4 1049/16/4 1048/6/4
f 1064/13/4 1065/17/4 1049/16/4
f 1065/13/4 1051/16/4 1049/6/4
f 1065/13/4 1066/17/4 1051/16/4
f 1066/13/4 54/16/4 1051/6/4
f 1066/13/4 78/17/4 54/16/4
f 1067/13/4 1053/16/4 1052/6/4
f 1067/13/4 1068/17/4 1053/16/4
f 1068/13/4 1054/16/4 1053/6/4
f 1068/13/4 1069/17/4 1054/16/4
f 1069/13/4 1055/16/4 1054/6/4
f 1069/13/4 1070/17/4 1055/16/4
f 1070/13/4 1056/16/4 1055/6/4
f 1070/13/4 1071/17/4 1056/16/4
f 1071/13/4 1057/16/4 1056/6/4
f 1071/13/4 1072/17/4 1057/16/4
f 1072/13/4 1058/16/4 1057/6/4
f 1072/13/4 1073/17/4 1058/16/4
f 1073/13/4 1059/16/4 1058/6/4
f 1073/13/4 1074/17/4 1059/16/4
f 1074/13/4 1060/16/4 1059/6/4
f 1074/13/4 1075/17/4 1060/16/4
f 1075/13/4 1061/16/4 1060/6/4
f 1075/13/4 1076/17/4 1061/16/4
f 1076/13/4 1062/16/4 1061/6/4
f 1076/13/4 1077/17/4 1062/16/4
f 1077/13/4 1063/16/4 1062/6/4
f 1077/13/4 1078/17/4 1063/16/4
f 1078/13/4 1064/16/4 1063/6/4
f 1078/13/4 1079/17/4 1064/16/4
f 1079/13/4 1065/16/4 1064/6/4
f 1079/13/4 1080/17/4 1065/16/4
f 1080/13/4 1066/16/4 1065/6/4
f 1080/13/4 1081/17/4 1066/16/4
f 1081/13/4 78/16/4 1066/6/4
f 1081/13/4 102/17/4 78/16/4
f 1082/13/4 1068/16/4 1067/6/4
f 1082/13/4 1083/17/4 1068/16/4
f 1083/13/4 1069/16/4 1068/6/4
f 1083/13/4 1084/17/4 1069/16/4
f 1084/13/4 1070/16/4 1069/6/4
f 1084/13/4 1085/17/4 1070/16/4
f 1085/13/4 1071/16/4 1070/6/4
f 1085/13/4 1086/17/4 1071/16/4
f 1086/13/4 1072/16/4 1071/6/4
f 1086/13/4 1087/17/4 1072/16/4
f 1087/13/4 1073/16/4 1072/6/4
f 1087/13/4 1088/17/4 1073/16/4
f 1088/13/4 1074/16/4 1073/6/4
f 1088/13/4 1089/17/4 1074/16/4
f 1089/13/4 1075/16/4 1074/6/4
f 1089/13/4 1090/17/4 1075/16/4
f 1090/13/4 1076/16/4 1075/6/4
f 1090/13/4 1091/17/4 1076/16/4
f 1091/13/4 1077/16/4 1076/6/4
f 1091/13/4 1092/17/4 1077/16/4
f 1092/13/4 1078/16/4 1077/6/4
f 1092/13/4 1093/17/4 1078/16/4
f 1093/13/4 1079/16/4 1078/6/4
f 1093/13/4 1094/17/4 1079/16/4
f 1094/13/4 1080/16/4 1079/6/4
f 1094/13/4 1095/17/4 1080/16/4
f 1095/13/4 1081/16/4 1080/6/4
f 1095/13/4 1096/17/4 1081/16/4
f 1096/13/4 102/16/4 1081/6/4
f 1096/13/4 118/17/4 102/16/4
f 1097/13/4 1083/16/4 1082/6/4
f 1097/13/4 1098/17/4 1083/16/4
f 1098/13/4 1084/16/4 1083/6/4
f 1098/13/4 1099/17/4 1084/16/4
f 1099/13/4 1085/16/4 1084/6/4
f 1099/13/4 1100/17/4 1085/16/4
f 1100/13/4 1086/16/4 1085/6/4
f 1100/13/4 1101/17/4 1086/16/4
f 1101/13/4 1087/16/4 1086/6/4
f 1101/13/4 1102/17/4 1087/16/4
f 1102/13/4 1088/16/4 1087/6/4
f 1102/13/4 1103/17/4 1088/16/4
f 1103/13/4 1089/16/4 1088/6/4
f 1103/13/4 1104/17/4 1089/16/4
f 1104/13/4 1090/16/4 1089/6/4
f 1104/13/4 1105/17/4 1090/16/4
f 1105/13/4 1091/16/4 1090/6/4
f 1105/13/4 1106/17/4 1091/16/4
f 1106/13/4 1092/16/4 1091/6/4
f 1106/13/4 1107/17/4 1092/16/4
f 1107/13/4 1093/16/4 1092/6/4
f 1107/13/4 1108/17/4 1093/16/4
f 1108/13/4 1094/16/4 1093/6/4
f 1108/13/4 1109/17/4 1094/16/4
f 1109/13/4 1095/16/4 1094/6/4
f 1109/13/4 1110/17/4 1095/16/4
f 1110/13/4 1096/16/4 1095/6/4
f 1110/13/4 1111/17/4 1096/16/4
f 1111/13/4 118/16/4 1096/6/4
f 1111/13/4 131/17/4 118/16/4
f 1112/13/4 1098/16/4 1097/6/4
f 1112/13/4 1113/17/4 1098/16/4
f 1113/13/4 1099/16/4 1098/6/4
f 1113/13/4 1114/17/4 1099/16/4
f 1114/13/4 1100/16/4 1099/6/4
f 1114/13/4 1115/17/4 1100/16/4
f 1115/13/4 1101/16/4 1100/6/4
f 1115/13/4 1116/17/4 1101/16/4
f 1116/13/4 1102/16/4 1101/6/4
f 1116/13/4 1117/17/4 1102/16/4
f 1117/13/4 1103/16/4 1102/6/4
f 1117/13/4 1118/17/4 1103/16/4
f 1118/13/4 1104/16/4 1103/6/4
f 1118/13/4 1119/17/4 1104/16/4
f 1119/13/4 1105/16/4 1104/6/4
f 1119/13/4 1120/17/4 1105/16/4
f 1120/13/4 1106/16/4 1105/6/4
f 1120/13/4 1121/17/4 1106/16/4
f 1121/13/4 1107/16/4 1106/6/4
f 1121/13/4 1122/17/4 1107/16/4
f 1122/13/4 1108/16/4 1107/6/4
f 1122/13/4 1123/17/4 1108/16/4
f 1123/13/4 1109/16/4 1108/6/4
f 1123/13/4 1124/17/4 1109/16/4
f 1124/13/4 1110/16/4 1109/6/4
f 1124/13/4 1125/17/4 1110/16/4
f 1125/13/4 1111/16/4 1110/6/4
f 1125/13/4 1126/17/4 1111/16/4
f 1126/13/4 131/16/4 1111/6/4
f 1126/13/4 144/17/4 131/16/4
f 1127/13/4 1113/16/4 1112/6/4
f 1127/13/4 1128/17/4 1113/16/4
f 1128/13/4 1114/16/4 1113/6/4
f 1128/13/4 1129/17/4 1114/16/4
f 1129/13/4 1115/16/4 1114/6/4
f 1129/13/4 1130/17/4 1115/16/4
f 1130/13/4 1116/16/4 1115/6/4
f 1130/13/4 1131/17/4 1116/16/4
f 1131/13/4 1117/16/4 1116/6/4
f 1131/13/4 1132/17/4 1117/16/4
f 1132/13/4 1118/16/4 1117/6/4
f 1132/13/4 1133/17/4 1118/16/4
f 1133/13/4 1119/16/4 1118/6/4
f 1133/13/4 1134/17/4 1119/16/4
f 1134/13/4 1120/16/4 1119/6/4
f 1134/13/4 1135/17/4 1120/16/4
f 1135/13/4 1121/16/4 1120/6/4
f 1135/13/4 1136/17/4 1121/16/4
f 1136/13/4 1122/16/4 1121/6/4
f 1136/13/4 1137/17/4 1122/16/4
f 1137/13/4 1123/16/4 1122/6/4
f 1137/13/4 1138/17/4 1123/16/4
f 1138/13/4 1124/16/4 1123/6/4
f 1138/13/4 1139/17/4 1124/16/4
f 1139/13/4 1125/16/4 1124/6/4
f 1139/13/4 1140/17/4 1125/16/4
f 1140/13/4 1126/16/4 1125/6/4
f 1140/13/4 1141/17/4 1126/16/4
f 1141/13/4 144/16/4 1126/6/4
f 1141/13/4 157/17/4 144/16/4
f 1142/13/4 1128/16/4 1127/6/4
f 1142/13/4 1143/17/4 1128/16/4
f 1143/13/4 1129/16/4 1128/6/4
f 1143/13/4 1144/17/4 1129/16/4
f 1144/13/4 1130/16/4 1129/6/4
f 1144/13/4 1145/17/4 1130/16/4
f 1145/13/4 1131/16/4 1130/6/4
f 1145/13/4 1146/17/4 1131/16/4
f 1146/13/4 1132/16/4 1131/6/4
f 1146/13/4 1147/17/4 1132/16/4
f 1147/13/4 1133/16/4 1132/6/4
f 1147/13/4 1148/17/4 1133/16/4
f 1148/13/4 1134/16/4 1133/6/4
f 1148/13/4 1149/17/4 1134/16/4
f 1149/13/4 1135/16/4 1134/6/4
f 1149/13/4 1150/17/4 1135/16/4
f 1150/13/4 1136/16/4 1135/6/4
f 1150/13/4 1151/17/4 1136/16/4
f 1151/13/4 1137/16/4 1136/6/4
f 1151/13/4 1152/17/4 1137/16/4
f 1152/13/4 1138/16/4 1137/6/4
f 1152/13/4 1153/17/4 1138/16/4
f 1153/13/4 1139/16/4 1138/6/4
f 1153/13/4 1154/17/4 1139/16/4
f 1154/13/4 1140/16/4 1139/6/4
f 1154/13/4 1155/17/4 1140/16/4
f 1155/13/4 1141/16/4 1140/6/4
f 1155/13/4 1156/17/4 1141/16/4
f 1156/13/4 157/16/4 1141/6/4
f 1156/13/4 170/17/4 157/16/4
f 1157/13/4 1143/16/4 1142/6/4
f 1157/13/4 1158/17/4 1143/16/4
f 1158/13/4 1144/16/4 1143/6/4
f 1158/13/4 1159/17/4 1144/16/4
f 1159/13/4 1145/16/4 1144/6/4
f 1159/13/4 1160/17/4 1145/16/4
f 1160/13/4 1146/16/4 1145/6/4
f 1160/13/4 1161/17/4 1146/16/4
f 1161/13/4 1147/16/4 1146/6/4
f 1161/13/4 1162/17/4 1147/16/4
f 1162/13/4 1148/16/4 1147/6/4
f 1162/13/4 1163/17/4 1148/16/4
f 1163/13/4 1149/16/4 1148/6/4
f 1163/13/4 1164/17/4 1149/16/4
f 1164/13/4 1150/16/4 1149/6/4
f 1164/13/4 1165/17/4 1150/16/4
f 1165/13/4 1151/16/4 1150/6/4
f 1165/13/4 1166/17/4 1151/16/4
f 1166/13/4 1152/16/4 1151/6/4
f 1166/13/4 1167/17/4 1152/16/4
f 1167/13/4 1153/16/4 1152/6/4
f 1167/13/4 1168/17/4 1153/16/4
f 1168/13/4 1154/16/4 1153/6/4
f 1168/13/4 1169/17/4 1154/16/4
f 1169/13/4 1155/16/4 1154/6/4
f 1169/13/4 1170/17/4 1155/16/4
f 1170/13/4 1156/16/4 1155/6/4
f 1170/13/4 1171/17/4 1156/16/4
f 1171/13/4 170/16/4 1156/6/4
f 1171/13/4 183/17/4 170/16/4
f 1172/13/4 1158/16/4 1157/6/4
f 1172/13/4 1173/17/4 1158/16/4
f 1173/13/4 1159/16/4 1158/6/4
f 1173/13/4 1174/17/4 1159/16/4
f 1174/13/4 1160/16/4 1159/6/4
f 1174/13/4 1175/17/4 1160/16/4
f 1175/13/4 1161/16/4 1160/6/4
f 1175/13/4 1176/17/4 1161/16/4
f 1176/13/4 1162/16/4 1161/6/4
f 1176/13/4 1177/17/4 1162/16/4
f 1177/13/4 1163/16/4 1162/6/4
f 1177/13/4 1178/17/4 1163/16/4
f 1178/13/4 1164/16/4 1163/6/4
f 1178/13/4 1179/17/4 1164/16/4
f 1179/13/4 1165/16/4 1164/6/4
f 1179/13/4 1180/17/4 1165/16/4
f 1180/13/4 1166/16/4 1165/6/4
f 1180/13/4 1181/17/4 1166/16/4
f 1181/13/4 1167/16/4 1166/6/4
f 1181/13/4 1182/17/4 1167/16/4
f 1182/13/4 1168/16/4 1167/6/4
f 1182/13/4 1183/17/4 1168/16/4
f 1183/13/4 1169/16/4 1168/6/4
f 1183/13/4 1184/17/4 1169/16/4
f 1184/13/4 1170/16/4 1169/6/4
f 1184/13/4 1185/17/4 1170/16/4
f 1185/13/4 1171/16/4 1170/6/4
f 1185/13/4 1186/17/4 1171/16/4
f 1186/13/4 183/16/4 1171/6/4
f 1186/13/4 196/17/4 183/16/4
f 1187/13/4 1173/16/4 1172/6/4
f 1187/13/4 1188/17/4 1173/16/4
f 1188/13/4 1174/16/4 1173/6/4
f 1188/13/4 1189/17/4 1174/16/4
f 1189/13/4 1175/16/4 1174/6/4
f 1189/13/4 1190/17/4 1175/16/4
f 1190/13/4 1176/16/4 1175/6/4
f 1190/13/4 1191/17/4 1176/16/4
f 1191/13/4 1177/16/4 1176/6/4
f 1191/13/4 1192/17/4 1177/16/4
f 1192/13/4 1178/16/4 1177/6/4
f 1192/13/4 1193/17/4 1178/16/4
f 1193/13/4 1179/16/4 1178/6/4
f 1193/13/4 1194/17/4 1179/16/4
f 1194/13/4 1180/16/4 1179/6/4
f 1194/13/4 1195/17/4 1180/16/4
f 1195/13/4 1181/16/4 1180/6/4
f 1195/13/4 1196/17/4 1181/16/4
f 1196/13/4 1182/16/4 1181/6/4
f 1196/13/4 1197/17/4 1182/16/4
f 1197/13/4 1183/16/4 1182/6/4
f 1197/13/4 1198/17/4 1183/16/4
f 1198/13/4 1184/16/4 1183/6/4
f 1198/13/4 1199/17/4 1184/16/4
f 1199/13/4 1185/16/4 1184/6/4
f 1199/13/4 1200/17/4 1185/16/4
f 1200/13/4 1186/16/4 1185/6/4
f 1200/13/4 1201/17/4 1186/16/4
f 1201/13/4 196/16/4 1186/6/4
f 1201/13/4 209/17/4 196/16/4
f 1202/13/4 1188/16/4 1187/6/4
f 1202/13/4 1203/17/4 1188/16/4
f 1203/13/4 1189/16/4 1188/6/4
f 1203/13/4 1204/17/4 1189/16/4
f 1204/13/4 1190/16/4 1189/6/4
f 1204/13/4 1205/17/4 1190/16/4
f 1205/13/4 1191/16/4 1190/6/4
f 1205/13/4 1206/17/4 1191/16/4
f 1206/13/4 1192/16/4 1191/6/4
f 1206/13/4 1207/17/4 1192/16/4
f 1207/13/4 1193/16/4 1192/6/4
f 1207/13/4 1208/17/4 1193/16/4
f 1208/13/4 1194/16/4 1193/6/4
f 1208/13/4 1209/17/4 1194/16/4
f 1209/13/4 1195/16/4 1194/6/4
f 1209/13/4 1210/17/4 1195/16/4
f 1210/13/4 1196/16/4 1195/6/4
f 1210/13/4 1211/17/4 1196/16/4
f 1211/13/4 1197/16/4 1196/6/4
f 1211/13/4 1212/17/4 1197/16/4
f 1212/13/4 1198/16/4 1197/6/4
f 1212/13/4 1213/17/4 1198/16/4
f 1213/13/4 1199/16/4 1198/6/4
f 1213/13/4 1214/17/4 1199/16/4
f 1214/13/4 1200/16/4 1199/6/4
f 1214/13/4 1215/17/4 1200/16/4
f 1215/13/4 1201/16/4 1200/6/4
f 1215/13/4 1216/17/4 1201/16/4
f 1216/13/4 209/16/4 1201/6/4
f 1216/13/4 222/17/4 209/16/4
f 1217/13/4 760/16/4 1218/6/4
f 1217/13/4 776/17/4 760/16/4
f 1219/13/4 776/16/4 1217/6/4
f 1219/13/4 792/17/4 776/16/4
f 1220/13/4 1219/16/4 1221/6/4
f 1220/13/4 1222/17/4 1219/16/4
f 1223/13/4 1222/16/4 1220/6/4
f 1223/13/4 1224/17/4 1222/16/4
f 1225/13/4 823/16/4 1224/6/4
f 1225/13/4 839/17/4 823/16/4
f 1226/13/4 855/16/4 1227/6/4
f 1226/13/4 870/17/4 855/16/4
f 1224/13/4 807/16/4 1222/6/4
f 1224/13/4 823/17/4 807/16/4
f 1222/13/4 792/16/4 1219/6/4
f 1222/13/4 807/17/4 792/16/4
f 1228/13/4 1224/16/4 1223/6/4
f 1228/13/4 1225/17/4 1224/16/4
f 1227/13/4 839/16/4 1225/6/4
f 1227/13/4 855/17/4 839/16/4
f 1229/13/4 1225/16/4 1228/6/4
f 1229/13/4 1227/17/4 1225/16/4
f 1230/13/4 1227/16/4 1229/6/4
f 1230/13/4 1226/17/4 1227/16/4
f 1035/13/4 870/16/4 1226/6/4
f 1035/13/4 886/17/4 870/16/4
f 1231/13/4 1035/16/4 1232/6/4
f 1231/13/4 1034/17/4 1035/16/4
f 1233/13/4 1034/16/4 1231/6/4
f 1233/13/4 1234/17/4 1034/16/4
f 1235/13/4 1236/16/4 1237/6/4
f 1235/13/4 1238/17/4 1236/16/4
f 1239/13/4 1238/16/4 1235/6/4
f 1239/13/4 1240/17/4 1238/16/4
f 1241/13/4 1240/16/4 1239/6/4
f 1241/13/4 1242/17/4 1240/16/4
f 1243/13/4 547/16/4 1242/6/4
f 1243/13/4 546/17/4 547/16/4
f 1244/13/4 975/16/4 548/6/4
f 1244/13/4 990/17/4 975/16/4
f 1234/13/4 902/16/4 1034/6/4
f 1234/13/4 918/17/4 902/16/4
f 974/13/4 1234/16/4 1233/6/4
f 974/13/4 94/17/4 1234/16/4
f 1240/13/4 974/16/4 1238/6/4
f 1240/13/4 973/17/4 974/16/4
f 1242/13/4 973/16/4 1240/6/4
f 1242/13/4 547/17/4 973/16/4
f 94/13/4 918/16/4 1234/6/4
f 94/13/4 93/17/4 918/16/4
f 1238/13/4 1233/16/4 1236/6/4
f 1238/13/4 974/17/4 1233/16/4
f 1033/18/4 1019/6/4 1018/19/4
f 1033/18/4 1050/13/4 1019/6/4
f 1050/18/4 52/6/4 1019/19/4
f 1050/18/4 50/13/4 52/6/4
f 1019/18/4 48/6/4 1004/19/4
f 1019/18/4 52/13/4 48/6/4
f 1051/18/4 50/6/4 1050/19/4
f 1051/18/4 54/13/4 50/6/4
f 1245/13/4 1205/16/4 1204/6/4
f 1245/13/4 1246/17/4 1205/16/4
f 1246/13/4 1206/16/4 1205/6/4
f 1246/13/4 1247/17/4 1206/16/4
f 1247/13/4 1207/16/4 1206/6/4
f 1247/13/4 1248/17/4 1207/16/4
f 1248/13/4 1208/16/4 1207/6/4
f 1248/13/4 1249/17/4 1208/16/4
f 1249/13/4 1209/16/4 1208/6/4
f 1249/13/4 1250/17/4 1209/16/4
f 1250/13/4 1210/16/4 1209/6/4
f 1250/13/4 1251/17/4 1210/16/4
f 1251/13/4 1211/16/4 1210/6/4
f 1251/13/4 1252/17/4 1211/16/4
f 1252/13/4 1212/16/4 1211/6/4
f 1252/13/4 1253/17/4 1212/16/4
f 1253/13/4 1213/16/4 1212/6/4
f 1253/13/4 1254/17/4 1213/16/4
f 1254/13/4 1214/16/4 1213/6/4
f 1254/13/4 1255/17/4 1214/16/4
f 1255/13/4 1215/16/4 1214/6/4
f 1255/13/4 1256/17/4 1215/16/4
f 1256/13/4 1216/16/4 1215/6/4
f 1256/13/4 1257/17/4 1216/16/4
f 1257/13/4 222/16/4 1216/6/4
f 1257/13/4 1258/17/4 222/16/4
f 1258/13/4 223/16/4 222/6/4
f 1258/13/4 1259/17/4 223/16/4
f 1259/13/4 224/16/4 223/6/4
f 1259/13/4 1260/17/4 224/16/4
f 1260/13/4 225/16/4 224/6/4
f 1260/13/4 1261/17/4 225/16/4
f 1261/13/4 226/16/4 225/6/4
f 1261/13/4 1262/17/4 226/16/4
f 1262/13/4 227/16/4 226/6/4
f 1262/13/4 1263/17/4 227/16/4
f 1263/13/4 228/16/4 227/6/4
f 1263/13/4 1264/17/4 228/16/4
f 1264/13/4 229/16/4 228/6/4
f 1264/13/4 1265/17/4 229/16/4
f 1265/13/4 230/16/4 229/6/4
f 1265/13/4 1266/17/4 230/16/4
f 1266/13/4 231/16/4 230/6/4
f 1266/13/4 1267/17/4 231/16/4
f 1267/13/4 232/16/4 231/6/4
f 1267/13/4 1268/17/4 232/16/4
f 1268/13/4 233/16/4 232/6/4
f 1268/13/4 1269/17/4 233/16/4
f 1269/13/4 234/16/4 233/6/4
f 1269/13/4 1270/17/4 234/16/4
f 1270/13/4 713/16/4 234/6/4
f 1270/13/4 1271/17/4 713/16/4
f 1271/13/4 714/16/4 713/6/4
f 1271/13/4 1272/17/4 714/16/4
f 1272/13/4 715/16/4 714/6/4
f 1272/13/4 1273/17/4 715/16/4
f 1273/13/4 716/16/4 715/6/4
f 1273/13/4 1274/17/4 716/16/4
f 1274/13/4 717/16/4 716/6/4
f 1274/13/4 1275/17/4 717/16/4
f 1275/13/4 718/16/4 717/6/4
f 1275/13/4 1276/17/4 718/16/4
f 1276/13/4 719/16/4 718/6/4
f 1276/13/4 1277/17/4 719/16/4
f 1277/13/4 720/16/4 719/6/4
f 1277/13/4 1278/17/4 720/16/4
f 1278/13/4 721/16/4 720/6/4
f 1278/13/4 1279/17/4 721/16/4
f 1279/13/4 722/16/4 721/6/4
f 1279/13/4 1280/17/4 722/16/4
f 1280/13/4 723/16/4 722/6/4
f 1280/13/4 1281/17/4 723/16/4
f 1281/13/4 724/16/4 723/6/4
f 1281/13/4 1282/17/4 724/16/4
f 1283/13/4 1246/16/4 1245/6/4
f 1283/13/4 1284/17/4 1246/16/4
f 1284/13/4 1247/16/4 1246/6/4
f 1284/13/4 1285/17/4 1247/16/4
f 1285/13/4 1248/16/4 1247/6/4
f 1285/13/4 1286/17/4 1248/16/4
f 1286/13/4 1249/16/4 1248/6/4
f 1286/13/4 1287/17/4 1249/16/4
f 1287/13/4 1250/16/4 1249/6/4
f 1287/13/4 1288/17/4 1250/16/4
f 1288/13/4 1251/16/4 1250/6/4
f 1288/13/4 1289/17/4 1251/16/4
f 1289/13/4 1252/16/4 1251/6/4
f 1289/13/4 1290/17/4 1252/16/4
f 1290/13/4 1253/16/4 1252/6/4
f 1290/13/4 1291/17/4 1253/16/4
f 1291/13/4 1254/16/4 1253/6/4
f 1291/13/4 1292/17/4 1254/16/4
f 1292/13/4 1255/16/4 1254/6/4
f 1292/13/4 1293/17/4 1255/16/4
f 1293/13/4 1256/16/4 1255/6/4
f 1293/13/4 1294/17/4 1256/16/4
f 1294/13/4 1257/16/4 1256/6/4
f 1294/13/4 1295/17/4 1257/16/4
f 1295/13/4 1258/16/4 1257/6/4
f 1295/13/4 1296/17/4 1258/16/4
f 1296/13/4 1259/16/4 1258/6/4
f 1296/13/4 1297/17/4 1259/16/4
f 1297/13/4 1260/16/4 1259/6/4
f 1297/13/4 1298/17/4 1260/16/4
f 1298/13/4 1261/16/4 1260/6/4
f 1298/13/4 1299/17/4 1261/16/4
f 1299/13/4 1262/16/4 1261/6/4
f 1299/13/4 1300/17/4 1262/16/4
f 1300/13/4 1263/16/4 1262/6/4
f 1300/13/4 1301/17/4 1263/16/4
f 1301/13/4 1264/16/4 1263/6/4
f 1301/13/4 1302/17/4 1264/16/4
f 1302/13/4 1265/16/4 1264/6/4
f 1302/13/4 1303/17/4 1265/16/4
f 1303/13/4 1266/16/4 1265/6/4
f 1303/13/4 1304/17/4 1266/16/4
f 1304/13/4 1267/16/4 1266/6/4
f 1304/13/4 1305/17/4 1267/16/4
f 1305/13/4 1268/16/4 1267/6/4
f 1305/13/4 1306/17/4 1268/16/4
f 1306/13/4 1269/16/4 1268/6/4
f 1306/13/4 1307/17/4 1269/16/4
f 1307/13/4 1270/16/4 1269/6/4
f 1307/13/4 1308/17/4 1270/16/4
f 1308/13/4 1271/16/4 1270/6/4
f 1308/13/4 1309/17/4 1271/16/4
f 1309/13/4 1272/16/4 1271/6/4
f 1309/13/4 1310/17/4 1272/16/4
f 1310/13/4 1273/16/4 1272/6/4
f 1310/13/4 1311/17/4 1273/16/4
f 1311/13/4 1274/16/4 1273/6/4
f 1311/13/4 1312/17/4 1274/16/4
f 1312/13/4 1275/16/4 1274/6/4
f 1312/13/4 1313/17/4 1275/16/4
f 1313/13/4 1276/16/4 1275/6/4
f 1313/13/4 1314/17/4 1276/16/4
f 1314/13/4 1277/16/4 1276/6/4
f 1314/13/4 1315/17/4 1277/16/4
f 1315/13/4 1278/16/4 1277/6/4
f 1315/13/4 1316/17/4 1278/16/4
f 1316/13/4 1279/16/4 1278/6/4
f 1316/13/4 1317/17/4 1279/16/4
f 1317/13/4 1280/16/4 1279/6/4
f 1317/13/4 1318/17/4 1280/16/4
f 1318/13/4 1281/16/4 1280/6/4
f 1318/13/4 1319/17/4 1281/16/4
f 1319/13/4 1282/16/4 1281/6/4
f 1319/13/4 1320/17/4 1282/16/4
f 1321/13/4 1284/16/4 1283/6/4
f 1321/13/4 1322/17/4 1284/16/4
f 1322/13/4 1285/16/4 1284/6/4
f 1322/13/4 1323/17/4 1285/16/4
f 1323/13/4 1286/16/4 1285/6/4
f 1323/13/4 1324/17/4 1286/16/4
f 1324/13/4 1287/16/4 1286/6/4
f 1324/13/4 1325/17/4 1287/16/4
f 1325/13/4 1288/16/4 1287/6/4
f 1325/13/4 1326/17/4 1288/16/4
f 1326/13/4 1289/16/4 1288/6/4
f 1326/13/4 1327/17/4 1289/16/4
f 1327/13/4 1290/16/4 1289/6/4
f 1327/13/4 1328/17/4 1290/16/4
f 1328/13/4 1291/16/4 1290/6/4
f 1328/13/4 1329/17/4 1291/16/4
f 1329/13/4 1292/16/4 1291/6/4
f 1329/13/4 1330/17/4 1292/16/4
f 1330/13/4 1293/16/4 1292/6/4
f 1330/13/4 1331/17/4 1293/16/4
f 1331/13/4 1294/16/4 1293/6/4
f 1331/13/4 1332/17/4 1294/16/4
f 1332/13/4 1295/16/4 1294/6/4
f 1332/13/4 1333/17/4 1295/16/4
f 1333/13/4 1296/16/4 1295/6/4
f 1333/13/4 1334/17/4 1296/16/4
f 1334/13/4 1297/16/4 1296/6/4
f 1334/13/4 1335/17/4 1297/16/4
f 1335/13/4 1298/16/4 1297/6/4
f 1335/13/4 1336/17/4 1298/16/4
f 1336/13/4 1299/16/4 1298/6/4
f 1336/13/4 1337/17/4 1299/16/4
f 1337/13/4 1300/16/4 1299/6/4
f 1337/13/4 1338/17/4 1300/16/4
f 1338/13/4 1301/16/4 1300/6/4
f 1338/13/4 1339/17/4 1301/16/4
f 1339/13/4 1302/16/4 1301/6/4
f 1339/13/4 1340/17/4 1302/16/4
f 1340/13/4 1303/16/4 1302/6/4
f 1340/13/4 1341/17/4 1303/16/4
f 1341/13/4 1304/16/4 1303/6/4
f 1341/13/4 1342/17/4 1304/16/4
f 1342/13/4 1305/16/4 1304/6/4
f 1342/13/4 1343/17/4 1305/16/4
f 1343/13/4 1306/16/4 1305/6/4
f 1343/13/4 1344/17/4 1306/16/4
f 1344/13/4 1307/16/4 1306/6/4
f 1344/13/4 1345/17/4 1307/16/4
f 1345/13/4 1308/16/4 1307/6/4
f 1345/13/4 1346/17/4 1308/16/4
f 1346/13/4 1309/16/4 1308/6/4
f 1346/13/4 1347/17/4 1309/16/4
f 1347/13/4 1310/16/4 1309/6/4
f 1347/13/4 1348/17/4 1310/16/4
f 1348/13/4 1311/16/4 1310/6/4
f 1348/13/4 1349/17/4 1311/16/4
f 1349/13/4 1312/16/4 1311/6/4
f 1349/13/4 1350/17/4 1312/16/4
f 1350/13/4 1313/16/4 1312/6/4
f 1350/13/4 1351/17/4 1313/16/4
f 1351/13/4 1314/16/4 1313/6/4
f 1351/13/4 1352/17/4 1314/16/4
f 1352/13/4 1315/16/4 1314/6/4
f 1352/13/4 1353/17/4 1315/16/4
f 1353/13/4 1316/16/4 1315/6/4
f 1353/13/4 1354/17/4 1316/16/4
f 1354/13/4 1317/16/4 1316/6/4
f 1354/13/4 1355/17/4 1317/16/4
f 1355/13/4 1318/16/4 1317/6/4
f 1355/13/4 1356/17/4 1318/16/4
f 1356/13/4 1319/16/4 1318/6/4
f 1356/13/4 1357/17/4 1319/16/4
f 1357/13/4 1320/16/4 1319/6/4
f 1357/13/4 1358/17/4 1320/16/4
f 1359/13/4 1352/16/4 1351/6/4
f 1359/13/4 1360/17/4 1352/16/4
f 1361/13/4 1345/16/4 1344/6/4
f 1361/13/4 1362/17/4 1345/16/4
f 1363/13/4 1344/16/4 1343/6/4
f 1363/13/4 1361/17/4 1344/16/4
f 1362/13/4 1346/16/4 1345/6/4
f 1362/13/4 1364/17/4 1346/16/4
f 1365/13/4 1348/16/4 1347/6/4
f 1365/13/4 1366/17/4 1348/16/4
f 1366/13/4 1349/16/4 1348/6/4
f 1366/13/4 1367/17/4 1349/16/4
f 1367/13/4 1350/16/4 1349/6/4
f 1367/13/4 1368/17/4 1350/16/4
f 1368/13/4 1351/16/4 1350/6/4
f 1368/13/4 1359/17/4 1351/16/4
f 1369/13/4 1330/16/4 1329/6/4
f 1369/13/4 1370/17/4 1330/16/4
f 1371/13/4 1329/16/4 1328/6/4
f 1371/13/4 1369/17/4 1329/16/4
f 1372/13/4 1328/16/4 1327/6/4
f 1372/13/4 1371/17/4 1328/16/4
f 1373/13/4 1334/16/4 1333/6/4
f 1373/13/4 1374/17/4 1334/16/4
f 485/13/4 1375/16/4 471/6/4
f 485/13/4 1376/17/4 1375/16/4
f 1377/13/4 1378/16/4 1379/6/4
f 1377/13/4 1380/17/4 1378/16/4
f 424/13/4 1381/16/4 408/6/4
f 424/13/4 1382/17/4 1381/16/4
f 1383/13/4 1384/16/4 1385/6/4
f 1383/13/4 1386/17/4 1384/16/4
f 471/13/4 1377/16/4 454/6/4
f 471/13/4 1375/17/4 1377/16/4
f 515/13/4 1387/16/4 500/6/4
f 515/13/4 1388/17/4 1387/16/4
f 531/13/4 1388/16/4 515/6/4
f 531/13/4 1389/17/4 1388/16/4
f 454/13/4 1379/16/4 439/6/4
f 454/13/4 1377/17/4 1379/16/4
f 439/13/4 1382/16/4 424/6/4
f 439/13/4 1379/17/4 1382/16/4
f 1379/13/4 1390/16/4 1382/6/4
f 1379/13/4 1378/17/4 1390/16/4
f 1382/13/4 1391/16/4 1381/6/4
f 1382/13/4 1390/17/4 1391/16/4
f 408/13/4 1383/16/4 392/6/4
f 408/13/4 1381/17/4 1383/16/4
f 392/13/4 1385/16/4 376/6/4
f 392/13/4 1383/17/4 1385/16/4
f 376/13/4 1392/16/4 361/6/4
f 376/13/4 1385/17/4 1392/16/4
f 1392/13/4 1393/16/4 1394/6/4
f 1392/13/4 1395/17/4 1393/16/4
f 1394/13/4 1396/16/4 1397/6/4
f 1394/13/4 1393/17/4 1396/16/4
f 329/13/4 1398/16/4 313/6/4
f 329/13/4 1397/17/4 1398/16/4
f 345/13/4 1397/16/4 329/6/4
f 345/13/4 1394/17/4 1397/16/4
f 361/13/4 1394/16/4 345/6/4
f 361/13/4 1392/17/4 1394/16/4
f 592/13/4 1399/16/4 577/6/4
f 592/13/4 1400/17/4 1399/16/4
f 577/13/4 1401/16/4 562/6/4
f 577/13/4 1399/17/4 1401/16/4
f 562/13/4 1402/16/4 545/6/4
f 562/13/4 1401/17/4 1402/16/4
f 1403/13/4 1097/16/4 1404/6/4
f 1403/13/4 1112/17/4 1097/16/4
f 1404/13/4 1082/16/4 1405/6/4
f 1404/13/4 1097/17/4 1082/16/4
f 1406/13/4 1052/16/4 1407/6/4
f 1406/13/4 1067/17/4 1052/16/4
f 1407/13/4 1036/16/4 1408/6/4
f 1407/13/4 1052/17/4 1036/16/4
f 1409/13/4 1410/16/4 1411/6/4
f 1409/13/4 1412/17/4 1410/16/4
f 1411/13/4 1244/16/4 1413/6/4
f 1411/13/4 1410/17/4 1244/16/4
f 1413/13/4 548/16/4 546/6/4
f 1413/13/4 1244/17/4 548/16/4
f 1412/13/4 1005/16/4 1410/6/4
f 1412/13/4 1020/17/4 1005/16/4
f 1408/13/4 1020/16/4 1412/6/4
f 1408/13/4 1036/17/4 1020/16/4
f 1410/13/4 990/16/4 1244/6/4
f 1410/13/4 1005/17/4 990/16/4
f 1405/13/4 1067/16/4 1406/6/4
f 1405/13/4 1082/17/4 1067/16/4
f 1414/13/4 1408/16/4 1415/6/4
f 1414/13/4 1407/17/4 1408/16/4
f 1415/13/4 1412/16/4 1409/6/4
f 1415/13/4 1408/17/4 1412/16/4
usemtl 0
f 1416/23/2 1417/24/2 1418/25/2
f 1416/23/2 1419/26/2 1417/24/2
f 1420/27/3 1421/24/3 1422/13/3
f 1420/27/3 1423/26/3 1421/24/3
f 1419/23/2 1424/24/2 1417/25/2
f 1419/23/2 1425/26/2 1424/24/2
f 1426/27/3 1427/24/3 1428/13/3
f 1426/27/3 1429/26/3 1427/24/3
f 1430/27/3 1428/24/3 1431/13/3
f 1430/27/3 1426/26/3 1428/24/3
f 1425/23/2 1432/24/2 1424/25/2
f 1425/23/2 1433/26/2 1432/24/2
f 1433/23/2 1434/24/2 1432/25/2
f 1433/23/2 1435/26/2 1434/24/2
f 1435/23/2 1436/28/2 1434/25/2
f 1435/23/2 1437/29/2 1436/28/2
f 1423/27/3 1431/24/3 1421/13/3
f 1423/27/3 1430/26/3 1431/24/3
f 822/27/1 1438/24/1 1439/13/1
f 822/27/1 791/26/1 1438/24/1
f 854/5/4 1440/6/4 791/3/4
f 854/5/4 1441/7/4 1440/6/4
f 917/30/4 1441/7/4 854/5/4
f 917/30/4 36/31/4 1441/7/4
f 1441/30/4 1442/7/4 1440/5/4
f 1441/30/4 1443/31/4 1442/7/4
f 1444/30/5 1445/7/5 1446/5/5
f 1444/30/5 1447/31/5 1445/7/5
f 1438/30/5 1448/7/5 1449/5/5
f 1438/30/5 1450/31/5 1448/7/5
f 1448/30/5 1451/7/5 1452/5/5
f 1448/30/5 1446/31/5 1451/7/5
f 1450/5/5 1446/6/5 1448/3/5
f 1450/5/5 1444/7/5 1446/6/5
f 1446/5/5 1453/6/5 1451/3/5
f 1446/5/5 1445/7/5 1453/6/5
f 1449/5/5 1452/6/5 1454/3/5
f 1449/5/5 1448/7/5 1452/6/5
f 35/30/4 283/6/4 1442/3/4
f 35/30/4 409/31/4 283/6/4
f 36/5/4 1443/6/4 1441/3/4
f 36/5/4 35/7/4 1443/6/4
f 917/27/1 1455/24/1 1454/13/1
f 917/27/1 885/26/1 1455/24/1
f 1456/23/2 1457/24/2 1458/25/2
f 1456/23/2 1459/26/2 1457/24/2
f 1459/23/2 1418/24/2 1457/25/2
f 1459/23/2 1416/26/2 1418/24/2
f 885/27/1 1449/24/1 1455/13/1
f 885/27/1 854/26/1 1449/24/1
f 854/27/1 1439/24/1 1449/13/1
f 854/27/1 822/26/1 1439/24/1
f 1460/27/2 32/24/2 1461/13/2
f 1460/27/2 25/26/2 32/24/2
f 37/27/2 1461/24/2 70/13/2
f 37/27/2 1460/26/2 1461/24/2
f 1462/27/2 73/24/2 1463/13/2
f 1462/27/2 34/26/2 73/24/2
f 15/27/2 1463/24/2 19/13/2
f 15/27/2 1462/26/2 1463/24/2
f 35/32/3 70/24/3 1451/17/3
f 35/32/3 37/26/3 70/24/3
f 1464/27/6 1454/24/6 1465/13/6
f 1464/27/6 917/26/6 1454/24/6
f 36/27/6 1465/24/6 1452/13/6
f 36/27/6 1464/26/6 1465/24/6
f 1466/27/6 1451/24/6 1467/13/6
f 1466/27/6 35/26/6 1451/24/6
f 409/27/6 1467/24/6 1453/13/6
f 409/27/6 1466/26/6 1467/24/6
f 34/32/1 1452/24/1 73/17/1
f 34/32/1 36/26/1 1452/24/1
