mtllib maze.mtl
o Default
v -0.32 0 3.12 1 1 1 1
v -0.32 0 2.96 1 1 1 1
v -0.16 0 2.96 1 1 1 1
v -0.16 0 3.12 1 1 1 1
v -0.32 0 2.96 1 1 1 1
v -0.16 0 2.8000000000000003 1 1 1 1
v -0.32 0 2.8000000000000003 1 1 1 1
v -0.16 0 2.96 1 1 1 1
v -0.32 0 2 1 1 1 1
v -0.16 0 1.84 1 1 1 1
v -0.32 0 1.84 1 1 1 1
v -0.16 0 2 1 1 1 1
v -0.48 0 2.25 1 1 1 1
v -0.32 0 2.09 1 1 1 1
v -0.48 0 2.09 1 1 1 1
v -0.32 0 2.25 1 1 1 1
v -0.32 0 1.84 1 1 1 1
v -0.16 0 1.68 1 1 1 1
v -0.32 0 1.68 1 1 1 1
v -0.16 0 1.84 1 1 1 1
v -0.48 0 2.57 1 1 1 1
v -0.32 0 2.41 1 1 1 1
v -0.48 0 2.41 1 1 1 1
v -0.32 0 2.57 1 1 1 1
v -0.48 0 2.41 1 1 1 1
v -0.32 0 2.25 1 1 1 1
v -0.48 0 2.25 1 1 1 1
v -0.32 0 2.41 1 1 1 1
v -0.48 0 1.1300000000000001 1 1 1 1
v -0.32 0 0.97 1 1 1 1
v -0.48 0 0.97 1 1 1 1
v -0.32 0 1.1300000000000001 1 1 1 1
v -0.48 0 2.89 1 1 1 1
v -0.32 0 2.73 1 1 1 1
v -0.48 0 2.73 1 1 1 1
v -0.32 0 2.89 1 1 1 1
v -0.48 0 2.73 1 1 1 1
v -0.32 0 2.57 1 1 1 1
v -0.48 0 2.57 1 1 1 1
v -0.32 0 2.73 1 1 1 1
v -0.32 0 2.48 1 1 1 1
v -0.16 0 2.32 1 1 1 1
v -0.32 0 2.32 1 1 1 1
v -0.16 0 2.48 1 1 1 1
v -0.32 0 1.68 1 1 1 1
v -0.16 0 1.52 1 1 1 1
v -0.32 0 1.52 1 1 1 1
v -0.16 0 1.68 1 1 1 1
v -4.82 0 0.32 1 1 1 1
v -4.66 0 0 1 1 1 1
v -4.82 0 0 1 1 1 1
v -4.66 0 0.32 1 1 1 1
v -0.48 0 1.93 1 1 1 1
v -0.32 0 1.77 1 1 1 1
v -0.48 0 1.77 1 1 1 1
v -0.32 0 1.93 1 1 1 1
v -4.98 0 0.32 1 1 1 1
v -4.82 0 0 1 1 1 1
v -4.98 0 0 1 1 1 1
v -4.82 0 0.32 1 1 1 1
v -0.16 0 3.36 1 1 1 1
v 0 0 3.2 1 1 1 1
v -0.16 0 3.2 1 1 1 1
v 0 0 3.36 1 1 1 1
v -0.48 0 1.29 1 1 1 1
v -0.32 0 1.1300000000000001 1 1 1 1
v -0.48 0 1.1300000000000001 1 1 1 1
v -0.32 0 1.29 1 1 1 1
v -4.34 0 0.32 1 1 1 1
v -4.18 0 0 1 1 1 1
v -4.34 0 0 1 1 1 1
v -4.18 0 0.32 1 1 1 1
v -4.5 0 0.32 1 1 1 1
v -4.34 0 0 1 1 1 1
v -4.5 0 0 1 1 1 1
v -4.34 0 0.32 1 1 1 1
v -0.32 0 1.2 1 1 1 1
v -0.16 0 1.04 1 1 1 1
v -0.32 0 1.04 1 1 1 1
v -0.16 0 1.2 1 1 1 1
v 4.96 0 0 1 1 1 1
v 4.48 2.24 0 1 1 1 1
v 4.48 0 0 1 1 1 1
v 4.96 2.24 0 1 1 1 1
v -0.32 0 2.64 1 1 1 1
v -0.16 0 2.48 1 1 1 1
v -0.32 0 2.48 1 1 1 1
v -0.16 0 2.64 1 1 1 1
v -0.32 0 2.16 1 1 1 1
v -0.16 0 2 1 1 1 1
v -0.32 0 2 1 1 1 1
v -0.16 0 2.16 1 1 1 1
v -0.48 0 3.0500000000000003 1 1 1 1
v -0.32 0 2.89 1 1 1 1
v -0.48 0 2.89 1 1 1 1
v -0.32 0 3.0500000000000003 1 1 1 1
v -4.48 0 0 1 1 1 1
v -4.96 2.24 0 1 1 1 1
v -4.96 0 0 1 1 1 1
v -4.48 2.24 0 1 1 1 1
v -0.48 0 1.61 1 1 1 1
v -0.32 0 1.45 1 1 1 1
v -0.48 0 1.45 1 1 1 1
v -0.32 0 1.61 1 1 1 1
v -0.48 0 3.21 1 1 1 1
v -0.32 0 3.0500000000000003 1 1 1 1
v -0.48 0 3.0500000000000003 1 1 1 1
v -0.32 0 3.21 1 1 1 1
v -0.48 0 1.77 1 1 1 1
v -0.32 0 1.61 1 1 1 1
v -0.48 0 1.61 1 1 1 1
v -0.32 0 1.77 1 1 1 1
v -0.32 0 1.36 1 1 1 1
v -0.16 0 1.2 1 1 1 1
v -0.32 0 1.2 1 1 1 1
v -0.16 0 1.36 1 1 1 1
v -4.66 0 0.32 1 1 1 1
v -4.5 0 0 1 1 1 1
v -4.66 0 0 1 1 1 1
v -4.5 0 0.32 1 1 1 1
v -0.32 0 1.52 1 1 1 1
v -0.16 0 1.36 1 1 1 1
v -0.32 0 1.36 1 1 1 1
v -0.16 0 1.52 1 1 1 1
v -0.48 0 1.45 1 1 1 1
v -0.32 0 1.29 1 1 1 1
v -0.48 0 1.29 1 1 1 1
v -0.32 0 1.45 1 1 1 1
v -0.32 0 1.04 1 1 1 1
v -0.16 0 0.88 1 1 1 1
v -0.32 0 0.88 1 1 1 1
v -0.16 0 1.04 1 1 1 1
v -0.48 0 3.37 1 1 1 1
v -0.32 0 3.21 1 1 1 1
v -0.48 0 3.21 1 1 1 1
v -0.32 0 3.37 1 1 1 1
v -0.32 0 2.8000000000000003 1 1 1 1
v -0.16 0 2.64 1 1 1 1
v -0.32 0 2.64 1 1 1 1
v -0.16 0 2.8000000000000003 1 1 1 1
v -0.32 0 3.2800000000000002 1 1 1 1
v -0.16 0 3.12 1 1 1 1
v -0.32 0 3.12 1 1 1 1
v -0.16 0 3.2800000000000002 1 1 1 1
v -0.32 0 2.32 1 1 1 1
v -0.16 0 2.16 1 1 1 1
v -0.32 0 2.16 1 1 1 1
v -0.16 0 2.32 1 1 1 1
v -0.48 0 2.09 1 1 1 1
v -0.32 0 1.93 1 1 1 1
v -0.48 0 1.93 1 1 1 1
v -0.32 0 2.09 1 1 1 1
v -0.64 1.77 -4.25 1 1 1 1
v -1.12 1.77 -5.21 1 1 1 1
v -1.12 1.77 -4.25 1 1 1 1
v -0.64 1.77 -5.21 1 1 1 1
v -0.64 1.77 -3.29 1 1 1 1
v -1.12 1.77 -4.25 1 1 1 1
v -1.12 1.77 -3.29 1 1 1 1
v -0.64 1.77 -4.25 1 1 1 1
v -1.12 -0.03 -10.01 1 1 1 1
v -1.12 1.1300000000000001 -10.97 1 1 1 1
v -1.12 -0.03 -10.97 1 1 1 1
v -1.12 1.1300000000000001 -10.01 1 1 1 1
v -0.64 -0.03 -10.97 1 1 1 1
v -0.64 1.1300000000000001 -10.01 1 1 1 1
v -0.64 -0.03 -10.01 1 1 1 1
v -0.64 1.1300000000000001 -10.97 1 1 1 1
v -1.12 -0.03 -10.97 1 1 1 1
v -1.12 1.1300000000000001 -11.93 1 1 1 1
v -1.12 -0.03 -11.93 1 1 1 1
v -1.12 1.1300000000000001 -10.97 1 1 1 1
v -0.64 -0.03 -11.93 1 1 1 1
v -0.64 1.1300000000000001 -10.97 1 1 1 1
v -0.64 -0.03 -10.97 1 1 1 1
v -0.64 1.1300000000000001 -11.93 1 1 1 1
v -1.12 -0.03 -9.05 1 1 1 1
v -1.12 1.1300000000000001 -10.01 1 1 1 1
v -1.12 -0.03 -10.01 1 1 1 1
v -1.12 1.1300000000000001 -9.05 1 1 1 1
v -0.64 -0.03 -10.01 1 1 1 1
v -0.64 1.1300000000000001 -9.05 1 1 1 1
v -0.64 -0.03 -9.05 1 1 1 1
v -0.64 1.1300000000000001 -10.01 1 1 1 1
v -1.12 -0.03 -8.09 1 1 1 1
v -1.12 1.1300000000000001 -9.05 1 1 1 1
v -1.12 -0.03 -9.05 1 1 1 1
v -1.12 1.1300000000000001 -8.09 1 1 1 1
v -0.64 -0.03 -9.05 1 1 1 1
v -0.64 1.1300000000000001 -8.09 1 1 1 1
v -0.64 -0.03 -8.09 1 1 1 1
v -0.64 1.1300000000000001 -9.05 1 1 1 1
v -1.12 -0.03 -7.13 1 1 1 1
v -1.12 1.1300000000000001 -8.09 1 1 1 1
v -1.12 -0.03 -8.09 1 1 1 1
v -1.12 1.1300000000000001 -7.13 1 1 1 1
v -0.64 -0.03 -8.09 1 1 1 1
v -0.64 1.1300000000000001 -7.13 1 1 1 1
v -0.64 -0.03 -7.13 1 1 1 1
v -0.64 1.1300000000000001 -8.09 1 1 1 1
v -1.12 -0.03 -11.93 1 1 1 1
v -1.12 1.1300000000000001 -12.89 1 1 1 1
v -1.12 -0.03 -12.89 1 1 1 1
v -1.12 1.1300000000000001 -11.93 1 1 1 1
v -1.12 -0.03 -12.89 1 1 1 1
v -0.64 1.1300000000000001 -12.89 1 1 1 1
v -0.64 -0.03 -12.89 1 1 1 1
v -1.12 1.1300000000000001 -12.89 1 1 1 1
v -0.64 -0.03 -12.89 1 1 1 1
v -0.64 1.1300000000000001 -11.93 1 1 1 1
v -0.64 -0.03 -11.93 1 1 1 1
v -0.64 1.1300000000000001 -12.89 1 1 1 1
v -1.12 -0.03 -6.17 1 1 1 1
v -1.12 1.1300000000000001 -7.13 1 1 1 1
v -1.12 -0.03 -7.13 1 1 1 1
v -1.12 1.1300000000000001 -6.17 1 1 1 1
v -0.64 -0.03 -7.13 1 1 1 1
v -0.64 1.1300000000000001 -6.17 1 1 1 1
v -0.64 -0.03 -6.17 1 1 1 1
v -0.64 1.1300000000000001 -7.13 1 1 1 1
v -1.12 -0.03 -5.21 1 1 1 1
v -1.12 1.1300000000000001 -6.17 1 1 1 1
v -1.12 -0.03 -6.17 1 1 1 1
v -1.12 1.1300000000000001 -5.21 1 1 1 1
v -0.64 -0.03 -6.17 1 1 1 1
v -0.64 1.1300000000000001 -5.21 1 1 1 1
v -0.64 -0.03 -5.21 1 1 1 1
v -0.64 1.1300000000000001 -6.17 1 1 1 1
v -1.12 -0.03 -4.25 1 1 1 1
v -1.12 1.1300000000000001 -5.21 1 1 1 1
v -1.12 -0.03 -5.21 1 1 1 1
v -1.12 1.1300000000000001 -4.25 1 1 1 1
v -0.64 -0.03 -5.21 1 1 1 1
v -0.64 1.1300000000000001 -4.25 1 1 1 1
v -0.64 -0.03 -4.25 1 1 1 1
v -0.64 1.1300000000000001 -5.21 1 1 1 1
v -0.64 -0.03 -3.29 1 1 1 1
v -1.12 1.1300000000000001 -3.29 1 1 1 1
v -1.12 -0.03 -3.29 1 1 1 1
v -0.64 1.1300000000000001 -3.29 1 1 1 1
v -0.65 1.73 -15.120000000000001 1 1 1 1
v -1.1300000000000001 1.73 -16.080000000000002 1 1 1 1
v -1.1300000000000001 1.73 -15.120000000000001 1 1 1 1
v -0.65 1.73 -16.080000000000002 1 1 1 1
v -0.65 1.73 -14.16 1 1 1 1
v -1.1300000000000001 1.73 -15.120000000000001 1 1 1 1
v -1.1300000000000001 1.73 -14.16 1 1 1 1
v -0.65 1.73 -15.120000000000001 1 1 1 1
v -0.65 1.76 -0.08 1 1 1 1
v -1.1300000000000001 1.76 -1.04 1 1 1 1
v -1.1300000000000001 1.76 -0.08 1 1 1 1
v -0.65 1.76 -1.04 1 1 1 1
v -0.65 1.76 -1.04 1 1 1 1
v -1.1300000000000001 1.76 -2 1 1 1 1
v -1.1300000000000001 1.76 -1.04 1 1 1 1
v -0.65 1.76 -2 1 1 1 1
v -0.64 -0.03 -14.16 1 1 1 1
v -1.12 1.09 -14.16 1 1 1 1
v -1.12 -0.03 -14.16 1 1 1 1
v -0.64 1.09 -14.16 1 1 1 1
v -1.12 -0.03 -14.16 1 1 1 1
v -1.12 1.09 -15.120000000000001 1 1 1 1
v -1.12 -0.03 -15.120000000000001 1 1 1 1
v -1.12 1.09 -14.16 1 1 1 1
v -0.64 -0.03 -15.120000000000001 1 1 1 1
v -0.64 1.09 -14.16 1 1 1 1
v -0.64 -0.03 -14.16 1 1 1 1
v -0.64 1.09 -15.120000000000001 1 1 1 1
v -1.12 -0.03 -15.120000000000001 1 1 1 1
v -1.12 1.09 -16.080000000000002 1 1 1 1
v -1.12 -0.03 -16.080000000000002 1 1 1 1
v -1.12 1.09 -15.120000000000001 1 1 1 1
v -1.12 -0.03 -16.080000000000002 1 1 1 1
v -0.64 1.09 -16.080000000000002 1 1 1 1
v -0.64 -0.03 -16.080000000000002 1 1 1 1
v -1.12 1.09 -16.080000000000002 1 1 1 1
v -0.64 -0.03 -16.080000000000002 1 1 1 1
v -0.64 1.09 -15.120000000000001 1 1 1 1
v -0.64 -0.03 -15.120000000000001 1 1 1 1
v -0.64 1.09 -16.080000000000002 1 1 1 1
v -1.12 -0.03 -3.29 1 1 1 1
v -1.12 1.1300000000000001 -4.25 1 1 1 1
v -1.12 -0.03 -4.25 1 1 1 1
v -1.12 1.1300000000000001 -3.29 1 1 1 1
v -0.64 -0.03 -4.25 1 1 1 1
v -0.64 1.1300000000000001 -3.29 1 1 1 1
v -0.64 -0.03 -3.29 1 1 1 1
v -0.64 1.1300000000000001 -4.25 1 1 1 1
v -1.1300000000000001 -0.04 -1.04 1 1 1 1
v -1.1300000000000001 1.12 -2 1 1 1 1
v -1.1300000000000001 -0.04 -2 1 1 1 1
v -1.1300000000000001 1.12 -1.04 1 1 1 1
v -1.1300000000000001 -0.04 -2 1 1 1 1
v -0.65 1.12 -2 1 1 1 1
v -0.65 -0.04 -2 1 1 1 1
v -1.1300000000000001 1.12 -2 1 1 1 1
v -0.65 -0.04 -2 1 1 1 1
v -0.65 1.12 -1.04 1 1 1 1
v -0.65 -0.04 -1.04 1 1 1 1
v -0.65 1.12 -2 1 1 1 1
v -0.65 -0.04 -0.08 1 1 1 1
v -1.1300000000000001 1.12 -0.08 1 1 1 1
v -1.1300000000000001 -0.04 -0.08 1 1 1 1
v -0.65 1.12 -0.08 1 1 1 1
v -1.1300000000000001 -0.04 -0.08 1 1 1 1
v -1.1300000000000001 1.12 -1.04 1 1 1 1
v -1.1300000000000001 -0.04 -1.04 1 1 1 1
v -1.1300000000000001 1.12 -0.08 1 1 1 1
v -0.65 -0.04 -1.04 1 1 1 1
v -0.65 1.12 -0.08 1 1 1 1
v -0.65 -0.04 -0.08 1 1 1 1
v -0.65 1.12 -1.04 1 1 1 1
v -0.64 1.77 -11.93 1 1 1 1
v -1.12 1.77 -12.89 1 1 1 1
v -1.12 1.77 -11.93 1 1 1 1
v -0.64 1.77 -12.89 1 1 1 1
v -0.64 1.77 -10.97 1 1 1 1
v -1.12 1.77 -11.93 1 1 1 1
v -1.12 1.77 -10.97 1 1 1 1
v -0.64 1.77 -11.93 1 1 1 1
v -0.64 1.77 -10.01 1 1 1 1
v -1.12 1.77 -10.97 1 1 1 1
v -1.12 1.77 -10.01 1 1 1 1
v -0.64 1.77 -10.97 1 1 1 1
v -0.64 1.77 -9.05 1 1 1 1
v -1.12 1.77 -10.01 1 1 1 1
v -1.12 1.77 -9.05 1 1 1 1
v -0.64 1.77 -10.01 1 1 1 1
v -0.64 1.77 -8.09 1 1 1 1
v -1.12 1.77 -9.05 1 1 1 1
v -1.12 1.77 -8.09 1 1 1 1
v -0.64 1.77 -9.05 1 1 1 1
v -0.64 1.77 -7.13 1 1 1 1
v -1.12 1.77 -8.09 1 1 1 1
v -1.12 1.77 -7.13 1 1 1 1
v -0.64 1.77 -8.09 1 1 1 1
v -0.64 1.77 -6.17 1 1 1 1
v -1.12 1.77 -7.13 1 1 1 1
v -1.12 1.77 -6.17 1 1 1 1
v -0.64 1.77 -7.13 1 1 1 1
v -0.64 1.77 -5.21 1 1 1 1
v -1.12 1.77 -6.17 1 1 1 1
v -1.12 1.77 -5.21 1 1 1 1
v -0.64 1.77 -6.17 1 1 1 1
v 8.49 -0.03 -12.69 1 1 1 1
v 9.290000000000001 -0.03 -12.73 1 1 1 1
v 9.290000000000001 -0.03 -12.69 1 1 1 1
v 8.49 -0.03 -12.73 1 1 1 1
v 12.5 -0.03 -12.69 1 1 1 1
v 13.3 -0.03 -12.73 1 1 1 1
v 13.3 -0.03 -12.69 1 1 1 1
v 12.5 -0.03 -12.73 1 1 1 1
v 14.1 -0.03 -12.69 1 1 1 1
v 14.9 -0.03 -12.73 1 1 1 1
v 14.9 -0.03 -12.69 1 1 1 1
v 14.1 -0.03 -12.73 1 1 1 1
v -0.64 1.1300000000000001 -3.29 1 1 1 1
v -1.12 1.77 -3.29 1 1 1 1
v -1.12 1.1300000000000001 -3.29 1 1 1 1
v -0.64 1.77 -3.29 1 1 1 1
v -1.12 1.1300000000000001 -3.29 1 1 1 1
v -1.12 1.77 -4.25 1 1 1 1
v -1.12 1.1300000000000001 -4.25 1 1 1 1
v -1.12 1.77 -3.29 1 1 1 1
v -0.64 1.1300000000000001 -4.25 1 1 1 1
v -0.64 1.77 -3.29 1 1 1 1
v -0.64 1.1300000000000001 -3.29 1 1 1 1
v -0.64 1.77 -4.25 1 1 1 1
v -1.12 1.1300000000000001 -4.25 1 1 1 1
v -1.12 1.77 -5.21 1 1 1 1
v -1.12 1.1300000000000001 -5.21 1 1 1 1
v -1.12 1.77 -4.25 1 1 1 1
v -0.64 1.1300000000000001 -5.21 1 1 1 1
v -0.64 1.77 -4.25 1 1 1 1
v -0.64 1.1300000000000001 -4.25 1 1 1 1
v -0.64 1.77 -5.21 1 1 1 1
v -1.12 1.1300000000000001 -5.21 1 1 1 1
v -1.12 1.77 -6.17 1 1 1 1
v -1.12 1.1300000000000001 -6.17 1 1 1 1
v -1.12 1.77 -5.21 1 1 1 1
v -0.64 1.1300000000000001 -6.17 1 1 1 1
v -0.64 1.77 -5.21 1 1 1 1
v -0.64 1.1300000000000001 -5.21 1 1 1 1
v -0.64 1.77 -6.17 1 1 1 1
v -1.12 1.1300000000000001 -6.17 1 1 1 1
v -1.12 1.77 -7.13 1 1 1 1
v -1.12 1.1300000000000001 -7.13 1 1 1 1
v -1.12 1.77 -6.17 1 1 1 1
v -0.64 1.1300000000000001 -7.13 1 1 1 1
v -0.64 1.77 -6.17 1 1 1 1
v -0.64 1.1300000000000001 -6.17 1 1 1 1
v -0.64 1.77 -7.13 1 1 1 1
v -1.12 1.1300000000000001 -7.13 1 1 1 1
v -1.12 1.77 -8.09 1 1 1 1
v -1.12 1.1300000000000001 -8.09 1 1 1 1
v -1.12 1.77 -7.13 1 1 1 1
v -0.64 1.1300000000000001 -8.09 1 1 1 1
v -0.64 1.77 -7.13 1 1 1 1
v -0.64 1.1300000000000001 -7.13 1 1 1 1
v -0.64 1.77 -8.09 1 1 1 1
v -1.12 1.1300000000000001 -8.09 1 1 1 1
v -1.12 1.77 -9.05 1 1 1 1
v -1.12 1.1300000000000001 -9.05 1 1 1 1
v -1.12 1.77 -8.09 1 1 1 1
v -0.64 1.1300000000000001 -9.05 1 1 1 1
v -0.64 1.77 -8.09 1 1 1 1
v -0.64 1.1300000000000001 -8.09 1 1 1 1
v -0.64 1.77 -9.05 1 1 1 1
v -1.12 1.1300000000000001 -9.05 1 1 1 1
v -1.12 1.77 -10.01 1 1 1 1
v -1.12 1.1300000000000001 -10.01 1 1 1 1
v -1.12 1.77 -9.05 1 1 1 1
v -0.64 1.1300000000000001 -10.01 1 1 1 1
v -0.64 1.77 -9.05 1 1 1 1
v -0.64 1.1300000000000001 -9.05 1 1 1 1
v -0.64 1.77 -10.01 1 1 1 1
v -1.12 1.1300000000000001 -10.01 1 1 1 1
v -1.12 1.77 -10.97 1 1 1 1
v -1.12 1.1300000000000001 -10.97 1 1 1 1
v -1.12 1.77 -10.01 1 1 1 1
v -0.64 1.1300000000000001 -10.97 1 1 1 1
v -0.64 1.77 -10.01 1 1 1 1
v -0.64 1.1300000000000001 -10.01 1 1 1 1
v -0.64 1.77 -10.97 1 1 1 1
v -1.12 1.1300000000000001 -10.97 1 1 1 1
v -1.12 1.77 -11.93 1 1 1 1
v -1.12 1.1300000000000001 -11.93 1 1 1 1
v -1.12 1.77 -10.97 1 1 1 1
v -0.64 1.1300000000000001 -11.93 1 1 1 1
v -0.64 1.77 -10.97 1 1 1 1
v -0.64 1.1300000000000001 -10.97 1 1 1 1
v -0.64 1.77 -11.93 1 1 1 1
v -1.12 1.1300000000000001 -11.93 1 1 1 1
v -1.12 1.77 -12.89 1 1 1 1
v -1.12 1.1300000000000001 -12.89 1 1 1 1
v -1.12 1.77 -11.93 1 1 1 1
v -1.12 1.1300000000000001 -12.89 1 1 1 1
v -0.64 1.77 -12.89 1 1 1 1
v -0.64 1.1300000000000001 -12.89 1 1 1 1
v -1.12 1.77 -12.89 1 1 1 1
v -0.64 1.1300000000000001 -12.89 1 1 1 1
v -0.64 1.77 -11.93 1 1 1 1
v -0.64 1.1300000000000001 -11.93 1 1 1 1
v -0.64 1.77 -12.89 1 1 1 1
v -0.65 1.09 -14.16 1 1 1 1
v -1.1300000000000001 1.73 -14.16 1 1 1 1
v -1.1300000000000001 1.09 -14.16 1 1 1 1
v -0.65 1.73 -14.16 1 1 1 1
v -1.1300000000000001 1.09 -14.16 1 1 1 1
v -1.1300000000000001 1.73 -15.120000000000001 1 1 1 1
v -1.1300000000000001 1.09 -15.120000000000001 1 1 1 1
v -1.1300000000000001 1.73 -14.16 1 1 1 1
v -0.65 1.09 -15.120000000000001 1 1 1 1
v -0.65 1.73 -14.16 1 1 1 1
v -0.65 1.09 -14.16 1 1 1 1
v -0.65 1.73 -15.120000000000001 1 1 1 1
v -1.1300000000000001 1.09 -15.120000000000001 1 1 1 1
v -1.1300000000000001 1.73 -16.080000000000002 1 1 1 1
v -1.1300000000000001 1.09 -16.080000000000002 1 1 1 1
v -1.1300000000000001 1.73 -15.120000000000001 1 1 1 1
v -1.1300000000000001 1.09 -16.080000000000002 1 1 1 1
v -0.65 1.73 -16.080000000000002 1 1 1 1
v -0.65 1.09 -16.080000000000002 1 1 1 1
v -1.1300000000000001 1.73 -16.080000000000002 1 1 1 1
v -0.65 1.09 -16.080000000000002 1 1 1 1
v -0.65 1.73 -15.120000000000001 1 1 1 1
v -0.65 1.09 -15.120000000000001 1 1 1 1
v -0.65 1.73 -16.080000000000002 1 1 1 1
v -1.1300000000000001 1.12 -1.04 1 1 1 1
v -1.1300000000000001 1.76 -2 1 1 1 1
v -1.1300000000000001 1.12 -2 1 1 1 1
v -1.1300000000000001 1.76 -1.04 1 1 1 1
v -1.1300000000000001 1.12 -2 1 1 1 1
v -0.65 1.76 -2 1 1 1 1
v -0.65 1.12 -2 1 1 1 1
v -1.1300000000000001 1.76 -2 1 1 1 1
v -0.65 1.12 -2 1 1 1 1
v -0.65 1.76 -1.04 1 1 1 1
v -0.65 1.12 -1.04 1 1 1 1
v -0.65 1.76 -2 1 1 1 1
v -0.65 1.12 -0.08 1 1 1 1
v -1.1300000000000001 1.76 -0.08 1 1 1 1
v -1.1300000000000001 1.12 -0.08 1 1 1 1
v -0.65 1.76 -0.08 1 1 1 1
v -1.1300000000000001 1.12 -0.08 1 1 1 1
v -1.1300000000000001 1.76 -1.04 1 1 1 1
v -1.1300000000000001 1.12 -1.04 1 1 1 1
v -1.1300000000000001 1.76 -0.08 1 1 1 1
v -0.65 1.12 -1.04 1 1 1 1
v -0.65 1.76 -0.08 1 1 1 1
v -0.65 1.12 -0.08 1 1 1 1
v -0.65 1.76 -1.04 1 1 1 1
v -8.632534790039063 2.1553739289236277e-16 -0.879996337890625 1 1 1 1
v -9.592534790039062 1.12 -0.879996337890625 1 1 1 1
v -9.592534790039062 2.1553739289236277e-16 -0.879996337890625 1 1 1 1
v -8.632534790039063 1.12 -0.879996337890625 1 1 1 1
v -9.592534790039062 1.12 -0.879996337890625 1 1 1 1
v -8.632534790039063 1.12 -1.359996337890625 1 1 1 1
v -9.592534790039062 1.12 -1.359996337890625 1 1 1 1
v -8.632534790039063 1.12 -0.879996337890625 1 1 1 1
v -9.592534790039062 2.1553739289236277e-16 -0.879996337890625 1 1 1 1
v -9.592534790039062 1.12 -1.359996337890625 1 1 1 1
v -9.592534790039062 2.1553739289236277e-16 -1.359996337890625 1 1 1 1
v -9.592534790039062 1.12 -0.879996337890625 1 1 1 1
v -9.592534790039062 2.1553739289236277e-16 -1.359996337890625 1 1 1 1
v -8.632534790039063 1.12 -1.359996337890625 1 1 1 1
v -8.632534790039063 2.1553739289236277e-16 -1.359996337890625 1 1 1 1
v -9.592534790039062 1.12 -1.359996337890625 1 1 1 1
v -8.632534790039063 2.1553739289236277e-16 -1.359996337890625 1 1 1 1
v -8.632534790039063 1.12 -0.879996337890625 1 1 1 1
v -8.632534790039063 2.1553739289236277e-16 -0.879996337890625 1 1 1 1
v -8.632534790039063 1.12 -1.359996337890625 1 1 1 1
v 5.12 -0.03 1.52 1 1 1 1
v 5.44 -0.03 1.2 1 1 1 1
v 5.12 -0.03 1.2 1 1 1 1
v 5.44 -0.03 1.52 1 1 1 1
v 1.6 -0.03 1.84 1 1 1 1
v 1.92 -0.03 1.52 1 1 1 1
v 1.6 -0.03 1.52 1 1 1 1
v 1.92 -0.03 1.84 1 1 1 1
v 1.92 -0.03 1.84 1 1 1 1
v 2.24 -0.03 1.52 1 1 1 1
v 1.92 -0.03 1.52 1 1 1 1
v 2.24 -0.03 1.84 1 1 1 1
v 2.24 -0.03 1.84 1 1 1 1
v 2.56 -0.03 1.52 1 1 1 1
v 2.24 -0.03 1.52 1 1 1 1
v 2.56 -0.03 1.84 1 1 1 1
v 2.56 -0.03 1.84 1 1 1 1
v 2.88 -0.03 1.52 1 1 1 1
v 2.56 -0.03 1.52 1 1 1 1
v 2.88 -0.03 1.84 1 1 1 1
v 2.88 -0.03 1.84 1 1 1 1
v 3.2 -0.03 1.52 1 1 1 1
v 2.88 -0.03 1.52 1 1 1 1
v 3.2 -0.03 1.84 1 1 1 1
v 3.2 -0.03 1.84 1 1 1 1
v 3.52 -0.03 1.52 1 1 1 1
v 3.2 -0.03 1.52 1 1 1 1
v 3.52 -0.03 1.84 1 1 1 1
v 3.52 -0.03 1.84 1 1 1 1
v 3.84 -0.03 1.52 1 1 1 1
v 3.52 -0.03 1.52 1 1 1 1
v 3.84 -0.03 1.84 1 1 1 1
v 5.44 -0.03 3.44 1 1 1 1
v 5.76 -0.03 3.12 1 1 1 1
v 5.44 -0.03 3.12 1 1 1 1
v 5.76 -0.03 3.44 1 1 1 1
v 5.76 -0.03 3.44 1 1 1 1
v 6.08 -0.03 3.12 1 1 1 1
v 5.76 -0.03 3.12 1 1 1 1
v 6.08 -0.03 3.44 1 1 1 1
v 6.08 -0.03 3.44 1 1 1 1
v 6.4 -0.03 3.12 1 1 1 1
v 6.08 -0.03 3.12 1 1 1 1
v 6.4 -0.03 3.44 1 1 1 1
v 3.84 -0.03 1.84 1 1 1 1
v 4.16 -0.03 1.52 1 1 1 1
v 3.84 -0.03 1.52 1 1 1 1
v 4.16 -0.03 1.84 1 1 1 1
v 4.16 -0.03 1.84 1 1 1 1
v 4.48 -0.03 1.52 1 1 1 1
v 4.16 -0.03 1.52 1 1 1 1
v 4.48 -0.03 1.84 1 1 1 1
v 4.48 -0.03 1.84 1 1 1 1
v 4.8 -0.03 1.52 1 1 1 1
v 4.48 -0.03 1.52 1 1 1 1
v 4.8 -0.03 1.84 1 1 1 1
v 4.8 -0.03 1.84 1 1 1 1
v 5.12 -0.03 1.52 1 1 1 1
v 4.8 -0.03 1.52 1 1 1 1
v 5.12 -0.03 1.84 1 1 1 1
v 5.12 -0.03 1.84 1 1 1 1
v 5.44 -0.03 1.52 1 1 1 1
v 5.12 -0.03 1.52 1 1 1 1
v 5.44 -0.03 1.84 1 1 1 1
v 5.44 -0.03 1.84 1 1 1 1
v 5.76 -0.03 1.52 1 1 1 1
v 5.44 -0.03 1.52 1 1 1 1
v 5.76 -0.03 1.84 1 1 1 1
v 3.84 -0.03 0.88 1 1 1 1
v 4.16 -0.03 0.56 1 1 1 1
v 3.84 -0.03 0.56 1 1 1 1
v 4.16 -0.03 0.88 1 1 1 1
v 5.76 -0.03 1.84 1 1 1 1
v 6.08 -0.03 1.52 1 1 1 1
v 5.76 -0.03 1.52 1 1 1 1
v 6.08 -0.03 1.84 1 1 1 1
v 6.08 -0.03 1.84 1 1 1 1
v 6.4 -0.03 1.52 1 1 1 1
v 6.08 -0.03 1.52 1 1 1 1
v 6.4 -0.03 1.84 1 1 1 1
v 6.4 -0.03 1.84 1 1 1 1
v 6.72 -0.03 1.52 1 1 1 1
v 6.4 -0.03 1.52 1 1 1 1
v 6.72 -0.03 1.84 1 1 1 1
v 1.6 -0.03 2.16 1 1 1 1
v 1.92 -0.03 1.84 1 1 1 1
v 1.6 -0.03 1.84 1 1 1 1
v 1.92 -0.03 2.16 1 1 1 1
v 1.92 -0.03 2.16 1 1 1 1
v 2.24 -0.03 1.84 1 1 1 1
v 1.92 -0.03 1.84 1 1 1 1
v 2.24 -0.03 2.16 1 1 1 1
v 2.24 -0.03 2.16 1 1 1 1
v 2.56 -0.03 1.84 1 1 1 1
v 2.24 -0.03 1.84 1 1 1 1
v 2.56 -0.03 2.16 1 1 1 1
v 2.56 -0.03 2.16 1 1 1 1
v 2.88 -0.03 1.84 1 1 1 1
v 2.56 -0.03 1.84 1 1 1 1
v 2.88 -0.03 2.16 1 1 1 1
v 2.88 -0.03 2.16 1 1 1 1
v 3.2 -0.03 1.84 1 1 1 1
v 2.88 -0.03 1.84 1 1 1 1
v 3.2 -0.03 2.16 1 1 1 1
v 4.16 -0.03 0.88 1 1 1 1
v 4.48 -0.03 0.56 1 1 1 1
v 4.16 -0.03 0.56 1 1 1 1
v 4.48 -0.03 0.88 1 1 1 1
v 3.2 -0.03 2.16 1 1 1 1
v 3.52 -0.03 1.84 1 1 1 1
v 3.2 -0.03 1.84 1 1 1 1
v 3.52 -0.03 2.16 1 1 1 1
v 3.52 -0.03 2.16 1 1 1 1
v 3.84 -0.03 1.84 1 1 1 1
v 3.52 -0.03 1.84 1 1 1 1
v 3.84 -0.03 2.16 1 1 1 1
v 3.84 -0.03 2.16 1 1 1 1
v 4.16 -0.03 1.84 1 1 1 1
v 3.84 -0.03 1.84 1 1 1 1
v 4.16 -0.03 2.16 1 1 1 1
v 4.16 -0.03 2.16 1 1 1 1
v 4.48 -0.03 1.84 1 1 1 1
v 4.16 -0.03 1.84 1 1 1 1
v 4.48 -0.03 2.16 1 1 1 1
v 4.48 -0.03 0.88 1 1 1 1
v 4.8 -0.03 0.56 1 1 1 1
v 4.48 -0.03 0.56 1 1 1 1
v 4.8 -0.03 0.88 1 1 1 1
v 4.8 -0.03 0.88 1 1 1 1
v 5.12 -0.03 0.56 1 1 1 1
v 4.8 -0.03 0.56 1 1 1 1
v 5.12 -0.03 0.88 1 1 1 1
v 4.48 -0.03 2.16 1 1 1 1
v 4.8 -0.03 1.84 1 1 1 1
v 4.48 -0.03 1.84 1 1 1 1
v 4.8 -0.03 2.16 1 1 1 1
v 4.8 -0.03 2.16 1 1 1 1
v 5.12 -0.03 1.84 1 1 1 1
v 4.8 -0.03 1.84 1 1 1 1
v 5.12 -0.03 2.16 1 1 1 1
v 5.12 -0.03 2.16 1 1 1 1
v 5.44 -0.03 1.84 1 1 1 1
v 5.12 -0.03 1.84 1 1 1 1
v 5.44 -0.03 2.16 1 1 1 1
v 5.44 -0.03 2.16 1 1 1 1
v 5.76 -0.03 1.84 1 1 1 1
v 5.44 -0.03 1.84 1 1 1 1
v 5.76 -0.03 2.16 1 1 1 1
v 5.76 -0.03 2.16 1 1 1 1
v 6.08 -0.03 1.84 1 1 1 1
v 5.76 -0.03 1.84 1 1 1 1
v 6.08 -0.03 2.16 1 1 1 1
v 6.08 -0.03 2.16 1 1 1 1
v 6.4 -0.03 1.84 1 1 1 1
v 6.08 -0.03 1.84 1 1 1 1
v 6.4 -0.03 2.16 1 1 1 1
v 6.4 -0.03 2.16 1 1 1 1
v 6.72 -0.03 1.84 1 1 1 1
v 6.4 -0.03 1.84 1 1 1 1
v 6.72 -0.03 2.16 1 1 1 1
v 1.6 -0.03 2.48 1 1 1 1
v 1.92 -0.03 2.16 1 1 1 1
v 1.6 -0.03 2.16 1 1 1 1
v 1.92 -0.03 2.48 1 1 1 1
v 1.92 -0.03 2.48 1 1 1 1
v 2.24 -0.03 2.16 1 1 1 1
v 1.92 -0.03 2.16 1 1 1 1
v 2.24 -0.03 2.48 1 1 1 1
v 2.56 -0.03 2.48 1 1 1 1
v 2.88 -0.03 2.16 1 1 1 1
v 2.56 -0.03 2.16 1 1 1 1
v 2.88 -0.03 2.48 1 1 1 1
v 2.88 -0.03 2.48 1 1 1 1
v 3.2 -0.03 2.16 1 1 1 1
v 2.88 -0.03 2.16 1 1 1 1
v 3.2 -0.03 2.48 1 1 1 1
v 3.2 -0.03 2.48 1 1 1 1
v 3.52 -0.03 2.16 1 1 1 1
v 3.2 -0.03 2.16 1 1 1 1
v 3.52 -0.03 2.48 1 1 1 1
v 3.52 -0.03 2.48 1 1 1 1
v 3.84 -0.03 2.16 1 1 1 1
v 3.52 -0.03 2.16 1 1 1 1
v 3.84 -0.03 2.48 1 1 1 1
v 3.84 -0.03 2.48 1 1 1 1
v 4.16 -0.03 2.16 1 1 1 1
v 3.84 -0.03 2.16 1 1 1 1
v 4.16 -0.03 2.48 1 1 1 1
v 4.16 -0.03 2.48 1 1 1 1
v 4.48 -0.03 2.16 1 1 1 1
v 4.16 -0.03 2.16 1 1 1 1
v 4.48 -0.03 2.48 1 1 1 1
v 4.48 -0.03 2.48 1 1 1 1
v 4.8 -0.03 2.16 1 1 1 1
v 4.48 -0.03 2.16 1 1 1 1
v 4.8 -0.03 2.48 1 1 1 1
v 2.24 -0.03 2.48 1 1 1 1
v 2.56 -0.03 2.16 1 1 1 1
v 2.24 -0.03 2.16 1 1 1 1
v 2.56 -0.03 2.48 1 1 1 1
v 5.12 -0.03 2.48 1 1 1 1
v 5.44 -0.03 2.16 1 1 1 1
v 5.12 -0.03 2.16 1 1 1 1
v 5.44 -0.03 2.48 1 1 1 1
v 5.76 -0.03 2.48 1 1 1 1
v 6.08 -0.03 2.16 1 1 1 1
v 5.76 -0.03 2.16 1 1 1 1
v 6.08 -0.03 2.48 1 1 1 1
v 6.08 -0.03 2.48 1 1 1 1
v 6.4 -0.03 2.16 1 1 1 1
v 6.08 -0.03 2.16 1 1 1 1
v 6.4 -0.03 2.48 1 1 1 1
v 6.4 -0.03 3.44 1 1 1 1
v 6.72 -0.03 3.12 1 1 1 1
v 6.4 -0.03 3.12 1 1 1 1
v 6.72 -0.03 3.44 1 1 1 1
v 6.4 -0.03 2.48 1 1 1 1
v 6.72 -0.03 2.16 1 1 1 1
v 6.4 -0.03 2.16 1 1 1 1
v 6.72 -0.03 2.48 1 1 1 1
v 4.8 -0.03 2.48 1 1 1 1
v 5.12 -0.03 2.16 1 1 1 1
v 4.8 -0.03 2.16 1 1 1 1
v 5.12 -0.03 2.48 1 1 1 1
v 5.44 -0.03 2.48 1 1 1 1
v 5.76 -0.03 2.16 1 1 1 1
v 5.44 -0.03 2.16 1 1 1 1
v 5.76 -0.03 2.48 1 1 1 1
v 1.6 -0.03 2.8000000000000003 1 1 1 1
v 1.92 -0.03 2.48 1 1 1 1
v 1.6 -0.03 2.48 1 1 1 1
v 1.92 -0.03 2.8000000000000003 1 1 1 1
v 1.6 -0.03 0.88 1 1 1 1
v 1.92 -0.03 0.56 1 1 1 1
v 1.6 -0.03 0.56 1 1 1 1
v 1.92 -0.03 0.88 1 1 1 1
v 1.92 -0.03 2.8000000000000003 1 1 1 1
v 2.24 -0.03 2.48 1 1 1 1
v 1.92 -0.03 2.48 1 1 1 1
v 2.24 -0.03 2.8000000000000003 1 1 1 1
v 2.56 -0.03 2.8000000000000003 1 1 1 1
v 2.88 -0.03 2.48 1 1 1 1
v 2.56 -0.03 2.48 1 1 1 1
v 2.88 -0.03 2.8000000000000003 1 1 1 1
v 2.88 -0.03 2.8000000000000003 1 1 1 1
v 3.2 -0.03 2.48 1 1 1 1
v 2.88 -0.03 2.48 1 1 1 1
v 3.2 -0.03 2.8000000000000003 1 1 1 1
v 3.52 -0.03 2.8000000000000003 1 1 1 1
v 3.84 -0.03 2.48 1 1 1 1
v 3.52 -0.03 2.48 1 1 1 1
v 3.84 -0.03 2.8000000000000003 1 1 1 1
v 4.16 -0.03 2.8000000000000003 1 1 1 1
v 4.48 -0.03 2.48 1 1 1 1
v 4.16 -0.03 2.48 1 1 1 1
v 4.48 -0.03 2.8000000000000003 1 1 1 1
v 4.48 -0.03 2.8000000000000003 1 1 1 1
v 4.8 -0.03 2.48 1 1 1 1
v 4.48 -0.03 2.48 1 1 1 1
v 4.8 -0.03 2.8000000000000003 1 1 1 1
v 5.12 -0.03 2.8000000000000003 1 1 1 1
v 5.44 -0.03 2.48 1 1 1 1
v 5.12 -0.03 2.48 1 1 1 1
v 5.44 -0.03 2.8000000000000003 1 1 1 1
v 5.44 -0.03 2.8000000000000003 1 1 1 1
v 5.76 -0.03 2.48 1 1 1 1
v 5.44 -0.03 2.48 1 1 1 1
v 5.76 -0.03 2.8000000000000003 1 1 1 1
v 5.76 -0.03 2.8000000000000003 1 1 1 1
v 6.08 -0.03 2.48 1 1 1 1
v 5.76 -0.03 2.48 1 1 1 1
v 6.08 -0.03 2.8000000000000003 1 1 1 1
v 3.84 -0.03 2.8000000000000003 1 1 1 1
v 4.16 -0.03 2.48 1 1 1 1
v 3.84 -0.03 2.48 1 1 1 1
v 4.16 -0.03 2.8000000000000003 1 1 1 1
v 3.2 -0.03 2.8000000000000003 1 1 1 1
v 3.52 -0.03 2.48 1 1 1 1
v 3.2 -0.03 2.48 1 1 1 1
v 3.52 -0.03 2.8000000000000003 1 1 1 1
v 2.24 -0.03 2.8000000000000003 1 1 1 1
v 2.56 -0.03 2.48 1 1 1 1
v 2.24 -0.03 2.48 1 1 1 1
v 2.56 -0.03 2.8000000000000003 1 1 1 1
v 4.8 -0.03 2.8000000000000003 1 1 1 1
v 5.12 -0.03 2.48 1 1 1 1
v 4.8 -0.03 2.48 1 1 1 1
v 5.12 -0.03 2.8000000000000003 1 1 1 1
v 6.08 -0.03 2.8000000000000003 1 1 1 1
v 6.4 -0.03 2.48 1 1 1 1
v 6.08 -0.03 2.48 1 1 1 1
v 6.4 -0.03 2.8000000000000003 1 1 1 1
v 6.4 -0.03 2.8000000000000003 1 1 1 1
v 6.72 -0.03 2.48 1 1 1 1
v 6.4 -0.03 2.48 1 1 1 1
v 6.72 -0.03 2.8000000000000003 1 1 1 1
v 1.6 -0.03 3.12 1 1 1 1
v 1.92 -0.03 2.8000000000000003 1 1 1 1
v 1.6 -0.03 2.8000000000000003 1 1 1 1
v 1.92 -0.03 3.12 1 1 1 1
v 2.24 -0.03 3.12 1 1 1 1
v 2.56 -0.03 2.8000000000000003 1 1 1 1
v 2.24 -0.03 2.8000000000000003 1 1 1 1
v 2.56 -0.03 3.12 1 1 1 1
v 2.88 -0.03 3.12 1 1 1 1
v 3.2 -0.03 2.8000000000000003 1 1 1 1
v 2.88 -0.03 2.8000000000000003 1 1 1 1
v 3.2 -0.03 3.12 1 1 1 1
v 3.2 -0.03 3.12 1 1 1 1
v 3.52 -0.03 2.8000000000000003 1 1 1 1
v 3.2 -0.03 2.8000000000000003 1 1 1 1
v 3.52 -0.03 3.12 1 1 1 1
v 3.52 -0.03 3.12 1 1 1 1
v 3.84 -0.03 2.8000000000000003 1 1 1 1
v 3.52 -0.03 2.8000000000000003 1 1 1 1
v 3.84 -0.03 3.12 1 1 1 1
v 3.84 -0.03 3.12 1 1 1 1
v 4.16 -0.03 2.8000000000000003 1 1 1 1
v 3.84 -0.03 2.8000000000000003 1 1 1 1
v 4.16 -0.03 3.12 1 1 1 1
v 4.16 -0.03 3.12 1 1 1 1
v 4.48 -0.03 2.8000000000000003 1 1 1 1
v 4.16 -0.03 2.8000000000000003 1 1 1 1
v 4.48 -0.03 3.12 1 1 1 1
v 4.48 -0.03 3.12 1 1 1 1
v 4.8 -0.03 2.8000000000000003 1 1 1 1
v 4.48 -0.03 2.8000000000000003 1 1 1 1
v 4.8 -0.03 3.12 1 1 1 1
v 2.56 -0.03 3.12 1 1 1 1
v 2.88 -0.03 2.8000000000000003 1 1 1 1
v 2.56 -0.03 2.8000000000000003 1 1 1 1
v 2.88 -0.03 3.12 1 1 1 1
v 1.92 -0.03 3.12 1 1 1 1
v 2.24 -0.03 2.8000000000000003 1 1 1 1
v 1.92 -0.03 2.8000000000000003 1 1 1 1
v 2.24 -0.03 3.12 1 1 1 1
v 5.12 -0.03 3.12 1 1 1 1
v 5.44 -0.03 2.8000000000000003 1 1 1 1
v 5.12 -0.03 2.8000000000000003 1 1 1 1
v 5.44 -0.03 3.12 1 1 1 1
v 5.44 -0.03 3.12 1 1 1 1
v 5.76 -0.03 2.8000000000000003 1 1 1 1
v 5.44 -0.03 2.8000000000000003 1 1 1 1
v 5.76 -0.03 3.12 1 1 1 1
v 5.76 -0.03 3.12 1 1 1 1
v 6.08 -0.03 2.8000000000000003 1 1 1 1
v 5.76 -0.03 2.8000000000000003 1 1 1 1
v 6.08 -0.03 3.12 1 1 1 1
v 6.08 -0.03 3.12 1 1 1 1
v 6.4 -0.03 2.8000000000000003 1 1 1 1
v 6.08 -0.03 2.8000000000000003 1 1 1 1
v 6.4 -0.03 3.12 1 1 1 1
v 6.4 -0.03 3.12 1 1 1 1
v 6.72 -0.03 2.8000000000000003 1 1 1 1
v 6.4 -0.03 2.8000000000000003 1 1 1 1
v 6.72 -0.03 3.12 1 1 1 1
v 4.8 -0.03 3.12 1 1 1 1
v 5.12 -0.03 2.8000000000000003 1 1 1 1
v 4.8 -0.03 2.8000000000000003 1 1 1 1
v 5.12 -0.03 3.12 1 1 1 1
v 1.92 -0.03 0.88 1 1 1 1
v 2.24 -0.03 0.56 1 1 1 1
v 1.92 -0.03 0.56 1 1 1 1
v 2.24 -0.03 0.88 1 1 1 1
v 2.24 -0.03 0.88 1 1 1 1
v 2.56 -0.03 0.56 1 1 1 1
v 2.24 -0.03 0.56 1 1 1 1
v 2.56 -0.03 0.88 1 1 1 1
v 1.6 -0.03 3.44 1 1 1 1
v 1.92 -0.03 3.12 1 1 1 1
v 1.6 -0.03 3.12 1 1 1 1
v 1.92 -0.03 3.44 1 1 1 1
v 1.92 -0.03 3.44 1 1 1 1
v 2.24 -0.03 3.12 1 1 1 1
v 1.92 -0.03 3.12 1 1 1 1
v 2.24 -0.03 3.44 1 1 1 1
v 2.56 -0.03 3.44 1 1 1 1
v 2.88 -0.03 3.12 1 1 1 1
v 2.56 -0.03 3.12 1 1 1 1
v 2.88 -0.03 3.44 1 1 1 1
v 2.88 -0.03 3.44 1 1 1 1
v 3.2 -0.03 3.12 1 1 1 1
v 2.88 -0.03 3.12 1 1 1 1
v 3.2 -0.03 3.44 1 1 1 1
v 3.2 -0.03 3.44 1 1 1 1
v 3.52 -0.03 3.12 1 1 1 1
v 3.2 -0.03 3.12 1 1 1 1
v 3.52 -0.03 3.44 1 1 1 1
v 3.52 -0.03 3.44 1 1 1 1
v 3.84 -0.03 3.12 1 1 1 1
v 3.52 -0.03 3.12 1 1 1 1
v 3.84 -0.03 3.44 1 1 1 1
v 3.84 -0.03 3.44 1 1 1 1
v 4.16 -0.03 3.12 1 1 1 1
v 3.84 -0.03 3.12 1 1 1 1
v 4.16 -0.03 3.44 1 1 1 1
v 2.24 -0.03 3.44 1 1 1 1
v 2.56 -0.03 3.12 1 1 1 1
v 2.24 -0.03 3.12 1 1 1 1
v 2.56 -0.03 3.44 1 1 1 1
v 4.16 -0.03 3.44 1 1 1 1
v 4.48 -0.03 3.12 1 1 1 1
v 4.16 -0.03 3.12 1 1 1 1
v 4.48 -0.03 3.44 1 1 1 1
v 4.48 -0.03 3.44 1 1 1 1
v 4.8 -0.03 3.12 1 1 1 1
v 4.48 -0.03 3.12 1 1 1 1
v 4.8 -0.03 3.44 1 1 1 1
v 4.8 -0.03 3.44 1 1 1 1
v 5.12 -0.03 3.12 1 1 1 1
v 4.8 -0.03 3.12 1 1 1 1
v 5.12 -0.03 3.44 1 1 1 1
v 5.12 -0.03 0.88 1 1 1 1
v 5.44 -0.03 0.56 1 1 1 1
v 5.12 -0.03 0.56 1 1 1 1
v 5.44 -0.03 0.88 1 1 1 1
v 5.44 -0.03 0.88 1 1 1 1
v 5.76 -0.03 0.56 1 1 1 1
v 5.44 -0.03 0.56 1 1 1 1
v 5.76 -0.03 0.88 1 1 1 1
v 5.76 -0.03 0.88 1 1 1 1
v 6.08 -0.03 0.56 1 1 1 1
v 5.76 -0.03 0.56 1 1 1 1
v 6.08 -0.03 0.88 1 1 1 1
v 6.08 -0.03 0.88 1 1 1 1
v 6.4 -0.03 0.56 1 1 1 1
v 6.08 -0.03 0.56 1 1 1 1
v 6.4 -0.03 0.88 1 1 1 1
v 6.4 -0.03 0.88 1 1 1 1
v 6.72 -0.03 0.56 1 1 1 1
v 6.4 -0.03 0.56 1 1 1 1
v 6.72 -0.03 0.88 1 1 1 1
v 5.12 -0.03 3.44 1 1 1 1
v 5.44 -0.03 3.12 1 1 1 1
v 5.12 -0.03 3.12 1 1 1 1
v 5.44 -0.03 3.44 1 1 1 1
v 2.56 -0.03 0.88 1 1 1 1
v 2.88 -0.03 0.56 1 1 1 1
v 2.56 -0.03 0.56 1 1 1 1
v 2.88 -0.03 0.88 1 1 1 1
v 2.88 -0.03 0.88 1 1 1 1
v 3.2 -0.03 0.56 1 1 1 1
v 2.88 -0.03 0.56 1 1 1 1
v 3.2 -0.03 0.88 1 1 1 1
v 3.2 -0.03 0.88 1 1 1 1
v 3.52 -0.03 0.56 1 1 1 1
v 3.2 -0.03 0.56 1 1 1 1
v 3.52 -0.03 0.88 1 1 1 1
v 3.52 -0.03 0.88 1 1 1 1
v 3.84 -0.03 0.56 1 1 1 1
v 3.52 -0.03 0.56 1 1 1 1
v 3.84 -0.03 0.88 1 1 1 1
v 1.6 -0.03 1.2 1 1 1 1
v 1.92 -0.03 0.88 1 1 1 1
v 1.6 -0.03 0.88 1 1 1 1
v 1.92 -0.03 1.2 1 1 1 1
v 1.92 -0.03 1.2 1 1 1 1
v 2.24 -0.03 0.88 1 1 1 1
v 1.92 -0.03 0.88 1 1 1 1
v 2.24 -0.03 1.2 1 1 1 1
v 2.24 -0.03 1.2 1 1 1 1
v 2.56 -0.03 0.88 1 1 1 1
v 2.24 -0.03 0.88 1 1 1 1
v 2.56 -0.03 1.2 1 1 1 1
v 2.56 -0.03 1.2 1 1 1 1
v 2.88 -0.03 0.88 1 1 1 1
v 2.56 -0.03 0.88 1 1 1 1
v 2.88 -0.03 1.2 1 1 1 1
v 2.88 -0.03 1.2 1 1 1 1
v 3.2 -0.03 0.88 1 1 1 1
v 2.88 -0.03 0.88 1 1 1 1
v 3.2 -0.03 1.2 1 1 1 1
v 3.2 -0.03 1.2 1 1 1 1
v 3.52 -0.03 0.88 1 1 1 1
v 3.2 -0.03 0.88 1 1 1 1
v 3.52 -0.03 1.2 1 1 1 1
v 3.52 -0.03 1.2 1 1 1 1
v 3.84 -0.03 0.88 1 1 1 1
v 3.52 -0.03 0.88 1 1 1 1
v 3.84 -0.03 1.2 1 1 1 1
v 3.84 -0.03 1.2 1 1 1 1
v 4.16 -0.03 0.88 1 1 1 1
v 3.84 -0.03 0.88 1 1 1 1
v 4.16 -0.03 1.2 1 1 1 1
v 4.16 -0.03 1.2 1 1 1 1
v 4.48 -0.03 0.88 1 1 1 1
v 4.16 -0.03 0.88 1 1 1 1
v 4.48 -0.03 1.2 1 1 1 1
v 4.48 -0.03 1.2 1 1 1 1
v 4.8 -0.03 0.88 1 1 1 1
v 4.48 -0.03 0.88 1 1 1 1
v 4.8 -0.03 1.2 1 1 1 1
v 4.8 -0.03 1.2 1 1 1 1
v 5.12 -0.03 0.88 1 1 1 1
v 4.8 -0.03 0.88 1 1 1 1
v 5.12 -0.03 1.2 1 1 1 1
v 5.12 -0.03 1.2 1 1 1 1
v 5.44 -0.03 0.88 1 1 1 1
v 5.12 -0.03 0.88 1 1 1 1
v 5.44 -0.03 1.2 1 1 1 1
v 5.44 -0.03 1.2 1 1 1 1
v 5.76 -0.03 0.88 1 1 1 1
v 5.44 -0.03 0.88 1 1 1 1
v 5.76 -0.03 1.2 1 1 1 1
v 5.76 -0.03 1.2 1 1 1 1
v 6.08 -0.03 0.88 1 1 1 1
v 5.76 -0.03 0.88 1 1 1 1
v 6.08 -0.03 1.2 1 1 1 1
v 6.08 -0.03 1.2 1 1 1 1
v 6.4 -0.03 0.88 1 1 1 1
v 6.08 -0.03 0.88 1 1 1 1
v 6.4 -0.03 1.2 1 1 1 1
v 6.4 -0.03 1.2 1 1 1 1
v 6.72 -0.03 0.88 1 1 1 1
v 6.4 -0.03 0.88 1 1 1 1
v 6.72 -0.03 1.2 1 1 1 1
v 1.6 -0.03 1.52 1 1 1 1
v 1.92 -0.03 1.2 1 1 1 1
v 1.6 -0.03 1.2 1 1 1 1
v 1.92 -0.03 1.52 1 1 1 1
v 1.92 -0.03 1.52 1 1 1 1
v 2.24 -0.03 1.2 1 1 1 1
v 1.92 -0.03 1.2 1 1 1 1
v 2.24 -0.03 1.52 1 1 1 1
v 2.24 -0.03 1.52 1 1 1 1
v 2.56 -0.03 1.2 1 1 1 1
v 2.24 -0.03 1.2 1 1 1 1
v 2.56 -0.03 1.52 1 1 1 1
v 2.56 -0.03 1.52 1 1 1 1
v 2.88 -0.03 1.2 1 1 1 1
v 2.56 -0.03 1.2 1 1 1 1
v 2.88 -0.03 1.52 1 1 1 1
v 3.2 -0.03 1.52 1 1 1 1
v 3.52 -0.03 1.2 1 1 1 1
v 3.2 -0.03 1.2 1 1 1 1
v 3.52 -0.03 1.52 1 1 1 1
v 3.52 -0.03 1.52 1 1 1 1
v 3.84 -0.03 1.2 1 1 1 1
v 3.52 -0.03 1.2 1 1 1 1
v 3.84 -0.03 1.52 1 1 1 1
v 3.84 -0.03 1.52 1 1 1 1
v 4.16 -0.03 1.2 1 1 1 1
v 3.84 -0.03 1.2 1 1 1 1
v 4.16 -0.03 1.52 1 1 1 1
v 4.16 -0.03 1.52 1 1 1 1
v 4.48 -0.03 1.2 1 1 1 1
v 4.16 -0.03 1.2 1 1 1 1
v 4.48 -0.03 1.52 1 1 1 1
v 4.48 -0.03 1.52 1 1 1 1
v 4.8 -0.03 1.2 1 1 1 1
v 4.48 -0.03 1.2 1 1 1 1
v 4.8 -0.03 1.52 1 1 1 1
v 4.8 -0.03 1.52 1 1 1 1
v 5.12 -0.03 1.2 1 1 1 1
v 4.8 -0.03 1.2 1 1 1 1
v 5.12 -0.03 1.52 1 1 1 1
v 2.88 -0.03 1.52 1 1 1 1
v 3.2 -0.03 1.2 1 1 1 1
v 2.88 -0.03 1.2 1 1 1 1
v 3.2 -0.03 1.52 1 1 1 1
v 5.44 -0.03 1.52 1 1 1 1
v 5.76 -0.03 1.2 1 1 1 1
v 5.44 -0.03 1.2 1 1 1 1
v 5.76 -0.03 1.52 1 1 1 1
v 5.76 -0.03 1.52 1 1 1 1
v 6.08 -0.03 1.2 1 1 1 1
v 5.76 -0.03 1.2 1 1 1 1
v 6.08 -0.03 1.52 1 1 1 1
v 6.08 -0.03 1.52 1 1 1 1
v 6.4 -0.03 1.2 1 1 1 1
v 6.08 -0.03 1.2 1 1 1 1
v 6.4 -0.03 1.52 1 1 1 1
v 6.4 -0.03 1.52 1 1 1 1
v 6.72 -0.03 1.2 1 1 1 1
v 6.4 -0.03 1.2 1 1 1 1
v 6.72 -0.03 1.52 1 1 1 1
v 10.24 -0.03 1.52 1 1 1 1
v 10.56 -0.03 1.2 1 1 1 1
v 10.24 -0.03 1.2 1 1 1 1
v 10.56 -0.03 1.52 1 1 1 1
v 6.72 -0.03 1.84 1 1 1 1
v 7.04 -0.03 1.52 1 1 1 1
v 6.72 -0.03 1.52 1 1 1 1
v 7.04 -0.03 1.84 1 1 1 1
v 7.04 -0.03 1.84 1 1 1 1
v 7.36 -0.03 1.52 1 1 1 1
v 7.04 -0.03 1.52 1 1 1 1
v 7.36 -0.03 1.84 1 1 1 1
v 7.36 -0.03 1.84 1 1 1 1
v 7.68 -0.03 1.52 1 1 1 1
v 7.36 -0.03 1.52 1 1 1 1
v 7.68 -0.03 1.84 1 1 1 1
v 7.68 -0.03 1.84 1 1 1 1
v 8 -0.03 1.52 1 1 1 1
v 7.68 -0.03 1.52 1 1 1 1
v 8 -0.03 1.84 1 1 1 1
v 8 -0.03 1.84 1 1 1 1
v 8.32 -0.03 1.52 1 1 1 1
v 8 -0.03 1.52 1 1 1 1
v 8.32 -0.03 1.84 1 1 1 1
v 8.32 -0.03 1.84 1 1 1 1
v 8.64 -0.03 1.52 1 1 1 1
v 8.32 -0.03 1.52 1 1 1 1
v 8.64 -0.03 1.84 1 1 1 1
v 8.64 -0.03 1.84 1 1 1 1
v 8.96 -0.03 1.52 1 1 1 1
v 8.64 -0.03 1.52 1 1 1 1
v 8.96 -0.03 1.84 1 1 1 1
v 10.56 -0.03 3.44 1 1 1 1
v 10.88 -0.03 3.12 1 1 1 1
v 10.56 -0.03 3.12 1 1 1 1
v 10.88 -0.03 3.44 1 1 1 1
v 10.88 -0.03 3.44 1 1 1 1
v 11.200000000000001 -0.03 3.12 1 1 1 1
v 10.88 -0.03 3.12 1 1 1 1
v 11.200000000000001 -0.03 3.44 1 1 1 1
v 11.200000000000001 -0.03 3.44 1 1 1 1
v 11.52 -0.03 3.12 1 1 1 1
v 11.200000000000001 -0.03 3.12 1 1 1 1
v 11.52 -0.03 3.44 1 1 1 1
v 8.96 -0.03 1.84 1 1 1 1
v 9.28 -0.03 1.52 1 1 1 1
v 8.96 -0.03 1.52 1 1 1 1
v 9.28 -0.03 1.84 1 1 1 1
v 9.28 -0.03 1.84 1 1 1 1
v 9.6 -0.03 1.52 1 1 1 1
v 9.28 -0.03 1.52 1 1 1 1
v 9.6 -0.03 1.84 1 1 1 1
v 9.6 -0.03 1.84 1 1 1 1
v 9.92 -0.03 1.52 1 1 1 1
v 9.6 -0.03 1.52 1 1 1 1
v 9.92 -0.03 1.84 1 1 1 1
v 9.92 -0.03 1.84 1 1 1 1
v 10.24 -0.03 1.52 1 1 1 1
v 9.92 -0.03 1.52 1 1 1 1
v 10.24 -0.03 1.84 1 1 1 1
v 10.24 -0.03 1.84 1 1 1 1
v 10.56 -0.03 1.52 1 1 1 1
v 10.24 -0.03 1.52 1 1 1 1
v 10.56 -0.03 1.84 1 1 1 1
v 10.56 -0.03 1.84 1 1 1 1
v 10.88 -0.03 1.52 1 1 1 1
v 10.56 -0.03 1.52 1 1 1 1
v 10.88 -0.03 1.84 1 1 1 1
v 8.96 -0.03 0.88 1 1 1 1
v 9.28 -0.03 0.56 1 1 1 1
v 8.96 -0.03 0.56 1 1 1 1
v 9.28 -0.03 0.88 1 1 1 1
v 10.88 -0.03 1.84 1 1 1 1
v 11.200000000000001 -0.03 1.52 1 1 1 1
v 10.88 -0.03 1.52 1 1 1 1
v 11.200000000000001 -0.03 1.84 1 1 1 1
v 11.200000000000001 -0.03 1.84 1 1 1 1
v 11.52 -0.03 1.52 1 1 1 1
v 11.200000000000001 -0.03 1.52 1 1 1 1
v 11.52 -0.03 1.84 1 1 1 1
v 11.52 -0.03 1.84 1 1 1 1
v 11.84 -0.03 1.52 1 1 1 1
v 11.52 -0.03 1.52 1 1 1 1
v 11.84 -0.03 1.84 1 1 1 1
v 6.72 -0.03 2.16 1 1 1 1
v 7.04 -0.03 1.84 1 1 1 1
v 6.72 -0.03 1.84 1 1 1 1
v 7.04 -0.03 2.16 1 1 1 1
v 7.04 -0.03 2.16 1 1 1 1
v 7.36 -0.03 1.84 1 1 1 1
v 7.04 -0.03 1.84 1 1 1 1
v 7.36 -0.03 2.16 1 1 1 1
v 7.36 -0.03 2.16 1 1 1 1
v 7.68 -0.03 1.84 1 1 1 1
v 7.36 -0.03 1.84 1 1 1 1
v 7.68 -0.03 2.16 1 1 1 1
v 7.68 -0.03 2.16 1 1 1 1
v 8 -0.03 1.84 1 1 1 1
v 7.68 -0.03 1.84 1 1 1 1
v 8 -0.03 2.16 1 1 1 1
v 8 -0.03 2.16 1 1 1 1
v 8.32 -0.03 1.84 1 1 1 1
v 8 -0.03 1.84 1 1 1 1
v 8.32 -0.03 2.16 1 1 1 1
v 9.28 -0.03 0.88 1 1 1 1
v 9.6 -0.03 0.56 1 1 1 1
v 9.28 -0.03 0.56 1 1 1 1
v 9.6 -0.03 0.88 1 1 1 1
v 8.32 -0.03 2.16 1 1 1 1
v 8.64 -0.03 1.84 1 1 1 1
v 8.32 -0.03 1.84 1 1 1 1
v 8.64 -0.03 2.16 1 1 1 1
v 8.64 -0.03 2.16 1 1 1 1
v 8.96 -0.03 1.84 1 1 1 1
v 8.64 -0.03 1.84 1 1 1 1
v 8.96 -0.03 2.16 1 1 1 1
v 8.96 -0.03 2.16 1 1 1 1
v 9.28 -0.03 1.84 1 1 1 1
v 8.96 -0.03 1.84 1 1 1 1
v 9.28 -0.03 2.16 1 1 1 1
v 9.28 -0.03 2.16 1 1 1 1
v 9.6 -0.03 1.84 1 1 1 1
v 9.28 -0.03 1.84 1 1 1 1
v 9.6 -0.03 2.16 1 1 1 1
v 9.6 -0.03 0.88 1 1 1 1
v 9.92 -0.03 0.56 1 1 1 1
v 9.6 -0.03 0.56 1 1 1 1
v 9.92 -0.03 0.88 1 1 1 1
v 9.92 -0.03 0.88 1 1 1 1
v 10.24 -0.03 0.56 1 1 1 1
v 9.92 -0.03 0.56 1 1 1 1
v 10.24 -0.03 0.88 1 1 1 1
v 9.6 -0.03 2.16 1 1 1 1
v 9.92 -0.03 1.84 1 1 1 1
v 9.6 -0.03 1.84 1 1 1 1
v 9.92 -0.03 2.16 1 1 1 1
v 9.92 -0.03 2.16 1 1 1 1
v 10.24 -0.03 1.84 1 1 1 1
v 9.92 -0.03 1.84 1 1 1 1
v 10.24 -0.03 2.16 1 1 1 1
v 10.24 -0.03 2.16 1 1 1 1
v 10.56 -0.03 1.84 1 1 1 1
v 10.24 -0.03 1.84 1 1 1 1
v 10.56 -0.03 2.16 1 1 1 1
v 10.56 -0.03 2.16 1 1 1 1
v 10.88 -0.03 1.84 1 1 1 1
v 10.56 -0.03 1.84 1 1 1 1
v 10.88 -0.03 2.16 1 1 1 1
v 10.88 -0.03 2.16 1 1 1 1
v 11.200000000000001 -0.03 1.84 1 1 1 1
v 10.88 -0.03 1.84 1 1 1 1
v 11.200000000000001 -0.03 2.16 1 1 1 1
v 11.200000000000001 -0.03 2.16 1 1 1 1
v 11.52 -0.03 1.84 1 1 1 1
v 11.200000000000001 -0.03 1.84 1 1 1 1
v 11.52 -0.03 2.16 1 1 1 1
v 11.52 -0.03 2.16 1 1 1 1
v 11.84 -0.03 1.84 1 1 1 1
v 11.52 -0.03 1.84 1 1 1 1
v 11.84 -0.03 2.16 1 1 1 1
v 6.72 -0.03 2.48 1 1 1 1
v 7.04 -0.03 2.16 1 1 1 1
v 6.72 -0.03 2.16 1 1 1 1
v 7.04 -0.03 2.48 1 1 1 1
v 7.04 -0.03 2.48 1 1 1 1
v 7.36 -0.03 2.16 1 1 1 1
v 7.04 -0.03 2.16 1 1 1 1
v 7.36 -0.03 2.48 1 1 1 1
v 7.68 -0.03 2.48 1 1 1 1
v 8 -0.03 2.16 1 1 1 1
v 7.68 -0.03 2.16 1 1 1 1
v 8 -0.03 2.48 1 1 1 1
v 8 -0.03 2.48 1 1 1 1
v 8.32 -0.03 2.16 1 1 1 1
v 8 -0.03 2.16 1 1 1 1
v 8.32 -0.03 2.48 1 1 1 1
v 8.32 -0.03 2.48 1 1 1 1
v 8.64 -0.03 2.16 1 1 1 1
v 8.32 -0.03 2.16 1 1 1 1
v 8.64 -0.03 2.48 1 1 1 1
v 8.64 -0.03 2.48 1 1 1 1
v 8.96 -0.03 2.16 1 1 1 1
v 8.64 -0.03 2.16 1 1 1 1
v 8.96 -0.03 2.48 1 1 1 1
v 8.96 -0.03 2.48 1 1 1 1
v 9.28 -0.03 2.16 1 1 1 1
v 8.96 -0.03 2.16 1 1 1 1
v 9.28 -0.03 2.48 1 1 1 1
v 9.28 -0.03 2.48 1 1 1 1
v 9.6 -0.03 2.16 1 1 1 1
v 9.28 -0.03 2.16 1 1 1 1
v 9.6 -0.03 2.48 1 1 1 1
v 9.6 -0.03 2.48 1 1 1 1
v 9.92 -0.03 2.16 1 1 1 1
v 9.6 -0.03 2.16 1 1 1 1
v 9.92 -0.03 2.48 1 1 1 1
v 7.36 -0.03 2.48 1 1 1 1
v 7.68 -0.03 2.16 1 1 1 1
v 7.36 -0.03 2.16 1 1 1 1
v 7.68 -0.03 2.48 1 1 1 1
v 10.24 -0.03 2.48 1 1 1 1
v 10.56 -0.03 2.16 1 1 1 1
v 10.24 -0.03 2.16 1 1 1 1
v 10.56 -0.03 2.48 1 1 1 1
v 10.88 -0.03 2.48 1 1 1 1
v 11.200000000000001 -0.03 2.16 1 1 1 1
v 10.88 -0.03 2.16 1 1 1 1
v 11.200000000000001 -0.03 2.48 1 1 1 1
v 11.200000000000001 -0.03 2.48 1 1 1 1
v 11.52 -0.03 2.16 1 1 1 1
v 11.200000000000001 -0.03 2.16 1 1 1 1
v 11.52 -0.03 2.48 1 1 1 1
v 11.52 -0.03 3.44 1 1 1 1
v 11.84 -0.03 3.12 1 1 1 1
v 11.52 -0.03 3.12 1 1 1 1
v 11.84 -0.03 3.44 1 1 1 1
v 11.52 -0.03 2.48 1 1 1 1
v 11.84 -0.03 2.16 1 1 1 1
v 11.52 -0.03 2.16 1 1 1 1
v 11.84 -0.03 2.48 1 1 1 1
v 9.92 -0.03 2.48 1 1 1 1
v 10.24 -0.03 2.16 1 1 1 1
v 9.92 -0.03 2.16 1 1 1 1
v 10.24 -0.03 2.48 1 1 1 1
v 10.56 -0.03 2.48 1 1 1 1
v 10.88 -0.03 2.16 1 1 1 1
v 10.56 -0.03 2.16 1 1 1 1
v 10.88 -0.03 2.48 1 1 1 1
v 6.72 -0.03 2.8000000000000003 1 1 1 1
v 7.04 -0.03 2.48 1 1 1 1
v 6.72 -0.03 2.48 1 1 1 1
v 7.04 -0.03 2.8000000000000003 1 1 1 1
v 6.72 -0.03 0.88 1 1 1 1
v 7.04 -0.03 0.56 1 1 1 1
v 6.72 -0.03 0.56 1 1 1 1
v 7.04 -0.03 0.88 1 1 1 1
v 7.04 -0.03 2.8000000000000003 1 1 1 1
v 7.36 -0.03 2.48 1 1 1 1
v 7.04 -0.03 2.48 1 1 1 1
v 7.36 -0.03 2.8000000000000003 1 1 1 1
v 7.68 -0.03 2.8000000000000003 1 1 1 1
v 8 -0.03 2.48 1 1 1 1
v 7.68 -0.03 2.48 1 1 1 1
v 8 -0.03 2.8000000000000003 1 1 1 1
v 8 -0.03 2.8000000000000003 1 1 1 1
v 8.32 -0.03 2.48 1 1 1 1
v 8 -0.03 2.48 1 1 1 1
v 8.32 -0.03 2.8000000000000003 1 1 1 1
v 8.64 -0.03 2.8000000000000003 1 1 1 1
v 8.96 -0.03 2.48 1 1 1 1
v 8.64 -0.03 2.48 1 1 1 1
v 8.96 -0.03 2.8000000000000003 1 1 1 1
v 9.28 -0.03 2.8000000000000003 1 1 1 1
v 9.6 -0.03 2.48 1 1 1 1
v 9.28 -0.03 2.48 1 1 1 1
v 9.6 -0.03 2.8000000000000003 1 1 1 1
v 9.6 -0.03 2.8000000000000003 1 1 1 1
v 9.92 -0.03 2.48 1 1 1 1
v 9.6 -0.03 2.48 1 1 1 1
v 9.92 -0.03 2.8000000000000003 1 1 1 1
v 10.24 -0.03 2.8000000000000003 1 1 1 1
v 10.56 -0.03 2.48 1 1 1 1
v 10.24 -0.03 2.48 1 1 1 1
v 10.56 -0.03 2.8000000000000003 1 1 1 1
v 10.56 -0.03 2.8000000000000003 1 1 1 1
v 10.88 -0.03 2.48 1 1 1 1
v 10.56 -0.03 2.48 1 1 1 1
v 10.88 -0.03 2.8000000000000003 1 1 1 1
v 10.88 -0.03 2.8000000000000003 1 1 1 1
v 11.200000000000001 -0.03 2.48 1 1 1 1
v 10.88 -0.03 2.48 1 1 1 1
v 11.200000000000001 -0.03 2.8000000000000003 1 1 1 1
v 8.96 -0.03 2.8000000000000003 1 1 1 1
v 9.28 -0.03 2.48 1 1 1 1
v 8.96 -0.03 2.48 1 1 1 1
v 9.28 -0.03 2.8000000000000003 1 1 1 1
v 8.32 -0.03 2.8000000000000003 1 1 1 1
v 8.64 -0.03 2.48 1 1 1 1
v 8.32 -0.03 2.48 1 1 1 1
v 8.64 -0.03 2.8000000000000003 1 1 1 1
v 7.36 -0.03 2.8000000000000003 1 1 1 1
v 7.68 -0.03 2.48 1 1 1 1
v 7.36 -0.03 2.48 1 1 1 1
v 7.68 -0.03 2.8000000000000003 1 1 1 1
v 9.92 -0.03 2.8000000000000003 1 1 1 1
v 10.24 -0.03 2.48 1 1 1 1
v 9.92 -0.03 2.48 1 1 1 1
v 10.24 -0.03 2.8000000000000003 1 1 1 1
v 11.200000000000001 -0.03 2.8000000000000003 1 1 1 1
v 11.52 -0.03 2.48 1 1 1 1
v 11.200000000000001 -0.03 2.48 1 1 1 1
v 11.52 -0.03 2.8000000000000003 1 1 1 1
v 11.52 -0.03 2.8000000000000003 1 1 1 1
v 11.84 -0.03 2.48 1 1 1 1
v 11.52 -0.03 2.48 1 1 1 1
v 11.84 -0.03 2.8000000000000003 1 1 1 1
v 6.72 -0.03 3.12 1 1 1 1
v 7.04 -0.03 2.8000000000000003 1 1 1 1
v 6.72 -0.03 2.8000000000000003 1 1 1 1
v 7.04 -0.03 3.12 1 1 1 1
v 7.36 -0.03 3.12 1 1 1 1
v 7.68 -0.03 2.8000000000000003 1 1 1 1
v 7.36 -0.03 2.8000000000000003 1 1 1 1
v 7.68 -0.03 3.12 1 1 1 1
v 8 -0.03 3.12 1 1 1 1
v 8.32 -0.03 2.8000000000000003 1 1 1 1
v 8 -0.03 2.8000000000000003 1 1 1 1
v 8.32 -0.03 3.12 1 1 1 1
v 8.32 -0.03 3.12 1 1 1 1
v 8.64 -0.03 2.8000000000000003 1 1 1 1
v 8.32 -0.03 2.8000000000000003 1 1 1 1
v 8.64 -0.03 3.12 1 1 1 1
v 8.64 -0.03 3.12 1 1 1 1
v 8.96 -0.03 2.8000000000000003 1 1 1 1
v 8.64 -0.03 2.8000000000000003 1 1 1 1
v 8.96 -0.03 3.12 1 1 1 1
v 8.96 -0.03 3.12 1 1 1 1
v 9.28 -0.03 2.8000000000000003 1 1 1 1
v 8.96 -0.03 2.8000000000000003 1 1 1 1
v 9.28 -0.03 3.12 1 1 1 1
v 9.28 -0.03 3.12 1 1 1 1
v 9.6 -0.03 2.8000000000000003 1 1 1 1
v 9.28 -0.03 2.8000000000000003 1 1 1 1
v 9.6 -0.03 3.12 1 1 1 1
v 9.6 -0.03 3.12 1 1 1 1
v 9.92 -0.03 2.8000000000000003 1 1 1 1
v 9.6 -0.03 2.8000000000000003 1 1 1 1
v 9.92 -0.03 3.12 1 1 1 1
v 7.68 -0.03 3.12 1 1 1 1
v 8 -0.03 2.8000000000000003 1 1 1 1
v 7.68 -0.03 2.8000000000000003 1 1 1 1
v 8 -0.03 3.12 1 1 1 1
v 7.04 -0.03 3.12 1 1 1 1
v 7.36 -0.03 2.8000000000000003 1 1 1 1
v 7.04 -0.03 2.8000000000000003 1 1 1 1
v 7.36 -0.03 3.12 1 1 1 1
v 10.24 -0.03 3.12 1 1 1 1
v 10.56 -0.03 2.8000000000000003 1 1 1 1
v 10.24 -0.03 2.8000000000000003 1 1 1 1
v 10.56 -0.03 3.12 1 1 1 1
v 10.56 -0.03 3.12 1 1 1 1
v 10.88 -0.03 2.8000000000000003 1 1 1 1
v 10.56 -0.03 2.8000000000000003 1 1 1 1
v 10.88 -0.03 3.12 1 1 1 1
v 10.88 -0.03 3.12 1 1 1 1
v 11.200000000000001 -0.03 2.8000000000000003 1 1 1 1
v 10.88 -0.03 2.8000000000000003 1 1 1 1
v 11.200000000000001 -0.03 3.12 1 1 1 1
v 11.200000000000001 -0.03 3.12 1 1 1 1
v 11.52 -0.03 2.8000000000000003 1 1 1 1
v 11.200000000000001 -0.03 2.8000000000000003 1 1 1 1
v 11.52 -0.03 3.12 1 1 1 1
v 11.52 -0.03 3.12 1 1 1 1
v 11.84 -0.03 2.8000000000000003 1 1 1 1
v 11.52 -0.03 2.8000000000000003 1 1 1 1
v 11.84 -0.03 3.12 1 1 1 1
v 9.92 -0.03 3.12 1 1 1 1
v 10.24 -0.03 2.8000000000000003 1 1 1 1
v 9.92 -0.03 2.8000000000000003 1 1 1 1
v 10.24 -0.03 3.12 1 1 1 1
v 7.04 -0.03 0.88 1 1 1 1
v 7.36 -0.03 0.56 1 1 1 1
v 7.04 -0.03 0.56 1 1 1 1
v 7.36 -0.03 0.88 1 1 1 1
v 7.36 -0.03 0.88 1 1 1 1
v 7.68 -0.03 0.56 1 1 1 1
v 7.36 -0.03 0.56 1 1 1 1
v 7.68 -0.03 0.88 1 1 1 1
v 6.72 -0.03 3.44 1 1 1 1
v 7.04 -0.03 3.12 1 1 1 1
v 6.72 -0.03 3.12 1 1 1 1
v 7.04 -0.03 3.44 1 1 1 1
v 7.04 -0.03 3.44 1 1 1 1
v 7.36 -0.03 3.12 1 1 1 1
v 7.04 -0.03 3.12 1 1 1 1
v 7.36 -0.03 3.44 1 1 1 1
v 7.68 -0.03 3.44 1 1 1 1
v 8 -0.03 3.12 1 1 1 1
v 7.68 -0.03 3.12 1 1 1 1
v 8 -0.03 3.44 1 1 1 1
v 8 -0.03 3.44 1 1 1 1
v 8.32 -0.03 3.12 1 1 1 1
v 8 -0.03 3.12 1 1 1 1
v 8.32 -0.03 3.44 1 1 1 1
v 8.32 -0.03 3.44 1 1 1 1
v 8.64 -0.03 3.12 1 1 1 1
v 8.32 -0.03 3.12 1 1 1 1
v 8.64 -0.03 3.44 1 1 1 1
v 8.64 -0.03 3.44 1 1 1 1
v 8.96 -0.03 3.12 1 1 1 1
v 8.64 -0.03 3.12 1 1 1 1
v 8.96 -0.03 3.44 1 1 1 1
v 8.96 -0.03 3.44 1 1 1 1
v 9.28 -0.03 3.12 1 1 1 1
v 8.96 -0.03 3.12 1 1 1 1
v 9.28 -0.03 3.44 1 1 1 1
v 7.36 -0.03 3.44 1 1 1 1
v 7.68 -0.03 3.12 1 1 1 1
v 7.36 -0.03 3.12 1 1 1 1
v 7.68 -0.03 3.44 1 1 1 1
v 9.28 -0.03 3.44 1 1 1 1
v 9.6 -0.03 3.12 1 1 1 1
v 9.28 -0.03 3.12 1 1 1 1
v 9.6 -0.03 3.44 1 1 1 1
v 9.6 -0.03 3.44 1 1 1 1
v 9.92 -0.03 3.12 1 1 1 1
v 9.6 -0.03 3.12 1 1 1 1
v 9.92 -0.03 3.44 1 1 1 1
v 9.92 -0.03 3.44 1 1 1 1
v 10.24 -0.03 3.12 1 1 1 1
v 9.92 -0.03 3.12 1 1 1 1
v 10.24 -0.03 3.44 1 1 1 1
v 10.24 -0.03 0.88 1 1 1 1
v 10.56 -0.03 0.56 1 1 1 1
v 10.24 -0.03 0.56 1 1 1 1
v 10.56 -0.03 0.88 1 1 1 1
v 10.56 -0.03 0.88 1 1 1 1
v 10.88 -0.03 0.56 1 1 1 1
v 10.56 -0.03 0.56 1 1 1 1
v 10.88 -0.03 0.88 1 1 1 1
v 10.88 -0.03 0.88 1 1 1 1
v 11.200000000000001 -0.03 0.56 1 1 1 1
v 10.88 -0.03 0.56 1 1 1 1
v 11.200000000000001 -0.03 0.88 1 1 1 1
v 11.200000000000001 -0.03 0.88 1 1 1 1
v 11.52 -0.03 0.56 1 1 1 1
v 11.200000000000001 -0.03 0.56 1 1 1 1
v 11.52 -0.03 0.88 1 1 1 1
v 11.52 -0.03 0.88 1 1 1 1
v 11.84 -0.03 0.56 1 1 1 1
v 11.52 -0.03 0.56 1 1 1 1
v 11.84 -0.03 0.88 1 1 1 1
v 10.24 -0.03 3.44 1 1 1 1
v 10.56 -0.03 3.12 1 1 1 1
v 10.24 -0.03 3.12 1 1 1 1
v 10.56 -0.03 3.44 1 1 1 1
v 7.68 -0.03 0.88 1 1 1 1
v 8 -0.03 0.56 1 1 1 1
v 7.68 -0.03 0.56 1 1 1 1
v 8 -0.03 0.88 1 1 1 1
v 8 -0.03 0.88 1 1 1 1
v 8.32 -0.03 0.56 1 1 1 1
v 8 -0.03 0.56 1 1 1 1
v 8.32 -0.03 0.88 1 1 1 1
v 8.32 -0.03 0.88 1 1 1 1
v 8.64 -0.03 0.56 1 1 1 1
v 8.32 -0.03 0.56 1 1 1 1
v 8.64 -0.03 0.88 1 1 1 1
v 8.64 -0.03 0.88 1 1 1 1
v 8.96 -0.03 0.56 1 1 1 1
v 8.64 -0.03 0.56 1 1 1 1
v 8.96 -0.03 0.88 1 1 1 1
v 6.72 -0.03 1.2 1 1 1 1
v 7.04 -0.03 0.88 1 1 1 1
v 6.72 -0.03 0.88 1 1 1 1
v 7.04 -0.03 1.2 1 1 1 1
v 7.04 -0.03 1.2 1 1 1 1
v 7.36 -0.03 0.88 1 1 1 1
v 7.04 -0.03 0.88 1 1 1 1
v 7.36 -0.03 1.2 1 1 1 1
v 7.36 -0.03 1.2 1 1 1 1
v 7.68 -0.03 0.88 1 1 1 1
v 7.36 -0.03 0.88 1 1 1 1
v 7.68 -0.03 1.2 1 1 1 1
v 7.68 -0.03 1.2 1 1 1 1
v 8 -0.03 0.88 1 1 1 1
v 7.68 -0.03 0.88 1 1 1 1
v 8 -0.03 1.2 1 1 1 1
v 8 -0.03 1.2 1 1 1 1
v 8.32 -0.03 0.88 1 1 1 1
v 8 -0.03 0.88 1 1 1 1
v 8.32 -0.03 1.2 1 1 1 1
v 8.32 -0.03 1.2 1 1 1 1
v 8.64 -0.03 0.88 1 1 1 1
v 8.32 -0.03 0.88 1 1 1 1
v 8.64 -0.03 1.2 1 1 1 1
v 8.64 -0.03 1.2 1 1 1 1
v 8.96 -0.03 0.88 1 1 1 1
v 8.64 -0.03 0.88 1 1 1 1
v 8.96 -0.03 1.2 1 1 1 1
v 8.96 -0.03 1.2 1 1 1 1
v 9.28 -0.03 0.88 1 1 1 1
v 8.96 -0.03 0.88 1 1 1 1
v 9.28 -0.03 1.2 1 1 1 1
v 9.28 -0.03 1.2 1 1 1 1
v 9.6 -0.03 0.88 1 1 1 1
v 9.28 -0.03 0.88 1 1 1 1
v 9.6 -0.03 1.2 1 1 1 1
v 9.6 -0.03 1.2 1 1 1 1
v 9.92 -0.03 0.88 1 1 1 1
v 9.6 -0.03 0.88 1 1 1 1
v 9.92 -0.03 1.2 1 1 1 1
v 9.92 -0.03 1.2 1 1 1 1
v 10.24 -0.03 0.88 1 1 1 1
v 9.92 -0.03 0.88 1 1 1 1
v 10.24 -0.03 1.2 1 1 1 1
v 10.24 -0.03 1.2 1 1 1 1
v 10.56 -0.03 0.88 1 1 1 1
v 10.24 -0.03 0.88 1 1 1 1
v 10.56 -0.03 1.2 1 1 1 1
v 10.56 -0.03 1.2 1 1 1 1
v 10.88 -0.03 0.88 1 1 1 1
v 10.56 -0.03 0.88 1 1 1 1
v 10.88 -0.03 1.2 1 1 1 1
v 10.88 -0.03 1.2 1 1 1 1
v 11.200000000000001 -0.03 0.88 1 1 1 1
v 10.88 -0.03 0.88 1 1 1 1
v 11.200000000000001 -0.03 1.2 1 1 1 1
v 11.200000000000001 -0.03 1.2 1 1 1 1
v 11.52 -0.03 0.88 1 1 1 1
v 11.200000000000001 -0.03 0.88 1 1 1 1
v 11.52 -0.03 1.2 1 1 1 1
v 11.52 -0.03 1.2 1 1 1 1
v 11.84 -0.03 0.88 1 1 1 1
v 11.52 -0.03 0.88 1 1 1 1
v 11.84 -0.03 1.2 1 1 1 1
v 6.72 -0.03 1.52 1 1 1 1
v 7.04 -0.03 1.2 1 1 1 1
v 6.72 -0.03 1.2 1 1 1 1
v 7.04 -0.03 1.52 1 1 1 1
v 7.04 -0.03 1.52 1 1 1 1
v 7.36 -0.03 1.2 1 1 1 1
v 7.04 -0.03 1.2 1 1 1 1
v 7.36 -0.03 1.52 1 1 1 1
v 7.36 -0.03 1.52 1 1 1 1
v 7.68 -0.03 1.2 1 1 1 1
v 7.36 -0.03 1.2 1 1 1 1
v 7.68 -0.03 1.52 1 1 1 1
v 7.68 -0.03 1.52 1 1 1 1
v 8 -0.03 1.2 1 1 1 1
v 7.68 -0.03 1.2 1 1 1 1
v 8 -0.03 1.52 1 1 1 1
v 8.32 -0.03 1.52 1 1 1 1
v 8.64 -0.03 1.2 1 1 1 1
v 8.32 -0.03 1.2 1 1 1 1
v 8.64 -0.03 1.52 1 1 1 1
v 8.64 -0.03 1.52 1 1 1 1
v 8.96 -0.03 1.2 1 1 1 1
v 8.64 -0.03 1.2 1 1 1 1
v 8.96 -0.03 1.52 1 1 1 1
v 8.96 -0.03 1.52 1 1 1 1
v 9.28 -0.03 1.2 1 1 1 1
v 8.96 -0.03 1.2 1 1 1 1
v 9.28 -0.03 1.52 1 1 1 1
v 9.28 -0.03 1.52 1 1 1 1
v 9.6 -0.03 1.2 1 1 1 1
v 9.28 -0.03 1.2 1 1 1 1
v 9.6 -0.03 1.52 1 1 1 1
v 9.6 -0.03 1.52 1 1 1 1
v 9.92 -0.03 1.2 1 1 1 1
v 9.6 -0.03 1.2 1 1 1 1
v 9.92 -0.03 1.52 1 1 1 1
v 9.92 -0.03 1.52 1 1 1 1
v 10.24 -0.03 1.2 1 1 1 1
v 9.92 -0.03 1.2 1 1 1 1
v 10.24 -0.03 1.52 1 1 1 1
v 8 -0.03 1.52 1 1 1 1
v 8.32 -0.03 1.2 1 1 1 1
v 8 -0.03 1.2 1 1 1 1
v 8.32 -0.03 1.52 1 1 1 1
v 10.56 -0.03 1.52 1 1 1 1
v 10.88 -0.03 1.2 1 1 1 1
v 10.56 -0.03 1.2 1 1 1 1
v 10.88 -0.03 1.52 1 1 1 1
v 10.88 -0.03 1.52 1 1 1 1
v 11.200000000000001 -0.03 1.2 1 1 1 1
v 10.88 -0.03 1.2 1 1 1 1
v 11.200000000000001 -0.03 1.52 1 1 1 1
v 11.200000000000001 -0.03 1.52 1 1 1 1
v 11.52 -0.03 1.2 1 1 1 1
v 11.200000000000001 -0.03 1.2 1 1 1 1
v 11.52 -0.03 1.52 1 1 1 1
v 11.52 -0.03 1.52 1 1 1 1
v 11.84 -0.03 1.2 1 1 1 1
v 11.52 -0.03 1.2 1 1 1 1
v 11.84 -0.03 1.52 1 1 1 1
v 0.96 -0.03 3.44 1 1 1 1
v 1.28 -0.03 3.2800000000000002 1 1 1 1
v 0.96 -0.03 3.2800000000000002 1 1 1 1
v 1.28 -0.03 3.44 1 1 1 1
v 0.64 -0.03 3.44 1 1 1 1
v 0.96 -0.03 3.2800000000000002 1 1 1 1
v 0.64 -0.03 3.2800000000000002 1 1 1 1
v 0.96 -0.03 3.44 1 1 1 1
v 0.32 -0.03 3.44 1 1 1 1
v 0.64 -0.03 3.2800000000000002 1 1 1 1
v 0.32 -0.03 3.2800000000000002 1 1 1 1
v 0.64 -0.03 3.44 1 1 1 1
v 0 -0.03 3.44 1 1 1 1
v 0.32 -0.03 3.2800000000000002 1 1 1 1
v 0 -0.03 3.2800000000000002 1 1 1 1
v 0.32 -0.03 3.44 1 1 1 1
v 0.64 -0.03 0.88 1 1 1 1
v 0.96 -0.03 0.4 1 1 1 1
v 0.64 -0.03 0.4 1 1 1 1
v 0.96 -0.03 0.88 1 1 1 1
v 0.64 -0.03 3.2800000000000002 1 1 1 1
v 0.96 -0.03 2.8000000000000003 1 1 1 1
v 0.64 -0.03 2.8000000000000003 1 1 1 1
v 0.96 -0.03 3.2800000000000002 1 1 1 1
v 0.32 -0.03 3.2800000000000002 1 1 1 1
v 0.64 -0.03 2.8000000000000003 1 1 1 1
v 0.32 -0.03 2.8000000000000003 1 1 1 1
v 0.64 -0.03 3.2800000000000002 1 1 1 1
v 0.32 -0.03 2.32 1 1 1 1
v 0.64 -0.03 1.84 1 1 1 1
v 0.32 -0.03 1.84 1 1 1 1
v 0.64 -0.03 2.32 1 1 1 1
v 0.32 -0.03 2.8000000000000003 1 1 1 1
v 0.64 -0.03 2.32 1 1 1 1
v 0.32 -0.03 2.32 1 1 1 1
v 0.64 -0.03 2.8000000000000003 1 1 1 1
v 0.64 -0.03 2.8000000000000003 1 1 1 1
v 0.96 -0.03 2.32 1 1 1 1
v 0.64 -0.03 2.32 1 1 1 1
v 0.96 -0.03 2.8000000000000003 1 1 1 1
v 0.64 -0.03 2.32 1 1 1 1
v 0.96 -0.03 1.84 1 1 1 1
v 0.64 -0.03 1.84 1 1 1 1
v 0.96 -0.03 2.32 1 1 1 1
v 0.64 -0.03 1.84 1 1 1 1
v 0.96 -0.03 1.36 1 1 1 1
v 0.64 -0.03 1.36 1 1 1 1
v 0.96 -0.03 1.84 1 1 1 1
v 0.32 -0.03 1.84 1 1 1 1
v 0.64 -0.03 1.36 1 1 1 1
v 0.32 -0.03 1.36 1 1 1 1
v 0.64 -0.03 1.84 1 1 1 1
v 0.32 -0.03 1.36 1 1 1 1
v 0.64 -0.03 0.88 1 1 1 1
v 0.32 -0.03 0.88 1 1 1 1
v 0.64 -0.03 1.36 1 1 1 1
v 0.32 -0.03 0.88 1 1 1 1
v 0.64 -0.03 0.4 1 1 1 1
v 0.32 -0.03 0.4 1 1 1 1
v 0.64 -0.03 0.88 1 1 1 1
v 0.32 -0.03 0.4 1 1 1 1
v 0.64 -0.03 -0.08 1 1 1 1
v 0.32 -0.03 -0.08 1 1 1 1
v 0.64 -0.03 0.4 1 1 1 1
v 0.64 -0.03 0.4 1 1 1 1
v 0.96 -0.03 -0.08 1 1 1 1
v 0.64 -0.03 -0.08 1 1 1 1
v 0.96 -0.03 0.4 1 1 1 1
v 0.96 -0.03 3.2800000000000002 1 1 1 1
v 1.28 -0.03 2.8000000000000003 1 1 1 1
v 0.96 -0.03 2.8000000000000003 1 1 1 1
v 1.28 -0.03 3.2800000000000002 1 1 1 1
v 0.96 -0.03 2.8000000000000003 1 1 1 1
v 1.28 -0.03 2.32 1 1 1 1
v 0.96 -0.03 2.32 1 1 1 1
v 1.28 -0.03 2.8000000000000003 1 1 1 1
v 0.96 -0.03 2.32 1 1 1 1
v 1.28 -0.03 1.84 1 1 1 1
v 0.96 -0.03 1.84 1 1 1 1
v 1.28 -0.03 2.32 1 1 1 1
v 0.96 -0.03 1.84 1 1 1 1
v 1.28 -0.03 1.36 1 1 1 1
v 0.96 -0.03 1.36 1 1 1 1
v 1.28 -0.03 1.84 1 1 1 1
v 0.96 -0.03 1.36 1 1 1 1
v 1.28 -0.03 0.88 1 1 1 1
v 0.96 -0.03 0.88 1 1 1 1
v 1.28 -0.03 1.36 1 1 1 1
v 0.96 -0.03 0.88 1 1 1 1
v 1.28 -0.03 0.4 1 1 1 1
v 0.96 -0.03 0.4 1 1 1 1
v 1.28 -0.03 0.88 1 1 1 1
v 0.96 -0.03 0.4 1 1 1 1
v 1.28 -0.03 -0.08 1 1 1 1
v 0.96 -0.03 -0.08 1 1 1 1
v 1.28 -0.03 0.4 1 1 1 1
v 0.64 -0.03 1.36 1 1 1 1
v 0.96 -0.03 0.88 1 1 1 1
v 0.64 -0.03 0.88 1 1 1 1
v 0.96 -0.03 1.36 1 1 1 1
v 0 -0.03 3.2800000000000002 1 1 1 1
v 0.32 -0.03 2.8000000000000003 1 1 1 1
v 0 -0.03 2.8000000000000003 1 1 1 1
v 0.32 -0.03 3.2800000000000002 1 1 1 1
v 0 -0.03 2.8000000000000003 1 1 1 1
v 0.32 -0.03 2.32 1 1 1 1
v 0 -0.03 2.32 1 1 1 1
v 0.32 -0.03 2.8000000000000003 1 1 1 1
v 0 -0.03 2.32 1 1 1 1
v 0.32 -0.03 1.84 1 1 1 1
v 0 -0.03 1.84 1 1 1 1
v 0.32 -0.03 2.32 1 1 1 1
v 0 -0.03 1.84 1 1 1 1
v 0.32 -0.03 1.36 1 1 1 1
v 0 -0.03 1.36 1 1 1 1
v 0.32 -0.03 1.84 1 1 1 1
v 0 -0.03 1.36 1 1 1 1
v 0.32 -0.03 0.88 1 1 1 1
v 0 -0.03 0.88 1 1 1 1
v 0.32 -0.03 1.36 1 1 1 1
v 0 -0.03 0.88 1 1 1 1
v 0.32 -0.03 0.4 1 1 1 1
v 0 -0.03 0.4 1 1 1 1
v 0.32 -0.03 0.88 1 1 1 1
v 0 -0.03 0.4 1 1 1 1
v 0.32 -0.03 -0.08 1 1 1 1
v 0 -0.03 -0.08 1 1 1 1
v 0.32 -0.03 0.4 1 1 1 1
v -0.64 1.09 -10.040000000000001 1 1 1 1
v 0.32 1.09 -10.52 1 1 1 1
v -0.64 1.09 -10.52 1 1 1 1
v 0.32 1.09 -10.040000000000001 1 1 1 1
v 0.32 1.09 -10.040000000000001 1 1 1 1
v 1.28 1.09 -10.52 1 1 1 1
v 0.32 1.09 -10.52 1 1 1 1
v 1.28 1.09 -10.040000000000001 1 1 1 1
v 1.28 1.09 -10.040000000000001 1 1 1 1
v 2.24 1.09 -10.52 1 1 1 1
v 1.28 1.09 -10.52 1 1 1 1
v 2.24 1.09 -10.040000000000001 1 1 1 1
v 2.24 1.09 -10.040000000000001 1 1 1 1
v 3.2 1.09 -10.52 1 1 1 1
v 2.24 1.09 -10.52 1 1 1 1
v 3.2 1.09 -10.040000000000001 1 1 1 1
v 2.24 -0.03 -10.52 1 1 1 1
v 3.2 1.09 -10.52 1 1 1 1
v 3.2 -0.03 -10.52 1 1 1 1
v 2.24 1.09 -10.52 1 1 1 1
v 3.2 -0.03 -10.52 1 1 1 1
v 3.2 1.09 -10.040000000000001 1 1 1 1
v 3.2 -0.03 -10.040000000000001 1 1 1 1
v 3.2 1.09 -10.52 1 1 1 1
v 3.2 -0.03 -10.040000000000001 1 1 1 1
v 2.24 1.09 -10.040000000000001 1 1 1 1
v 2.24 -0.03 -10.040000000000001 1 1 1 1
v 3.2 1.09 -10.040000000000001 1 1 1 1
v 1.28 -0.03 -10.52 1 1 1 1
v 2.24 1.09 -10.52 1 1 1 1
v 2.24 -0.03 -10.52 1 1 1 1
v 1.28 1.09 -10.52 1 1 1 1
v 2.24 -0.03 -10.040000000000001 1 1 1 1
v 1.28 1.09 -10.040000000000001 1 1 1 1
v 1.28 -0.03 -10.040000000000001 1 1 1 1
v 2.24 1.09 -10.040000000000001 1 1 1 1
v 0.32 -0.03 -10.52 1 1 1 1
v 1.28 1.09 -10.52 1 1 1 1
v 1.28 -0.03 -10.52 1 1 1 1
v 0.32 1.09 -10.52 1 1 1 1
v 1.28 -0.03 -10.040000000000001 1 1 1 1
v 0.32 1.09 -10.040000000000001 1 1 1 1
v 0.32 -0.03 -10.040000000000001 1 1 1 1
v 1.28 1.09 -10.040000000000001 1 1 1 1
v -0.64 -0.03 -10.040000000000001 1 1 1 1
v -0.64 1.09 -10.52 1 1 1 1
v -0.64 -0.03 -10.52 1 1 1 1
v -0.64 1.09 -10.040000000000001 1 1 1 1
v -0.64 -0.03 -10.52 1 1 1 1
v 0.32 1.09 -10.52 1 1 1 1
v 0.32 -0.03 -10.52 1 1 1 1
v -0.64 1.09 -10.52 1 1 1 1
v 0.32 -0.03 -10.040000000000001 1 1 1 1
v -0.64 1.09 -10.040000000000001 1 1 1 1
v -0.64 -0.03 -10.040000000000001 1 1 1 1
v 0.32 1.09 -10.040000000000001 1 1 1 1
v 1.6300000000000001 -0.02 -11.61 1 1 1 1
v 2.43 1.26 -11.60992431640625 1 1 1 1
v 1.6300000000000001 1.26 -11.61 1 1 1 1
v 2.43 -0.02 -11.60992431640625 1 1 1 1
v 0.03 -0.02 -11.6101513671875 1 1 1 1
v 0.8300000000000001 1.26 -11.61007568359375 1 1 1 1
v 0.03 1.26 -11.6101513671875 1 1 1 1
v 0.8300000000000001 -0.02 -11.61007568359375 1 1 1 1
v 0.8300000000000001 -0.02 -11.61007568359375 1 1 1 1
v 1.6300000000000001 1.26 -11.61 1 1 1 1
v 0.8300000000000001 1.26 -11.61007568359375 1 1 1 1
v 1.6300000000000001 -0.02 -11.61 1 1 1 1
v 2.43 -0.02 -11.60992431640625 1 1 1 1
v 3.23 1.26 -11.6098486328125 1 1 1 1
v 2.43 1.26 -11.60992431640625 1 1 1 1
v 3.23 -0.02 -11.6098486328125 1 1 1 1
v 2.43 1.26 -11.60992431640625 1 1 1 1
v 1.6300000000000001 1.26 -11.65 1 1 1 1
v 1.6300000000000001 1.26 -11.61 1 1 1 1
v 2.43 1.26 -11.65 1 1 1 1
v 1.6300000000000001 1.26 -11.61 1 1 1 1
v 0.8300000000000001 1.26 -11.65 1 1 1 1
v 0.8300000000000001 1.26 -11.61007568359375 1 1 1 1
v 1.6300000000000001 1.26 -11.65 1 1 1 1
v 0.03 1.26 -11.6101513671875 1 1 1 1
v 0.03 -0.02 -11.65 1 1 1 1
v 0.03 -0.02 -11.6101513671875 1 1 1 1
v 0.03 1.26 -11.65 1 1 1 1
v 0.8300000000000001 1.26 -11.61007568359375 1 1 1 1
v 0.03 1.26 -11.65 1 1 1 1
v 0.03 1.26 -11.6101513671875 1 1 1 1
v 0.8300000000000001 1.26 -11.65 1 1 1 1
v 2.43 -0.02 -11.60992431640625 1 1 1 1
v 3.23 -0.02 -11.65 1 1 1 1
v 3.23 -0.02 -11.6098486328125 1 1 1 1
v 2.43 -0.02 -11.65 1 1 1 1
v 3.23 1.26 -11.6098486328125 1 1 1 1
v 2.43 1.26 -11.65 1 1 1 1
v 2.43 1.26 -11.60992431640625 1 1 1 1
v 3.23 1.26 -11.65 1 1 1 1
v 3.23 -0.02 -11.6098486328125 1 1 1 1
v 3.23 1.26 -11.65 1 1 1 1
v 3.23 1.26 -11.6098486328125 1 1 1 1
v 3.23 -0.02 -11.65 1 1 1 1
v 0.8300000000000001 -0.02 -11.65 1 1 1 1
v 0.03 1.26 -11.65 1 1 1 1
v 0.8300000000000001 1.26 -11.65 1 1 1 1
v 0.03 -0.02 -11.65 1 1 1 1
v 2.43 -0.02 -11.65 1 1 1 1
v 1.6300000000000001 1.26 -11.65 1 1 1 1
v 2.43 1.26 -11.65 1 1 1 1
v 1.6300000000000001 -0.02 -11.65 1 1 1 1
v 3.23 -0.02 -11.65 1 1 1 1
v 2.43 1.26 -11.65 1 1 1 1
v 3.23 1.26 -11.65 1 1 1 1
v 2.43 -0.02 -11.65 1 1 1 1
v 1.6300000000000001 -0.02 -11.65 1 1 1 1
v 0.8300000000000001 1.26 -11.65 1 1 1 1
v 1.6300000000000001 1.26 -11.65 1 1 1 1
v 0.8300000000000001 -0.02 -11.65 1 1 1 1
v -2.353397216796875 2.2004487609863284 -15.994389648437501 1 1 1 1
v -1.3933972167968751 2.2004487609863284 -16.6343896484375 1 1 1 1
v -2.353397216796875 2.2004487609863284 -16.6343896484375 1 1 1 1
v -1.3933972167968751 2.2004487609863284 -15.994389648437501 1 1 1 1
v 10.126602783203126 2.2004487609863284 -15.994389648437501 1 1 1 1
v 11.086602783203125 2.2004487609863284 -16.6343896484375 1 1 1 1
v 10.126602783203126 2.2004487609863284 -16.6343896484375 1 1 1 1
v 11.086602783203125 2.2004487609863284 -15.994389648437501 1 1 1 1
v 9.166602783203125 2.2004487609863284 -15.994389648437501 1 1 1 1
v 10.126602783203126 2.2004487609863284 -16.6343896484375 1 1 1 1
v 9.166602783203125 2.2004487609863284 -16.6343896484375 1 1 1 1
v 10.126602783203126 2.2004487609863284 -15.994389648437501 1 1 1 1
v 8.206602783203126 2.2004487609863284 -15.994389648437501 1 1 1 1
v 9.166602783203125 2.2004487609863284 -16.6343896484375 1 1 1 1
v 8.206602783203126 2.2004487609863284 -16.6343896484375 1 1 1 1
v 9.166602783203125 2.2004487609863284 -15.994389648437501 1 1 1 1
v 7.246602783203125 2.2004487609863284 -15.994389648437501 1 1 1 1
v 8.206602783203126 2.2004487609863284 -16.6343896484375 1 1 1 1
v 7.246602783203125 2.2004487609863284 -16.6343896484375 1 1 1 1
v 8.206602783203126 2.2004487609863284 -15.994389648437501 1 1 1 1
v 6.286602783203125 2.2004487609863284 -15.994389648437501 1 1 1 1
v 7.246602783203125 2.2004487609863284 -16.6343896484375 1 1 1 1
v 6.286602783203125 2.2004487609863284 -16.6343896484375 1 1 1 1
v 7.246602783203125 2.2004487609863284 -15.994389648437501 1 1 1 1
v 5.326602783203125 2.2004487609863284 -15.994389648437501 1 1 1 1
v 6.286602783203125 2.2004487609863284 -16.6343896484375 1 1 1 1
v 5.326602783203125 2.2004487609863284 -16.6343896484375 1 1 1 1
v 6.286602783203125 2.2004487609863284 -15.994389648437501 1 1 1 1
v 4.366602783203125 2.2004487609863284 -15.994389648437501 1 1 1 1
v 5.326602783203125 2.2004487609863284 -16.6343896484375 1 1 1 1
v 4.366602783203125 2.2004487609863284 -16.6343896484375 1 1 1 1
v 5.326602783203125 2.2004487609863284 -15.994389648437501 1 1 1 1
v 3.406602783203125 2.2004487609863284 -15.994389648437501 1 1 1 1
v 4.366602783203125 2.2004487609863284 -16.6343896484375 1 1 1 1
v 3.406602783203125 2.2004487609863284 -16.6343896484375 1 1 1 1
v 4.366602783203125 2.2004487609863284 -15.994389648437501 1 1 1 1
v 2.446602783203125 2.2004487609863284 -15.994389648437501 1 1 1 1
v 3.406602783203125 2.2004487609863284 -16.6343896484375 1 1 1 1
v 2.446602783203125 2.2004487609863284 -16.6343896484375 1 1 1 1
v 3.406602783203125 2.2004487609863284 -15.994389648437501 1 1 1 1
v 1.486602783203125 2.2004487609863284 -15.994389648437501 1 1 1 1
v 2.446602783203125 2.2004487609863284 -16.6343896484375 1 1 1 1
v 1.486602783203125 2.2004487609863284 -16.6343896484375 1 1 1 1
v 2.446602783203125 2.2004487609863284 -15.994389648437501 1 1 1 1
v 0.5266028594970703 2.2004487609863284 -15.994389648437501 1 1 1 1
v 1.486602783203125 2.2004487609863284 -16.6343896484375 1 1 1 1
v 0.5266028594970703 2.2004487609863284 -16.6343896484375 1 1 1 1
v 1.486602783203125 2.2004487609863284 -15.994389648437501 1 1 1 1
v -0.4333971405029297 2.2004487609863284 -15.994389648437501 1 1 1 1
v 0.5266028594970703 2.2004487609863284 -16.6343896484375 1 1 1 1
v -0.4333971405029297 2.2004487609863284 -16.6343896484375 1 1 1 1
v 0.5266028594970703 2.2004487609863284 -15.994389648437501 1 1 1 1
v -1.3933972167968751 2.2004487609863284 -15.994389648437501 1 1 1 1
v -0.4333971405029297 2.2004487609863284 -16.6343896484375 1 1 1 1
v -1.3933972167968751 2.2004487609863284 -16.6343896484375 1 1 1 1
v -0.4333971405029297 2.2004487609863284 -15.994389648437501 1 1 1 1
v -10.033397216796875 2.2004487609863284 -15.994389648437501 1 1 1 1
v -9.073397216796875 2.2004487609863284 -16.6343896484375 1 1 1 1
v -10.033397216796875 2.2004487609863284 -16.6343896484375 1 1 1 1
v -9.073397216796875 2.2004487609863284 -15.994389648437501 1 1 1 1
v -9.073397216796875 2.2004487609863284 -15.994389648437501 1 1 1 1
v -8.113397216796875 2.2004487609863284 -16.6343896484375 1 1 1 1
v -9.073397216796875 2.2004487609863284 -16.6343896484375 1 1 1 1
v -8.113397216796875 2.2004487609863284 -15.994389648437501 1 1 1 1
v -8.113397216796875 2.2004487609863284 -15.994389648437501 1 1 1 1
v -7.153397216796876 2.2004487609863284 -16.6343896484375 1 1 1 1
v -8.113397216796875 2.2004487609863284 -16.6343896484375 1 1 1 1
v -7.153397216796876 2.2004487609863284 -15.994389648437501 1 1 1 1
v -7.153397216796876 2.2004487609863284 -15.994389648437501 1 1 1 1
v -6.193397216796875 2.2004487609863284 -16.6343896484375 1 1 1 1
v -7.153397216796876 2.2004487609863284 -16.6343896484375 1 1 1 1
v -6.193397216796875 2.2004487609863284 -15.994389648437501 1 1 1 1
v -6.193397216796875 2.2004487609863284 -15.994389648437501 1 1 1 1
v -5.233397216796875 2.2004487609863284 -16.6343896484375 1 1 1 1
v -6.193397216796875 2.2004487609863284 -16.6343896484375 1 1 1 1
v -5.233397216796875 2.2004487609863284 -15.994389648437501 1 1 1 1
v -5.233397216796875 2.2004487609863284 -15.994389648437501 1 1 1 1
v -4.273397216796875 2.2004487609863284 -16.6343896484375 1 1 1 1
v -5.233397216796875 2.2004487609863284 -16.6343896484375 1 1 1 1
v -4.273397216796875 2.2004487609863284 -15.994389648437501 1 1 1 1
v -4.273397216796875 2.2004487609863284 -15.994389648437501 1 1 1 1
v -3.3133972167968753 2.2004487609863284 -16.6343896484375 1 1 1 1
v -4.273397216796875 2.2004487609863284 -16.6343896484375 1 1 1 1
v -3.3133972167968753 2.2004487609863284 -15.994389648437501 1 1 1 1
v -3.3133972167968753 2.2004487609863284 -15.994389648437501 1 1 1 1
v -2.353397216796875 2.2004487609863284 -16.6343896484375 1 1 1 1
v -3.3133972167968753 2.2004487609863284 -16.6343896484375 1 1 1 1
v -2.353397216796875 2.2004487609863284 -15.994389648437501 1 1 1 1
v -9.083397216796875 -0.009551189541816711 -16.6343896484375 1 1 1 1
v -8.123397216796874 2.230448760986328 -16.6343896484375 1 1 1 1
v -8.123397216796874 -0.009551189541816711 -16.6343896484375 1 1 1 1
v -9.083397216796875 2.230448760986328 -16.6343896484375 1 1 1 1
v -8.123397216796874 -0.009551189541816711 -15.994389648437501 1 1 1 1
v -9.083397216796875 2.230448760986328 -15.994389648437501 1 1 1 1
v -9.083397216796875 -0.009551189541816711 -15.994389648437501 1 1 1 1
v -8.123397216796874 2.230448760986328 -15.994389648437501 1 1 1 1
v -10.043397216796874 -0.009551189541816711 -15.994389648437501 1 1 1 1
v -10.043397216796874 2.230448760986328 -16.6343896484375 1 1 1 1
v -10.043397216796874 -0.009551189541816711 -16.6343896484375 1 1 1 1
v -10.043397216796874 2.230448760986328 -15.994389648437501 1 1 1 1
v -10.043397216796874 -0.009551189541816711 -16.6343896484375 1 1 1 1
v -9.083397216796875 2.230448760986328 -16.6343896484375 1 1 1 1
v -9.083397216796875 -0.009551189541816711 -16.6343896484375 1 1 1 1
v -10.043397216796874 2.230448760986328 -16.6343896484375 1 1 1 1
v -9.083397216796875 -0.009551189541816711 -15.994389648437501 1 1 1 1
v -10.043397216796874 2.230448760986328 -15.994389648437501 1 1 1 1
v -10.043397216796874 -0.009551189541816711 -15.994389648437501 1 1 1 1
v -9.083397216796875 2.230448760986328 -15.994389648437501 1 1 1 1
v -8.123397216796874 -0.009551189541816711 -16.6343896484375 1 1 1 1
v -7.163397216796875 2.230448760986328 -16.6343896484375 1 1 1 1
v -7.163397216796875 -0.009551189541816711 -16.6343896484375 1 1 1 1
v -8.123397216796874 2.230448760986328 -16.6343896484375 1 1 1 1
v -7.163397216796875 -0.009551189541816711 -15.994389648437501 1 1 1 1
v -8.123397216796874 2.230448760986328 -15.994389648437501 1 1 1 1
v -8.123397216796874 -0.009551189541816711 -15.994389648437501 1 1 1 1
v -7.163397216796875 2.230448760986328 -15.994389648437501 1 1 1 1
v -7.163397216796875 -0.009551189541816711 -16.6343896484375 1 1 1 1
v -6.203397216796875 2.230448760986328 -16.6343896484375 1 1 1 1
v -6.203397216796875 -0.009551189541816711 -16.6343896484375 1 1 1 1
v -7.163397216796875 2.230448760986328 -16.6343896484375 1 1 1 1
v -6.203397216796875 -0.009551189541816711 -15.994389648437501 1 1 1 1
v -7.163397216796875 2.230448760986328 -15.994389648437501 1 1 1 1
v -7.163397216796875 -0.009551189541816711 -15.994389648437501 1 1 1 1
v -6.203397216796875 2.230448760986328 -15.994389648437501 1 1 1 1
v -6.203397216796875 -0.009551189541816711 -16.6343896484375 1 1 1 1
v -5.243397216796875 2.230448760986328 -16.6343896484375 1 1 1 1
v -5.243397216796875 -0.009551189541816711 -16.6343896484375 1 1 1 1
v -6.203397216796875 2.230448760986328 -16.6343896484375 1 1 1 1
v -5.243397216796875 -0.009551189541816711 -15.994389648437501 1 1 1 1
v -6.203397216796875 2.230448760986328 -15.994389648437501 1 1 1 1
v -6.203397216796875 -0.009551189541816711 -15.994389648437501 1 1 1 1
v -5.243397216796875 2.230448760986328 -15.994389648437501 1 1 1 1
v -5.243397216796875 -0.009551189541816711 -16.6343896484375 1 1 1 1
v -4.2833972167968755 2.230448760986328 -16.6343896484375 1 1 1 1
v -4.2833972167968755 -0.009551189541816711 -16.6343896484375 1 1 1 1
v -5.243397216796875 2.230448760986328 -16.6343896484375 1 1 1 1
v -4.2833972167968755 -0.009551189541816711 -15.994389648437501 1 1 1 1
v -5.243397216796875 2.230448760986328 -15.994389648437501 1 1 1 1
v -5.243397216796875 -0.009551189541816711 -15.994389648437501 1 1 1 1
v -4.2833972167968755 2.230448760986328 -15.994389648437501 1 1 1 1
v -4.2833972167968755 -0.009551189541816711 -16.6343896484375 1 1 1 1
v -3.323397216796875 2.230448760986328 -16.6343896484375 1 1 1 1
v -3.323397216796875 -0.009551189541816711 -16.6343896484375 1 1 1 1
v -4.2833972167968755 2.230448760986328 -16.6343896484375 1 1 1 1
v -3.323397216796875 -0.009551189541816711 -15.994389648437501 1 1 1 1
v -4.2833972167968755 2.230448760986328 -15.994389648437501 1 1 1 1
v -4.2833972167968755 -0.009551189541816711 -15.994389648437501 1 1 1 1
v -3.323397216796875 2.230448760986328 -15.994389648437501 1 1 1 1
v -3.323397216796875 -0.009551189541816711 -16.6343896484375 1 1 1 1
v -2.363397216796875 2.230448760986328 -16.6343896484375 1 1 1 1
v -2.363397216796875 -0.009551189541816711 -16.6343896484375 1 1 1 1
v -3.323397216796875 2.230448760986328 -16.6343896484375 1 1 1 1
v -2.363397216796875 -0.009551189541816711 -15.994389648437501 1 1 1 1
v -3.323397216796875 2.230448760986328 -15.994389648437501 1 1 1 1
v -3.323397216796875 -0.009551189541816711 -15.994389648437501 1 1 1 1
v -2.363397216796875 2.230448760986328 -15.994389648437501 1 1 1 1
v -2.363397216796875 -0.009551189541816711 -16.6343896484375 1 1 1 1
v -1.4033972167968751 2.230448760986328 -16.6343896484375 1 1 1 1
v -1.4033972167968751 -0.009551189541816711 -16.6343896484375 1 1 1 1
v -2.363397216796875 2.230448760986328 -16.6343896484375 1 1 1 1
v -1.4033972167968751 -0.009551189541816711 -15.994389648437501 1 1 1 1
v -2.363397216796875 2.230448760986328 -15.994389648437501 1 1 1 1
v -2.363397216796875 -0.009551189541816711 -15.994389648437501 1 1 1 1
v -1.4033972167968751 2.230448760986328 -15.994389648437501 1 1 1 1
v -1.4033972167968751 -0.009551189541816711 -16.6343896484375 1 1 1 1
v -0.4433971405029297 2.230448760986328 -16.6343896484375 1 1 1 1
v -0.4433971405029297 -0.009551189541816711 -16.6343896484375 1 1 1 1
v -1.4033972167968751 2.230448760986328 -16.6343896484375 1 1 1 1
v -0.4433971405029297 -0.009551189541816711 -15.994389648437501 1 1 1 1
v -1.4033972167968751 2.230448760986328 -15.994389648437501 1 1 1 1
v -1.4033972167968751 -0.009551189541816711 -15.994389648437501 1 1 1 1
v -0.4433971405029297 2.230448760986328 -15.994389648437501 1 1 1 1
v -0.4433971405029297 -0.009551189541816711 -16.6343896484375 1 1 1 1
v 0.5166028594970703 2.230448760986328 -16.6343896484375 1 1 1 1
v 0.5166028594970703 -0.009551189541816711 -16.6343896484375 1 1 1 1
v -0.4433971405029297 2.230448760986328 -16.6343896484375 1 1 1 1
v 0.5166028594970703 -0.009551189541816711 -15.994389648437501 1 1 1 1
v -0.4433971405029297 2.230448760986328 -15.994389648437501 1 1 1 1
v -0.4433971405029297 -0.009551189541816711 -15.994389648437501 1 1 1 1
v 0.5166028594970703 2.230448760986328 -15.994389648437501 1 1 1 1
v 0.5166028594970703 -0.009551189541816711 -16.6343896484375 1 1 1 1
v 1.476602783203125 2.230448760986328 -16.6343896484375 1 1 1 1
v 1.476602783203125 -0.009551189541816711 -16.6343896484375 1 1 1 1
v 0.5166028594970703 2.230448760986328 -16.6343896484375 1 1 1 1
v 1.476602783203125 -0.009551189541816711 -15.994389648437501 1 1 1 1
v 0.5166028594970703 2.230448760986328 -15.994389648437501 1 1 1 1
v 0.5166028594970703 -0.009551189541816711 -15.994389648437501 1 1 1 1
v 1.476602783203125 2.230448760986328 -15.994389648437501 1 1 1 1
v 1.476602783203125 -0.009551189541816711 -16.6343896484375 1 1 1 1
v 2.436602783203125 2.230448760986328 -16.6343896484375 1 1 1 1
v 2.436602783203125 -0.009551189541816711 -16.6343896484375 1 1 1 1
v 1.476602783203125 2.230448760986328 -16.6343896484375 1 1 1 1
v 2.436602783203125 -0.009551189541816711 -15.994389648437501 1 1 1 1
v 1.476602783203125 2.230448760986328 -15.994389648437501 1 1 1 1
v 1.476602783203125 -0.009551189541816711 -15.994389648437501 1 1 1 1
v 2.436602783203125 2.230448760986328 -15.994389648437501 1 1 1 1
v 2.436602783203125 -0.009551189541816711 -16.6343896484375 1 1 1 1
v 3.396602783203125 2.230448760986328 -16.6343896484375 1 1 1 1
v 3.396602783203125 -0.009551189541816711 -16.6343896484375 1 1 1 1
v 2.436602783203125 2.230448760986328 -16.6343896484375 1 1 1 1
v 3.396602783203125 -0.009551189541816711 -15.994389648437501 1 1 1 1
v 2.436602783203125 2.230448760986328 -15.994389648437501 1 1 1 1
v 2.436602783203125 -0.009551189541816711 -15.994389648437501 1 1 1 1
v 3.396602783203125 2.230448760986328 -15.994389648437501 1 1 1 1
v 3.396602783203125 -0.009551189541816711 -16.6343896484375 1 1 1 1
v 4.356602783203125 2.230448760986328 -16.6343896484375 1 1 1 1
v 4.356602783203125 -0.009551189541816711 -16.6343896484375 1 1 1 1
v 3.396602783203125 2.230448760986328 -16.6343896484375 1 1 1 1
v 4.356602783203125 -0.009551189541816711 -15.994389648437501 1 1 1 1
v 3.396602783203125 2.230448760986328 -15.994389648437501 1 1 1 1
v 3.396602783203125 -0.009551189541816711 -15.994389648437501 1 1 1 1
v 4.356602783203125 2.230448760986328 -15.994389648437501 1 1 1 1
v 4.356602783203125 -0.009551189541816711 -16.6343896484375 1 1 1 1
v 5.316602783203125 2.230448760986328 -16.6343896484375 1 1 1 1
v 5.316602783203125 -0.009551189541816711 -16.6343896484375 1 1 1 1
v 4.356602783203125 2.230448760986328 -16.6343896484375 1 1 1 1
v 5.316602783203125 -0.009551189541816711 -15.994389648437501 1 1 1 1
v 4.356602783203125 2.230448760986328 -15.994389648437501 1 1 1 1
v 4.356602783203125 -0.009551189541816711 -15.994389648437501 1 1 1 1
v 5.316602783203125 2.230448760986328 -15.994389648437501 1 1 1 1
v 5.316602783203125 -0.009551189541816711 -16.6343896484375 1 1 1 1
v 6.276602783203125 2.230448760986328 -16.6343896484375 1 1 1 1
v 6.276602783203125 -0.009551189541816711 -16.6343896484375 1 1 1 1
v 5.316602783203125 2.230448760986328 -16.6343896484375 1 1 1 1
v 6.276602783203125 -0.009551189541816711 -15.994389648437501 1 1 1 1
v 5.316602783203125 2.230448760986328 -15.994389648437501 1 1 1 1
v 5.316602783203125 -0.009551189541816711 -15.994389648437501 1 1 1 1
v 6.276602783203125 2.230448760986328 -15.994389648437501 1 1 1 1
v 6.276602783203125 -0.009551189541816711 -16.6343896484375 1 1 1 1
v 7.236602783203125 2.230448760986328 -16.6343896484375 1 1 1 1
v 7.236602783203125 -0.009551189541816711 -16.6343896484375 1 1 1 1
v 6.276602783203125 2.230448760986328 -16.6343896484375 1 1 1 1
v 7.236602783203125 -0.009551189541816711 -15.994389648437501 1 1 1 1
v 6.276602783203125 2.230448760986328 -15.994389648437501 1 1 1 1
v 6.276602783203125 -0.009551189541816711 -15.994389648437501 1 1 1 1
v 7.236602783203125 2.230448760986328 -15.994389648437501 1 1 1 1
v 7.236602783203125 -0.009551189541816711 -16.6343896484375 1 1 1 1
v 8.196602783203126 2.230448760986328 -16.6343896484375 1 1 1 1
v 8.196602783203126 -0.009551189541816711 -16.6343896484375 1 1 1 1
v 7.236602783203125 2.230448760986328 -16.6343896484375 1 1 1 1
v 8.196602783203126 -0.009551189541816711 -15.994389648437501 1 1 1 1
v 7.236602783203125 2.230448760986328 -15.994389648437501 1 1 1 1
v 7.236602783203125 -0.009551189541816711 -15.994389648437501 1 1 1 1
v 8.196602783203126 2.230448760986328 -15.994389648437501 1 1 1 1
v 8.196602783203126 -0.009551189541816711 -16.6343896484375 1 1 1 1
v 9.156602783203125 2.230448760986328 -16.6343896484375 1 1 1 1
v 9.156602783203125 -0.009551189541816711 -16.6343896484375 1 1 1 1
v 8.196602783203126 2.230448760986328 -16.6343896484375 1 1 1 1
v 9.156602783203125 -0.009551189541816711 -15.994389648437501 1 1 1 1
v 8.196602783203126 2.230448760986328 -15.994389648437501 1 1 1 1
v 8.196602783203126 -0.009551189541816711 -15.994389648437501 1 1 1 1
v 9.156602783203125 2.230448760986328 -15.994389648437501 1 1 1 1
v 9.156602783203125 -0.009551189541816711 -16.6343896484375 1 1 1 1
v 10.116602783203126 2.230448760986328 -16.6343896484375 1 1 1 1
v 10.116602783203126 -0.009551189541816711 -16.6343896484375 1 1 1 1
v 9.156602783203125 2.230448760986328 -16.6343896484375 1 1 1 1
v 10.116602783203126 -0.009551189541816711 -15.994389648437501 1 1 1 1
v 9.156602783203125 2.230448760986328 -15.994389648437501 1 1 1 1
v 9.156602783203125 -0.009551189541816711 -15.994389648437501 1 1 1 1
v 10.116602783203126 2.230448760986328 -15.994389648437501 1 1 1 1
v 10.116602783203126 -0.009551189541816711 -16.6343896484375 1 1 1 1
v 11.076602783203125 2.230448760986328 -16.6343896484375 1 1 1 1
v 11.076602783203125 -0.009551189541816711 -16.6343896484375 1 1 1 1
v 10.116602783203126 2.230448760986328 -16.6343896484375 1 1 1 1
v 11.076602783203125 -0.009551189541816711 -16.6343896484375 1 1 1 1
v 11.076602783203125 2.230448760986328 -15.994389648437501 1 1 1 1
v 11.076602783203125 -0.009551189541816711 -15.994389648437501 1 1 1 1
v 11.076602783203125 2.230448760986328 -16.6343896484375 1 1 1 1
v 11.076602783203125 -0.009551189541816711 -15.994389648437501 1 1 1 1
v 10.116602783203126 2.230448760986328 -15.994389648437501 1 1 1 1
v 10.116602783203126 -0.009551189541816711 -15.994389648437501 1 1 1 1
v 11.076602783203125 2.230448760986328 -15.994389648437501 1 1 1 1
v -5.76 -0.03 -9.040000000000001 1 1 1 1
v -6.4 -0.03 -8.4 1 1 1 1
v -5.76 -0.03 -8.4 1 1 1 1
v -6.4 -0.03 -9.040000000000001 1 1 1 1
v -6.4 -0.03 -9.040000000000001 1 1 1 1
v -7.04 -0.03 -8.4 1 1 1 1
v -6.4 -0.03 -8.4 1 1 1 1
v -7.04 -0.03 -9.040000000000001 1 1 1 1
v -7.04 -0.03 -9.040000000000001 1 1 1 1
v -7.68 -0.03 -8.4 1 1 1 1
v -7.04 -0.03 -8.4 1 1 1 1
v -7.68 -0.03 -9.040000000000001 1 1 1 1
v -7.68 -0.03 -9.040000000000001 1 1 1 1
v -8.32 -0.03 -8.4 1 1 1 1
v -7.68 -0.03 -8.4 1 1 1 1
v -8.32 -0.03 -9.040000000000001 1 1 1 1
v -8.32 -0.03 -9.040000000000001 1 1 1 1
v -8.96 -0.03 -8.4 1 1 1 1
v -8.32 -0.03 -8.4 1 1 1 1
v -8.96 -0.03 -9.040000000000001 1 1 1 1
v 10.88 -0.03 -9.68 1 1 1 1
v 10.24 -0.03 -9.040000000000001 1 1 1 1
v 10.88 -0.03 -9.040000000000001 1 1 1 1
v 10.24 -0.03 -9.68 1 1 1 1
v 10.88 -0.03 -8.4 1 1 1 1
v 10.24 -0.03 -7.76 1 1 1 1
v 10.88 -0.03 -7.76 1 1 1 1
v 10.24 -0.03 -8.4 1 1 1 1
v -3.84 -0.03 -13.52 1 1 1 1
v -4.48 -0.03 -12.88 1 1 1 1
v -3.84 -0.03 -12.88 1 1 1 1
v -4.48 -0.03 -13.52 1 1 1 1
v -4.48 -0.03 -13.52 1 1 1 1
v -5.12 -0.03 -12.88 1 1 1 1
v -4.48 -0.03 -12.88 1 1 1 1
v -5.12 -0.03 -13.52 1 1 1 1
v -5.12 -0.03 -13.52 1 1 1 1
v -5.76 -0.03 -12.88 1 1 1 1
v -5.12 -0.03 -12.88 1 1 1 1
v -5.76 -0.03 -13.52 1 1 1 1
v -5.76 -0.03 -13.52 1 1 1 1
v -6.4 -0.03 -12.88 1 1 1 1
v -5.76 -0.03 -12.88 1 1 1 1
v -6.4 -0.03 -13.52 1 1 1 1
v -6.4 -0.03 -13.52 1 1 1 1
v -7.04 -0.03 -12.88 1 1 1 1
v -6.4 -0.03 -12.88 1 1 1 1
v -7.04 -0.03 -13.52 1 1 1 1
v -7.04 -0.03 -13.52 1 1 1 1
v -7.68 -0.03 -12.88 1 1 1 1
v -7.04 -0.03 -12.88 1 1 1 1
v -7.68 -0.03 -13.52 1 1 1 1
v -7.68 -0.03 -13.52 1 1 1 1
v -8.32 -0.03 -12.88 1 1 1 1
v -7.68 -0.03 -12.88 1 1 1 1
v -8.32 -0.03 -13.52 1 1 1 1
v 7.68 -0.03 -16.080000000000002 1 1 1 1
v 7.04 -0.03 -15.44 1 1 1 1
v 7.68 -0.03 -15.44 1 1 1 1
v 7.04 -0.03 -16.080000000000002 1 1 1 1
v -4.48 -0.03 -9.040000000000001 1 1 1 1
v -5.12 -0.03 -8.4 1 1 1 1
v -4.48 -0.03 -8.4 1 1 1 1
v -5.12 -0.03 -9.040000000000001 1 1 1 1
v -8.32 -0.03 -13.52 1 1 1 1
v -8.96 -0.03 -12.88 1 1 1 1
v -8.32 -0.03 -12.88 1 1 1 1
v -8.96 -0.03 -13.52 1 1 1 1
v 10.88 -0.03 -14.16 1 1 1 1
v 10.24 -0.03 -13.52 1 1 1 1
v 10.88 -0.03 -13.52 1 1 1 1
v 10.24 -0.03 -14.16 1 1 1 1
v -3.84 -0.03 -9.040000000000001 1 1 1 1
v -4.48 -0.03 -8.4 1 1 1 1
v -3.84 -0.03 -8.4 1 1 1 1
v -4.48 -0.03 -9.040000000000001 1 1 1 1
v 0 -0.03 -9.040000000000001 1 1 1 1
v -0.64 -0.03 -8.4 1 1 1 1
v 0 -0.03 -8.4 1 1 1 1
v -0.64 -0.03 -9.040000000000001 1 1 1 1
v -0.64 -0.03 -9.040000000000001 1 1 1 1
v -1.28 -0.03 -8.4 1 1 1 1
v -0.64 -0.03 -8.4 1 1 1 1
v -1.28 -0.03 -9.040000000000001 1 1 1 1
v -1.28 -0.03 -9.040000000000001 1 1 1 1
v -1.92 -0.03 -8.4 1 1 1 1
v -1.28 -0.03 -8.4 1 1 1 1
v -1.92 -0.03 -9.040000000000001 1 1 1 1
v -1.92 -0.03 -9.040000000000001 1 1 1 1
v -2.56 -0.03 -8.4 1 1 1 1
v -1.92 -0.03 -8.4 1 1 1 1
v -2.56 -0.03 -9.040000000000001 1 1 1 1
v -2.56 -0.03 -9.040000000000001 1 1 1 1
v -3.2 -0.03 -8.4 1 1 1 1
v -2.56 -0.03 -8.4 1 1 1 1
v -3.2 -0.03 -9.040000000000001 1 1 1 1
v -3.2 -0.03 -9.040000000000001 1 1 1 1
v -3.84 -0.03 -8.4 1 1 1 1
v -3.2 -0.03 -8.4 1 1 1 1
v -3.84 -0.03 -9.040000000000001 1 1 1 1
v 0 -0.03 -14.16 1 1 1 1
v -0.64 -0.03 -13.52 1 1 1 1
v 0 -0.03 -13.52 1 1 1 1
v -0.64 -0.03 -14.16 1 1 1 1
v 0 -0.03 -9.68 1 1 1 1
v -0.64 -0.03 -9.040000000000001 1 1 1 1
v 0 -0.03 -9.040000000000001 1 1 1 1
v -0.64 -0.03 -9.68 1 1 1 1
v 0 -0.03 -8.4 1 1 1 1
v -0.64 -0.03 -7.76 1 1 1 1
v 0 -0.03 -7.76 1 1 1 1
v -0.64 -0.03 -8.4 1 1 1 1
v -0.64 -0.03 -8.4 1 1 1 1
v -1.28 -0.03 -7.76 1 1 1 1
v -0.64 -0.03 -7.76 1 1 1 1
v -1.28 -0.03 -8.4 1 1 1 1
v -0.64 -0.03 -9.68 1 1 1 1
v -1.28 -0.03 -9.040000000000001 1 1 1 1
v -0.64 -0.03 -9.040000000000001 1 1 1 1
v -1.28 -0.03 -9.68 1 1 1 1
v -1.28 -0.03 -9.68 1 1 1 1
v -1.92 -0.03 -9.040000000000001 1 1 1 1
v -1.28 -0.03 -9.040000000000001 1 1 1 1
v -1.92 -0.03 -9.68 1 1 1 1
v -1.92 -0.03 -9.68 1 1 1 1
v -2.56 -0.03 -9.040000000000001 1 1 1 1
v -1.92 -0.03 -9.040000000000001 1 1 1 1
v -2.56 -0.03 -9.68 1 1 1 1
v -2.56 -0.03 -9.68 1 1 1 1
v -3.2 -0.03 -9.040000000000001 1 1 1 1
v -2.56 -0.03 -9.040000000000001 1 1 1 1
v -3.2 -0.03 -9.68 1 1 1 1
v -1.28 -0.03 -8.4 1 1 1 1
v -1.92 -0.03 -7.76 1 1 1 1
v -1.28 -0.03 -7.76 1 1 1 1
v -1.92 -0.03 -8.4 1 1 1 1
v -3.2 -0.03 -9.68 1 1 1 1
v -3.84 -0.03 -9.040000000000001 1 1 1 1
v -3.2 -0.03 -9.040000000000001 1 1 1 1
v -3.84 -0.03 -9.68 1 1 1 1
v -3.84 -0.03 -9.68 1 1 1 1
v -4.48 -0.03 -9.040000000000001 1 1 1 1
v -3.84 -0.03 -9.040000000000001 1 1 1 1
v -4.48 -0.03 -9.68 1 1 1 1
v -4.48 -0.03 -9.68 1 1 1 1
v -5.12 -0.03 -9.040000000000001 1 1 1 1
v -4.48 -0.03 -9.040000000000001 1 1 1 1
v -5.12 -0.03 -9.68 1 1 1 1
v -1.92 -0.03 -8.4 1 1 1 1
v -2.56 -0.03 -7.76 1 1 1 1
v -1.92 -0.03 -7.76 1 1 1 1
v -2.56 -0.03 -8.4 1 1 1 1
v -5.12 -0.03 -9.68 1 1 1 1
v -5.76 -0.03 -9.040000000000001 1 1 1 1
v -5.12 -0.03 -9.040000000000001 1 1 1 1
v -5.76 -0.03 -9.68 1 1 1 1
v -5.76 -0.03 -9.68 1 1 1 1
v -6.4 -0.03 -9.040000000000001 1 1 1 1
v -5.76 -0.03 -9.040000000000001 1 1 1 1
v -6.4 -0.03 -9.68 1 1 1 1
v -6.4 -0.03 -9.68 1 1 1 1
v -7.04 -0.03 -9.040000000000001 1 1 1 1
v -6.4 -0.03 -9.040000000000001 1 1 1 1
v -7.04 -0.03 -9.68 1 1 1 1
v -7.04 -0.03 -9.68 1 1 1 1
v -7.68 -0.03 -9.040000000000001 1 1 1 1
v -7.04 -0.03 -9.040000000000001 1 1 1 1
v -7.68 -0.03 -9.68 1 1 1 1
v -7.68 -0.03 -9.68 1 1 1 1
v -8.32 -0.03 -9.040000000000001 1 1 1 1
v -7.68 -0.03 -9.040000000000001 1 1 1 1
v -8.32 -0.03 -9.68 1 1 1 1
v -8.32 -0.03 -9.68 1 1 1 1
v -8.96 -0.03 -9.040000000000001 1 1 1 1
v -8.32 -0.03 -9.040000000000001 1 1 1 1
v -8.96 -0.03 -9.68 1 1 1 1
v 10.88 -0.03 -10.32 1 1 1 1
v 10.24 -0.03 -9.68 1 1 1 1
v 10.88 -0.03 -9.68 1 1 1 1
v 10.24 -0.03 -10.32 1 1 1 1
v -0.64 -0.03 -14.16 1 1 1 1
v -1.28 -0.03 -13.52 1 1 1 1
v -0.64 -0.03 -13.52 1 1 1 1
v -1.28 -0.03 -14.16 1 1 1 1
v -1.28 -0.03 -14.16 1 1 1 1
v -1.92 -0.03 -13.52 1 1 1 1
v -1.28 -0.03 -13.52 1 1 1 1
v -1.92 -0.03 -14.16 1 1 1 1
v -1.92 -0.03 -14.16 1 1 1 1
v -2.56 -0.03 -13.52 1 1 1 1
v -1.92 -0.03 -13.52 1 1 1 1
v -2.56 -0.03 -14.16 1 1 1 1
v -2.56 -0.03 -14.16 1 1 1 1
v -3.2 -0.03 -13.52 1 1 1 1
v -2.56 -0.03 -13.52 1 1 1 1
v -3.2 -0.03 -14.16 1 1 1 1
v -3.2 -0.03 -14.16 1 1 1 1
v -3.84 -0.03 -13.52 1 1 1 1
v -3.2 -0.03 -13.52 1 1 1 1
v -3.84 -0.03 -14.16 1 1 1 1
v -3.84 -0.03 -14.16 1 1 1 1
v -4.48 -0.03 -13.52 1 1 1 1
v -3.84 -0.03 -13.52 1 1 1 1
v -4.48 -0.03 -14.16 1 1 1 1
v -4.48 -0.03 -14.16 1 1 1 1
v -5.12 -0.03 -13.52 1 1 1 1
v -4.48 -0.03 -13.52 1 1 1 1
v -5.12 -0.03 -14.16 1 1 1 1
v -5.12 -0.03 -14.16 1 1 1 1
v -5.76 -0.03 -13.52 1 1 1 1
v -5.12 -0.03 -13.52 1 1 1 1
v -5.76 -0.03 -14.16 1 1 1 1
v -5.76 -0.03 -14.16 1 1 1 1
v -6.4 -0.03 -13.52 1 1 1 1
v -5.76 -0.03 -13.52 1 1 1 1
v -6.4 -0.03 -14.16 1 1 1 1
v -5.12 -0.03 -9.040000000000001 1 1 1 1
v -5.76 -0.03 -8.4 1 1 1 1
v -5.12 -0.03 -8.4 1 1 1 1
v -5.76 -0.03 -9.040000000000001 1 1 1 1
v -6.4 -0.03 -14.16 1 1 1 1
v -7.04 -0.03 -13.52 1 1 1 1
v -6.4 -0.03 -13.52 1 1 1 1
v -7.04 -0.03 -14.16 1 1 1 1
v -7.04 -0.03 -14.16 1 1 1 1
v -7.68 -0.03 -13.52 1 1 1 1
v -7.04 -0.03 -13.52 1 1 1 1
v -7.68 -0.03 -14.16 1 1 1 1
v -7.68 -0.03 -14.16 1 1 1 1
v -8.32 -0.03 -13.52 1 1 1 1
v -7.68 -0.03 -13.52 1 1 1 1
v -8.32 -0.03 -14.16 1 1 1 1
v 6.4 -0.03 -16.080000000000002 1 1 1 1
v 5.76 -0.03 -15.44 1 1 1 1
v 6.4 -0.03 -15.44 1 1 1 1
v 5.76 -0.03 -16.080000000000002 1 1 1 1
v 5.76 -0.03 -16.080000000000002 1 1 1 1
v 5.12 -0.03 -15.44 1 1 1 1
v 5.76 -0.03 -15.44 1 1 1 1
v 5.12 -0.03 -16.080000000000002 1 1 1 1
v 5.12 -0.03 -16.080000000000002 1 1 1 1
v 4.48 -0.03 -15.44 1 1 1 1
v 5.12 -0.03 -15.44 1 1 1 1
v 4.48 -0.03 -16.080000000000002 1 1 1 1
v 4.48 -0.03 -16.080000000000002 1 1 1 1
v 3.84 -0.03 -15.44 1 1 1 1
v 4.48 -0.03 -15.44 1 1 1 1
v 3.84 -0.03 -16.080000000000002 1 1 1 1
v -8.32 -0.03 -16.080000000000002 1 1 1 1
v -8.96 -0.03 -15.44 1 1 1 1
v -8.32 -0.03 -15.44 1 1 1 1
v -8.96 -0.03 -16.080000000000002 1 1 1 1
v 3.84 -0.03 -16.080000000000002 1 1 1 1
v 3.2 -0.03 -15.44 1 1 1 1
v 3.84 -0.03 -15.44 1 1 1 1
v 3.2 -0.03 -16.080000000000002 1 1 1 1
v 3.2 -0.03 -16.080000000000002 1 1 1 1
v 2.56 -0.03 -15.44 1 1 1 1
v 3.2 -0.03 -15.44 1 1 1 1
v 2.56 -0.03 -16.080000000000002 1 1 1 1
v 2.56 -0.03 -16.080000000000002 1 1 1 1
v 1.92 -0.03 -15.44 1 1 1 1
v 2.56 -0.03 -15.44 1 1 1 1
v 1.92 -0.03 -16.080000000000002 1 1 1 1
v 1.92 -0.03 -16.080000000000002 1 1 1 1
v 1.28 -0.03 -15.44 1 1 1 1
v 1.92 -0.03 -15.44 1 1 1 1
v 1.28 -0.03 -16.080000000000002 1 1 1 1
v 7.04 -0.03 -16.080000000000002 1 1 1 1
v 6.4 -0.03 -15.44 1 1 1 1
v 7.04 -0.03 -15.44 1 1 1 1
v 6.4 -0.03 -16.080000000000002 1 1 1 1
v 1.28 -0.03 -16.080000000000002 1 1 1 1
v 0.64 -0.03 -15.44 1 1 1 1
v 1.28 -0.03 -15.44 1 1 1 1
v 0.64 -0.03 -16.080000000000002 1 1 1 1
v 0.64 -0.03 -16.080000000000002 1 1 1 1
v 0 -0.03 -15.44 1 1 1 1
v 0.64 -0.03 -15.44 1 1 1 1
v 0 -0.03 -16.080000000000002 1 1 1 1
v 0 -0.03 -16.080000000000002 1 1 1 1
v -0.64 -0.03 -15.44 1 1 1 1
v 0 -0.03 -15.44 1 1 1 1
v -0.64 -0.03 -16.080000000000002 1 1 1 1
v -0.64 -0.03 -16.080000000000002 1 1 1 1
v -1.28 -0.03 -15.44 1 1 1 1
v -0.64 -0.03 -15.44 1 1 1 1
v -1.28 -0.03 -16.080000000000002 1 1 1 1
v -1.28 -0.03 -16.080000000000002 1 1 1 1
v -1.92 -0.03 -15.44 1 1 1 1
v -1.28 -0.03 -15.44 1 1 1 1
v -1.92 -0.03 -16.080000000000002 1 1 1 1
v -1.92 -0.03 -16.080000000000002 1 1 1 1
v -2.56 -0.03 -15.44 1 1 1 1
v -1.92 -0.03 -15.44 1 1 1 1
v -2.56 -0.03 -16.080000000000002 1 1 1 1
v -2.56 -0.03 -16.080000000000002 1 1 1 1
v -3.2 -0.03 -15.44 1 1 1 1
v -2.56 -0.03 -15.44 1 1 1 1
v -3.2 -0.03 -16.080000000000002 1 1 1 1
v -3.2 -0.03 -16.080000000000002 1 1 1 1
v -3.84 -0.03 -15.44 1 1 1 1
v -3.2 -0.03 -15.44 1 1 1 1
v -3.84 -0.03 -16.080000000000002 1 1 1 1
v -3.84 -0.03 -16.080000000000002 1 1 1 1
v -4.48 -0.03 -15.44 1 1 1 1
v -3.84 -0.03 -15.44 1 1 1 1
v -4.48 -0.03 -16.080000000000002 1 1 1 1
v -4.48 -0.03 -16.080000000000002 1 1 1 1
v -5.12 -0.03 -15.44 1 1 1 1
v -4.48 -0.03 -15.44 1 1 1 1
v -5.12 -0.03 -16.080000000000002 1 1 1 1
v -5.12 -0.03 -16.080000000000002 1 1 1 1
v -5.76 -0.03 -15.44 1 1 1 1
v -5.12 -0.03 -15.44 1 1 1 1
v -5.76 -0.03 -16.080000000000002 1 1 1 1
v -5.76 -0.03 -16.080000000000002 1 1 1 1
v -6.4 -0.03 -15.44 1 1 1 1
v -5.76 -0.03 -15.44 1 1 1 1
v -6.4 -0.03 -16.080000000000002 1 1 1 1
v -6.4 -0.03 -16.080000000000002 1 1 1 1
v -7.04 -0.03 -15.44 1 1 1 1
v -6.4 -0.03 -15.44 1 1 1 1
v -7.04 -0.03 -16.080000000000002 1 1 1 1
v -7.04 -0.03 -16.080000000000002 1 1 1 1
v -7.68 -0.03 -15.44 1 1 1 1
v -7.04 -0.03 -15.44 1 1 1 1
v -7.68 -0.03 -16.080000000000002 1 1 1 1
v -7.68 -0.03 -16.080000000000002 1 1 1 1
v -8.32 -0.03 -15.44 1 1 1 1
v -7.68 -0.03 -15.44 1 1 1 1
v -8.32 -0.03 -16.080000000000002 1 1 1 1
v 10.88 -0.03 -0.72 1 1 1 1
v 10.24 -0.03 -0.08 1 1 1 1
v 10.88 -0.03 -0.08 1 1 1 1
v 10.24 -0.03 -0.72 1 1 1 1
v 10.24 -0.03 -0.72 1 1 1 1
v 9.6 -0.03 -0.08 1 1 1 1
v 10.24 -0.03 -0.08 1 1 1 1
v 9.6 -0.03 -0.72 1 1 1 1
v 9.6 -0.03 -0.72 1 1 1 1
v 8.96 -0.03 -0.08 1 1 1 1
v 9.6 -0.03 -0.08 1 1 1 1
v 8.96 -0.03 -0.72 1 1 1 1
v 8.96 -0.03 -0.72 1 1 1 1
v 8.32 -0.03 -0.08 1 1 1 1
v 8.96 -0.03 -0.08 1 1 1 1
v 8.32 -0.03 -0.72 1 1 1 1
v 8.32 -0.03 -0.72 1 1 1 1
v 7.68 -0.03 -0.08 1 1 1 1
v 8.32 -0.03 -0.08 1 1 1 1
v 7.68 -0.03 -0.72 1 1 1 1
v 7.68 -0.03 -0.72 1 1 1 1
v 7.04 -0.03 -0.08 1 1 1 1
v 7.68 -0.03 -0.08 1 1 1 1
v 7.04 -0.03 -0.72 1 1 1 1
v 7.04 -0.03 -0.72 1 1 1 1
v 6.4 -0.03 -0.08 1 1 1 1
v 7.04 -0.03 -0.08 1 1 1 1
v 6.4 -0.03 -0.72 1 1 1 1
v 6.4 -0.03 -0.72 1 1 1 1
v 5.76 -0.03 -0.08 1 1 1 1
v 6.4 -0.03 -0.08 1 1 1 1
v 5.76 -0.03 -0.72 1 1 1 1
v 5.76 -0.03 -0.72 1 1 1 1
v 5.12 -0.03 -0.08 1 1 1 1
v 5.76 -0.03 -0.08 1 1 1 1
v 5.12 -0.03 -0.72 1 1 1 1
v 5.12 -0.03 -0.72 1 1 1 1
v 4.48 -0.03 -0.08 1 1 1 1
v 5.12 -0.03 -0.08 1 1 1 1
v 4.48 -0.03 -0.72 1 1 1 1
v 4.48 -0.03 -0.72 1 1 1 1
v 3.84 -0.03 -0.08 1 1 1 1
v 4.48 -0.03 -0.08 1 1 1 1
v 3.84 -0.03 -0.72 1 1 1 1
v 3.84 -0.03 -0.72 1 1 1 1
v 3.2 -0.03 -0.08 1 1 1 1
v 3.84 -0.03 -0.08 1 1 1 1
v 3.2 -0.03 -0.72 1 1 1 1
v 3.2 -0.03 -0.72 1 1 1 1
v 2.56 -0.03 -0.08 1 1 1 1
v 3.2 -0.03 -0.08 1 1 1 1
v 2.56 -0.03 -0.72 1 1 1 1
v 2.56 -0.03 -0.72 1 1 1 1
v 1.92 -0.03 -0.08 1 1 1 1
v 2.56 -0.03 -0.08 1 1 1 1
v 1.92 -0.03 -0.72 1 1 1 1
v 1.92 -0.03 -0.72 1 1 1 1
v 1.28 -0.03 -0.08 1 1 1 1
v 1.92 -0.03 -0.08 1 1 1 1
v 1.28 -0.03 -0.72 1 1 1 1
v 1.28 -0.03 -0.72 1 1 1 1
v 0.64 -0.03 -0.08 1 1 1 1
v 1.28 -0.03 -0.08 1 1 1 1
v 0.64 -0.03 -0.72 1 1 1 1
v 0.64 -0.03 -0.72 1 1 1 1
v 0 -0.03 -0.08 1 1 1 1
v 0.64 -0.03 -0.08 1 1 1 1
v 0 -0.03 -0.72 1 1 1 1
v 0 -0.03 -0.72 1 1 1 1
v -0.64 -0.03 -0.08 1 1 1 1
v 0 -0.03 -0.08 1 1 1 1
v -0.64 -0.03 -0.72 1 1 1 1
v -0.64 -0.03 -0.72 1 1 1 1
v -1.28 -0.03 -0.08 1 1 1 1
v -0.64 -0.03 -0.08 1 1 1 1
v -1.28 -0.03 -0.72 1 1 1 1
v -1.28 -0.03 -0.72 1 1 1 1
v -1.92 -0.03 -0.08 1 1 1 1
v -1.28 -0.03 -0.08 1 1 1 1
v -1.92 -0.03 -0.72 1 1 1 1
v -1.92 -0.03 -0.72 1 1 1 1
v -2.56 -0.03 -0.08 1 1 1 1
v -1.92 -0.03 -0.08 1 1 1 1
v -2.56 -0.03 -0.72 1 1 1 1
v -2.56 -0.03 -0.72 1 1 1 1
v -3.2 -0.03 -0.08 1 1 1 1
v -2.56 -0.03 -0.08 1 1 1 1
v -3.2 -0.03 -0.72 1 1 1 1
v -3.2 -0.03 -0.72 1 1 1 1
v -3.84 -0.03 -0.08 1 1 1 1
v -3.2 -0.03 -0.08 1 1 1 1
v -3.84 -0.03 -0.72 1 1 1 1
v -3.84 -0.03 -0.72 1 1 1 1
v -4.48 -0.03 -0.08 1 1 1 1
v -3.84 -0.03 -0.08 1 1 1 1
v -4.48 -0.03 -0.72 1 1 1 1
v -4.48 -0.03 -0.72 1 1 1 1
v -5.12 -0.03 -0.08 1 1 1 1
v -4.48 -0.03 -0.08 1 1 1 1
v -5.12 -0.03 -0.72 1 1 1 1
v -5.12 -0.03 -0.72 1 1 1 1
v -5.76 -0.03 -0.08 1 1 1 1
v -5.12 -0.03 -0.08 1 1 1 1
v -5.76 -0.03 -0.72 1 1 1 1
v -5.76 -0.03 -0.72 1 1 1 1
v -6.4 -0.03 -0.08 1 1 1 1
v -5.76 -0.03 -0.08 1 1 1 1
v -6.4 -0.03 -0.72 1 1 1 1
v -6.4 -0.03 -0.72 1 1 1 1
v -7.04 -0.03 -0.08 1 1 1 1
v -6.4 -0.03 -0.08 1 1 1 1
v -7.04 -0.03 -0.72 1 1 1 1
v -7.04 -0.03 -0.72 1 1 1 1
v -7.68 -0.03 -0.08 1 1 1 1
v -7.04 -0.03 -0.08 1 1 1 1
v -7.68 -0.03 -0.72 1 1 1 1
v -7.68 -0.03 -0.72 1 1 1 1
v -8.32 -0.03 -0.08 1 1 1 1
v -7.68 -0.03 -0.08 1 1 1 1
v -8.32 -0.03 -0.72 1 1 1 1
v -8.32 -0.03 -0.72 1 1 1 1
v -8.96 -0.03 -0.08 1 1 1 1
v -8.32 -0.03 -0.08 1 1 1 1
v -8.96 -0.03 -0.72 1 1 1 1
v 10.88 -0.03 -1.36 1 1 1 1
v 10.24 -0.03 -0.72 1 1 1 1
v 10.88 -0.03 -0.72 1 1 1 1
v 10.24 -0.03 -1.36 1 1 1 1
v 10.24 -0.03 -1.36 1 1 1 1
v 9.6 -0.03 -0.72 1 1 1 1
v 10.24 -0.03 -0.72 1 1 1 1
v 9.6 -0.03 -1.36 1 1 1 1
v 9.6 -0.03 -1.36 1 1 1 1
v 8.96 -0.03 -0.72 1 1 1 1
v 9.6 -0.03 -0.72 1 1 1 1
v 8.96 -0.03 -1.36 1 1 1 1
v 8.96 -0.03 -1.36 1 1 1 1
v 8.32 -0.03 -0.72 1 1 1 1
v 8.96 -0.03 -0.72 1 1 1 1
v 8.32 -0.03 -1.36 1 1 1 1
v 8.32 -0.03 -1.36 1 1 1 1
v 7.68 -0.03 -0.72 1 1 1 1
v 8.32 -0.03 -0.72 1 1 1 1
v 7.68 -0.03 -1.36 1 1 1 1
v 7.68 -0.03 -1.36 1 1 1 1
v 7.04 -0.03 -0.72 1 1 1 1
v 7.68 -0.03 -0.72 1 1 1 1
v 7.04 -0.03 -1.36 1 1 1 1
v 7.04 -0.03 -1.36 1 1 1 1
v 6.4 -0.03 -0.72 1 1 1 1
v 7.04 -0.03 -0.72 1 1 1 1
v 6.4 -0.03 -1.36 1 1 1 1
v 6.4 -0.03 -1.36 1 1 1 1
v 5.76 -0.03 -0.72 1 1 1 1
v 6.4 -0.03 -0.72 1 1 1 1
v 5.76 -0.03 -1.36 1 1 1 1
v 5.76 -0.03 -1.36 1 1 1 1
v 5.12 -0.03 -0.72 1 1 1 1
v 5.76 -0.03 -0.72 1 1 1 1
v 5.12 -0.03 -1.36 1 1 1 1
v 5.12 -0.03 -1.36 1 1 1 1
v 4.48 -0.03 -0.72 1 1 1 1
v 5.12 -0.03 -0.72 1 1 1 1
v 4.48 -0.03 -1.36 1 1 1 1
v 4.48 -0.03 -1.36 1 1 1 1
v 3.84 -0.03 -0.72 1 1 1 1
v 4.48 -0.03 -0.72 1 1 1 1
v 3.84 -0.03 -1.36 1 1 1 1
v 3.84 -0.03 -1.36 1 1 1 1
v 3.2 -0.03 -0.72 1 1 1 1
v 3.84 -0.03 -0.72 1 1 1 1
v 3.2 -0.03 -1.36 1 1 1 1
v 3.2 -0.03 -1.36 1 1 1 1
v 2.56 -0.03 -0.72 1 1 1 1
v 3.2 -0.03 -0.72 1 1 1 1
v 2.56 -0.03 -1.36 1 1 1 1
v 2.56 -0.03 -1.36 1 1 1 1
v 1.92 -0.03 -0.72 1 1 1 1
v 2.56 -0.03 -0.72 1 1 1 1
v 1.92 -0.03 -1.36 1 1 1 1
v 1.92 -0.03 -1.36 1 1 1 1
v 1.28 -0.03 -0.72 1 1 1 1
v 1.92 -0.03 -0.72 1 1 1 1
v 1.28 -0.03 -1.36 1 1 1 1
v 1.28 -0.03 -1.36 1 1 1 1
v 0.64 -0.03 -0.72 1 1 1 1
v 1.28 -0.03 -0.72 1 1 1 1
v 0.64 -0.03 -1.36 1 1 1 1
v 0.64 -0.03 -1.36 1 1 1 1
v 0 -0.03 -0.72 1 1 1 1
v 0.64 -0.03 -0.72 1 1 1 1
v 0 -0.03 -1.36 1 1 1 1
v 0 -0.03 -1.36 1 1 1 1
v -0.64 -0.03 -0.72 1 1 1 1
v 0 -0.03 -0.72 1 1 1 1
v -0.64 -0.03 -1.36 1 1 1 1
v -0.64 -0.03 -1.36 1 1 1 1
v -1.28 -0.03 -0.72 1 1 1 1
v -0.64 -0.03 -0.72 1 1 1 1
v -1.28 -0.03 -1.36 1 1 1 1
v -1.28 -0.03 -1.36 1 1 1 1
v -1.92 -0.03 -0.72 1 1 1 1
v -1.28 -0.03 -0.72 1 1 1 1
v -1.92 -0.03 -1.36 1 1 1 1
v -1.92 -0.03 -1.36 1 1 1 1
v -2.56 -0.03 -0.72 1 1 1 1
v -1.92 -0.03 -0.72 1 1 1 1
v -2.56 -0.03 -1.36 1 1 1 1
v -2.56 -0.03 -1.36 1 1 1 1
v -3.2 -0.03 -0.72 1 1 1 1
v -2.56 -0.03 -0.72 1 1 1 1
v -3.2 -0.03 -1.36 1 1 1 1
v -3.2 -0.03 -1.36 1 1 1 1
v -3.84 -0.03 -0.72 1 1 1 1
v -3.2 -0.03 -0.72 1 1 1 1
v -3.84 -0.03 -1.36 1 1 1 1
v -3.84 -0.03 -1.36 1 1 1 1
v -4.48 -0.03 -0.72 1 1 1 1
v -3.84 -0.03 -0.72 1 1 1 1
v -4.48 -0.03 -1.36 1 1 1 1
v -4.48 -0.03 -1.36 1 1 1 1
v -5.12 -0.03 -0.72 1 1 1 1
v -4.48 -0.03 -0.72 1 1 1 1
v -5.12 -0.03 -1.36 1 1 1 1
v -5.12 -0.03 -1.36 1 1 1 1
v -5.76 -0.03 -0.72 1 1 1 1
v -5.12 -0.03 -0.72 1 1 1 1
v -5.76 -0.03 -1.36 1 1 1 1
v -5.76 -0.03 -1.36 1 1 1 1
v -6.4 -0.03 -0.72 1 1 1 1
v -5.76 -0.03 -0.72 1 1 1 1
v -6.4 -0.03 -1.36 1 1 1 1
v -6.4 -0.03 -1.36 1 1 1 1
v -7.04 -0.03 -0.72 1 1 1 1
v -6.4 -0.03 -0.72 1 1 1 1
v -7.04 -0.03 -1.36 1 1 1 1
v -7.04 -0.03 -1.36 1 1 1 1
v -7.68 -0.03 -0.72 1 1 1 1
v -7.04 -0.03 -0.72 1 1 1 1
v -7.68 -0.03 -1.36 1 1 1 1
v -7.68 -0.03 -1.36 1 1 1 1
v -8.32 -0.03 -0.72 1 1 1 1
v -7.68 -0.03 -0.72 1 1 1 1
v -8.32 -0.03 -1.36 1 1 1 1
v -8.32 -0.03 -1.36 1 1 1 1
v -8.96 -0.03 -0.72 1 1 1 1
v -8.32 -0.03 -0.72 1 1 1 1
v -8.96 -0.03 -1.36 1 1 1 1
v 10.88 -0.03 -2 1 1 1 1
v 10.24 -0.03 -1.36 1 1 1 1
v 10.88 -0.03 -1.36 1 1 1 1
v 10.24 -0.03 -2 1 1 1 1
v 10.24 -0.03 -2 1 1 1 1
v 9.6 -0.03 -1.36 1 1 1 1
v 10.24 -0.03 -1.36 1 1 1 1
v 9.6 -0.03 -2 1 1 1 1
v 9.6 -0.03 -2 1 1 1 1
v 8.96 -0.03 -1.36 1 1 1 1
v 9.6 -0.03 -1.36 1 1 1 1
v 8.96 -0.03 -2 1 1 1 1
v 8.96 -0.03 -2 1 1 1 1
v 8.32 -0.03 -1.36 1 1 1 1
v 8.96 -0.03 -1.36 1 1 1 1
v 8.32 -0.03 -2 1 1 1 1
v 8.32 -0.03 -2 1 1 1 1
v 7.68 -0.03 -1.36 1 1 1 1
v 8.32 -0.03 -1.36 1 1 1 1
v 7.68 -0.03 -2 1 1 1 1
v 7.68 -0.03 -2 1 1 1 1
v 7.04 -0.03 -1.36 1 1 1 1
v 7.68 -0.03 -1.36 1 1 1 1
v 7.04 -0.03 -2 1 1 1 1
v 7.04 -0.03 -2 1 1 1 1
v 6.4 -0.03 -1.36 1 1 1 1
v 7.04 -0.03 -1.36 1 1 1 1
v 6.4 -0.03 -2 1 1 1 1
v 6.4 -0.03 -2 1 1 1 1
v 5.76 -0.03 -1.36 1 1 1 1
v 6.4 -0.03 -1.36 1 1 1 1
v 5.76 -0.03 -2 1 1 1 1
v 5.76 -0.03 -2 1 1 1 1
v 5.12 -0.03 -1.36 1 1 1 1
v 5.76 -0.03 -1.36 1 1 1 1
v 5.12 -0.03 -2 1 1 1 1
v 5.12 -0.03 -2 1 1 1 1
v 4.48 -0.03 -1.36 1 1 1 1
v 5.12 -0.03 -1.36 1 1 1 1
v 4.48 -0.03 -2 1 1 1 1
v 4.48 -0.03 -2 1 1 1 1
v 3.84 -0.03 -1.36 1 1 1 1
v 4.48 -0.03 -1.36 1 1 1 1
v 3.84 -0.03 -2 1 1 1 1
v 3.84 -0.03 -2 1 1 1 1
v 3.2 -0.03 -1.36 1 1 1 1
v 3.84 -0.03 -1.36 1 1 1 1
v 3.2 -0.03 -2 1 1 1 1
v 3.2 -0.03 -2 1 1 1 1
v 2.56 -0.03 -1.36 1 1 1 1
v 3.2 -0.03 -1.36 1 1 1 1
v 2.56 -0.03 -2 1 1 1 1
v 2.56 -0.03 -2 1 1 1 1
v 1.92 -0.03 -1.36 1 1 1 1
v 2.56 -0.03 -1.36 1 1 1 1
v 1.92 -0.03 -2 1 1 1 1
v 1.92 -0.03 -2 1 1 1 1
v 1.28 -0.03 -1.36 1 1 1 1
v 1.92 -0.03 -1.36 1 1 1 1
v 1.28 -0.03 -2 1 1 1 1
v 1.28 -0.03 -2 1 1 1 1
v 0.64 -0.03 -1.36 1 1 1 1
v 1.28 -0.03 -1.36 1 1 1 1
v 0.64 -0.03 -2 1 1 1 1
v 0.64 -0.03 -2 1 1 1 1
v 0 -0.03 -1.36 1 1 1 1
v 0.64 -0.03 -1.36 1 1 1 1
v 0 -0.03 -2 1 1 1 1
v 0 -0.03 -2 1 1 1 1
v -0.64 -0.03 -1.36 1 1 1 1
v 0 -0.03 -1.36 1 1 1 1
v -0.64 -0.03 -2 1 1 1 1
v -0.64 -0.03 -2 1 1 1 1
v -1.28 -0.03 -1.36 1 1 1 1
v -0.64 -0.03 -1.36 1 1 1 1
v -1.28 -0.03 -2 1 1 1 1
v -1.28 -0.03 -2 1 1 1 1
v -1.92 -0.03 -1.36 1 1 1 1
v -1.28 -0.03 -1.36 1 1 1 1
v -1.92 -0.03 -2 1 1 1 1
v -1.92 -0.03 -2 1 1 1 1
v -2.56 -0.03 -1.36 1 1 1 1
v -1.92 -0.03 -1.36 1 1 1 1
v -2.56 -0.03 -2 1 1 1 1
v -2.56 -0.03 -2 1 1 1 1
v -3.2 -0.03 -1.36 1 1 1 1
v -2.56 -0.03 -1.36 1 1 1 1
v -3.2 -0.03 -2 1 1 1 1
v -3.2 -0.03 -2 1 1 1 1
v -3.84 -0.03 -1.36 1 1 1 1
v -3.2 -0.03 -1.36 1 1 1 1
v -3.84 -0.03 -2 1 1 1 1
v -3.84 -0.03 -2 1 1 1 1
v -4.48 -0.03 -1.36 1 1 1 1
v -3.84 -0.03 -1.36 1 1 1 1
v -4.48 -0.03 -2 1 1 1 1
v -4.48 -0.03 -2 1 1 1 1
v -5.12 -0.03 -1.36 1 1 1 1
v -4.48 -0.03 -1.36 1 1 1 1
v -5.12 -0.03 -2 1 1 1 1
v -5.12 -0.03 -2 1 1 1 1
v -5.76 -0.03 -1.36 1 1 1 1
v -5.12 -0.03 -1.36 1 1 1 1
v -5.76 -0.03 -2 1 1 1 1
v -5.76 -0.03 -2 1 1 1 1
v -6.4 -0.03 -1.36 1 1 1 1
v -5.76 -0.03 -1.36 1 1 1 1
v -6.4 -0.03 -2 1 1 1 1
v -6.4 -0.03 -2 1 1 1 1
v -7.04 -0.03 -1.36 1 1 1 1
v -6.4 -0.03 -1.36 1 1 1 1
v -7.04 -0.03 -2 1 1 1 1
v -7.04 -0.03 -2 1 1 1 1
v -7.68 -0.03 -1.36 1 1 1 1
v -7.04 -0.03 -1.36 1 1 1 1
v -7.68 -0.03 -2 1 1 1 1
v -7.68 -0.03 -2 1 1 1 1
v -8.32 -0.03 -1.36 1 1 1 1
v -7.68 -0.03 -1.36 1 1 1 1
v -8.32 -0.03 -2 1 1 1 1
v -8.32 -0.03 -2 1 1 1 1
v -8.96 -0.03 -1.36 1 1 1 1
v -8.32 -0.03 -1.36 1 1 1 1
v -8.96 -0.03 -2 1 1 1 1
v 10.88 -0.03 -2.64 1 1 1 1
v 10.24 -0.03 -2 1 1 1 1
v 10.88 -0.03 -2 1 1 1 1
v 10.24 -0.03 -2.64 1 1 1 1
v -2.56 -0.03 -8.4 1 1 1 1
v -3.2 -0.03 -7.76 1 1 1 1
v -2.56 -0.03 -7.76 1 1 1 1
v -3.2 -0.03 -8.4 1 1 1 1
v -8.32 -0.03 -14.16 1 1 1 1
v -8.96 -0.03 -13.52 1 1 1 1
v -8.32 -0.03 -13.52 1 1 1 1
v -8.96 -0.03 -14.16 1 1 1 1
v 10.88 -0.03 -14.8 1 1 1 1
v 10.24 -0.03 -14.16 1 1 1 1
v 10.88 -0.03 -14.16 1 1 1 1
v 10.24 -0.03 -14.8 1 1 1 1
v -3.2 -0.03 -8.4 1 1 1 1
v -3.84 -0.03 -7.76 1 1 1 1
v -3.2 -0.03 -7.76 1 1 1 1
v -3.84 -0.03 -8.4 1 1 1 1
v -3.84 -0.03 -8.4 1 1 1 1
v -4.48 -0.03 -7.76 1 1 1 1
v -3.84 -0.03 -7.76 1 1 1 1
v -4.48 -0.03 -8.4 1 1 1 1
v 0 -0.03 -10.32 1 1 1 1
v -0.64 -0.03 -9.68 1 1 1 1
v 0 -0.03 -9.68 1 1 1 1
v -0.64 -0.03 -10.32 1 1 1 1
v -0.64 -0.03 -10.32 1 1 1 1
v -1.28 -0.03 -9.68 1 1 1 1
v -0.64 -0.03 -9.68 1 1 1 1
v -1.28 -0.03 -10.32 1 1 1 1
v -1.28 -0.03 -10.32 1 1 1 1
v -1.92 -0.03 -9.68 1 1 1 1
v -1.28 -0.03 -9.68 1 1 1 1
v -1.92 -0.03 -10.32 1 1 1 1
v -1.92 -0.03 -10.32 1 1 1 1
v -2.56 -0.03 -9.68 1 1 1 1
v -1.92 -0.03 -9.68 1 1 1 1
v -2.56 -0.03 -10.32 1 1 1 1
v -2.56 -0.03 -10.32 1 1 1 1
v -3.2 -0.03 -9.68 1 1 1 1
v -2.56 -0.03 -9.68 1 1 1 1
v -3.2 -0.03 -10.32 1 1 1 1
v -3.2 -0.03 -10.32 1 1 1 1
v -3.84 -0.03 -9.68 1 1 1 1
v -3.2 -0.03 -9.68 1 1 1 1
v -3.84 -0.03 -10.32 1 1 1 1
v -3.84 -0.03 -10.32 1 1 1 1
v -4.48 -0.03 -9.68 1 1 1 1
v -3.84 -0.03 -9.68 1 1 1 1
v -4.48 -0.03 -10.32 1 1 1 1
v -4.48 -0.03 -10.32 1 1 1 1
v -5.12 -0.03 -9.68 1 1 1 1
v -4.48 -0.03 -9.68 1 1 1 1
v -5.12 -0.03 -10.32 1 1 1 1
v -5.12 -0.03 -10.32 1 1 1 1
v -5.76 -0.03 -9.68 1 1 1 1
v -5.12 -0.03 -9.68 1 1 1 1
v -5.76 -0.03 -10.32 1 1 1 1
v -5.76 -0.03 -10.32 1 1 1 1
v -6.4 -0.03 -9.68 1 1 1 1
v -5.76 -0.03 -9.68 1 1 1 1
v -6.4 -0.03 -10.32 1 1 1 1
v -6.4 -0.03 -10.32 1 1 1 1
v -7.04 -0.03 -9.68 1 1 1 1
v -6.4 -0.03 -9.68 1 1 1 1
v -7.04 -0.03 -10.32 1 1 1 1
v 0 -0.03 -2.64 1 1 1 1
v -0.64 -0.03 -2 1 1 1 1
v 0 -0.03 -2 1 1 1 1
v -0.64 -0.03 -2.64 1 1 1 1
v -0.64 -0.03 -2.64 1 1 1 1
v -1.28 -0.03 -2 1 1 1 1
v -0.64 -0.03 -2 1 1 1 1
v -1.28 -0.03 -2.64 1 1 1 1
v -1.28 -0.03 -2.64 1 1 1 1
v -1.92 -0.03 -2 1 1 1 1
v -1.28 -0.03 -2 1 1 1 1
v -1.92 -0.03 -2.64 1 1 1 1
v -1.92 -0.03 -2.64 1 1 1 1
v -2.56 -0.03 -2 1 1 1 1
v -1.92 -0.03 -2 1 1 1 1
v -2.56 -0.03 -2.64 1 1 1 1
v -2.56 -0.03 -2.64 1 1 1 1
v -3.2 -0.03 -2 1 1 1 1
v -2.56 -0.03 -2 1 1 1 1
v -3.2 -0.03 -2.64 1 1 1 1
v -3.2 -0.03 -2.64 1 1 1 1
v -3.84 -0.03 -2 1 1 1 1
v -3.2 -0.03 -2 1 1 1 1
v -3.84 -0.03 -2.64 1 1 1 1
v -3.84 -0.03 -2.64 1 1 1 1
v -4.48 -0.03 -2 1 1 1 1
v -3.84 -0.03 -2 1 1 1 1
v -4.48 -0.03 -2.64 1 1 1 1
v -4.48 -0.03 -2.64 1 1 1 1
v -5.12 -0.03 -2 1 1 1 1
v -4.48 -0.03 -2 1 1 1 1
v -5.12 -0.03 -2.64 1 1 1 1
v -5.12 -0.03 -2.64 1 1 1 1
v -5.76 -0.03 -2 1 1 1 1
v -5.12 -0.03 -2 1 1 1 1
v -5.76 -0.03 -2.64 1 1 1 1
v -5.76 -0.03 -2.64 1 1 1 1
v -6.4 -0.03 -2 1 1 1 1
v -5.76 -0.03 -2 1 1 1 1
v -6.4 -0.03 -2.64 1 1 1 1
v -6.4 -0.03 -2.64 1 1 1 1
v -7.04 -0.03 -2 1 1 1 1
v -6.4 -0.03 -2 1 1 1 1
v -7.04 -0.03 -2.64 1 1 1 1
v -7.04 -0.03 -2.64 1 1 1 1
v -7.68 -0.03 -2 1 1 1 1
v -7.04 -0.03 -2 1 1 1 1
v -7.68 -0.03 -2.64 1 1 1 1
v -7.68 -0.03 -2.64 1 1 1 1
v -8.32 -0.03 -2 1 1 1 1
v -7.68 -0.03 -2 1 1 1 1
v -8.32 -0.03 -2.64 1 1 1 1
v -8.32 -0.03 -2.64 1 1 1 1
v -8.96 -0.03 -2 1 1 1 1
v -8.32 -0.03 -2 1 1 1 1
v -8.96 -0.03 -2.64 1 1 1 1
v 10.88 -0.03 -3.2800000000000002 1 1 1 1
v 10.24 -0.03 -2.64 1 1 1 1
v 10.88 -0.03 -2.64 1 1 1 1
v 10.24 -0.03 -3.2800000000000002 1 1 1 1
v -7.04 -0.03 -10.32 1 1 1 1
v -7.68 -0.03 -9.68 1 1 1 1
v -7.04 -0.03 -9.68 1 1 1 1
v -7.68 -0.03 -10.32 1 1 1 1
v -7.68 -0.03 -10.32 1 1 1 1
v -8.32 -0.03 -9.68 1 1 1 1
v -7.68 -0.03 -9.68 1 1 1 1
v -8.32 -0.03 -10.32 1 1 1 1
v -8.32 -0.03 -10.32 1 1 1 1
v -8.96 -0.03 -9.68 1 1 1 1
v -8.32 -0.03 -9.68 1 1 1 1
v -8.96 -0.03 -10.32 1 1 1 1
v 10.88 -0.03 -10.96 1 1 1 1
v 10.24 -0.03 -10.32 1 1 1 1
v 10.88 -0.03 -10.32 1 1 1 1
v 10.24 -0.03 -10.96 1 1 1 1
v -4.48 -0.03 -8.4 1 1 1 1
v -5.12 -0.03 -7.76 1 1 1 1
v -4.48 -0.03 -7.76 1 1 1 1
v -5.12 -0.03 -8.4 1 1 1 1
v -5.12 -0.03 -8.4 1 1 1 1
v -5.76 -0.03 -7.76 1 1 1 1
v -5.12 -0.03 -7.76 1 1 1 1
v -5.76 -0.03 -8.4 1 1 1 1
v -5.76 -0.03 -8.4 1 1 1 1
v -6.4 -0.03 -7.76 1 1 1 1
v -5.76 -0.03 -7.76 1 1 1 1
v -6.4 -0.03 -8.4 1 1 1 1
v -6.4 -0.03 -8.4 1 1 1 1
v -7.04 -0.03 -7.76 1 1 1 1
v -6.4 -0.03 -7.76 1 1 1 1
v -7.04 -0.03 -8.4 1 1 1 1
v -7.04 -0.03 -8.4 1 1 1 1
v -7.68 -0.03 -7.76 1 1 1 1
v -7.04 -0.03 -7.76 1 1 1 1
v -7.68 -0.03 -8.4 1 1 1 1
v -7.68 -0.03 -8.4 1 1 1 1
v -8.32 -0.03 -7.76 1 1 1 1
v -7.68 -0.03 -7.76 1 1 1 1
v -8.32 -0.03 -8.4 1 1 1 1
v -8.32 -0.03 -8.4 1 1 1 1
v -8.96 -0.03 -7.76 1 1 1 1
v -8.32 -0.03 -7.76 1 1 1 1
v -8.96 -0.03 -8.4 1 1 1 1
v 10.88 -0.03 -9.040000000000001 1 1 1 1
v 10.24 -0.03 -8.4 1 1 1 1
v 10.88 -0.03 -8.4 1 1 1 1
v 10.24 -0.03 -9.040000000000001 1 1 1 1
v 0 -0.03 -13.52 1 1 1 1
v -0.64 -0.03 -12.88 1 1 1 1
v 0 -0.03 -12.88 1 1 1 1
v -0.64 -0.03 -13.52 1 1 1 1
v -0.64 -0.03 -13.52 1 1 1 1
v -1.28 -0.03 -12.88 1 1 1 1
v -0.64 -0.03 -12.88 1 1 1 1
v -1.28 -0.03 -13.52 1 1 1 1
v -1.28 -0.03 -13.52 1 1 1 1
v -1.92 -0.03 -12.88 1 1 1 1
v -1.28 -0.03 -12.88 1 1 1 1
v -1.92 -0.03 -13.52 1 1 1 1
v -1.92 -0.03 -13.52 1 1 1 1
v -2.56 -0.03 -12.88 1 1 1 1
v -1.92 -0.03 -12.88 1 1 1 1
v -2.56 -0.03 -13.52 1 1 1 1
v 0 -0.03 -3.2800000000000002 1 1 1 1
v -0.64 -0.03 -2.64 1 1 1 1
v 0 -0.03 -2.64 1 1 1 1
v -0.64 -0.03 -3.2800000000000002 1 1 1 1
v -0.64 -0.03 -3.2800000000000002 1 1 1 1
v -1.28 -0.03 -2.64 1 1 1 1
v -0.64 -0.03 -2.64 1 1 1 1
v -1.28 -0.03 -3.2800000000000002 1 1 1 1
v -1.28 -0.03 -3.2800000000000002 1 1 1 1
v -1.92 -0.03 -2.64 1 1 1 1
v -1.28 -0.03 -2.64 1 1 1 1
v -1.92 -0.03 -3.2800000000000002 1 1 1 1
v -1.92 -0.03 -3.2800000000000002 1 1 1 1
v -2.56 -0.03 -2.64 1 1 1 1
v -1.92 -0.03 -2.64 1 1 1 1
v -2.56 -0.03 -3.2800000000000002 1 1 1 1
v -2.56 -0.03 -3.2800000000000002 1 1 1 1
v -3.2 -0.03 -2.64 1 1 1 1
v -2.56 -0.03 -2.64 1 1 1 1
v -3.2 -0.03 -3.2800000000000002 1 1 1 1
v -3.2 -0.03 -3.2800000000000002 1 1 1 1
v -3.84 -0.03 -2.64 1 1 1 1
v -3.2 -0.03 -2.64 1 1 1 1
v -3.84 -0.03 -3.2800000000000002 1 1 1 1
v -3.84 -0.03 -3.2800000000000002 1 1 1 1
v -4.48 -0.03 -2.64 1 1 1 1
v -3.84 -0.03 -2.64 1 1 1 1
v -4.48 -0.03 -3.2800000000000002 1 1 1 1
v -4.48 -0.03 -3.2800000000000002 1 1 1 1
v -5.12 -0.03 -2.64 1 1 1 1
v -4.48 -0.03 -2.64 1 1 1 1
v -5.12 -0.03 -3.2800000000000002 1 1 1 1
v -5.12 -0.03 -3.2800000000000002 1 1 1 1
v -5.76 -0.03 -2.64 1 1 1 1
v -5.12 -0.03 -2.64 1 1 1 1
v -5.76 -0.03 -3.2800000000000002 1 1 1 1
v -5.76 -0.03 -3.2800000000000002 1 1 1 1
v -6.4 -0.03 -2.64 1 1 1 1
v -5.76 -0.03 -2.64 1 1 1 1
v -6.4 -0.03 -3.2800000000000002 1 1 1 1
v -6.4 -0.03 -3.2800000000000002 1 1 1 1
v -7.04 -0.03 -2.64 1 1 1 1
v -6.4 -0.03 -2.64 1 1 1 1
v -7.04 -0.03 -3.2800000000000002 1 1 1 1
v -7.04 -0.03 -3.2800000000000002 1 1 1 1
v -7.68 -0.03 -2.64 1 1 1 1
v -7.04 -0.03 -2.64 1 1 1 1
v -7.68 -0.03 -3.2800000000000002 1 1 1 1
v -7.68 -0.03 -3.2800000000000002 1 1 1 1
v -8.32 -0.03 -2.64 1 1 1 1
v -7.68 -0.03 -2.64 1 1 1 1
v -8.32 -0.03 -3.2800000000000002 1 1 1 1
v -8.32 -0.03 -3.2800000000000002 1 1 1 1
v -8.96 -0.03 -2.64 1 1 1 1
v -8.32 -0.03 -2.64 1 1 1 1
v -8.96 -0.03 -3.2800000000000002 1 1 1 1
v 10.88 -0.03 -3.92 1 1 1 1
v 10.24 -0.03 -3.2800000000000002 1 1 1 1
v 10.88 -0.03 -3.2800000000000002 1 1 1 1
v 10.24 -0.03 -3.92 1 1 1 1
v -2.56 -0.03 -13.52 1 1 1 1
v -3.2 -0.03 -12.88 1 1 1 1
v -2.56 -0.03 -12.88 1 1 1 1
v -3.2 -0.03 -13.52 1 1 1 1
v -3.2 -0.03 -13.52 1 1 1 1
v -3.84 -0.03 -12.88 1 1 1 1
v -3.2 -0.03 -12.88 1 1 1 1
v -3.84 -0.03 -13.52 1 1 1 1
v 0 -0.03 -14.8 1 1 1 1
v -0.64 -0.03 -14.16 1 1 1 1
v 0 -0.03 -14.16 1 1 1 1
v -0.64 -0.03 -14.8 1 1 1 1
v -0.64 -0.03 -14.8 1 1 1 1
v -1.28 -0.03 -14.16 1 1 1 1
v -0.64 -0.03 -14.16 1 1 1 1
v -1.28 -0.03 -14.8 1 1 1 1
v 0 -0.03 -10.96 1 1 1 1
v -0.64 -0.03 -10.32 1 1 1 1
v 0 -0.03 -10.32 1 1 1 1
v -0.64 -0.03 -10.96 1 1 1 1
v -0.64 -0.03 -10.96 1 1 1 1
v -1.28 -0.03 -10.32 1 1 1 1
v -0.64 -0.03 -10.32 1 1 1 1
v -1.28 -0.03 -10.96 1 1 1 1
v -1.28 -0.03 -10.96 1 1 1 1
v -1.92 -0.03 -10.32 1 1 1 1
v -1.28 -0.03 -10.32 1 1 1 1
v -1.92 -0.03 -10.96 1 1 1 1
v -1.92 -0.03 -10.96 1 1 1 1
v -2.56 -0.03 -10.32 1 1 1 1
v -1.92 -0.03 -10.32 1 1 1 1
v -2.56 -0.03 -10.96 1 1 1 1
v -2.56 -0.03 -10.96 1 1 1 1
v -3.2 -0.03 -10.32 1 1 1 1
v -2.56 -0.03 -10.32 1 1 1 1
v -3.2 -0.03 -10.96 1 1 1 1
v -3.2 -0.03 -10.96 1 1 1 1
v -3.84 -0.03 -10.32 1 1 1 1
v -3.2 -0.03 -10.32 1 1 1 1
v -3.84 -0.03 -10.96 1 1 1 1
v -3.84 -0.03 -10.96 1 1 1 1
v -4.48 -0.03 -10.32 1 1 1 1
v -3.84 -0.03 -10.32 1 1 1 1
v -4.48 -0.03 -10.96 1 1 1 1
v -4.48 -0.03 -10.96 1 1 1 1
v -5.12 -0.03 -10.32 1 1 1 1
v -4.48 -0.03 -10.32 1 1 1 1
v -5.12 -0.03 -10.96 1 1 1 1
v -5.12 -0.03 -10.96 1 1 1 1
v -5.76 -0.03 -10.32 1 1 1 1
v -5.12 -0.03 -10.32 1 1 1 1
v -5.76 -0.03 -10.96 1 1 1 1
v -5.76 -0.03 -10.96 1 1 1 1
v -6.4 -0.03 -10.32 1 1 1 1
v -5.76 -0.03 -10.32 1 1 1 1
v -6.4 -0.03 -10.96 1 1 1 1
v -6.4 -0.03 -10.96 1 1 1 1
v -7.04 -0.03 -10.32 1 1 1 1
v -6.4 -0.03 -10.32 1 1 1 1
v -7.04 -0.03 -10.96 1 1 1 1
v -7.04 -0.03 -10.96 1 1 1 1
v -7.68 -0.03 -10.32 1 1 1 1
v -7.04 -0.03 -10.32 1 1 1 1
v -7.68 -0.03 -10.96 1 1 1 1
v 0 -0.03 -3.92 1 1 1 1
v -0.64 -0.03 -3.2800000000000002 1 1 1 1
v 0 -0.03 -3.2800000000000002 1 1 1 1
v -0.64 -0.03 -3.92 1 1 1 1
v -0.64 -0.03 -3.92 1 1 1 1
v -1.28 -0.03 -3.2800000000000002 1 1 1 1
v -0.64 -0.03 -3.2800000000000002 1 1 1 1
v -1.28 -0.03 -3.92 1 1 1 1
v -1.28 -0.03 -3.92 1 1 1 1
v -1.92 -0.03 -3.2800000000000002 1 1 1 1
v -1.28 -0.03 -3.2800000000000002 1 1 1 1
v -1.92 -0.03 -3.92 1 1 1 1
v -1.92 -0.03 -3.92 1 1 1 1
v -2.56 -0.03 -3.2800000000000002 1 1 1 1
v -1.92 -0.03 -3.2800000000000002 1 1 1 1
v -2.56 -0.03 -3.92 1 1 1 1
v -2.56 -0.03 -3.92 1 1 1 1
v -3.2 -0.03 -3.2800000000000002 1 1 1 1
v -2.56 -0.03 -3.2800000000000002 1 1 1 1
v -3.2 -0.03 -3.92 1 1 1 1
v -3.2 -0.03 -3.92 1 1 1 1
v -3.84 -0.03 -3.2800000000000002 1 1 1 1
v -3.2 -0.03 -3.2800000000000002 1 1 1 1
v -3.84 -0.03 -3.92 1 1 1 1
v -3.84 -0.03 -3.92 1 1 1 1
v -4.48 -0.03 -3.2800000000000002 1 1 1 1
v -3.84 -0.03 -3.2800000000000002 1 1 1 1
v -4.48 -0.03 -3.92 1 1 1 1
v -4.48 -0.03 -3.92 1 1 1 1
v -5.12 -0.03 -3.2800000000000002 1 1 1 1
v -4.48 -0.03 -3.2800000000000002 1 1 1 1
v -5.12 -0.03 -3.92 1 1 1 1
v -5.12 -0.03 -3.92 1 1 1 1
v -5.76 -0.03 -3.2800000000000002 1 1 1 1
v -5.12 -0.03 -3.2800000000000002 1 1 1 1
v -5.76 -0.03 -3.92 1 1 1 1
v -5.76 -0.03 -3.92 1 1 1 1
v -6.4 -0.03 -3.2800000000000002 1 1 1 1
v -5.76 -0.03 -3.2800000000000002 1 1 1 1
v -6.4 -0.03 -3.92 1 1 1 1
v -6.4 -0.03 -3.92 1 1 1 1
v -7.04 -0.03 -3.2800000000000002 1 1 1 1
v -6.4 -0.03 -3.2800000000000002 1 1 1 1
v -7.04 -0.03 -3.92 1 1 1 1
v -7.04 -0.03 -3.92 1 1 1 1
v -7.68 -0.03 -3.2800000000000002 1 1 1 1
v -7.04 -0.03 -3.2800000000000002 1 1 1 1
v -7.68 -0.03 -3.92 1 1 1 1
v -7.68 -0.03 -3.92 1 1 1 1
v -8.32 -0.03 -3.2800000000000002 1 1 1 1
v -7.68 -0.03 -3.2800000000000002 1 1 1 1
v -8.32 -0.03 -3.92 1 1 1 1
v -8.32 -0.03 -3.92 1 1 1 1
v -8.96 -0.03 -3.2800000000000002 1 1 1 1
v -8.32 -0.03 -3.2800000000000002 1 1 1 1
v -8.96 -0.03 -3.92 1 1 1 1
v 10.88 -0.03 -4.5600000000000005 1 1 1 1
v 10.24 -0.03 -3.92 1 1 1 1
v 10.88 -0.03 -3.92 1 1 1 1
v 10.24 -0.03 -4.5600000000000005 1 1 1 1
v -7.68 -0.03 -10.96 1 1 1 1
v -8.32 -0.03 -10.32 1 1 1 1
v -7.68 -0.03 -10.32 1 1 1 1
v -8.32 -0.03 -10.96 1 1 1 1
v -8.32 -0.03 -10.96 1 1 1 1
v -8.96 -0.03 -10.32 1 1 1 1
v -8.32 -0.03 -10.32 1 1 1 1
v -8.96 -0.03 -10.96 1 1 1 1
v 10.88 -0.03 -11.6 1 1 1 1
v 10.24 -0.03 -10.96 1 1 1 1
v 10.88 -0.03 -10.96 1 1 1 1
v 10.24 -0.03 -11.6 1 1 1 1
v -1.28 -0.03 -14.8 1 1 1 1
v -1.92 -0.03 -14.16 1 1 1 1
v -1.28 -0.03 -14.16 1 1 1 1
v -1.92 -0.03 -14.8 1 1 1 1
v -1.92 -0.03 -14.8 1 1 1 1
v -2.56 -0.03 -14.16 1 1 1 1
v -1.92 -0.03 -14.16 1 1 1 1
v -2.56 -0.03 -14.8 1 1 1 1
v -2.56 -0.03 -14.8 1 1 1 1
v -3.2 -0.03 -14.16 1 1 1 1
v -2.56 -0.03 -14.16 1 1 1 1
v -3.2 -0.03 -14.8 1 1 1 1
v -3.2 -0.03 -14.8 1 1 1 1
v -3.84 -0.03 -14.16 1 1 1 1
v -3.2 -0.03 -14.16 1 1 1 1
v -3.84 -0.03 -14.8 1 1 1 1
v -3.84 -0.03 -14.8 1 1 1 1
v -4.48 -0.03 -14.16 1 1 1 1
v -3.84 -0.03 -14.16 1 1 1 1
v -4.48 -0.03 -14.8 1 1 1 1
v -4.48 -0.03 -14.8 1 1 1 1
v -5.12 -0.03 -14.16 1 1 1 1
v -4.48 -0.03 -14.16 1 1 1 1
v -5.12 -0.03 -14.8 1 1 1 1
v -5.12 -0.03 -14.8 1 1 1 1
v -5.76 -0.03 -14.16 1 1 1 1
v -5.12 -0.03 -14.16 1 1 1 1
v -5.76 -0.03 -14.8 1 1 1 1
v -5.76 -0.03 -14.8 1 1 1 1
v -6.4 -0.03 -14.16 1 1 1 1
v -5.76 -0.03 -14.16 1 1 1 1
v -6.4 -0.03 -14.8 1 1 1 1
v -6.4 -0.03 -14.8 1 1 1 1
v -7.04 -0.03 -14.16 1 1 1 1
v -6.4 -0.03 -14.16 1 1 1 1
v -7.04 -0.03 -14.8 1 1 1 1
v -7.04 -0.03 -14.8 1 1 1 1
v -7.68 -0.03 -14.16 1 1 1 1
v -7.04 -0.03 -14.16 1 1 1 1
v -7.68 -0.03 -14.8 1 1 1 1
v -7.68 -0.03 -14.8 1 1 1 1
v -8.32 -0.03 -14.16 1 1 1 1
v -7.68 -0.03 -14.16 1 1 1 1
v -8.32 -0.03 -14.8 1 1 1 1
v -8.32 -0.03 -14.8 1 1 1 1
v -8.96 -0.03 -14.16 1 1 1 1
v -8.32 -0.03 -14.16 1 1 1 1
v -8.96 -0.03 -14.8 1 1 1 1
v 10.88 -0.03 -15.44 1 1 1 1
v 10.24 -0.03 -14.8 1 1 1 1
v 10.88 -0.03 -14.8 1 1 1 1
v 10.24 -0.03 -15.44 1 1 1 1
v 0 -0.03 -4.5600000000000005 1 1 1 1
v -0.64 -0.03 -3.92 1 1 1 1
v 0 -0.03 -3.92 1 1 1 1
v -0.64 -0.03 -4.5600000000000005 1 1 1 1
v -0.64 -0.03 -4.5600000000000005 1 1 1 1
v -1.28 -0.03 -3.92 1 1 1 1
v -0.64 -0.03 -3.92 1 1 1 1
v -1.28 -0.03 -4.5600000000000005 1 1 1 1
v -1.28 -0.03 -4.5600000000000005 1 1 1 1
v -1.92 -0.03 -3.92 1 1 1 1
v -1.28 -0.03 -3.92 1 1 1 1
v -1.92 -0.03 -4.5600000000000005 1 1 1 1
v -1.92 -0.03 -4.5600000000000005 1 1 1 1
v -2.56 -0.03 -3.92 1 1 1 1
v -1.92 -0.03 -3.92 1 1 1 1
v -2.56 -0.03 -4.5600000000000005 1 1 1 1
v -2.56 -0.03 -4.5600000000000005 1 1 1 1
v -3.2 -0.03 -3.92 1 1 1 1
v -2.56 -0.03 -3.92 1 1 1 1
v -3.2 -0.03 -4.5600000000000005 1 1 1 1
v -3.2 -0.03 -4.5600000000000005 1 1 1 1
v -3.84 -0.03 -3.92 1 1 1 1
v -3.2 -0.03 -3.92 1 1 1 1
v -3.84 -0.03 -4.5600000000000005 1 1 1 1
v -3.84 -0.03 -4.5600000000000005 1 1 1 1
v -4.48 -0.03 -3.92 1 1 1 1
v -3.84 -0.03 -3.92 1 1 1 1
v -4.48 -0.03 -4.5600000000000005 1 1 1 1
v -4.48 -0.03 -4.5600000000000005 1 1 1 1
v -5.12 -0.03 -3.92 1 1 1 1
v -4.48 -0.03 -3.92 1 1 1 1
v -5.12 -0.03 -4.5600000000000005 1 1 1 1
v -5.12 -0.03 -4.5600000000000005 1 1 1 1
v -5.76 -0.03 -3.92 1 1 1 1
v -5.12 -0.03 -3.92 1 1 1 1
v -5.76 -0.03 -4.5600000000000005 1 1 1 1
v -5.76 -0.03 -4.5600000000000005 1 1 1 1
v -6.4 -0.03 -3.92 1 1 1 1
v -5.76 -0.03 -3.92 1 1 1 1
v -6.4 -0.03 -4.5600000000000005 1 1 1 1
v -6.4 -0.03 -4.5600000000000005 1 1 1 1
v -7.04 -0.03 -3.92 1 1 1 1
v -6.4 -0.03 -3.92 1 1 1 1
v -7.04 -0.03 -4.5600000000000005 1 1 1 1
v -7.04 -0.03 -4.5600000000000005 1 1 1 1
v -7.68 -0.03 -3.92 1 1 1 1
v -7.04 -0.03 -3.92 1 1 1 1
v -7.68 -0.03 -4.5600000000000005 1 1 1 1
v -7.68 -0.03 -4.5600000000000005 1 1 1 1
v -8.32 -0.03 -3.92 1 1 1 1
v -7.68 -0.03 -3.92 1 1 1 1
v -8.32 -0.03 -4.5600000000000005 1 1 1 1
v -8.32 -0.03 -4.5600000000000005 1 1 1 1
v -8.96 -0.03 -3.92 1 1 1 1
v -8.32 -0.03 -3.92 1 1 1 1
v -8.96 -0.03 -4.5600000000000005 1 1 1 1
v 10.88 -0.03 -5.2 1 1 1 1
v 10.24 -0.03 -4.5600000000000005 1 1 1 1
v 10.88 -0.03 -4.5600000000000005 1 1 1 1
v 10.24 -0.03 -5.2 1 1 1 1
v 10.24 -0.03 -15.44 1 1 1 1
v 9.6 -0.03 -14.8 1 1 1 1
v 10.24 -0.03 -14.8 1 1 1 1
v 9.6 -0.03 -15.44 1 1 1 1
v 9.6 -0.03 -15.44 1 1 1 1
v 8.96 -0.03 -14.8 1 1 1 1
v 9.6 -0.03 -14.8 1 1 1 1
v 8.96 -0.03 -15.44 1 1 1 1
v 8.96 -0.03 -15.44 1 1 1 1
v 8.32 -0.03 -14.8 1 1 1 1
v 8.96 -0.03 -14.8 1 1 1 1
v 8.32 -0.03 -15.44 1 1 1 1
v 0 -0.03 -11.6 1 1 1 1
v -0.64 -0.03 -10.96 1 1 1 1
v 0 -0.03 -10.96 1 1 1 1
v -0.64 -0.03 -11.6 1 1 1 1
v -0.64 -0.03 -11.6 1 1 1 1
v -1.28 -0.03 -10.96 1 1 1 1
v -0.64 -0.03 -10.96 1 1 1 1
v -1.28 -0.03 -11.6 1 1 1 1
v -1.28 -0.03 -11.6 1 1 1 1
v -1.92 -0.03 -10.96 1 1 1 1
v -1.28 -0.03 -10.96 1 1 1 1
v -1.92 -0.03 -11.6 1 1 1 1
v -1.92 -0.03 -11.6 1 1 1 1
v -2.56 -0.03 -10.96 1 1 1 1
v -1.92 -0.03 -10.96 1 1 1 1
v -2.56 -0.03 -11.6 1 1 1 1
v -2.56 -0.03 -11.6 1 1 1 1
v -3.2 -0.03 -10.96 1 1 1 1
v -2.56 -0.03 -10.96 1 1 1 1
v -3.2 -0.03 -11.6 1 1 1 1
v -3.2 -0.03 -11.6 1 1 1 1
v -3.84 -0.03 -10.96 1 1 1 1
v -3.2 -0.03 -10.96 1 1 1 1
v -3.84 -0.03 -11.6 1 1 1 1
v -3.84 -0.03 -11.6 1 1 1 1
v -4.48 -0.03 -10.96 1 1 1 1
v -3.84 -0.03 -10.96 1 1 1 1
v -4.48 -0.03 -11.6 1 1 1 1
v -4.48 -0.03 -11.6 1 1 1 1
v -5.12 -0.03 -10.96 1 1 1 1
v -4.48 -0.03 -10.96 1 1 1 1
v -5.12 -0.03 -11.6 1 1 1 1
v -5.12 -0.03 -11.6 1 1 1 1
v -5.76 -0.03 -10.96 1 1 1 1
v -5.12 -0.03 -10.96 1 1 1 1
v -5.76 -0.03 -11.6 1 1 1 1
v -5.76 -0.03 -11.6 1 1 1 1
v -6.4 -0.03 -10.96 1 1 1 1
v -5.76 -0.03 -10.96 1 1 1 1
v -6.4 -0.03 -11.6 1 1 1 1
v -6.4 -0.03 -11.6 1 1 1 1
v -7.04 -0.03 -10.96 1 1 1 1
v -6.4 -0.03 -10.96 1 1 1 1
v -7.04 -0.03 -11.6 1 1 1 1
v -7.04 -0.03 -11.6 1 1 1 1
v -7.68 -0.03 -10.96 1 1 1 1
v -7.04 -0.03 -10.96 1 1 1 1
v -7.68 -0.03 -11.6 1 1 1 1
v -7.68 -0.03 -11.6 1 1 1 1
v -8.32 -0.03 -10.96 1 1 1 1
v -7.68 -0.03 -10.96 1 1 1 1
v -8.32 -0.03 -11.6 1 1 1 1
v 0 -0.03 -5.2 1 1 1 1
v -0.64 -0.03 -4.5600000000000005 1 1 1 1
v 0 -0.03 -4.5600000000000005 1 1 1 1
v -0.64 -0.03 -5.2 1 1 1 1
v -0.64 -0.03 -5.2 1 1 1 1
v -1.28 -0.03 -4.5600000000000005 1 1 1 1
v -0.64 -0.03 -4.5600000000000005 1 1 1 1
v -1.28 -0.03 -5.2 1 1 1 1
v -1.28 -0.03 -5.2 1 1 1 1
v -1.92 -0.03 -4.5600000000000005 1 1 1 1
v -1.28 -0.03 -4.5600000000000005 1 1 1 1
v -1.92 -0.03 -5.2 1 1 1 1
v -1.92 -0.03 -5.2 1 1 1 1
v -2.56 -0.03 -4.5600000000000005 1 1 1 1
v -1.92 -0.03 -4.5600000000000005 1 1 1 1
v -2.56 -0.03 -5.2 1 1 1 1
v -2.56 -0.03 -5.2 1 1 1 1
v -3.2 -0.03 -4.5600000000000005 1 1 1 1
v -2.56 -0.03 -4.5600000000000005 1 1 1 1
v -3.2 -0.03 -5.2 1 1 1 1
v -3.2 -0.03 -5.2 1 1 1 1
v -3.84 -0.03 -4.5600000000000005 1 1 1 1
v -3.2 -0.03 -4.5600000000000005 1 1 1 1
v -3.84 -0.03 -5.2 1 1 1 1
v -3.84 -0.03 -5.2 1 1 1 1
v -4.48 -0.03 -4.5600000000000005 1 1 1 1
v -3.84 -0.03 -4.5600000000000005 1 1 1 1
v -4.48 -0.03 -5.2 1 1 1 1
v -4.48 -0.03 -5.2 1 1 1 1
v -5.12 -0.03 -4.5600000000000005 1 1 1 1
v -4.48 -0.03 -4.5600000000000005 1 1 1 1
v -5.12 -0.03 -5.2 1 1 1 1
v -5.12 -0.03 -5.2 1 1 1 1
v -5.76 -0.03 -4.5600000000000005 1 1 1 1
v -5.12 -0.03 -4.5600000000000005 1 1 1 1
v -5.76 -0.03 -5.2 1 1 1 1
v -5.76 -0.03 -5.2 1 1 1 1
v -6.4 -0.03 -4.5600000000000005 1 1 1 1
v -5.76 -0.03 -4.5600000000000005 1 1 1 1
v -6.4 -0.03 -5.2 1 1 1 1
v -6.4 -0.03 -5.2 1 1 1 1
v -7.04 -0.03 -4.5600000000000005 1 1 1 1
v -6.4 -0.03 -4.5600000000000005 1 1 1 1
v -7.04 -0.03 -5.2 1 1 1 1
v -7.04 -0.03 -5.2 1 1 1 1
v -7.68 -0.03 -4.5600000000000005 1 1 1 1
v -7.04 -0.03 -4.5600000000000005 1 1 1 1
v -7.68 -0.03 -5.2 1 1 1 1
v -7.68 -0.03 -5.2 1 1 1 1
v -8.32 -0.03 -4.5600000000000005 1 1 1 1
v -7.68 -0.03 -4.5600000000000005 1 1 1 1
v -8.32 -0.03 -5.2 1 1 1 1
v -8.32 -0.03 -5.2 1 1 1 1
v -8.96 -0.03 -4.5600000000000005 1 1 1 1
v -8.32 -0.03 -4.5600000000000005 1 1 1 1
v -8.96 -0.03 -5.2 1 1 1 1
v 10.88 -0.03 -5.84 1 1 1 1
v 10.24 -0.03 -5.2 1 1 1 1
v 10.88 -0.03 -5.2 1 1 1 1
v 10.24 -0.03 -5.84 1 1 1 1
v -8.32 -0.03 -11.6 1 1 1 1
v -8.96 -0.03 -10.96 1 1 1 1
v -8.32 -0.03 -10.96 1 1 1 1
v -8.96 -0.03 -11.6 1 1 1 1
v 10.88 -0.03 -12.24 1 1 1 1
v 10.24 -0.03 -11.6 1 1 1 1
v 10.88 -0.03 -11.6 1 1 1 1
v 10.24 -0.03 -12.24 1 1 1 1
v 8.32 -0.03 -15.44 1 1 1 1
v 7.68 -0.03 -14.8 1 1 1 1
v 8.32 -0.03 -14.8 1 1 1 1
v 7.68 -0.03 -15.44 1 1 1 1
v 7.68 -0.03 -15.44 1 1 1 1
v 7.04 -0.03 -14.8 1 1 1 1
v 7.68 -0.03 -14.8 1 1 1 1
v 7.04 -0.03 -15.44 1 1 1 1
v 7.04 -0.03 -15.44 1 1 1 1
v 6.4 -0.03 -14.8 1 1 1 1
v 7.04 -0.03 -14.8 1 1 1 1
v 6.4 -0.03 -15.44 1 1 1 1
v 6.4 -0.03 -15.44 1 1 1 1
v 5.76 -0.03 -14.8 1 1 1 1
v 6.4 -0.03 -14.8 1 1 1 1
v 5.76 -0.03 -15.44 1 1 1 1
v 5.76 -0.03 -15.44 1 1 1 1
v 5.12 -0.03 -14.8 1 1 1 1
v 5.76 -0.03 -14.8 1 1 1 1
v 5.12 -0.03 -15.44 1 1 1 1
v 5.12 -0.03 -15.44 1 1 1 1
v 4.48 -0.03 -14.8 1 1 1 1
v 5.12 -0.03 -14.8 1 1 1 1
v 4.48 -0.03 -15.44 1 1 1 1
v 4.48 -0.03 -15.44 1 1 1 1
v 3.84 -0.03 -14.8 1 1 1 1
v 4.48 -0.03 -14.8 1 1 1 1
v 3.84 -0.03 -15.44 1 1 1 1
v 3.84 -0.03 -15.44 1 1 1 1
v 3.2 -0.03 -14.8 1 1 1 1
v 3.84 -0.03 -14.8 1 1 1 1
v 3.2 -0.03 -15.44 1 1 1 1
v 3.2 -0.03 -15.44 1 1 1 1
v 2.56 -0.03 -14.8 1 1 1 1
v 3.2 -0.03 -14.8 1 1 1 1
v 2.56 -0.03 -15.44 1 1 1 1
v 2.56 -0.03 -15.44 1 1 1 1
v 1.92 -0.03 -14.8 1 1 1 1
v 2.56 -0.03 -14.8 1 1 1 1
v 1.92 -0.03 -15.44 1 1 1 1
v 1.92 -0.03 -15.44 1 1 1 1
v 1.28 -0.03 -14.8 1 1 1 1
v 1.92 -0.03 -14.8 1 1 1 1
v 1.28 -0.03 -15.44 1 1 1 1
v 1.28 -0.03 -15.44 1 1 1 1
v 0.64 -0.03 -14.8 1 1 1 1
v 1.28 -0.03 -14.8 1 1 1 1
v 0.64 -0.03 -15.44 1 1 1 1
v 0.64 -0.03 -15.44 1 1 1 1
v 0 -0.03 -14.8 1 1 1 1
v 0.64 -0.03 -14.8 1 1 1 1
v 0 -0.03 -15.44 1 1 1 1
v 0 -0.03 -15.44 1 1 1 1
v -0.64 -0.03 -14.8 1 1 1 1
v 0 -0.03 -14.8 1 1 1 1
v -0.64 -0.03 -15.44 1 1 1 1
v 0 -0.03 -5.84 1 1 1 1
v -0.64 -0.03 -5.2 1 1 1 1
v 0 -0.03 -5.2 1 1 1 1
v -0.64 -0.03 -5.84 1 1 1 1
v -0.64 -0.03 -5.84 1 1 1 1
v -1.28 -0.03 -5.2 1 1 1 1
v -0.64 -0.03 -5.2 1 1 1 1
v -1.28 -0.03 -5.84 1 1 1 1
v -1.28 -0.03 -5.84 1 1 1 1
v -1.92 -0.03 -5.2 1 1 1 1
v -1.28 -0.03 -5.2 1 1 1 1
v -1.92 -0.03 -5.84 1 1 1 1
v -1.92 -0.03 -5.84 1 1 1 1
v -2.56 -0.03 -5.2 1 1 1 1
v -1.92 -0.03 -5.2 1 1 1 1
v -2.56 -0.03 -5.84 1 1 1 1
v -2.56 -0.03 -5.84 1 1 1 1
v -3.2 -0.03 -5.2 1 1 1 1
v -2.56 -0.03 -5.2 1 1 1 1
v -3.2 -0.03 -5.84 1 1 1 1
v -3.2 -0.03 -5.84 1 1 1 1
v -3.84 -0.03 -5.2 1 1 1 1
v -3.2 -0.03 -5.2 1 1 1 1
v -3.84 -0.03 -5.84 1 1 1 1
v -3.84 -0.03 -5.84 1 1 1 1
v -4.48 -0.03 -5.2 1 1 1 1
v -3.84 -0.03 -5.2 1 1 1 1
v -4.48 -0.03 -5.84 1 1 1 1
v -4.48 -0.03 -5.84 1 1 1 1
v -5.12 -0.03 -5.2 1 1 1 1
v -4.48 -0.03 -5.2 1 1 1 1
v -5.12 -0.03 -5.84 1 1 1 1
v -5.12 -0.03 -5.84 1 1 1 1
v -5.76 -0.03 -5.2 1 1 1 1
v -5.12 -0.03 -5.2 1 1 1 1
v -5.76 -0.03 -5.84 1 1 1 1
v -5.76 -0.03 -5.84 1 1 1 1
v -6.4 -0.03 -5.2 1 1 1 1
v -5.76 -0.03 -5.2 1 1 1 1
v -6.4 -0.03 -5.84 1 1 1 1
v -6.4 -0.03 -5.84 1 1 1 1
v -7.04 -0.03 -5.2 1 1 1 1
v -6.4 -0.03 -5.2 1 1 1 1
v -7.04 -0.03 -5.84 1 1 1 1
v -7.04 -0.03 -5.84 1 1 1 1
v -7.68 -0.03 -5.2 1 1 1 1
v -7.04 -0.03 -5.2 1 1 1 1
v -7.68 -0.03 -5.84 1 1 1 1
v -7.68 -0.03 -5.84 1 1 1 1
v -8.32 -0.03 -5.2 1 1 1 1
v -7.68 -0.03 -5.2 1 1 1 1
v -8.32 -0.03 -5.84 1 1 1 1
v -8.32 -0.03 -5.84 1 1 1 1
v -8.96 -0.03 -5.2 1 1 1 1
v -8.32 -0.03 -5.2 1 1 1 1
v -8.96 -0.03 -5.84 1 1 1 1
v 10.88 -0.03 -6.48 1 1 1 1
v 10.24 -0.03 -5.84 1 1 1 1
v 10.88 -0.03 -5.84 1 1 1 1
v 10.24 -0.03 -6.48 1 1 1 1
v -0.64 -0.03 -15.44 1 1 1 1
v -1.28 -0.03 -14.8 1 1 1 1
v -0.64 -0.03 -14.8 1 1 1 1
v -1.28 -0.03 -15.44 1 1 1 1
v -1.28 -0.03 -15.44 1 1 1 1
v -1.92 -0.03 -14.8 1 1 1 1
v -1.28 -0.03 -14.8 1 1 1 1
v -1.92 -0.03 -15.44 1 1 1 1
v 0 -0.03 -12.24 1 1 1 1
v -0.64 -0.03 -11.6 1 1 1 1
v 0 -0.03 -11.6 1 1 1 1
v -0.64 -0.03 -12.24 1 1 1 1
v -0.64 -0.03 -12.24 1 1 1 1
v -1.28 -0.03 -11.6 1 1 1 1
v -0.64 -0.03 -11.6 1 1 1 1
v -1.28 -0.03 -12.24 1 1 1 1
v -1.28 -0.03 -12.24 1 1 1 1
v -1.92 -0.03 -11.6 1 1 1 1
v -1.28 -0.03 -11.6 1 1 1 1
v -1.92 -0.03 -12.24 1 1 1 1
v -1.92 -0.03 -12.24 1 1 1 1
v -2.56 -0.03 -11.6 1 1 1 1
v -1.92 -0.03 -11.6 1 1 1 1
v -2.56 -0.03 -12.24 1 1 1 1
v -2.56 -0.03 -12.24 1 1 1 1
v -3.2 -0.03 -11.6 1 1 1 1
v -2.56 -0.03 -11.6 1 1 1 1
v -3.2 -0.03 -12.24 1 1 1 1
v -3.2 -0.03 -12.24 1 1 1 1
v -3.84 -0.03 -11.6 1 1 1 1
v -3.2 -0.03 -11.6 1 1 1 1
v -3.84 -0.03 -12.24 1 1 1 1
v -3.84 -0.03 -12.24 1 1 1 1
v -4.48 -0.03 -11.6 1 1 1 1
v -3.84 -0.03 -11.6 1 1 1 1
v -4.48 -0.03 -12.24 1 1 1 1
v -4.48 -0.03 -12.24 1 1 1 1
v -5.12 -0.03 -11.6 1 1 1 1
v -4.48 -0.03 -11.6 1 1 1 1
v -5.12 -0.03 -12.24 1 1 1 1
v -5.12 -0.03 -12.24 1 1 1 1
v -5.76 -0.03 -11.6 1 1 1 1
v -5.12 -0.03 -11.6 1 1 1 1
v -5.76 -0.03 -12.24 1 1 1 1
v -5.76 -0.03 -12.24 1 1 1 1
v -6.4 -0.03 -11.6 1 1 1 1
v -5.76 -0.03 -11.6 1 1 1 1
v -6.4 -0.03 -12.24 1 1 1 1
v -6.4 -0.03 -12.24 1 1 1 1
v -7.04 -0.03 -11.6 1 1 1 1
v -6.4 -0.03 -11.6 1 1 1 1
v -7.04 -0.03 -12.24 1 1 1 1
v -7.04 -0.03 -12.24 1 1 1 1
v -7.68 -0.03 -11.6 1 1 1 1
v -7.04 -0.03 -11.6 1 1 1 1
v -7.68 -0.03 -12.24 1 1 1 1
v -7.68 -0.03 -12.24 1 1 1 1
v -8.32 -0.03 -11.6 1 1 1 1
v -7.68 -0.03 -11.6 1 1 1 1
v -8.32 -0.03 -12.24 1 1 1 1
v -8.32 -0.03 -12.24 1 1 1 1
v -8.96 -0.03 -11.6 1 1 1 1
v -8.32 -0.03 -11.6 1 1 1 1
v -8.96 -0.03 -12.24 1 1 1 1
v 0 -0.03 -6.48 1 1 1 1
v -0.64 -0.03 -5.84 1 1 1 1
v 0 -0.03 -5.84 1 1 1 1
v -0.64 -0.03 -6.48 1 1 1 1
v -0.64 -0.03 -6.48 1 1 1 1
v -1.28 -0.03 -5.84 1 1 1 1
v -0.64 -0.03 -5.84 1 1 1 1
v -1.28 -0.03 -6.48 1 1 1 1
v -1.28 -0.03 -6.48 1 1 1 1
v -1.92 -0.03 -5.84 1 1 1 1
v -1.28 -0.03 -5.84 1 1 1 1
v -1.92 -0.03 -6.48 1 1 1 1
v -1.92 -0.03 -6.48 1 1 1 1
v -2.56 -0.03 -5.84 1 1 1 1
v -1.92 -0.03 -5.84 1 1 1 1
v -2.56 -0.03 -6.48 1 1 1 1
v -2.56 -0.03 -6.48 1 1 1 1
v -3.2 -0.03 -5.84 1 1 1 1
v -2.56 -0.03 -5.84 1 1 1 1
v -3.2 -0.03 -6.48 1 1 1 1
v -3.2 -0.03 -6.48 1 1 1 1
v -3.84 -0.03 -5.84 1 1 1 1
v -3.2 -0.03 -5.84 1 1 1 1
v -3.84 -0.03 -6.48 1 1 1 1
v -3.84 -0.03 -6.48 1 1 1 1
v -4.48 -0.03 -5.84 1 1 1 1
v -3.84 -0.03 -5.84 1 1 1 1
v -4.48 -0.03 -6.48 1 1 1 1
v -4.48 -0.03 -6.48 1 1 1 1
v -5.12 -0.03 -5.84 1 1 1 1
v -4.48 -0.03 -5.84 1 1 1 1
v -5.12 -0.03 -6.48 1 1 1 1
v -5.12 -0.03 -6.48 1 1 1 1
v -5.76 -0.03 -5.84 1 1 1 1
v -5.12 -0.03 -5.84 1 1 1 1
v -5.76 -0.03 -6.48 1 1 1 1
v -5.76 -0.03 -6.48 1 1 1 1
v -6.4 -0.03 -5.84 1 1 1 1
v -5.76 -0.03 -5.84 1 1 1 1
v -6.4 -0.03 -6.48 1 1 1 1
v -6.4 -0.03 -6.48 1 1 1 1
v -7.04 -0.03 -5.84 1 1 1 1
v -6.4 -0.03 -5.84 1 1 1 1
v -7.04 -0.03 -6.48 1 1 1 1
v -7.04 -0.03 -6.48 1 1 1 1
v -7.68 -0.03 -5.84 1 1 1 1
v -7.04 -0.03 -5.84 1 1 1 1
v -7.68 -0.03 -6.48 1 1 1 1
v -7.68 -0.03 -6.48 1 1 1 1
v -8.32 -0.03 -5.84 1 1 1 1
v -7.68 -0.03 -5.84 1 1 1 1
v -8.32 -0.03 -6.48 1 1 1 1
v -8.32 -0.03 -6.48 1 1 1 1
v -8.96 -0.03 -5.84 1 1 1 1
v -8.32 -0.03 -5.84 1 1 1 1
v -8.96 -0.03 -6.48 1 1 1 1
v 10.88 -0.03 -7.12 1 1 1 1
v 10.24 -0.03 -6.48 1 1 1 1
v 10.88 -0.03 -6.48 1 1 1 1
v 10.24 -0.03 -7.12 1 1 1 1
v 10.88 -0.03 -12.88 1 1 1 1
v 10.24 -0.03 -12.24 1 1 1 1
v 10.88 -0.03 -12.24 1 1 1 1
v 10.24 -0.03 -12.88 1 1 1 1
v -1.92 -0.03 -15.44 1 1 1 1
v -2.56 -0.03 -14.8 1 1 1 1
v -1.92 -0.03 -14.8 1 1 1 1
v -2.56 -0.03 -15.44 1 1 1 1
v -2.56 -0.03 -15.44 1 1 1 1
v -3.2 -0.03 -14.8 1 1 1 1
v -2.56 -0.03 -14.8 1 1 1 1
v -3.2 -0.03 -15.44 1 1 1 1
v -3.2 -0.03 -15.44 1 1 1 1
v -3.84 -0.03 -14.8 1 1 1 1
v -3.2 -0.03 -14.8 1 1 1 1
v -3.84 -0.03 -15.44 1 1 1 1
v -3.84 -0.03 -15.44 1 1 1 1
v -4.48 -0.03 -14.8 1 1 1 1
v -3.84 -0.03 -14.8 1 1 1 1
v -4.48 -0.03 -15.44 1 1 1 1
v -4.48 -0.03 -15.44 1 1 1 1
v -5.12 -0.03 -14.8 1 1 1 1
v -4.48 -0.03 -14.8 1 1 1 1
v -5.12 -0.03 -15.44 1 1 1 1
v -5.12 -0.03 -15.44 1 1 1 1
v -5.76 -0.03 -14.8 1 1 1 1
v -5.12 -0.03 -14.8 1 1 1 1
v -5.76 -0.03 -15.44 1 1 1 1
v -5.76 -0.03 -15.44 1 1 1 1
v -6.4 -0.03 -14.8 1 1 1 1
v -5.76 -0.03 -14.8 1 1 1 1
v -6.4 -0.03 -15.44 1 1 1 1
v -6.4 -0.03 -15.44 1 1 1 1
v -7.04 -0.03 -14.8 1 1 1 1
v -6.4 -0.03 -14.8 1 1 1 1
v -7.04 -0.03 -15.44 1 1 1 1
v -7.04 -0.03 -15.44 1 1 1 1
v -7.68 -0.03 -14.8 1 1 1 1
v -7.04 -0.03 -14.8 1 1 1 1
v -7.68 -0.03 -15.44 1 1 1 1
v -7.68 -0.03 -15.44 1 1 1 1
v -8.32 -0.03 -14.8 1 1 1 1
v -7.68 -0.03 -14.8 1 1 1 1
v -8.32 -0.03 -15.44 1 1 1 1
v -8.32 -0.03 -15.44 1 1 1 1
v -8.96 -0.03 -14.8 1 1 1 1
v -8.32 -0.03 -14.8 1 1 1 1
v -8.96 -0.03 -15.44 1 1 1 1
v 10.88 -0.03 -16.080000000000002 1 1 1 1
v 10.24 -0.03 -15.44 1 1 1 1
v 10.88 -0.03 -15.44 1 1 1 1
v 10.24 -0.03 -16.080000000000002 1 1 1 1
v 10.24 -0.03 -16.080000000000002 1 1 1 1
v 9.6 -0.03 -15.44 1 1 1 1
v 10.24 -0.03 -15.44 1 1 1 1
v 9.6 -0.03 -16.080000000000002 1 1 1 1
v 9.6 -0.03 -16.080000000000002 1 1 1 1
v 8.96 -0.03 -15.44 1 1 1 1
v 9.6 -0.03 -15.44 1 1 1 1
v 8.96 -0.03 -16.080000000000002 1 1 1 1
v 8.96 -0.03 -16.080000000000002 1 1 1 1
v 8.32 -0.03 -15.44 1 1 1 1
v 8.96 -0.03 -15.44 1 1 1 1
v 8.32 -0.03 -16.080000000000002 1 1 1 1
v 0 -0.03 -7.12 1 1 1 1
v -0.64 -0.03 -6.48 1 1 1 1
v 0 -0.03 -6.48 1 1 1 1
v -0.64 -0.03 -7.12 1 1 1 1
v -0.64 -0.03 -7.12 1 1 1 1
v -1.28 -0.03 -6.48 1 1 1 1
v -0.64 -0.03 -6.48 1 1 1 1
v -1.28 -0.03 -7.12 1 1 1 1
v -1.28 -0.03 -7.12 1 1 1 1
v -1.92 -0.03 -6.48 1 1 1 1
v -1.28 -0.03 -6.48 1 1 1 1
v -1.92 -0.03 -7.12 1 1 1 1
v -1.92 -0.03 -7.12 1 1 1 1
v -2.56 -0.03 -6.48 1 1 1 1
v -1.92 -0.03 -6.48 1 1 1 1
v -2.56 -0.03 -7.12 1 1 1 1
v -2.56 -0.03 -7.12 1 1 1 1
v -3.2 -0.03 -6.48 1 1 1 1
v -2.56 -0.03 -6.48 1 1 1 1
v -3.2 -0.03 -7.12 1 1 1 1
v -3.2 -0.03 -7.12 1 1 1 1
v -3.84 -0.03 -6.48 1 1 1 1
v -3.2 -0.03 -6.48 1 1 1 1
v -3.84 -0.03 -7.12 1 1 1 1
v -3.84 -0.03 -7.12 1 1 1 1
v -4.48 -0.03 -6.48 1 1 1 1
v -3.84 -0.03 -6.48 1 1 1 1
v -4.48 -0.03 -7.12 1 1 1 1
v -4.48 -0.03 -7.12 1 1 1 1
v -5.12 -0.03 -6.48 1 1 1 1
v -4.48 -0.03 -6.48 1 1 1 1
v -5.12 -0.03 -7.12 1 1 1 1
v -5.12 -0.03 -7.12 1 1 1 1
v -5.76 -0.03 -6.48 1 1 1 1
v -5.12 -0.03 -6.48 1 1 1 1
v -5.76 -0.03 -7.12 1 1 1 1
v -5.76 -0.03 -7.12 1 1 1 1
v -6.4 -0.03 -6.48 1 1 1 1
v -5.76 -0.03 -6.48 1 1 1 1
v -6.4 -0.03 -7.12 1 1 1 1
v -6.4 -0.03 -7.12 1 1 1 1
v -7.04 -0.03 -6.48 1 1 1 1
v -6.4 -0.03 -6.48 1 1 1 1
v -7.04 -0.03 -7.12 1 1 1 1
v -7.04 -0.03 -7.12 1 1 1 1
v -7.68 -0.03 -6.48 1 1 1 1
v -7.04 -0.03 -6.48 1 1 1 1
v -7.68 -0.03 -7.12 1 1 1 1
v -7.68 -0.03 -7.12 1 1 1 1
v -8.32 -0.03 -6.48 1 1 1 1
v -7.68 -0.03 -6.48 1 1 1 1
v -8.32 -0.03 -7.12 1 1 1 1
v -8.32 -0.03 -7.12 1 1 1 1
v -8.96 -0.03 -6.48 1 1 1 1
v -8.32 -0.03 -6.48 1 1 1 1
v -8.96 -0.03 -7.12 1 1 1 1
v 10.88 -0.03 -7.76 1 1 1 1
v 10.24 -0.03 -7.12 1 1 1 1
v 10.88 -0.03 -7.12 1 1 1 1
v 10.24 -0.03 -7.76 1 1 1 1
v 8.32 -0.03 -16.080000000000002 1 1 1 1
v 7.68 -0.03 -15.44 1 1 1 1
v 8.32 -0.03 -15.44 1 1 1 1
v 7.68 -0.03 -16.080000000000002 1 1 1 1
v 0 -0.03 -12.88 1 1 1 1
v -0.64 -0.03 -12.24 1 1 1 1
v 0 -0.03 -12.24 1 1 1 1
v -0.64 -0.03 -12.88 1 1 1 1
v -0.64 -0.03 -12.88 1 1 1 1
v -1.28 -0.03 -12.24 1 1 1 1
v -0.64 -0.03 -12.24 1 1 1 1
v -1.28 -0.03 -12.88 1 1 1 1
v -1.28 -0.03 -12.88 1 1 1 1
v -1.92 -0.03 -12.24 1 1 1 1
v -1.28 -0.03 -12.24 1 1 1 1
v -1.92 -0.03 -12.88 1 1 1 1
v -1.92 -0.03 -12.88 1 1 1 1
v -2.56 -0.03 -12.24 1 1 1 1
v -1.92 -0.03 -12.24 1 1 1 1
v -2.56 -0.03 -12.88 1 1 1 1
v -2.56 -0.03 -12.88 1 1 1 1
v -3.2 -0.03 -12.24 1 1 1 1
v -2.56 -0.03 -12.24 1 1 1 1
v -3.2 -0.03 -12.88 1 1 1 1
v -3.2 -0.03 -12.88 1 1 1 1
v -3.84 -0.03 -12.24 1 1 1 1
v -3.2 -0.03 -12.24 1 1 1 1
v -3.84 -0.03 -12.88 1 1 1 1
v -3.84 -0.03 -12.88 1 1 1 1
v -4.48 -0.03 -12.24 1 1 1 1
v -3.84 -0.03 -12.24 1 1 1 1
v -4.48 -0.03 -12.88 1 1 1 1
v -4.48 -0.03 -12.88 1 1 1 1
v -5.12 -0.03 -12.24 1 1 1 1
v -4.48 -0.03 -12.24 1 1 1 1
v -5.12 -0.03 -12.88 1 1 1 1
v -5.12 -0.03 -12.88 1 1 1 1
v -5.76 -0.03 -12.24 1 1 1 1
v -5.12 -0.03 -12.24 1 1 1 1
v -5.76 -0.03 -12.88 1 1 1 1
v -5.76 -0.03 -12.88 1 1 1 1
v -6.4 -0.03 -12.24 1 1 1 1
v -5.76 -0.03 -12.24 1 1 1 1
v -6.4 -0.03 -12.88 1 1 1 1
v -6.4 -0.03 -12.88 1 1 1 1
v -7.04 -0.03 -12.24 1 1 1 1
v -6.4 -0.03 -12.24 1 1 1 1
v -7.04 -0.03 -12.88 1 1 1 1
v -7.04 -0.03 -12.88 1 1 1 1
v -7.68 -0.03 -12.24 1 1 1 1
v -7.04 -0.03 -12.24 1 1 1 1
v -7.68 -0.03 -12.88 1 1 1 1
v -7.68 -0.03 -12.88 1 1 1 1
v -8.32 -0.03 -12.24 1 1 1 1
v -7.68 -0.03 -12.24 1 1 1 1
v -8.32 -0.03 -12.88 1 1 1 1
v -8.32 -0.03 -12.88 1 1 1 1
v -8.96 -0.03 -12.24 1 1 1 1
v -8.32 -0.03 -12.24 1 1 1 1
v -8.96 -0.03 -12.88 1 1 1 1
v 10.88 -0.03 -13.52 1 1 1 1
v 10.24 -0.03 -12.88 1 1 1 1
v 10.88 -0.03 -12.88 1 1 1 1
v 10.24 -0.03 -13.52 1 1 1 1
v 0 -0.03 -7.76 1 1 1 1
v -0.64 -0.03 -7.12 1 1 1 1
v 0 -0.03 -7.12 1 1 1 1
v -0.64 -0.03 -7.76 1 1 1 1
v -0.64 -0.03 -7.76 1 1 1 1
v -1.28 -0.03 -7.12 1 1 1 1
v -0.64 -0.03 -7.12 1 1 1 1
v -1.28 -0.03 -7.76 1 1 1 1
v -1.28 -0.03 -7.76 1 1 1 1
v -1.92 -0.03 -7.12 1 1 1 1
v -1.28 -0.03 -7.12 1 1 1 1
v -1.92 -0.03 -7.76 1 1 1 1
v -1.92 -0.03 -7.76 1 1 1 1
v -2.56 -0.03 -7.12 1 1 1 1
v -1.92 -0.03 -7.12 1 1 1 1
v -2.56 -0.03 -7.76 1 1 1 1
v -2.56 -0.03 -7.76 1 1 1 1
v -3.2 -0.03 -7.12 1 1 1 1
v -2.56 -0.03 -7.12 1 1 1 1
v -3.2 -0.03 -7.76 1 1 1 1
v -3.2 -0.03 -7.76 1 1 1 1
v -3.84 -0.03 -7.12 1 1 1 1
v -3.2 -0.03 -7.12 1 1 1 1
v -3.84 -0.03 -7.76 1 1 1 1
v -3.84 -0.03 -7.76 1 1 1 1
v -4.48 -0.03 -7.12 1 1 1 1
v -3.84 -0.03 -7.12 1 1 1 1
v -4.48 -0.03 -7.76 1 1 1 1
v -4.48 -0.03 -7.76 1 1 1 1
v -5.12 -0.03 -7.12 1 1 1 1
v -4.48 -0.03 -7.12 1 1 1 1
v -5.12 -0.03 -7.76 1 1 1 1
v -5.12 -0.03 -7.76 1 1 1 1
v -5.76 -0.03 -7.12 1 1 1 1
v -5.12 -0.03 -7.12 1 1 1 1
v -5.76 -0.03 -7.76 1 1 1 1
v -5.76 -0.03 -7.76 1 1 1 1
v -6.4 -0.03 -7.12 1 1 1 1
v -5.76 -0.03 -7.12 1 1 1 1
v -6.4 -0.03 -7.76 1 1 1 1
v -6.4 -0.03 -7.76 1 1 1 1
v -7.04 -0.03 -7.12 1 1 1 1
v -6.4 -0.03 -7.12 1 1 1 1
v -7.04 -0.03 -7.76 1 1 1 1
v -7.04 -0.03 -7.76 1 1 1 1
v -7.68 -0.03 -7.12 1 1 1 1
v -7.04 -0.03 -7.12 1 1 1 1
v -7.68 -0.03 -7.76 1 1 1 1
v -7.68 -0.03 -7.76 1 1 1 1
v -8.32 -0.03 -7.12 1 1 1 1
v -7.68 -0.03 -7.12 1 1 1 1
v -8.32 -0.03 -7.76 1 1 1 1
v -8.32 -0.03 -7.76 1 1 1 1
v -8.96 -0.03 -7.12 1 1 1 1
v -8.32 -0.03 -7.12 1 1 1 1
v -8.96 -0.03 -7.76 1 1 1 1
v 0 -0.03 -9.040000000000001 1 1 1 1
v 0.64 -0.03 -9.68 1 1 1 1
v 0 -0.03 -9.68 1 1 1 1
v 0.64 -0.03 -9.040000000000001 1 1 1 1
v 0.64 -0.03 -9.040000000000001 1 1 1 1
v 1.28 -0.03 -9.68 1 1 1 1
v 0.64 -0.03 -9.68 1 1 1 1
v 1.28 -0.03 -9.040000000000001 1 1 1 1
v 1.28 -0.03 -9.040000000000001 1 1 1 1
v 1.92 -0.03 -9.68 1 1 1 1
v 1.28 -0.03 -9.68 1 1 1 1
v 1.92 -0.03 -9.040000000000001 1 1 1 1
v 1.92 -0.03 -9.040000000000001 1 1 1 1
v 2.56 -0.03 -9.68 1 1 1 1
v 1.92 -0.03 -9.68 1 1 1 1
v 2.56 -0.03 -9.040000000000001 1 1 1 1
v 2.56 -0.03 -9.040000000000001 1 1 1 1
v 3.2 -0.03 -9.68 1 1 1 1
v 2.56 -0.03 -9.68 1 1 1 1
v 3.2 -0.03 -9.040000000000001 1 1 1 1
v 3.2 -0.03 -9.040000000000001 1 1 1 1
v 3.84 -0.03 -9.68 1 1 1 1
v 3.2 -0.03 -9.68 1 1 1 1
v 3.84 -0.03 -9.040000000000001 1 1 1 1
v 3.84 -0.03 -9.040000000000001 1 1 1 1
v 4.48 -0.03 -9.68 1 1 1 1
v 3.84 -0.03 -9.68 1 1 1 1
v 4.48 -0.03 -9.040000000000001 1 1 1 1
v 4.48 -0.03 -9.040000000000001 1 1 1 1
v 5.12 -0.03 -9.68 1 1 1 1
v 4.48 -0.03 -9.68 1 1 1 1
v 5.12 -0.03 -9.040000000000001 1 1 1 1
v 5.12 -0.03 -9.040000000000001 1 1 1 1
v 5.76 -0.03 -9.68 1 1 1 1
v 5.12 -0.03 -9.68 1 1 1 1
v 5.76 -0.03 -9.040000000000001 1 1 1 1
v 5.76 -0.03 -9.040000000000001 1 1 1 1
v 6.4 -0.03 -9.68 1 1 1 1
v 5.76 -0.03 -9.68 1 1 1 1
v 6.4 -0.03 -9.040000000000001 1 1 1 1
v 6.4 -0.03 -9.040000000000001 1 1 1 1
v 7.04 -0.03 -9.68 1 1 1 1
v 6.4 -0.03 -9.68 1 1 1 1
v 7.04 -0.03 -9.040000000000001 1 1 1 1
v 7.04 -0.03 -9.040000000000001 1 1 1 1
v 7.68 -0.03 -9.68 1 1 1 1
v 7.04 -0.03 -9.68 1 1 1 1
v 7.68 -0.03 -9.040000000000001 1 1 1 1
v 7.68 -0.03 -9.040000000000001 1 1 1 1
v 8.32 -0.03 -9.68 1 1 1 1
v 7.68 -0.03 -9.68 1 1 1 1
v 8.32 -0.03 -9.040000000000001 1 1 1 1
v 8.32 -0.03 -9.040000000000001 1 1 1 1
v 8.96 -0.03 -9.68 1 1 1 1
v 8.32 -0.03 -9.68 1 1 1 1
v 8.96 -0.03 -9.040000000000001 1 1 1 1
v 8.96 -0.03 -9.040000000000001 1 1 1 1
v 9.6 -0.03 -9.68 1 1 1 1
v 8.96 -0.03 -9.68 1 1 1 1
v 9.6 -0.03 -9.040000000000001 1 1 1 1
v 9.6 -0.03 -9.040000000000001 1 1 1 1
v 10.24 -0.03 -9.68 1 1 1 1
v 9.6 -0.03 -9.68 1 1 1 1
v 10.24 -0.03 -9.040000000000001 1 1 1 1
v 0 -0.03 -8.4 1 1 1 1
v 0.64 -0.03 -9.040000000000001 1 1 1 1
v 0 -0.03 -9.040000000000001 1 1 1 1
v 0.64 -0.03 -8.4 1 1 1 1
v 0.64 -0.03 -8.4 1 1 1 1
v 1.28 -0.03 -9.040000000000001 1 1 1 1
v 0.64 -0.03 -9.040000000000001 1 1 1 1
v 1.28 -0.03 -8.4 1 1 1 1
v 1.28 -0.03 -8.4 1 1 1 1
v 1.92 -0.03 -9.040000000000001 1 1 1 1
v 1.28 -0.03 -9.040000000000001 1 1 1 1
v 1.92 -0.03 -8.4 1 1 1 1
v 1.92 -0.03 -8.4 1 1 1 1
v 2.56 -0.03 -9.040000000000001 1 1 1 1
v 1.92 -0.03 -9.040000000000001 1 1 1 1
v 2.56 -0.03 -8.4 1 1 1 1
v 2.56 -0.03 -8.4 1 1 1 1
v 3.2 -0.03 -9.040000000000001 1 1 1 1
v 2.56 -0.03 -9.040000000000001 1 1 1 1
v 3.2 -0.03 -8.4 1 1 1 1
v 3.2 -0.03 -8.4 1 1 1 1
v 3.84 -0.03 -9.040000000000001 1 1 1 1
v 3.2 -0.03 -9.040000000000001 1 1 1 1
v 3.84 -0.03 -8.4 1 1 1 1
v 3.84 -0.03 -8.4 1 1 1 1
v 4.48 -0.03 -9.040000000000001 1 1 1 1
v 3.84 -0.03 -9.040000000000001 1 1 1 1
v 4.48 -0.03 -8.4 1 1 1 1
v 4.48 -0.03 -8.4 1 1 1 1
v 5.12 -0.03 -9.040000000000001 1 1 1 1
v 4.48 -0.03 -9.040000000000001 1 1 1 1
v 5.12 -0.03 -8.4 1 1 1 1
v 5.12 -0.03 -8.4 1 1 1 1
v 5.76 -0.03 -9.040000000000001 1 1 1 1
v 5.12 -0.03 -9.040000000000001 1 1 1 1
v 5.76 -0.03 -8.4 1 1 1 1
v 5.76 -0.03 -8.4 1 1 1 1
v 6.4 -0.03 -9.040000000000001 1 1 1 1
v 5.76 -0.03 -9.040000000000001 1 1 1 1
v 6.4 -0.03 -8.4 1 1 1 1
v 6.4 -0.03 -8.4 1 1 1 1
v 7.04 -0.03 -9.040000000000001 1 1 1 1
v 6.4 -0.03 -9.040000000000001 1 1 1 1
v 7.04 -0.03 -8.4 1 1 1 1
v 7.04 -0.03 -8.4 1 1 1 1
v 7.68 -0.03 -9.040000000000001 1 1 1 1
v 7.04 -0.03 -9.040000000000001 1 1 1 1
v 7.68 -0.03 -8.4 1 1 1 1
v 7.68 -0.03 -8.4 1 1 1 1
v 8.32 -0.03 -9.040000000000001 1 1 1 1
v 7.68 -0.03 -9.040000000000001 1 1 1 1
v 8.32 -0.03 -8.4 1 1 1 1
v 8.32 -0.03 -8.4 1 1 1 1
v 8.96 -0.03 -9.040000000000001 1 1 1 1
v 8.32 -0.03 -9.040000000000001 1 1 1 1
v 8.96 -0.03 -8.4 1 1 1 1
v 8.96 -0.03 -8.4 1 1 1 1
v 9.6 -0.03 -9.040000000000001 1 1 1 1
v 8.96 -0.03 -9.040000000000001 1 1 1 1
v 9.6 -0.03 -8.4 1 1 1 1
v 9.6 -0.03 -8.4 1 1 1 1
v 10.24 -0.03 -9.040000000000001 1 1 1 1
v 9.6 -0.03 -9.040000000000001 1 1 1 1
v 10.24 -0.03 -8.4 1 1 1 1
v 0 -0.03 -7.76 1 1 1 1
v 0.64 -0.03 -8.4 1 1 1 1
v 0 -0.03 -8.4 1 1 1 1
v 0.64 -0.03 -7.76 1 1 1 1
v 0.64 -0.03 -7.76 1 1 1 1
v 1.28 -0.03 -8.4 1 1 1 1
v 0.64 -0.03 -8.4 1 1 1 1
v 1.28 -0.03 -7.76 1 1 1 1
v 1.28 -0.03 -7.76 1 1 1 1
v 1.92 -0.03 -8.4 1 1 1 1
v 1.28 -0.03 -8.4 1 1 1 1
v 1.92 -0.03 -7.76 1 1 1 1
v 1.92 -0.03 -7.76 1 1 1 1
v 2.56 -0.03 -8.4 1 1 1 1
v 1.92 -0.03 -8.4 1 1 1 1
v 2.56 -0.03 -7.76 1 1 1 1
v 2.56 -0.03 -7.76 1 1 1 1
v 3.2 -0.03 -8.4 1 1 1 1
v 2.56 -0.03 -8.4 1 1 1 1
v 3.2 -0.03 -7.76 1 1 1 1
v 3.2 -0.03 -7.76 1 1 1 1
v 3.84 -0.03 -8.4 1 1 1 1
v 3.2 -0.03 -8.4 1 1 1 1
v 3.84 -0.03 -7.76 1 1 1 1
v 3.84 -0.03 -7.76 1 1 1 1
v 4.48 -0.03 -8.4 1 1 1 1
v 3.84 -0.03 -8.4 1 1 1 1
v 4.48 -0.03 -7.76 1 1 1 1
v 4.48 -0.03 -7.76 1 1 1 1
v 5.12 -0.03 -8.4 1 1 1 1
v 4.48 -0.03 -8.4 1 1 1 1
v 5.12 -0.03 -7.76 1 1 1 1
v 5.12 -0.03 -7.76 1 1 1 1
v 5.76 -0.03 -8.4 1 1 1 1
v 5.12 -0.03 -8.4 1 1 1 1
v 5.76 -0.03 -7.76 1 1 1 1
v 5.76 -0.03 -7.76 1 1 1 1
v 6.4 -0.03 -8.4 1 1 1 1
v 5.76 -0.03 -8.4 1 1 1 1
v 6.4 -0.03 -7.76 1 1 1 1
v 6.4 -0.03 -7.76 1 1 1 1
v 7.04 -0.03 -8.4 1 1 1 1
v 6.4 -0.03 -8.4 1 1 1 1
v 7.04 -0.03 -7.76 1 1 1 1
v 7.04 -0.03 -7.76 1 1 1 1
v 7.68 -0.03 -8.4 1 1 1 1
v 7.04 -0.03 -8.4 1 1 1 1
v 7.68 -0.03 -7.76 1 1 1 1
v 7.68 -0.03 -7.76 1 1 1 1
v 8.32 -0.03 -8.4 1 1 1 1
v 7.68 -0.03 -8.4 1 1 1 1
v 8.32 -0.03 -7.76 1 1 1 1
v 8.32 -0.03 -7.76 1 1 1 1
v 8.96 -0.03 -8.4 1 1 1 1
v 8.32 -0.03 -8.4 1 1 1 1
v 8.96 -0.03 -7.76 1 1 1 1
v 8.96 -0.03 -7.76 1 1 1 1
v 9.6 -0.03 -8.4 1 1 1 1
v 8.96 -0.03 -8.4 1 1 1 1
v 9.6 -0.03 -7.76 1 1 1 1
v 9.6 -0.03 -7.76 1 1 1 1
v 10.24 -0.03 -8.4 1 1 1 1
v 9.6 -0.03 -8.4 1 1 1 1
v 10.24 -0.03 -7.76 1 1 1 1
v 0 -0.03 -7.12 1 1 1 1
v 0.64 -0.03 -7.76 1 1 1 1
v 0 -0.03 -7.76 1 1 1 1
v 0.64 -0.03 -7.12 1 1 1 1
v 0.64 -0.03 -7.12 1 1 1 1
v 1.28 -0.03 -7.76 1 1 1 1
v 0.64 -0.03 -7.76 1 1 1 1
v 1.28 -0.03 -7.12 1 1 1 1
v 1.28 -0.03 -7.12 1 1 1 1
v 1.92 -0.03 -7.76 1 1 1 1
v 1.28 -0.03 -7.76 1 1 1 1
v 1.92 -0.03 -7.12 1 1 1 1
v 1.92 -0.03 -7.12 1 1 1 1
v 2.56 -0.03 -7.76 1 1 1 1
v 1.92 -0.03 -7.76 1 1 1 1
v 2.56 -0.03 -7.12 1 1 1 1
v 2.56 -0.03 -7.12 1 1 1 1
v 3.2 -0.03 -7.76 1 1 1 1
v 2.56 -0.03 -7.76 1 1 1 1
v 3.2 -0.03 -7.12 1 1 1 1
v 3.2 -0.03 -7.12 1 1 1 1
v 3.84 -0.03 -7.76 1 1 1 1
v 3.2 -0.03 -7.76 1 1 1 1
v 3.84 -0.03 -7.12 1 1 1 1
v 3.84 -0.03 -7.12 1 1 1 1
v 4.48 -0.03 -7.76 1 1 1 1
v 3.84 -0.03 -7.76 1 1 1 1
v 4.48 -0.03 -7.12 1 1 1 1
v 4.48 -0.03 -7.12 1 1 1 1
v 5.12 -0.03 -7.76 1 1 1 1
v 4.48 -0.03 -7.76 1 1 1 1
v 5.12 -0.03 -7.12 1 1 1 1
v 5.12 -0.03 -7.12 1 1 1 1
v 5.76 -0.03 -7.76 1 1 1 1
v 5.12 -0.03 -7.76 1 1 1 1
v 5.76 -0.03 -7.12 1 1 1 1
v 5.76 -0.03 -7.12 1 1 1 1
v 6.4 -0.03 -7.76 1 1 1 1
v 5.76 -0.03 -7.76 1 1 1 1
v 6.4 -0.03 -7.12 1 1 1 1
v 6.4 -0.03 -7.12 1 1 1 1
v 7.04 -0.03 -7.76 1 1 1 1
v 6.4 -0.03 -7.76 1 1 1 1
v 7.04 -0.03 -7.12 1 1 1 1
v 7.04 -0.03 -7.12 1 1 1 1
v 7.68 -0.03 -7.76 1 1 1 1
v 7.04 -0.03 -7.76 1 1 1 1
v 7.68 -0.03 -7.12 1 1 1 1
v 7.68 -0.03 -7.12 1 1 1 1
v 8.32 -0.03 -7.76 1 1 1 1
v 7.68 -0.03 -7.76 1 1 1 1
v 8.32 -0.03 -7.12 1 1 1 1
v 8.32 -0.03 -7.12 1 1 1 1
v 8.96 -0.03 -7.76 1 1 1 1
v 8.32 -0.03 -7.76 1 1 1 1
v 8.96 -0.03 -7.12 1 1 1 1
v 8.96 -0.03 -7.12 1 1 1 1
v 9.6 -0.03 -7.76 1 1 1 1
v 8.96 -0.03 -7.76 1 1 1 1
v 9.6 -0.03 -7.12 1 1 1 1
v 9.6 -0.03 -7.12 1 1 1 1
v 10.24 -0.03 -7.76 1 1 1 1
v 9.6 -0.03 -7.76 1 1 1 1
v 10.24 -0.03 -7.12 1 1 1 1
v 0 -0.03 -6.48 1 1 1 1
v 0.64 -0.03 -7.12 1 1 1 1
v 0 -0.03 -7.12 1 1 1 1
v 0.64 -0.03 -6.48 1 1 1 1
v 0.64 -0.03 -6.48 1 1 1 1
v 1.28 -0.03 -7.12 1 1 1 1
v 0.64 -0.03 -7.12 1 1 1 1
v 1.28 -0.03 -6.48 1 1 1 1
v 1.28 -0.03 -6.48 1 1 1 1
v 1.92 -0.03 -7.12 1 1 1 1
v 1.28 -0.03 -7.12 1 1 1 1
v 1.92 -0.03 -6.48 1 1 1 1
v 1.92 -0.03 -6.48 1 1 1 1
v 2.56 -0.03 -7.12 1 1 1 1
v 1.92 -0.03 -7.12 1 1 1 1
v 2.56 -0.03 -6.48 1 1 1 1
v 2.56 -0.03 -6.48 1 1 1 1
v 3.2 -0.03 -7.12 1 1 1 1
v 2.56 -0.03 -7.12 1 1 1 1
v 3.2 -0.03 -6.48 1 1 1 1
v 3.2 -0.03 -6.48 1 1 1 1
v 3.84 -0.03 -7.12 1 1 1 1
v 3.2 -0.03 -7.12 1 1 1 1
v 3.84 -0.03 -6.48 1 1 1 1
v 3.84 -0.03 -6.48 1 1 1 1
v 4.48 -0.03 -7.12 1 1 1 1
v 3.84 -0.03 -7.12 1 1 1 1
v 4.48 -0.03 -6.48 1 1 1 1
v 4.48 -0.03 -6.48 1 1 1 1
v 5.12 -0.03 -7.12 1 1 1 1
v 4.48 -0.03 -7.12 1 1 1 1
v 5.12 -0.03 -6.48 1 1 1 1
v 5.12 -0.03 -6.48 1 1 1 1
v 5.76 -0.03 -7.12 1 1 1 1
v 5.12 -0.03 -7.12 1 1 1 1
v 5.76 -0.03 -6.48 1 1 1 1
v 5.76 -0.03 -6.48 1 1 1 1
v 6.4 -0.03 -7.12 1 1 1 1
v 5.76 -0.03 -7.12 1 1 1 1
v 6.4 -0.03 -6.48 1 1 1 1
v 6.4 -0.03 -6.48 1 1 1 1
v 7.04 -0.03 -7.12 1 1 1 1
v 6.4 -0.03 -7.12 1 1 1 1
v 7.04 -0.03 -6.48 1 1 1 1
v 7.04 -0.03 -6.48 1 1 1 1
v 7.68 -0.03 -7.12 1 1 1 1
v 7.04 -0.03 -7.12 1 1 1 1
v 7.68 -0.03 -6.48 1 1 1 1
v 7.68 -0.03 -6.48 1 1 1 1
v 8.32 -0.03 -7.12 1 1 1 1
v 7.68 -0.03 -7.12 1 1 1 1
v 8.32 -0.03 -6.48 1 1 1 1
v 8.32 -0.03 -6.48 1 1 1 1
v 8.96 -0.03 -7.12 1 1 1 1
v 8.32 -0.03 -7.12 1 1 1 1
v 8.96 -0.03 -6.48 1 1 1 1
v 8.96 -0.03 -6.48 1 1 1 1
v 9.6 -0.03 -7.12 1 1 1 1
v 8.96 -0.03 -7.12 1 1 1 1
v 9.6 -0.03 -6.48 1 1 1 1
v 9.6 -0.03 -6.48 1 1 1 1
v 10.24 -0.03 -7.12 1 1 1 1
v 9.6 -0.03 -7.12 1 1 1 1
v 10.24 -0.03 -6.48 1 1 1 1
v 0 -0.03 -5.84 1 1 1 1
v 0.64 -0.03 -6.48 1 1 1 1
v 0 -0.03 -6.48 1 1 1 1
v 0.64 -0.03 -5.84 1 1 1 1
v 0.64 -0.03 -5.84 1 1 1 1
v 1.28 -0.03 -6.48 1 1 1 1
v 0.64 -0.03 -6.48 1 1 1 1
v 1.28 -0.03 -5.84 1 1 1 1
v 1.28 -0.03 -5.84 1 1 1 1
v 1.92 -0.03 -6.48 1 1 1 1
v 1.28 -0.03 -6.48 1 1 1 1
v 1.92 -0.03 -5.84 1 1 1 1
v 1.92 -0.03 -5.84 1 1 1 1
v 2.56 -0.03 -6.48 1 1 1 1
v 1.92 -0.03 -6.48 1 1 1 1
v 2.56 -0.03 -5.84 1 1 1 1
v 2.56 -0.03 -5.84 1 1 1 1
v 3.2 -0.03 -6.48 1 1 1 1
v 2.56 -0.03 -6.48 1 1 1 1
v 3.2 -0.03 -5.84 1 1 1 1
v 3.2 -0.03 -5.84 1 1 1 1
v 3.84 -0.03 -6.48 1 1 1 1
v 3.2 -0.03 -6.48 1 1 1 1
v 3.84 -0.03 -5.84 1 1 1 1
v 3.84 -0.03 -5.84 1 1 1 1
v 4.48 -0.03 -6.48 1 1 1 1
v 3.84 -0.03 -6.48 1 1 1 1
v 4.48 -0.03 -5.84 1 1 1 1
v 4.48 -0.03 -5.84 1 1 1 1
v 5.12 -0.03 -6.48 1 1 1 1
v 4.48 -0.03 -6.48 1 1 1 1
v 5.12 -0.03 -5.84 1 1 1 1
v 5.12 -0.03 -5.84 1 1 1 1
v 5.76 -0.03 -6.48 1 1 1 1
v 5.12 -0.03 -6.48 1 1 1 1
v 5.76 -0.03 -5.84 1 1 1 1
v 5.76 -0.03 -5.84 1 1 1 1
v 6.4 -0.03 -6.48 1 1 1 1
v 5.76 -0.03 -6.48 1 1 1 1
v 6.4 -0.03 -5.84 1 1 1 1
v 6.4 -0.03 -5.84 1 1 1 1
v 7.04 -0.03 -6.48 1 1 1 1
v 6.4 -0.03 -6.48 1 1 1 1
v 7.04 -0.03 -5.84 1 1 1 1
v 7.04 -0.03 -5.84 1 1 1 1
v 7.68 -0.03 -6.48 1 1 1 1
v 7.04 -0.03 -6.48 1 1 1 1
v 7.68 -0.03 -5.84 1 1 1 1
v 7.68 -0.03 -5.84 1 1 1 1
v 8.32 -0.03 -6.48 1 1 1 1
v 7.68 -0.03 -6.48 1 1 1 1
v 8.32 -0.03 -5.84 1 1 1 1
v 8.32 -0.03 -5.84 1 1 1 1
v 8.96 -0.03 -6.48 1 1 1 1
v 8.32 -0.03 -6.48 1 1 1 1
v 8.96 -0.03 -5.84 1 1 1 1
v 8.96 -0.03 -5.84 1 1 1 1
v 9.6 -0.03 -6.48 1 1 1 1
v 8.96 -0.03 -6.48 1 1 1 1
v 9.6 -0.03 -5.84 1 1 1 1
v 9.6 -0.03 -5.84 1 1 1 1
v 10.24 -0.03 -6.48 1 1 1 1
v 9.6 -0.03 -6.48 1 1 1 1
v 10.24 -0.03 -5.84 1 1 1 1
v 0 -0.03 -5.2 1 1 1 1
v 0.64 -0.03 -5.84 1 1 1 1
v 0 -0.03 -5.84 1 1 1 1
v 0.64 -0.03 -5.2 1 1 1 1
v 0.64 -0.03 -5.2 1 1 1 1
v 1.28 -0.03 -5.84 1 1 1 1
v 0.64 -0.03 -5.84 1 1 1 1
v 1.28 -0.03 -5.2 1 1 1 1
v 1.28 -0.03 -5.2 1 1 1 1
v 1.92 -0.03 -5.84 1 1 1 1
v 1.28 -0.03 -5.84 1 1 1 1
v 1.92 -0.03 -5.2 1 1 1 1
v 1.92 -0.03 -5.2 1 1 1 1
v 2.56 -0.03 -5.84 1 1 1 1
v 1.92 -0.03 -5.84 1 1 1 1
v 2.56 -0.03 -5.2 1 1 1 1
v 2.56 -0.03 -5.2 1 1 1 1
v 3.2 -0.03 -5.84 1 1 1 1
v 2.56 -0.03 -5.84 1 1 1 1
v 3.2 -0.03 -5.2 1 1 1 1
v 3.2 -0.03 -5.2 1 1 1 1
v 3.84 -0.03 -5.84 1 1 1 1
v 3.2 -0.03 -5.84 1 1 1 1
v 3.84 -0.03 -5.2 1 1 1 1
v 3.84 -0.03 -5.2 1 1 1 1
v 4.48 -0.03 -5.84 1 1 1 1
v 3.84 -0.03 -5.84 1 1 1 1
v 4.48 -0.03 -5.2 1 1 1 1
v 4.48 -0.03 -5.2 1 1 1 1
v 5.12 -0.03 -5.84 1 1 1 1
v 4.48 -0.03 -5.84 1 1 1 1
v 5.12 -0.03 -5.2 1 1 1 1
v 5.12 -0.03 -5.2 1 1 1 1
v 5.76 -0.03 -5.84 1 1 1 1
v 5.12 -0.03 -5.84 1 1 1 1
v 5.76 -0.03 -5.2 1 1 1 1
v 5.76 -0.03 -5.2 1 1 1 1
v 6.4 -0.03 -5.84 1 1 1 1
v 5.76 -0.03 -5.84 1 1 1 1
v 6.4 -0.03 -5.2 1 1 1 1
v 6.4 -0.03 -5.2 1 1 1 1
v 7.04 -0.03 -5.84 1 1 1 1
v 6.4 -0.03 -5.84 1 1 1 1
v 7.04 -0.03 -5.2 1 1 1 1
v 7.04 -0.03 -5.2 1 1 1 1
v 7.68 -0.03 -5.84 1 1 1 1
v 7.04 -0.03 -5.84 1 1 1 1
v 7.68 -0.03 -5.2 1 1 1 1
v 7.68 -0.03 -5.2 1 1 1 1
v 8.32 -0.03 -5.84 1 1 1 1
v 7.68 -0.03 -5.84 1 1 1 1
v 8.32 -0.03 -5.2 1 1 1 1
v 8.32 -0.03 -5.2 1 1 1 1
v 8.96 -0.03 -5.84 1 1 1 1
v 8.32 -0.03 -5.84 1 1 1 1
v 8.96 -0.03 -5.2 1 1 1 1
v 8.96 -0.03 -5.2 1 1 1 1
v 9.6 -0.03 -5.84 1 1 1 1
v 8.96 -0.03 -5.84 1 1 1 1
v 9.6 -0.03 -5.2 1 1 1 1
v 9.6 -0.03 -5.2 1 1 1 1
v 10.24 -0.03 -5.84 1 1 1 1
v 9.6 -0.03 -5.84 1 1 1 1
v 10.24 -0.03 -5.2 1 1 1 1
v 0 -0.03 -4.5600000000000005 1 1 1 1
v 0.64 -0.03 -5.2 1 1 1 1
v 0 -0.03 -5.2 1 1 1 1
v 0.64 -0.03 -4.5600000000000005 1 1 1 1
v 0.64 -0.03 -4.5600000000000005 1 1 1 1
v 1.28 -0.03 -5.2 1 1 1 1
v 0.64 -0.03 -5.2 1 1 1 1
v 1.28 -0.03 -4.5600000000000005 1 1 1 1
v 1.28 -0.03 -4.5600000000000005 1 1 1 1
v 1.92 -0.03 -5.2 1 1 1 1
v 1.28 -0.03 -5.2 1 1 1 1
v 1.92 -0.03 -4.5600000000000005 1 1 1 1
v 1.92 -0.03 -4.5600000000000005 1 1 1 1
v 2.56 -0.03 -5.2 1 1 1 1
v 1.92 -0.03 -5.2 1 1 1 1
v 2.56 -0.03 -4.5600000000000005 1 1 1 1
v 2.56 -0.03 -4.5600000000000005 1 1 1 1
v 3.2 -0.03 -5.2 1 1 1 1
v 2.56 -0.03 -5.2 1 1 1 1
v 3.2 -0.03 -4.5600000000000005 1 1 1 1
v 3.2 -0.03 -4.5600000000000005 1 1 1 1
v 3.84 -0.03 -5.2 1 1 1 1
v 3.2 -0.03 -5.2 1 1 1 1
v 3.84 -0.03 -4.5600000000000005 1 1 1 1
v 3.84 -0.03 -4.5600000000000005 1 1 1 1
v 4.48 -0.03 -5.2 1 1 1 1
v 3.84 -0.03 -5.2 1 1 1 1
v 4.48 -0.03 -4.5600000000000005 1 1 1 1
v 4.48 -0.03 -4.5600000000000005 1 1 1 1
v 5.12 -0.03 -5.2 1 1 1 1
v 4.48 -0.03 -5.2 1 1 1 1
v 5.12 -0.03 -4.5600000000000005 1 1 1 1
v 5.12 -0.03 -4.5600000000000005 1 1 1 1
v 5.76 -0.03 -5.2 1 1 1 1
v 5.12 -0.03 -5.2 1 1 1 1
v 5.76 -0.03 -4.5600000000000005 1 1 1 1
v 5.76 -0.03 -4.5600000000000005 1 1 1 1
v 6.4 -0.03 -5.2 1 1 1 1
v 5.76 -0.03 -5.2 1 1 1 1
v 6.4 -0.03 -4.5600000000000005 1 1 1 1
v 6.4 -0.03 -4.5600000000000005 1 1 1 1
v 7.04 -0.03 -5.2 1 1 1 1
v 6.4 -0.03 -5.2 1 1 1 1
v 7.04 -0.03 -4.5600000000000005 1 1 1 1
v 7.04 -0.03 -4.5600000000000005 1 1 1 1
v 7.68 -0.03 -5.2 1 1 1 1
v 7.04 -0.03 -5.2 1 1 1 1
v 7.68 -0.03 -4.5600000000000005 1 1 1 1
v 7.68 -0.03 -4.5600000000000005 1 1 1 1
v 8.32 -0.03 -5.2 1 1 1 1
v 7.68 -0.03 -5.2 1 1 1 1
v 8.32 -0.03 -4.5600000000000005 1 1 1 1
v 8.32 -0.03 -4.5600000000000005 1 1 1 1
v 8.96 -0.03 -5.2 1 1 1 1
v 8.32 -0.03 -5.2 1 1 1 1
v 8.96 -0.03 -4.5600000000000005 1 1 1 1
v 8.96 -0.03 -4.5600000000000005 1 1 1 1
v 9.6 -0.03 -5.2 1 1 1 1
v 8.96 -0.03 -5.2 1 1 1 1
v 9.6 -0.03 -4.5600000000000005 1 1 1 1
v 9.6 -0.03 -4.5600000000000005 1 1 1 1
v 10.24 -0.03 -5.2 1 1 1 1
v 9.6 -0.03 -5.2 1 1 1 1
v 10.24 -0.03 -4.5600000000000005 1 1 1 1
v 0 -0.03 -3.92 1 1 1 1
v 0.64 -0.03 -4.5600000000000005 1 1 1 1
v 0 -0.03 -4.5600000000000005 1 1 1 1
v 0.64 -0.03 -3.92 1 1 1 1
v 0.64 -0.03 -3.92 1 1 1 1
v 1.28 -0.03 -4.5600000000000005 1 1 1 1
v 0.64 -0.03 -4.5600000000000005 1 1 1 1
v 1.28 -0.03 -3.92 1 1 1 1
v 1.28 -0.03 -3.92 1 1 1 1
v 1.92 -0.03 -4.5600000000000005 1 1 1 1
v 1.28 -0.03 -4.5600000000000005 1 1 1 1
v 1.92 -0.03 -3.92 1 1 1 1
v 1.92 -0.03 -3.92 1 1 1 1
v 2.56 -0.03 -4.5600000000000005 1 1 1 1
v 1.92 -0.03 -4.5600000000000005 1 1 1 1
v 2.56 -0.03 -3.92 1 1 1 1
v 2.56 -0.03 -3.92 1 1 1 1
v 3.2 -0.03 -4.5600000000000005 1 1 1 1
v 2.56 -0.03 -4.5600000000000005 1 1 1 1
v 3.2 -0.03 -3.92 1 1 1 1
v 3.2 -0.03 -3.92 1 1 1 1
v 3.84 -0.03 -4.5600000000000005 1 1 1 1
v 3.2 -0.03 -4.5600000000000005 1 1 1 1
v 3.84 -0.03 -3.92 1 1 1 1
v 3.84 -0.03 -3.92 1 1 1 1
v 4.48 -0.03 -4.5600000000000005 1 1 1 1
v 3.84 -0.03 -4.5600000000000005 1 1 1 1
v 4.48 -0.03 -3.92 1 1 1 1
v 4.48 -0.03 -3.92 1 1 1 1
v 5.12 -0.03 -4.5600000000000005 1 1 1 1
v 4.48 -0.03 -4.5600000000000005 1 1 1 1
v 5.12 -0.03 -3.92 1 1 1 1
v 5.12 -0.03 -3.92 1 1 1 1
v 5.76 -0.03 -4.5600000000000005 1 1 1 1
v 5.12 -0.03 -4.5600000000000005 1 1 1 1
v 5.76 -0.03 -3.92 1 1 1 1
v 5.76 -0.03 -3.92 1 1 1 1
v 6.4 -0.03 -4.5600000000000005 1 1 1 1
v 5.76 -0.03 -4.5600000000000005 1 1 1 1
v 6.4 -0.03 -3.92 1 1 1 1
v 6.4 -0.03 -3.92 1 1 1 1
v 7.04 -0.03 -4.5600000000000005 1 1 1 1
v 6.4 -0.03 -4.5600000000000005 1 1 1 1
v 7.04 -0.03 -3.92 1 1 1 1
v 7.04 -0.03 -3.92 1 1 1 1
v 7.68 -0.03 -4.5600000000000005 1 1 1 1
v 7.04 -0.03 -4.5600000000000005 1 1 1 1
v 7.68 -0.03 -3.92 1 1 1 1
v 7.68 -0.03 -3.92 1 1 1 1
v 8.32 -0.03 -4.5600000000000005 1 1 1 1
v 7.68 -0.03 -4.5600000000000005 1 1 1 1
v 8.32 -0.03 -3.92 1 1 1 1
v 8.32 -0.03 -3.92 1 1 1 1
v 8.96 -0.03 -4.5600000000000005 1 1 1 1
v 8.32 -0.03 -4.5600000000000005 1 1 1 1
v 8.96 -0.03 -3.92 1 1 1 1
v 8.96 -0.03 -3.92 1 1 1 1
v 9.6 -0.03 -4.5600000000000005 1 1 1 1
v 8.96 -0.03 -4.5600000000000005 1 1 1 1
v 9.6 -0.03 -3.92 1 1 1 1
v 9.6 -0.03 -3.92 1 1 1 1
v 10.24 -0.03 -4.5600000000000005 1 1 1 1
v 9.6 -0.03 -4.5600000000000005 1 1 1 1
v 10.24 -0.03 -3.92 1 1 1 1
v 0 -0.03 -3.2800000000000002 1 1 1 1
v 0.64 -0.03 -3.92 1 1 1 1
v 0 -0.03 -3.92 1 1 1 1
v 0.64 -0.03 -3.2800000000000002 1 1 1 1
v 0.64 -0.03 -3.2800000000000002 1 1 1 1
v 1.28 -0.03 -3.92 1 1 1 1
v 0.64 -0.03 -3.92 1 1 1 1
v 1.28 -0.03 -3.2800000000000002 1 1 1 1
v 1.28 -0.03 -3.2800000000000002 1 1 1 1
v 1.92 -0.03 -3.92 1 1 1 1
v 1.28 -0.03 -3.92 1 1 1 1
v 1.92 -0.03 -3.2800000000000002 1 1 1 1
v 1.92 -0.03 -3.2800000000000002 1 1 1 1
v 2.56 -0.03 -3.92 1 1 1 1
v 1.92 -0.03 -3.92 1 1 1 1
v 2.56 -0.03 -3.2800000000000002 1 1 1 1
v 2.56 -0.03 -3.2800000000000002 1 1 1 1
v 3.2 -0.03 -3.92 1 1 1 1
v 2.56 -0.03 -3.92 1 1 1 1
v 3.2 -0.03 -3.2800000000000002 1 1 1 1
v 3.2 -0.03 -3.2800000000000002 1 1 1 1
v 3.84 -0.03 -3.92 1 1 1 1
v 3.2 -0.03 -3.92 1 1 1 1
v 3.84 -0.03 -3.2800000000000002 1 1 1 1
v 3.84 -0.03 -3.2800000000000002 1 1 1 1
v 4.48 -0.03 -3.92 1 1 1 1
v 3.84 -0.03 -3.92 1 1 1 1
v 4.48 -0.03 -3.2800000000000002 1 1 1 1
v 4.48 -0.03 -3.2800000000000002 1 1 1 1
v 5.12 -0.03 -3.92 1 1 1 1
v 4.48 -0.03 -3.92 1 1 1 1
v 5.12 -0.03 -3.2800000000000002 1 1 1 1
v 5.12 -0.03 -3.2800000000000002 1 1 1 1
v 5.76 -0.03 -3.92 1 1 1 1
v 5.12 -0.03 -3.92 1 1 1 1
v 5.76 -0.03 -3.2800000000000002 1 1 1 1
v 5.76 -0.03 -3.2800000000000002 1 1 1 1
v 6.4 -0.03 -3.92 1 1 1 1
v 5.76 -0.03 -3.92 1 1 1 1
v 6.4 -0.03 -3.2800000000000002 1 1 1 1
v 6.4 -0.03 -3.2800000000000002 1 1 1 1
v 7.04 -0.03 -3.92 1 1 1 1
v 6.4 -0.03 -3.92 1 1 1 1
v 7.04 -0.03 -3.2800000000000002 1 1 1 1
v 7.04 -0.03 -3.2800000000000002 1 1 1 1
v 7.68 -0.03 -3.92 1 1 1 1
v 7.04 -0.03 -3.92 1 1 1 1
v 7.68 -0.03 -3.2800000000000002 1 1 1 1
v 7.68 -0.03 -3.2800000000000002 1 1 1 1
v 8.32 -0.03 -3.92 1 1 1 1
v 7.68 -0.03 -3.92 1 1 1 1
v 8.32 -0.03 -3.2800000000000002 1 1 1 1
v 8.32 -0.03 -3.2800000000000002 1 1 1 1
v 8.96 -0.03 -3.92 1 1 1 1
v 8.32 -0.03 -3.92 1 1 1 1
v 8.96 -0.03 -3.2800000000000002 1 1 1 1
v 8.96 -0.03 -3.2800000000000002 1 1 1 1
v 9.6 -0.03 -3.92 1 1 1 1
v 8.96 -0.03 -3.92 1 1 1 1
v 9.6 -0.03 -3.2800000000000002 1 1 1 1
v 9.6 -0.03 -3.2800000000000002 1 1 1 1
v 10.24 -0.03 -3.92 1 1 1 1
v 9.6 -0.03 -3.92 1 1 1 1
v 10.24 -0.03 -3.2800000000000002 1 1 1 1
v 0 -0.03 -2.64 1 1 1 1
v 0.64 -0.03 -3.2800000000000002 1 1 1 1
v 0 -0.03 -3.2800000000000002 1 1 1 1
v 0.64 -0.03 -2.64 1 1 1 1
v 0.64 -0.03 -2.64 1 1 1 1
v 1.28 -0.03 -3.2800000000000002 1 1 1 1
v 0.64 -0.03 -3.2800000000000002 1 1 1 1
v 1.28 -0.03 -2.64 1 1 1 1
v 1.28 -0.03 -2.64 1 1 1 1
v 1.92 -0.03 -3.2800000000000002 1 1 1 1
v 1.28 -0.03 -3.2800000000000002 1 1 1 1
v 1.92 -0.03 -2.64 1 1 1 1
v 1.92 -0.03 -2.64 1 1 1 1
v 2.56 -0.03 -3.2800000000000002 1 1 1 1
v 1.92 -0.03 -3.2800000000000002 1 1 1 1
v 2.56 -0.03 -2.64 1 1 1 1
v 2.56 -0.03 -2.64 1 1 1 1
v 3.2 -0.03 -3.2800000000000002 1 1 1 1
v 2.56 -0.03 -3.2800000000000002 1 1 1 1
v 3.2 -0.03 -2.64 1 1 1 1
v 3.2 -0.03 -2.64 1 1 1 1
v 3.84 -0.03 -3.2800000000000002 1 1 1 1
v 3.2 -0.03 -3.2800000000000002 1 1 1 1
v 3.84 -0.03 -2.64 1 1 1 1
v 3.84 -0.03 -2.64 1 1 1 1
v 4.48 -0.03 -3.2800000000000002 1 1 1 1
v 3.84 -0.03 -3.2800000000000002 1 1 1 1
v 4.48 -0.03 -2.64 1 1 1 1
v 4.48 -0.03 -2.64 1 1 1 1
v 5.12 -0.03 -3.2800000000000002 1 1 1 1
v 4.48 -0.03 -3.2800000000000002 1 1 1 1
v 5.12 -0.03 -2.64 1 1 1 1
v 5.12 -0.03 -2.64 1 1 1 1
v 5.76 -0.03 -3.2800000000000002 1 1 1 1
v 5.12 -0.03 -3.2800000000000002 1 1 1 1
v 5.76 -0.03 -2.64 1 1 1 1
v 5.76 -0.03 -2.64 1 1 1 1
v 6.4 -0.03 -3.2800000000000002 1 1 1 1
v 5.76 -0.03 -3.2800000000000002 1 1 1 1
v 6.4 -0.03 -2.64 1 1 1 1
v 6.4 -0.03 -2.64 1 1 1 1
v 7.04 -0.03 -3.2800000000000002 1 1 1 1
v 6.4 -0.03 -3.2800000000000002 1 1 1 1
v 7.04 -0.03 -2.64 1 1 1 1
v 7.04 -0.03 -2.64 1 1 1 1
v 7.68 -0.03 -3.2800000000000002 1 1 1 1
v 7.04 -0.03 -3.2800000000000002 1 1 1 1
v 7.68 -0.03 -2.64 1 1 1 1
v 7.68 -0.03 -2.64 1 1 1 1
v 8.32 -0.03 -3.2800000000000002 1 1 1 1
v 7.68 -0.03 -3.2800000000000002 1 1 1 1
v 8.32 -0.03 -2.64 1 1 1 1
v 8.32 -0.03 -2.64 1 1 1 1
v 8.96 -0.03 -3.2800000000000002 1 1 1 1
v 8.32 -0.03 -3.2800000000000002 1 1 1 1
v 8.96 -0.03 -2.64 1 1 1 1
v 8.96 -0.03 -2.64 1 1 1 1
v 9.6 -0.03 -3.2800000000000002 1 1 1 1
v 8.96 -0.03 -3.2800000000000002 1 1 1 1
v 9.6 -0.03 -2.64 1 1 1 1
v 9.6 -0.03 -2.64 1 1 1 1
v 10.24 -0.03 -3.2800000000000002 1 1 1 1
v 9.6 -0.03 -3.2800000000000002 1 1 1 1
v 10.24 -0.03 -2.64 1 1 1 1
v 0 -0.03 -2 1 1 1 1
v 0.64 -0.03 -2.64 1 1 1 1
v 0 -0.03 -2.64 1 1 1 1
v 0.64 -0.03 -2 1 1 1 1
v 0.64 -0.03 -2 1 1 1 1
v 1.28 -0.03 -2.64 1 1 1 1
v 0.64 -0.03 -2.64 1 1 1 1
v 1.28 -0.03 -2 1 1 1 1
v 1.28 -0.03 -2 1 1 1 1
v 1.92 -0.03 -2.64 1 1 1 1
v 1.28 -0.03 -2.64 1 1 1 1
v 1.92 -0.03 -2 1 1 1 1
v 1.92 -0.03 -2 1 1 1 1
v 2.56 -0.03 -2.64 1 1 1 1
v 1.92 -0.03 -2.64 1 1 1 1
v 2.56 -0.03 -2 1 1 1 1
v 2.56 -0.03 -2 1 1 1 1
v 3.2 -0.03 -2.64 1 1 1 1
v 2.56 -0.03 -2.64 1 1 1 1
v 3.2 -0.03 -2 1 1 1 1
v 3.2 -0.03 -2 1 1 1 1
v 3.84 -0.03 -2.64 1 1 1 1
v 3.2 -0.03 -2.64 1 1 1 1
v 3.84 -0.03 -2 1 1 1 1
v 3.84 -0.03 -2 1 1 1 1
v 4.48 -0.03 -2.64 1 1 1 1
v 3.84 -0.03 -2.64 1 1 1 1
v 4.48 -0.03 -2 1 1 1 1
v 4.48 -0.03 -2 1 1 1 1
v 5.12 -0.03 -2.64 1 1 1 1
v 4.48 -0.03 -2.64 1 1 1 1
v 5.12 -0.03 -2 1 1 1 1
v 5.12 -0.03 -2 1 1 1 1
v 5.76 -0.03 -2.64 1 1 1 1
v 5.12 -0.03 -2.64 1 1 1 1
v 5.76 -0.03 -2 1 1 1 1
v 5.76 -0.03 -2 1 1 1 1
v 6.4 -0.03 -2.64 1 1 1 1
v 5.76 -0.03 -2.64 1 1 1 1
v 6.4 -0.03 -2 1 1 1 1
v 6.4 -0.03 -2 1 1 1 1
v 7.04 -0.03 -2.64 1 1 1 1
v 6.4 -0.03 -2.64 1 1 1 1
v 7.04 -0.03 -2 1 1 1 1
v 7.04 -0.03 -2 1 1 1 1
v 7.68 -0.03 -2.64 1 1 1 1
v 7.04 -0.03 -2.64 1 1 1 1
v 7.68 -0.03 -2 1 1 1 1
v 7.68 -0.03 -2 1 1 1 1
v 8.32 -0.03 -2.64 1 1 1 1
v 7.68 -0.03 -2.64 1 1 1 1
v 8.32 -0.03 -2 1 1 1 1
v 8.32 -0.03 -2 1 1 1 1
v 8.96 -0.03 -2.64 1 1 1 1
v 8.32 -0.03 -2.64 1 1 1 1
v 8.96 -0.03 -2 1 1 1 1
v 8.96 -0.03 -2 1 1 1 1
v 9.6 -0.03 -2.64 1 1 1 1
v 8.96 -0.03 -2.64 1 1 1 1
v 9.6 -0.03 -2 1 1 1 1
v 9.6 -0.03 -2 1 1 1 1
v 10.24 -0.03 -2.64 1 1 1 1
v 9.6 -0.03 -2.64 1 1 1 1
v 10.24 -0.03 -2 1 1 1 1
v 9.6 -0.03 -9.68 1 1 1 1
v 10.24 -0.03 -10.32 1 1 1 1
v 9.6 -0.03 -10.32 1 1 1 1
v 10.24 -0.03 -9.68 1 1 1 1
v 8.96 -0.03 -9.68 1 1 1 1
v 9.6 -0.03 -10.32 1 1 1 1
v 8.96 -0.03 -10.32 1 1 1 1
v 9.6 -0.03 -9.68 1 1 1 1
v 8.32 -0.03 -9.68 1 1 1 1
v 8.96 -0.03 -10.32 1 1 1 1
v 8.32 -0.03 -10.32 1 1 1 1
v 8.96 -0.03 -9.68 1 1 1 1
v 7.68 -0.03 -9.68 1 1 1 1
v 8.32 -0.03 -10.32 1 1 1 1
v 7.68 -0.03 -10.32 1 1 1 1
v 8.32 -0.03 -9.68 1 1 1 1
v 7.04 -0.03 -9.68 1 1 1 1
v 7.68 -0.03 -10.32 1 1 1 1
v 7.04 -0.03 -10.32 1 1 1 1
v 7.68 -0.03 -9.68 1 1 1 1
v 6.4 -0.03 -9.68 1 1 1 1
v 7.04 -0.03 -10.32 1 1 1 1
v 6.4 -0.03 -10.32 1 1 1 1
v 7.04 -0.03 -9.68 1 1 1 1
v 5.76 -0.03 -9.68 1 1 1 1
v 6.4 -0.03 -10.32 1 1 1 1
v 5.76 -0.03 -10.32 1 1 1 1
v 6.4 -0.03 -9.68 1 1 1 1
v 5.12 -0.03 -9.68 1 1 1 1
v 5.76 -0.03 -10.32 1 1 1 1
v 5.12 -0.03 -10.32 1 1 1 1
v 5.76 -0.03 -9.68 1 1 1 1
v 4.48 -0.03 -9.68 1 1 1 1
v 5.12 -0.03 -10.32 1 1 1 1
v 4.48 -0.03 -10.32 1 1 1 1
v 5.12 -0.03 -9.68 1 1 1 1
v 3.84 -0.03 -9.68 1 1 1 1
v 4.48 -0.03 -10.32 1 1 1 1
v 3.84 -0.03 -10.32 1 1 1 1
v 4.48 -0.03 -9.68 1 1 1 1
v 3.2 -0.03 -9.68 1 1 1 1
v 3.84 -0.03 -10.32 1 1 1 1
v 3.2 -0.03 -10.32 1 1 1 1
v 3.84 -0.03 -9.68 1 1 1 1
v 2.56 -0.03 -9.68 1 1 1 1
v 3.2 -0.03 -10.32 1 1 1 1
v 2.56 -0.03 -10.32 1 1 1 1
v 3.2 -0.03 -9.68 1 1 1 1
v 1.92 -0.03 -9.68 1 1 1 1
v 2.56 -0.03 -10.32 1 1 1 1
v 1.92 -0.03 -10.32 1 1 1 1
v 2.56 -0.03 -9.68 1 1 1 1
v 1.28 -0.03 -9.68 1 1 1 1
v 1.92 -0.03 -10.32 1 1 1 1
v 1.28 -0.03 -10.32 1 1 1 1
v 1.92 -0.03 -9.68 1 1 1 1
v 0.64 -0.03 -9.68 1 1 1 1
v 1.28 -0.03 -10.32 1 1 1 1
v 0.64 -0.03 -10.32 1 1 1 1
v 1.28 -0.03 -9.68 1 1 1 1
v 0 -0.03 -9.68 1 1 1 1
v 0.64 -0.03 -10.32 1 1 1 1
v 0 -0.03 -10.32 1 1 1 1
v 0.64 -0.03 -9.68 1 1 1 1
v 0 -0.03 -10.32 1 1 1 1
v 0.64 -0.03 -10.96 1 1 1 1
v 0 -0.03 -10.96 1 1 1 1
v 0.64 -0.03 -10.32 1 1 1 1
v 0 -0.03 -10.96 1 1 1 1
v 0.64 -0.03 -11.6 1 1 1 1
v 0 -0.03 -11.6 1 1 1 1
v 0.64 -0.03 -10.96 1 1 1 1
v 0 -0.03 -11.6 1 1 1 1
v 0.64 -0.03 -12.24 1 1 1 1
v 0 -0.03 -12.24 1 1 1 1
v 0.64 -0.03 -11.6 1 1 1 1
v 0 -0.03 -12.24 1 1 1 1
v 0.64 -0.03 -12.88 1 1 1 1
v 0 -0.03 -12.88 1 1 1 1
v 0.64 -0.03 -12.24 1 1 1 1
v 0 -0.03 -12.88 1 1 1 1
v 0.64 -0.03 -13.52 1 1 1 1
v 0 -0.03 -13.52 1 1 1 1
v 0.64 -0.03 -12.88 1 1 1 1
v 0 -0.03 -13.52 1 1 1 1
v 0.64 -0.03 -14.16 1 1 1 1
v 0 -0.03 -14.16 1 1 1 1
v 0.64 -0.03 -13.52 1 1 1 1
v 0 -0.03 -14.16 1 1 1 1
v 0.64 -0.03 -14.8 1 1 1 1
v 0 -0.03 -14.8 1 1 1 1
v 0.64 -0.03 -14.16 1 1 1 1
v 0.64 -0.03 -14.16 1 1 1 1
v 1.28 -0.03 -14.8 1 1 1 1
v 0.64 -0.03 -14.8 1 1 1 1
v 1.28 -0.03 -14.16 1 1 1 1
v 1.28 -0.03 -14.16 1 1 1 1
v 1.92 -0.03 -14.8 1 1 1 1
v 1.28 -0.03 -14.8 1 1 1 1
v 1.92 -0.03 -14.16 1 1 1 1
v 1.92 -0.03 -14.16 1 1 1 1
v 2.56 -0.03 -14.8 1 1 1 1
v 1.92 -0.03 -14.8 1 1 1 1
v 2.56 -0.03 -14.16 1 1 1 1
v 2.56 -0.03 -14.16 1 1 1 1
v 3.2 -0.03 -14.8 1 1 1 1
v 2.56 -0.03 -14.8 1 1 1 1
v 3.2 -0.03 -14.16 1 1 1 1
v 3.2 -0.03 -14.16 1 1 1 1
v 3.84 -0.03 -14.8 1 1 1 1
v 3.2 -0.03 -14.8 1 1 1 1
v 3.84 -0.03 -14.16 1 1 1 1
v 3.84 -0.03 -14.16 1 1 1 1
v 4.48 -0.03 -14.8 1 1 1 1
v 3.84 -0.03 -14.8 1 1 1 1
v 4.48 -0.03 -14.16 1 1 1 1
v 4.48 -0.03 -14.16 1 1 1 1
v 5.12 -0.03 -14.8 1 1 1 1
v 4.48 -0.03 -14.8 1 1 1 1
v 5.12 -0.03 -14.16 1 1 1 1
v 5.12 -0.03 -14.16 1 1 1 1
v 5.76 -0.03 -14.8 1 1 1 1
v 5.12 -0.03 -14.8 1 1 1 1
v 5.76 -0.03 -14.16 1 1 1 1
v 5.76 -0.03 -14.16 1 1 1 1
v 6.4 -0.03 -14.8 1 1 1 1
v 5.76 -0.03 -14.8 1 1 1 1
v 6.4 -0.03 -14.16 1 1 1 1
v 6.4 -0.03 -14.16 1 1 1 1
v 7.04 -0.03 -14.8 1 1 1 1
v 6.4 -0.03 -14.8 1 1 1 1
v 7.04 -0.03 -14.16 1 1 1 1
v 7.04 -0.03 -14.16 1 1 1 1
v 7.68 -0.03 -14.8 1 1 1 1
v 7.04 -0.03 -14.8 1 1 1 1
v 7.68 -0.03 -14.16 1 1 1 1
v 7.68 -0.03 -14.16 1 1 1 1
v 8.32 -0.03 -14.8 1 1 1 1
v 7.68 -0.03 -14.8 1 1 1 1
v 8.32 -0.03 -14.16 1 1 1 1
v 8.32 -0.03 -14.16 1 1 1 1
v 8.96 -0.03 -14.8 1 1 1 1
v 8.32 -0.03 -14.8 1 1 1 1
v 8.96 -0.03 -14.16 1 1 1 1
v 8.96 -0.03 -14.16 1 1 1 1
v 9.6 -0.03 -14.8 1 1 1 1
v 8.96 -0.03 -14.8 1 1 1 1
v 9.6 -0.03 -14.16 1 1 1 1
v 9.6 -0.03 -14.16 1 1 1 1
v 10.24 -0.03 -14.8 1 1 1 1
v 9.6 -0.03 -14.8 1 1 1 1
v 10.24 -0.03 -14.16 1 1 1 1
v 9.6 -0.03 -13.52 1 1 1 1
v 10.24 -0.03 -14.16 1 1 1 1
v 9.6 -0.03 -14.16 1 1 1 1
v 10.24 -0.03 -13.52 1 1 1 1
v 9.6 -0.03 -12.88 1 1 1 1
v 10.24 -0.03 -13.52 1 1 1 1
v 9.6 -0.03 -13.52 1 1 1 1
v 10.24 -0.03 -12.88 1 1 1 1
v 9.6 -0.03 -12.24 1 1 1 1
v 10.24 -0.03 -12.88 1 1 1 1
v 9.6 -0.03 -12.88 1 1 1 1
v 10.24 -0.03 -12.24 1 1 1 1
v 9.6 -0.03 -11.6 1 1 1 1
v 10.24 -0.03 -12.24 1 1 1 1
v 9.6 -0.03 -12.24 1 1 1 1
v 10.24 -0.03 -11.6 1 1 1 1
v 9.6 -0.03 -10.96 1 1 1 1
v 10.24 -0.03 -11.6 1 1 1 1
v 9.6 -0.03 -11.6 1 1 1 1
v 10.24 -0.03 -10.96 1 1 1 1
v 9.6 -0.03 -10.32 1 1 1 1
v 10.24 -0.03 -10.96 1 1 1 1
v 9.6 -0.03 -10.96 1 1 1 1
v 10.24 -0.03 -10.32 1 1 1 1
v 8.96 -0.03 -10.32 1 1 1 1
v 9.6 -0.03 -10.96 1 1 1 1
v 8.96 -0.03 -10.96 1 1 1 1
v 9.6 -0.03 -10.32 1 1 1 1
v 8.32 -0.03 -10.32 1 1 1 1
v 8.96 -0.03 -10.96 1 1 1 1
v 8.32 -0.03 -10.96 1 1 1 1
v 8.96 -0.03 -10.32 1 1 1 1
v 7.68 -0.03 -10.32 1 1 1 1
v 8.32 -0.03 -10.96 1 1 1 1
v 7.68 -0.03 -10.96 1 1 1 1
v 8.32 -0.03 -10.32 1 1 1 1
v 7.04 -0.03 -10.32 1 1 1 1
v 7.68 -0.03 -10.96 1 1 1 1
v 7.04 -0.03 -10.96 1 1 1 1
v 7.68 -0.03 -10.32 1 1 1 1
v 6.4 -0.03 -10.32 1 1 1 1
v 7.04 -0.03 -10.96 1 1 1 1
v 6.4 -0.03 -10.96 1 1 1 1
v 7.04 -0.03 -10.32 1 1 1 1
v 5.76 -0.03 -10.32 1 1 1 1
v 6.4 -0.03 -10.96 1 1 1 1
v 5.76 -0.03 -10.96 1 1 1 1
v 6.4 -0.03 -10.32 1 1 1 1
v 5.12 -0.03 -10.32 1 1 1 1
v 5.76 -0.03 -10.96 1 1 1 1
v 5.12 -0.03 -10.96 1 1 1 1
v 5.76 -0.03 -10.32 1 1 1 1
v 4.48 -0.03 -10.32 1 1 1 1
v 5.12 -0.03 -10.96 1 1 1 1
v 4.48 -0.03 -10.96 1 1 1 1
v 5.12 -0.03 -10.32 1 1 1 1
v 3.84 -0.03 -10.32 1 1 1 1
v 4.48 -0.03 -10.96 1 1 1 1
v 3.84 -0.03 -10.96 1 1 1 1
v 4.48 -0.03 -10.32 1 1 1 1
v 3.2 -0.03 -10.32 1 1 1 1
v 3.84 -0.03 -10.96 1 1 1 1
v 3.2 -0.03 -10.96 1 1 1 1
v 3.84 -0.03 -10.32 1 1 1 1
v 2.56 -0.03 -10.32 1 1 1 1
v 3.2 -0.03 -10.96 1 1 1 1
v 2.56 -0.03 -10.96 1 1 1 1
v 3.2 -0.03 -10.32 1 1 1 1
v 1.92 -0.03 -10.32 1 1 1 1
v 2.56 -0.03 -10.96 1 1 1 1
v 1.92 -0.03 -10.96 1 1 1 1
v 2.56 -0.03 -10.32 1 1 1 1
v 1.28 -0.03 -10.32 1 1 1 1
v 1.92 -0.03 -10.96 1 1 1 1
v 1.28 -0.03 -10.96 1 1 1 1
v 1.92 -0.03 -10.32 1 1 1 1
v 0.64 -0.03 -10.32 1 1 1 1
v 1.28 -0.03 -10.96 1 1 1 1
v 0.64 -0.03 -10.96 1 1 1 1
v 1.28 -0.03 -10.32 1 1 1 1
v 0.64 -0.03 -10.96 1 1 1 1
v 1.28 -0.03 -11.6 1 1 1 1
v 0.64 -0.03 -11.6 1 1 1 1
v 1.28 -0.03 -10.96 1 1 1 1
v 0.64 -0.03 -11.6 1 1 1 1
v 1.28 -0.03 -12.24 1 1 1 1
v 0.64 -0.03 -12.24 1 1 1 1
v 1.28 -0.03 -11.6 1 1 1 1
v 0.64 -0.03 -12.24 1 1 1 1
v 1.28 -0.03 -12.88 1 1 1 1
v 0.64 -0.03 -12.88 1 1 1 1
v 1.28 -0.03 -12.24 1 1 1 1
v 0.64 -0.03 -12.88 1 1 1 1
v 1.28 -0.03 -13.52 1 1 1 1
v 0.64 -0.03 -13.52 1 1 1 1
v 1.28 -0.03 -12.88 1 1 1 1
v 0.64 -0.03 -13.52 1 1 1 1
v 1.28 -0.03 -14.16 1 1 1 1
v 0.64 -0.03 -14.16 1 1 1 1
v 1.28 -0.03 -13.52 1 1 1 1
v 1.28 -0.03 -13.52 1 1 1 1
v 1.92 -0.03 -14.16 1 1 1 1
v 1.28 -0.03 -14.16 1 1 1 1
v 1.92 -0.03 -13.52 1 1 1 1
v 1.92 -0.03 -13.52 1 1 1 1
v 2.56 -0.03 -14.16 1 1 1 1
v 1.92 -0.03 -14.16 1 1 1 1
v 2.56 -0.03 -13.52 1 1 1 1
v 2.56 -0.03 -13.52 1 1 1 1
v 3.2 -0.03 -14.16 1 1 1 1
v 2.56 -0.03 -14.16 1 1 1 1
v 3.2 -0.03 -13.52 1 1 1 1
v 3.2 -0.03 -13.52 1 1 1 1
v 3.84 -0.03 -14.16 1 1 1 1
v 3.2 -0.03 -14.16 1 1 1 1
v 3.84 -0.03 -13.52 1 1 1 1
v 3.84 -0.03 -13.52 1 1 1 1
v 4.48 -0.03 -14.16 1 1 1 1
v 3.84 -0.03 -14.16 1 1 1 1
v 4.48 -0.03 -13.52 1 1 1 1
v 4.48 -0.03 -13.52 1 1 1 1
v 5.12 -0.03 -14.16 1 1 1 1
v 4.48 -0.03 -14.16 1 1 1 1
v 5.12 -0.03 -13.52 1 1 1 1
v 5.12 -0.03 -13.52 1 1 1 1
v 5.76 -0.03 -14.16 1 1 1 1
v 5.12 -0.03 -14.16 1 1 1 1
v 5.76 -0.03 -13.52 1 1 1 1
v 5.76 -0.03 -13.52 1 1 1 1
v 6.4 -0.03 -14.16 1 1 1 1
v 5.76 -0.03 -14.16 1 1 1 1
v 6.4 -0.03 -13.52 1 1 1 1
v 6.4 -0.03 -13.52 1 1 1 1
v 7.04 -0.03 -14.16 1 1 1 1
v 6.4 -0.03 -14.16 1 1 1 1
v 7.04 -0.03 -13.52 1 1 1 1
v 7.04 -0.03 -13.52 1 1 1 1
v 7.68 -0.03 -14.16 1 1 1 1
v 7.04 -0.03 -14.16 1 1 1 1
v 7.68 -0.03 -13.52 1 1 1 1
v 7.68 -0.03 -13.52 1 1 1 1
v 8.32 -0.03 -14.16 1 1 1 1
v 7.68 -0.03 -14.16 1 1 1 1
v 8.32 -0.03 -13.52 1 1 1 1
v 8.32 -0.03 -13.52 1 1 1 1
v 8.96 -0.03 -14.16 1 1 1 1
v 8.32 -0.03 -14.16 1 1 1 1
v 8.96 -0.03 -13.52 1 1 1 1
v 8.96 -0.03 -13.52 1 1 1 1
v 9.6 -0.03 -14.16 1 1 1 1
v 8.96 -0.03 -14.16 1 1 1 1
v 9.6 -0.03 -13.52 1 1 1 1
v 8.96 -0.03 -12.88 1 1 1 1
v 9.6 -0.03 -13.52 1 1 1 1
v 8.96 -0.03 -13.52 1 1 1 1
v 9.6 -0.03 -12.88 1 1 1 1
v 8.96 -0.03 -12.24 1 1 1 1
v 9.6 -0.03 -12.88 1 1 1 1
v 8.96 -0.03 -12.88 1 1 1 1
v 9.6 -0.03 -12.24 1 1 1 1
v 8.96 -0.03 -11.6 1 1 1 1
v 9.6 -0.03 -12.24 1 1 1 1
v 8.96 -0.03 -12.24 1 1 1 1
v 9.6 -0.03 -11.6 1 1 1 1
v 8.96 -0.03 -10.96 1 1 1 1
v 9.6 -0.03 -11.6 1 1 1 1
v 8.96 -0.03 -11.6 1 1 1 1
v 9.6 -0.03 -10.96 1 1 1 1
v 8.32 -0.03 -10.96 1 1 1 1
v 8.96 -0.03 -11.6 1 1 1 1
v 8.32 -0.03 -11.6 1 1 1 1
v 8.96 -0.03 -10.96 1 1 1 1
v 7.68 -0.03 -10.96 1 1 1 1
v 8.32 -0.03 -11.6 1 1 1 1
v 7.68 -0.03 -11.6 1 1 1 1
v 8.32 -0.03 -10.96 1 1 1 1
v 7.04 -0.03 -10.96 1 1 1 1
v 7.68 -0.03 -11.6 1 1 1 1
v 7.04 -0.03 -11.6 1 1 1 1
v 7.68 -0.03 -10.96 1 1 1 1
v 6.4 -0.03 -10.96 1 1 1 1
v 7.04 -0.03 -11.6 1 1 1 1
v 6.4 -0.03 -11.6 1 1 1 1
v 7.04 -0.03 -10.96 1 1 1 1
v 5.76 -0.03 -10.96 1 1 1 1
v 6.4 -0.03 -11.6 1 1 1 1
v 5.76 -0.03 -11.6 1 1 1 1
v 6.4 -0.03 -10.96 1 1 1 1
v 5.12 -0.03 -10.96 1 1 1 1
v 5.76 -0.03 -11.6 1 1 1 1
v 5.12 -0.03 -11.6 1 1 1 1
v 5.76 -0.03 -10.96 1 1 1 1
v 4.48 -0.03 -10.96 1 1 1 1
v 5.12 -0.03 -11.6 1 1 1 1
v 4.48 -0.03 -11.6 1 1 1 1
v 5.12 -0.03 -10.96 1 1 1 1
v 3.84 -0.03 -10.96 1 1 1 1
v 4.48 -0.03 -11.6 1 1 1 1
v 3.84 -0.03 -11.6 1 1 1 1
v 4.48 -0.03 -10.96 1 1 1 1
v 3.2 -0.03 -10.96 1 1 1 1
v 3.84 -0.03 -11.6 1 1 1 1
v 3.2 -0.03 -11.6 1 1 1 1
v 3.84 -0.03 -10.96 1 1 1 1
v 2.56 -0.03 -10.96 1 1 1 1
v 3.2 -0.03 -11.6 1 1 1 1
v 2.56 -0.03 -11.6 1 1 1 1
v 3.2 -0.03 -10.96 1 1 1 1
v 1.92 -0.03 -10.96 1 1 1 1
v 2.56 -0.03 -11.6 1 1 1 1
v 1.92 -0.03 -11.6 1 1 1 1
v 2.56 -0.03 -10.96 1 1 1 1
v 1.28 -0.03 -10.96 1 1 1 1
v 1.92 -0.03 -11.6 1 1 1 1
v 1.28 -0.03 -11.6 1 1 1 1
v 1.92 -0.03 -10.96 1 1 1 1
v 1.28 -0.03 -11.6 1 1 1 1
v 1.92 -0.03 -12.24 1 1 1 1
v 1.28 -0.03 -12.24 1 1 1 1
v 1.92 -0.03 -11.6 1 1 1 1
v 1.28 -0.03 -12.24 1 1 1 1
v 1.92 -0.03 -12.88 1 1 1 1
v 1.28 -0.03 -12.88 1 1 1 1
v 1.92 -0.03 -12.24 1 1 1 1
v 1.28 -0.03 -12.88 1 1 1 1
v 1.92 -0.03 -13.52 1 1 1 1
v 1.28 -0.03 -13.52 1 1 1 1
v 1.92 -0.03 -12.88 1 1 1 1
v 1.92 -0.03 -12.88 1 1 1 1
v 2.56 -0.03 -13.52 1 1 1 1
v 1.92 -0.03 -13.52 1 1 1 1
v 2.56 -0.03 -12.88 1 1 1 1
v 2.56 -0.03 -12.88 1 1 1 1
v 3.2 -0.03 -13.52 1 1 1 1
v 2.56 -0.03 -13.52 1 1 1 1
v 3.2 -0.03 -12.88 1 1 1 1
v 3.2 -0.03 -12.88 1 1 1 1
v 3.84 -0.03 -13.52 1 1 1 1
v 3.2 -0.03 -13.52 1 1 1 1
v 3.84 -0.03 -12.88 1 1 1 1
v 3.84 -0.03 -12.88 1 1 1 1
v 4.48 -0.03 -13.52 1 1 1 1
v 3.84 -0.03 -13.52 1 1 1 1
v 4.48 -0.03 -12.88 1 1 1 1
v 4.48 -0.03 -12.88 1 1 1 1
v 5.12 -0.03 -13.52 1 1 1 1
v 4.48 -0.03 -13.52 1 1 1 1
v 5.12 -0.03 -12.88 1 1 1 1
v 5.12 -0.03 -12.88 1 1 1 1
v 5.76 -0.03 -13.52 1 1 1 1
v 5.12 -0.03 -13.52 1 1 1 1
v 5.76 -0.03 -12.88 1 1 1 1
v 5.76 -0.03 -12.88 1 1 1 1
v 6.4 -0.03 -13.52 1 1 1 1
v 5.76 -0.03 -13.52 1 1 1 1
v 6.4 -0.03 -12.88 1 1 1 1
v 6.4 -0.03 -12.88 1 1 1 1
v 7.04 -0.03 -13.52 1 1 1 1
v 6.4 -0.03 -13.52 1 1 1 1
v 7.04 -0.03 -12.88 1 1 1 1
v 7.04 -0.03 -12.88 1 1 1 1
v 7.68 -0.03 -13.52 1 1 1 1
v 7.04 -0.03 -13.52 1 1 1 1
v 7.68 -0.03 -12.88 1 1 1 1
v 7.68 -0.03 -12.88 1 1 1 1
v 8.32 -0.03 -13.52 1 1 1 1
v 7.68 -0.03 -13.52 1 1 1 1
v 8.32 -0.03 -12.88 1 1 1 1
v 8.32 -0.03 -12.88 1 1 1 1
v 8.96 -0.03 -13.52 1 1 1 1
v 8.32 -0.03 -13.52 1 1 1 1
v 8.96 -0.03 -12.88 1 1 1 1
v 8.32 -0.03 -12.24 1 1 1 1
v 8.96 -0.03 -12.88 1 1 1 1
v 8.32 -0.03 -12.88 1 1 1 1
v 8.96 -0.03 -12.24 1 1 1 1
v 8.32 -0.03 -11.6 1 1 1 1
v 8.96 -0.03 -12.24 1 1 1 1
v 8.32 -0.03 -12.24 1 1 1 1
v 8.96 -0.03 -11.6 1 1 1 1
v 7.68 -0.03 -11.6 1 1 1 1
v 8.32 -0.03 -12.24 1 1 1 1
v 7.68 -0.03 -12.24 1 1 1 1
v 8.32 -0.03 -11.6 1 1 1 1
v 7.04 -0.03 -11.6 1 1 1 1
v 7.68 -0.03 -12.24 1 1 1 1
v 7.04 -0.03 -12.24 1 1 1 1
v 7.68 -0.03 -11.6 1 1 1 1
v 6.4 -0.03 -11.6 1 1 1 1
v 7.04 -0.03 -12.24 1 1 1 1
v 6.4 -0.03 -12.24 1 1 1 1
v 7.04 -0.03 -11.6 1 1 1 1
v 5.76 -0.03 -11.6 1 1 1 1
v 6.4 -0.03 -12.24 1 1 1 1
v 5.76 -0.03 -12.24 1 1 1 1
v 6.4 -0.03 -11.6 1 1 1 1
v 5.12 -0.03 -11.6 1 1 1 1
v 5.76 -0.03 -12.24 1 1 1 1
v 5.12 -0.03 -12.24 1 1 1 1
v 5.76 -0.03 -11.6 1 1 1 1
v 4.48 -0.03 -11.6 1 1 1 1
v 5.12 -0.03 -12.24 1 1 1 1
v 4.48 -0.03 -12.24 1 1 1 1
v 5.12 -0.03 -11.6 1 1 1 1
v 3.84 -0.03 -11.6 1 1 1 1
v 4.48 -0.03 -12.24 1 1 1 1
v 3.84 -0.03 -12.24 1 1 1 1
v 4.48 -0.03 -11.6 1 1 1 1
v 3.2 -0.03 -11.6 1 1 1 1
v 3.84 -0.03 -12.24 1 1 1 1
v 3.2 -0.03 -12.24 1 1 1 1
v 3.84 -0.03 -11.6 1 1 1 1
v 2.56 -0.03 -11.6 1 1 1 1
v 3.2 -0.03 -12.24 1 1 1 1
v 2.56 -0.03 -12.24 1 1 1 1
v 3.2 -0.03 -11.6 1 1 1 1
v 1.92 -0.03 -11.6 1 1 1 1
v 2.56 -0.03 -12.24 1 1 1 1
v 1.92 -0.03 -12.24 1 1 1 1
v 2.56 -0.03 -11.6 1 1 1 1
v 1.92 -0.03 -12.24 1 1 1 1
v 2.56 -0.03 -12.88 1 1 1 1
v 1.92 -0.03 -12.88 1 1 1 1
v 2.56 -0.03 -12.24 1 1 1 1
v 2.56 -0.03 -12.24 1 1 1 1
v 3.2 -0.03 -12.88 1 1 1 1
v 2.56 -0.03 -12.88 1 1 1 1
v 3.2 -0.03 -12.24 1 1 1 1
v 3.2 -0.03 -12.24 1 1 1 1
v 3.84 -0.03 -12.88 1 1 1 1
v 3.2 -0.03 -12.88 1 1 1 1
v 3.84 -0.03 -12.24 1 1 1 1
v 3.84 -0.03 -12.24 1 1 1 1
v 4.48 -0.03 -12.88 1 1 1 1
v 3.84 -0.03 -12.88 1 1 1 1
v 4.48 -0.03 -12.24 1 1 1 1
v 4.48 -0.03 -12.24 1 1 1 1
v 5.12 -0.03 -12.88 1 1 1 1
v 4.48 -0.03 -12.88 1 1 1 1
v 5.12 -0.03 -12.24 1 1 1 1
v 5.12 -0.03 -12.24 1 1 1 1
v 5.76 -0.03 -12.88 1 1 1 1
v 5.12 -0.03 -12.88 1 1 1 1
v 5.76 -0.03 -12.24 1 1 1 1
v 5.76 -0.03 -12.24 1 1 1 1
v 6.4 -0.03 -12.88 1 1 1 1
v 5.76 -0.03 -12.88 1 1 1 1
v 6.4 -0.03 -12.24 1 1 1 1
v 6.4 -0.03 -12.24 1 1 1 1
v 7.04 -0.03 -12.88 1 1 1 1
v 6.4 -0.03 -12.88 1 1 1 1
v 7.04 -0.03 -12.24 1 1 1 1
v 7.04 -0.03 -12.24 1 1 1 1
v 7.68 -0.03 -12.88 1 1 1 1
v 7.04 -0.03 -12.88 1 1 1 1
v 7.68 -0.03 -12.24 1 1 1 1
v 7.68 -0.03 -12.24 1 1 1 1
v 8.32 -0.03 -12.88 1 1 1 1
v 7.68 -0.03 -12.88 1 1 1 1
v 8.32 -0.03 -12.24 1 1 1 1
v -8.96 -0.03 -0.72 1 1 1 1
v -9.6 -0.03 -0.08 1 1 1 1
v -8.96 -0.03 -0.08 1 1 1 1
v -9.6 -0.03 -0.72 1 1 1 1
v -8.96 -0.03 -1.36 1 1 1 1
v -9.6 -0.03 -0.72 1 1 1 1
v -8.96 -0.03 -0.72 1 1 1 1
v -9.6 -0.03 -1.36 1 1 1 1
v -8.96 -0.03 -2 1 1 1 1
v -9.6 -0.03 -1.36 1 1 1 1
v -8.96 -0.03 -1.36 1 1 1 1
v -9.6 -0.03 -2 1 1 1 1
v -8.96 -0.03 -2.64 1 1 1 1
v -9.6 -0.03 -2 1 1 1 1
v -8.96 -0.03 -2 1 1 1 1
v -9.6 -0.03 -2.64 1 1 1 1
v -8.96 -0.03 -3.2800000000000002 1 1 1 1
v -9.6 -0.03 -2.64 1 1 1 1
v -8.96 -0.03 -2.64 1 1 1 1
v -9.6 -0.03 -3.2800000000000002 1 1 1 1
v -8.96 -0.03 -3.92 1 1 1 1
v -9.6 -0.03 -3.2800000000000002 1 1 1 1
v -8.96 -0.03 -3.2800000000000002 1 1 1 1
v -9.6 -0.03 -3.92 1 1 1 1
v -8.96 -0.03 -4.5600000000000005 1 1 1 1
v -9.6 -0.03 -3.92 1 1 1 1
v -8.96 -0.03 -3.92 1 1 1 1
v -9.6 -0.03 -4.5600000000000005 1 1 1 1
v -8.96 -0.03 -5.2 1 1 1 1
v -9.6 -0.03 -4.5600000000000005 1 1 1 1
v -8.96 -0.03 -4.5600000000000005 1 1 1 1
v -9.6 -0.03 -5.2 1 1 1 1
v -8.96 -0.03 -5.84 1 1 1 1
v -9.6 -0.03 -5.2 1 1 1 1
v -8.96 -0.03 -5.2 1 1 1 1
v -9.6 -0.03 -5.84 1 1 1 1
v -8.96 -0.03 -6.48 1 1 1 1
v -9.6 -0.03 -5.84 1 1 1 1
v -8.96 -0.03 -5.84 1 1 1 1
v -9.6 -0.03 -6.48 1 1 1 1
v -8.96 -0.03 -7.12 1 1 1 1
v -9.6 -0.03 -6.48 1 1 1 1
v -8.96 -0.03 -6.48 1 1 1 1
v -9.6 -0.03 -7.12 1 1 1 1
v -8.96 -0.03 -7.76 1 1 1 1
v -9.6 -0.03 -7.12 1 1 1 1
v -8.96 -0.03 -7.12 1 1 1 1
v -9.6 -0.03 -7.76 1 1 1 1
v -8.96 -0.03 -8.4 1 1 1 1
v -9.6 -0.03 -7.76 1 1 1 1
v -8.96 -0.03 -7.76 1 1 1 1
v -9.6 -0.03 -8.4 1 1 1 1
v -8.96 -0.03 -9.040000000000001 1 1 1 1
v -9.6 -0.03 -8.4 1 1 1 1
v -8.96 -0.03 -8.4 1 1 1 1
v -9.6 -0.03 -9.040000000000001 1 1 1 1
v -8.96 -0.03 -9.68 1 1 1 1
v -9.6 -0.03 -9.040000000000001 1 1 1 1
v -8.96 -0.03 -9.040000000000001 1 1 1 1
v -9.6 -0.03 -9.68 1 1 1 1
v -8.96 -0.03 -10.32 1 1 1 1
v -9.6 -0.03 -9.68 1 1 1 1
v -8.96 -0.03 -9.68 1 1 1 1
v -9.6 -0.03 -10.32 1 1 1 1
v -8.96 -0.03 -10.96 1 1 1 1
v -9.6 -0.03 -10.32 1 1 1 1
v -8.96 -0.03 -10.32 1 1 1 1
v -9.6 -0.03 -10.96 1 1 1 1
v -8.96 -0.03 -11.6 1 1 1 1
v -9.6 -0.03 -10.96 1 1 1 1
v -8.96 -0.03 -10.96 1 1 1 1
v -9.6 -0.03 -11.6 1 1 1 1
v -8.96 -0.03 -12.24 1 1 1 1
v -9.6 -0.03 -11.6 1 1 1 1
v -8.96 -0.03 -11.6 1 1 1 1
v -9.6 -0.03 -12.24 1 1 1 1
v -8.96 -0.03 -12.88 1 1 1 1
v -9.6 -0.03 -12.24 1 1 1 1
v -8.96 -0.03 -12.24 1 1 1 1
v -9.6 -0.03 -12.88 1 1 1 1
v -8.96 -0.03 -13.52 1 1 1 1
v -9.6 -0.03 -12.88 1 1 1 1
v -8.96 -0.03 -12.88 1 1 1 1
v -9.6 -0.03 -13.52 1 1 1 1
v -8.96 -0.03 -14.16 1 1 1 1
v -9.6 -0.03 -13.52 1 1 1 1
v -8.96 -0.03 -13.52 1 1 1 1
v -9.6 -0.03 -14.16 1 1 1 1
v -8.96 -0.03 -14.8 1 1 1 1
v -9.6 -0.03 -14.16 1 1 1 1
v -8.96 -0.03 -14.16 1 1 1 1
v -9.6 -0.03 -14.8 1 1 1 1
v -8.96 -0.03 -15.44 1 1 1 1
v -9.6 -0.03 -14.8 1 1 1 1
v -8.96 -0.03 -14.8 1 1 1 1
v -9.6 -0.03 -15.44 1 1 1 1
v -8.96 -0.03 -16.080000000000002 1 1 1 1
v -9.6 -0.03 -15.44 1 1 1 1
v -8.96 -0.03 -15.44 1 1 1 1
v -9.6 -0.03 -16.080000000000002 1 1 1 1
v 3.48 1.08 -8.34 1 1 1 1
v 4.44 1.08 -8.82 1 1 1 1
v 3.48 1.08 -8.82 1 1 1 1
v 4.44 1.08 -8.34 1 1 1 1
v 2.52 1.08 -8.34 1 1 1 1
v 3.48 1.08 -8.82 1 1 1 1
v 2.52 1.08 -8.82 1 1 1 1
v 3.48 1.08 -8.34 1 1 1 1
v 6.36 1.08 -8.34 1 1 1 1
v 7.32 1.08 -8.82 1 1 1 1
v 6.36 1.08 -8.82 1 1 1 1
v 7.32 1.08 -8.34 1 1 1 1
v 5.4 1.08 -8.34 1 1 1 1
v 6.36 1.08 -8.82 1 1 1 1
v 5.4 1.08 -8.82 1 1 1 1
v 6.36 1.08 -8.34 1 1 1 1
v 4.44 1.08 -8.34 1 1 1 1
v 5.4 1.08 -8.82 1 1 1 1
v 4.44 1.08 -8.82 1 1 1 1
v 5.4 1.08 -8.34 1 1 1 1
v 7.32 1.08 -8.82 1 1 1 1
v 6.84 1.08 -9.78 1 1 1 1
v 6.84 1.08 -8.82 1 1 1 1
v 7.32 1.08 -9.78 1 1 1 1
v 7.32 1.08 -9.78 1 1 1 1
v 6.84 1.08 -10.74 1 1 1 1
v 6.84 1.08 -9.78 1 1 1 1
v 7.32 1.08 -10.74 1 1 1 1
v 6.36 -0.04 -8.82 1 1 1 1
v 7.32 1.08 -8.82 1 1 1 1
v 7.32 -0.04 -8.82 1 1 1 1
v 6.36 1.08 -8.82 1 1 1 1
v 7.32 -0.04 -8.82 1 1 1 1
v 7.32 1.08 -8.34 1 1 1 1
v 7.32 -0.04 -8.34 1 1 1 1
v 7.32 1.08 -8.82 1 1 1 1
v 7.32 -0.04 -8.34 1 1 1 1
v 6.36 1.08 -8.34 1 1 1 1
v 6.36 -0.04 -8.34 1 1 1 1
v 7.32 1.08 -8.34 1 1 1 1
v 4.44 -0.04 -8.82 1 1 1 1
v 5.4 1.08 -8.82 1 1 1 1
v 5.4 -0.04 -8.82 1 1 1 1
v 4.44 1.08 -8.82 1 1 1 1
v 5.4 -0.04 -8.34 1 1 1 1
v 4.44 1.08 -8.34 1 1 1 1
v 4.44 -0.04 -8.34 1 1 1 1
v 5.4 1.08 -8.34 1 1 1 1
v 6.84 -0.04 -9.78 1 1 1 1
v 6.84 1.08 -10.74 1 1 1 1
v 6.84 -0.04 -10.74 1 1 1 1
v 6.84 1.08 -9.78 1 1 1 1
v 6.84 -0.04 -10.74 1 1 1 1
v 7.32 1.08 -10.74 1 1 1 1
v 7.32 -0.04 -10.74 1 1 1 1
v 6.84 1.08 -10.74 1 1 1 1
v 7.32 -0.04 -10.74 1 1 1 1
v 7.32 1.08 -9.78 1 1 1 1
v 7.32 -0.04 -9.78 1 1 1 1
v 7.32 1.08 -10.74 1 1 1 1
v 7.32 -0.04 -8.82 1 1 1 1
v 6.84 1.08 -8.82 1 1 1 1
v 6.84 -0.04 -8.82 1 1 1 1
v 7.32 1.08 -8.82 1 1 1 1
v 6.84 -0.04 -8.82 1 1 1 1
v 6.84 1.08 -9.78 1 1 1 1
v 6.84 -0.04 -9.78 1 1 1 1
v 6.84 1.08 -8.82 1 1 1 1
v 7.32 -0.04 -9.78 1 1 1 1
v 7.32 1.08 -8.82 1 1 1 1
v 7.32 -0.04 -8.82 1 1 1 1
v 7.32 1.08 -9.78 1 1 1 1
v 5.4 -0.04 -8.82 1 1 1 1
v 6.36 1.08 -8.82 1 1 1 1
v 6.36 -0.04 -8.82 1 1 1 1
v 5.4 1.08 -8.82 1 1 1 1
v 6.36 -0.04 -8.34 1 1 1 1
v 5.4 1.08 -8.34 1 1 1 1
v 5.4 -0.04 -8.34 1 1 1 1
v 6.36 1.08 -8.34 1 1 1 1
v 3.48 -0.04 -8.82 1 1 1 1
v 4.44 1.08 -8.82 1 1 1 1
v 4.44 -0.04 -8.82 1 1 1 1
v 3.48 1.08 -8.82 1 1 1 1
v 4.44 -0.04 -8.34 1 1 1 1
v 3.48 1.08 -8.34 1 1 1 1
v 3.48 -0.04 -8.34 1 1 1 1
v 4.44 1.08 -8.34 1 1 1 1
v 2.52 -0.04 -8.34 1 1 1 1
v 2.52 1.08 -8.82 1 1 1 1
v 2.52 -0.04 -8.82 1 1 1 1
v 2.52 1.08 -8.34 1 1 1 1
v 2.52 -0.04 -8.82 1 1 1 1
v 3.48 1.08 -8.82 1 1 1 1
v 3.48 -0.04 -8.82 1 1 1 1
v 2.52 1.08 -8.82 1 1 1 1
v 3.48 -0.04 -8.34 1 1 1 1
v 2.52 1.08 -8.34 1 1 1 1
v 2.52 -0.04 -8.34 1 1 1 1
v 3.48 1.08 -8.34 1 1 1 1
v -4.0600000000000005 -0.02 -9.34 1 1 1 1
v -3.2600000000000002 1.26 -9.33992431640625 1 1 1 1
v -4.0600000000000005 1.26 -9.34 1 1 1 1
v -3.2600000000000002 -0.02 -9.33992431640625 1 1 1 1
v -5.66 -0.02 -9.3401513671875 1 1 1 1
v -4.86 1.26 -9.340075683593751 1 1 1 1
v -5.66 1.26 -9.3401513671875 1 1 1 1
v -4.86 -0.02 -9.340075683593751 1 1 1 1
v -4.86 -0.02 -9.340075683593751 1 1 1 1
v -4.0600000000000005 1.26 -9.34 1 1 1 1
v -4.86 1.26 -9.340075683593751 1 1 1 1
v -4.0600000000000005 -0.02 -9.34 1 1 1 1
v -3.2600000000000002 -0.02 -9.33992431640625 1 1 1 1
v -2.46 1.26 -9.339848632812501 1 1 1 1
v -3.2600000000000002 1.26 -9.33992431640625 1 1 1 1
v -2.46 -0.02 -9.339848632812501 1 1 1 1
v -3.2600000000000002 1.26 -9.33992431640625 1 1 1 1
v -4.0600000000000005 1.26 -9.38 1 1 1 1
v -4.0600000000000005 1.26 -9.34 1 1 1 1
v -3.2600000000000002 1.26 -9.38 1 1 1 1
v -4.0600000000000005 1.26 -9.34 1 1 1 1
v -4.86 1.26 -9.38 1 1 1 1
v -4.86 1.26 -9.340075683593751 1 1 1 1
v -4.0600000000000005 1.26 -9.38 1 1 1 1
v -5.66 1.26 -9.3401513671875 1 1 1 1
v -5.66 -0.02 -9.38 1 1 1 1
v -5.66 -0.02 -9.3401513671875 1 1 1 1
v -5.66 1.26 -9.38 1 1 1 1
v -4.86 1.26 -9.340075683593751 1 1 1 1
v -5.66 1.26 -9.38 1 1 1 1
v -5.66 1.26 -9.3401513671875 1 1 1 1
v -4.86 1.26 -9.38 1 1 1 1
v -3.2600000000000002 -0.02 -9.33992431640625 1 1 1 1
v -2.46 -0.02 -9.38 1 1 1 1
v -2.46 -0.02 -9.339848632812501 1 1 1 1
v -3.2600000000000002 -0.02 -9.38 1 1 1 1
v -2.46 1.26 -9.339848632812501 1 1 1 1
v -3.2600000000000002 1.26 -9.38 1 1 1 1
v -3.2600000000000002 1.26 -9.33992431640625 1 1 1 1
v -2.46 1.26 -9.38 1 1 1 1
v -2.46 -0.02 -9.339848632812501 1 1 1 1
v -2.46 1.26 -9.38 1 1 1 1
v -2.46 1.26 -9.339848632812501 1 1 1 1
v -2.46 -0.02 -9.38 1 1 1 1
v -4.86 -0.02 -9.38 1 1 1 1
v -5.66 1.26 -9.38 1 1 1 1
v -4.86 1.26 -9.38 1 1 1 1
v -5.66 -0.02 -9.38 1 1 1 1
v -3.2600000000000002 -0.02 -9.38 1 1 1 1
v -4.0600000000000005 1.26 -9.38 1 1 1 1
v -3.2600000000000002 1.26 -9.38 1 1 1 1
v -4.0600000000000005 -0.02 -9.38 1 1 1 1
v -2.46 -0.02 -9.38 1 1 1 1
v -3.2600000000000002 1.26 -9.38 1 1 1 1
v -2.46 1.26 -9.38 1 1 1 1
v -3.2600000000000002 -0.02 -9.38 1 1 1 1
v -4.0600000000000005 -0.02 -9.38 1 1 1 1
v -4.86 1.26 -9.38 1 1 1 1
v -4.0600000000000005 1.26 -9.38 1 1 1 1
v -4.86 -0.02 -9.38 1 1 1 1
v -2.72 -0.02 -4.83 1 1 1 1
v -1.92 1.26 -4.82992431640625 1 1 1 1
v -2.72 1.26 -4.83 1 1 1 1
v -1.92 -0.02 -4.82992431640625 1 1 1 1
v -4.32 -0.02 -4.8301513671875 1 1 1 1
v -3.52 1.26 -4.83007568359375 1 1 1 1
v -4.32 1.26 -4.8301513671875 1 1 1 1
v -3.52 -0.02 -4.83007568359375 1 1 1 1
v -3.52 -0.02 -4.83007568359375 1 1 1 1
v -2.72 1.26 -4.83 1 1 1 1
v -3.52 1.26 -4.83007568359375 1 1 1 1
v -2.72 -0.02 -4.83 1 1 1 1
v -1.92 -0.02 -4.82992431640625 1 1 1 1
v -1.12 1.26 -4.8298486328125 1 1 1 1
v -1.92 1.26 -4.82992431640625 1 1 1 1
v -1.12 -0.02 -4.8298486328125 1 1 1 1
v -1.92 1.26 -4.82992431640625 1 1 1 1
v -2.72 1.26 -4.87 1 1 1 1
v -2.72 1.26 -4.83 1 1 1 1
v -1.92 1.26 -4.87 1 1 1 1
v -2.72 1.26 -4.83 1 1 1 1
v -3.52 1.26 -4.87 1 1 1 1
v -3.52 1.26 -4.83007568359375 1 1 1 1
v -2.72 1.26 -4.87 1 1 1 1
v -4.32 1.26 -4.8301513671875 1 1 1 1
v -4.32 -0.02 -4.87 1 1 1 1
v -4.32 -0.02 -4.8301513671875 1 1 1 1
v -4.32 1.26 -4.87 1 1 1 1
v -3.52 1.26 -4.83007568359375 1 1 1 1
v -4.32 1.26 -4.87 1 1 1 1
v -4.32 1.26 -4.8301513671875 1 1 1 1
v -3.52 1.26 -4.87 1 1 1 1
v -1.92 -0.02 -4.82992431640625 1 1 1 1
v -1.12 -0.02 -4.87 1 1 1 1
v -1.12 -0.02 -4.8298486328125 1 1 1 1
v -1.92 -0.02 -4.87 1 1 1 1
v -1.12 1.26 -4.8298486328125 1 1 1 1
v -1.92 1.26 -4.87 1 1 1 1
v -1.92 1.26 -4.82992431640625 1 1 1 1
v -1.12 1.26 -4.87 1 1 1 1
v -1.12 -0.02 -4.8298486328125 1 1 1 1
v -1.12 1.26 -4.87 1 1 1 1
v -1.12 1.26 -4.8298486328125 1 1 1 1
v -1.12 -0.02 -4.87 1 1 1 1
v -3.52 -0.02 -4.87 1 1 1 1
v -4.32 1.26 -4.87 1 1 1 1
v -3.52 1.26 -4.87 1 1 1 1
v -4.32 -0.02 -4.87 1 1 1 1
v -1.92 -0.02 -4.87 1 1 1 1
v -2.72 1.26 -4.87 1 1 1 1
v -1.92 1.26 -4.87 1 1 1 1
v -2.72 -0.02 -4.87 1 1 1 1
v -1.12 -0.02 -4.87 1 1 1 1
v -1.92 1.26 -4.87 1 1 1 1
v -1.12 1.26 -4.87 1 1 1 1
v -1.92 -0.02 -4.87 1 1 1 1
v -2.72 -0.02 -4.87 1 1 1 1
v -3.52 1.26 -4.87 1 1 1 1
v -2.72 1.26 -4.87 1 1 1 1
v -3.52 -0.02 -4.87 1 1 1 1
v 5.72 -0.03 -11.56 1 1 1 1
v 6.5200000000000005 1.25 -11.559924316406251 1 1 1 1
v 5.72 1.25 -11.56 1 1 1 1
v 6.5200000000000005 -0.03 -11.559924316406251 1 1 1 1
v 4.12 -0.03 -11.5601513671875 1 1 1 1
v 4.92 1.25 -11.56007568359375 1 1 1 1
v 4.12 1.25 -11.5601513671875 1 1 1 1
v 4.92 -0.03 -11.56007568359375 1 1 1 1
v 4.92 -0.03 -11.56007568359375 1 1 1 1
v 5.72 1.25 -11.56 1 1 1 1
v 4.92 1.25 -11.56007568359375 1 1 1 1
v 5.72 -0.03 -11.56 1 1 1 1
v 6.5200000000000005 -0.03 -11.559924316406251 1 1 1 1
v 7.32 1.25 -11.5598486328125 1 1 1 1
v 6.5200000000000005 1.25 -11.559924316406251 1 1 1 1
v 7.32 -0.03 -11.5598486328125 1 1 1 1
v 6.5200000000000005 1.25 -11.559924316406251 1 1 1 1
v 5.72 1.25 -11.6 1 1 1 1
v 5.72 1.25 -11.56 1 1 1 1
v 6.5200000000000005 1.25 -11.6 1 1 1 1
v 5.72 1.25 -11.56 1 1 1 1
v 4.92 1.25 -11.6 1 1 1 1
v 4.92 1.25 -11.56007568359375 1 1 1 1
v 5.72 1.25 -11.6 1 1 1 1
v 4.12 1.25 -11.5601513671875 1 1 1 1
v 4.12 -0.03 -11.6 1 1 1 1
v 4.12 -0.03 -11.5601513671875 1 1 1 1
v 4.12 1.25 -11.6 1 1 1 1
v 4.92 1.25 -11.56007568359375 1 1 1 1
v 4.12 1.25 -11.6 1 1 1 1
v 4.12 1.25 -11.5601513671875 1 1 1 1
v 4.92 1.25 -11.6 1 1 1 1
v 6.5200000000000005 -0.03 -11.559924316406251 1 1 1 1
v 7.32 -0.03 -11.6 1 1 1 1
v 7.32 -0.03 -11.5598486328125 1 1 1 1
v 6.5200000000000005 -0.03 -11.6 1 1 1 1
v 7.32 1.25 -11.5598486328125 1 1 1 1
v 6.5200000000000005 1.25 -11.6 1 1 1 1
v 6.5200000000000005 1.25 -11.559924316406251 1 1 1 1
v 7.32 1.25 -11.6 1 1 1 1
v 7.32 -0.03 -11.5598486328125 1 1 1 1
v 7.32 1.25 -11.6 1 1 1 1
v 7.32 1.25 -11.5598486328125 1 1 1 1
v 7.32 -0.03 -11.6 1 1 1 1
v 4.92 -0.03 -11.6 1 1 1 1
v 4.12 1.25 -11.6 1 1 1 1
v 4.92 1.25 -11.6 1 1 1 1
v 4.12 -0.03 -11.6 1 1 1 1
v 6.5200000000000005 -0.03 -11.6 1 1 1 1
v 5.72 1.25 -11.6 1 1 1 1
v 6.5200000000000005 1.25 -11.6 1 1 1 1
v 5.72 -0.03 -11.6 1 1 1 1
v 7.32 -0.03 -11.6 1 1 1 1
v 6.5200000000000005 1.25 -11.6 1 1 1 1
v 7.32 1.25 -11.6 1 1 1 1
v 6.5200000000000005 -0.03 -11.6 1 1 1 1
v 5.72 -0.03 -11.6 1 1 1 1
v 4.92 1.25 -11.6 1 1 1 1
v 5.72 1.25 -11.6 1 1 1 1
v 4.92 -0.03 -11.6 1 1 1 1
v 1.27 1.09 -4.67 1 1 1 1
v 2.23 1.09 -5.15 1 1 1 1
v 1.27 1.09 -5.15 1 1 1 1
v 2.23 1.09 -4.67 1 1 1 1
v 2.23 1.09 -4.67 1 1 1 1
v 3.19 1.09 -5.15 1 1 1 1
v 2.23 1.09 -5.15 1 1 1 1
v 3.19 1.09 -4.67 1 1 1 1
v 3.19 1.09 -4.67 1 1 1 1
v 4.15 1.09 -5.15 1 1 1 1
v 3.19 1.09 -5.15 1 1 1 1
v 4.15 1.09 -4.67 1 1 1 1
v 4.15 1.09 -4.67 1 1 1 1
v 5.11 1.09 -5.15 1 1 1 1
v 4.15 1.09 -5.15 1 1 1 1
v 5.11 1.09 -4.67 1 1 1 1
v 5.11 1.09 -4.67 1 1 1 1
v 6.07 1.09 -5.15 1 1 1 1
v 5.11 1.09 -5.15 1 1 1 1
v 6.07 1.09 -4.67 1 1 1 1
v 6.07 1.09 -4.67 1 1 1 1
v 7.03 1.09 -5.15 1 1 1 1
v 6.07 1.09 -5.15 1 1 1 1
v 7.03 1.09 -4.67 1 1 1 1
v 7.03 1.09 -4.67 1 1 1 1
v 7.99 1.09 -5.15 1 1 1 1
v 7.03 1.09 -5.15 1 1 1 1
v 7.99 1.09 -4.67 1 1 1 1
v 7.99 1.09 -4.67 1 1 1 1
v 8.950000000000001 1.09 -5.15 1 1 1 1
v 7.99 1.09 -5.15 1 1 1 1
v 8.950000000000001 1.09 -4.67 1 1 1 1
v 8.950000000000001 1.09 -4.67 1 1 1 1
v 9.91 1.09 -5.15 1 1 1 1
v 8.950000000000001 1.09 -5.15 1 1 1 1
v 9.91 1.09 -4.67 1 1 1 1
v 1.27 -0.03 -4.67 1 1 1 1
v 1.27 1.09 -5.15 1 1 1 1
v 1.27 -0.03 -5.15 1 1 1 1
v 1.27 1.09 -4.67 1 1 1 1
v 1.27 -0.03 -5.15 1 1 1 1
v 2.23 1.09 -5.15 1 1 1 1
v 2.23 -0.03 -5.15 1 1 1 1
v 1.27 1.09 -5.15 1 1 1 1
v 2.23 -0.03 -4.67 1 1 1 1
v 1.27 1.09 -4.67 1 1 1 1
v 1.27 -0.03 -4.67 1 1 1 1
v 2.23 1.09 -4.67 1 1 1 1
v 2.23 -0.03 -5.15 1 1 1 1
v 3.19 1.09 -5.15 1 1 1 1
v 3.19 -0.03 -5.15 1 1 1 1
v 2.23 1.09 -5.15 1 1 1 1
v 3.19 -0.03 -4.67 1 1 1 1
v 2.23 1.09 -4.67 1 1 1 1
v 2.23 -0.03 -4.67 1 1 1 1
v 3.19 1.09 -4.67 1 1 1 1
v 3.19 -0.03 -5.15 1 1 1 1
v 4.15 1.09 -5.15 1 1 1 1
v 4.15 -0.03 -5.15 1 1 1 1
v 3.19 1.09 -5.15 1 1 1 1
v 4.15 -0.03 -4.67 1 1 1 1
v 3.19 1.09 -4.67 1 1 1 1
v 3.19 -0.03 -4.67 1 1 1 1
v 4.15 1.09 -4.67 1 1 1 1
v 4.15 -0.03 -5.15 1 1 1 1
v 5.11 1.09 -5.15 1 1 1 1
v 5.11 -0.03 -5.15 1 1 1 1
v 4.15 1.09 -5.15 1 1 1 1
v 5.11 -0.03 -4.67 1 1 1 1
v 4.15 1.09 -4.67 1 1 1 1
v 4.15 -0.03 -4.67 1 1 1 1
v 5.11 1.09 -4.67 1 1 1 1
v 5.11 -0.03 -5.15 1 1 1 1
v 6.07 1.09 -5.15 1 1 1 1
v 6.07 -0.03 -5.15 1 1 1 1
v 5.11 1.09 -5.15 1 1 1 1
v 6.07 -0.03 -4.67 1 1 1 1
v 5.11 1.09 -4.67 1 1 1 1
v 5.11 -0.03 -4.67 1 1 1 1
v 6.07 1.09 -4.67 1 1 1 1
v 6.07 -0.03 -5.15 1 1 1 1
v 7.03 1.09 -5.15 1 1 1 1
v 7.03 -0.03 -5.15 1 1 1 1
v 6.07 1.09 -5.15 1 1 1 1
v 7.03 -0.03 -4.67 1 1 1 1
v 6.07 1.09 -4.67 1 1 1 1
v 6.07 -0.03 -4.67 1 1 1 1
v 7.03 1.09 -4.67 1 1 1 1
v 7.03 -0.03 -5.15 1 1 1 1
v 7.99 1.09 -5.15 1 1 1 1
v 7.99 -0.03 -5.15 1 1 1 1
v 7.03 1.09 -5.15 1 1 1 1
v 7.99 -0.03 -4.67 1 1 1 1
v 7.03 1.09 -4.67 1 1 1 1
v 7.03 -0.03 -4.67 1 1 1 1
v 7.99 1.09 -4.67 1 1 1 1
v 7.99 -0.03 -5.15 1 1 1 1
v 8.950000000000001 1.09 -5.15 1 1 1 1
v 8.950000000000001 -0.03 -5.15 1 1 1 1
v 7.99 1.09 -5.15 1 1 1 1
v 8.950000000000001 -0.03 -4.67 1 1 1 1
v 7.99 1.09 -4.67 1 1 1 1
v 7.99 -0.03 -4.67 1 1 1 1
v 8.950000000000001 1.09 -4.67 1 1 1 1
v 8.950000000000001 -0.03 -5.15 1 1 1 1
v 9.91 1.09 -5.15 1 1 1 1
v 9.91 -0.03 -5.15 1 1 1 1
v 8.950000000000001 1.09 -5.15 1 1 1 1
v 9.91 -0.03 -5.15 1 1 1 1
v 9.91 1.09 -4.67 1 1 1 1
v 9.91 -0.03 -4.67 1 1 1 1
v 9.91 1.09 -5.15 1 1 1 1
v 9.91 -0.03 -4.67 1 1 1 1
v 8.950000000000001 1.09 -4.67 1 1 1 1
v 8.950000000000001 -0.03 -4.67 1 1 1 1
v 9.91 1.09 -4.67 1 1 1 1
v 10.88 2.21 -4.58 1 1 1 1
v 11.52 2.21 -3.62 1 1 1 1
v 11.52 2.21 -4.58 1 1 1 1
v 10.88 2.21 -3.62 1 1 1 1
v 10.88 2.21 -5.54 1 1 1 1
v 11.52 2.21 -4.58 1 1 1 1
v 11.52 2.21 -5.54 1 1 1 1
v 10.88 2.21 -4.58 1 1 1 1
v 10.88 2.21 -6.5 1 1 1 1
v 11.52 2.21 -5.54 1 1 1 1
v 11.52 2.21 -6.5 1 1 1 1
v 10.88 2.21 -5.54 1 1 1 1
v 10.88 2.21 -16.1 1 1 1 1
v 11.52 2.21 -15.14 1 1 1 1
v 11.52 2.21 -16.1 1 1 1 1
v 10.88 2.21 -15.14 1 1 1 1
v 10.88 2.21 -15.14 1 1 1 1
v 11.52 2.21 -14.18 1 1 1 1
v 11.52 2.21 -15.14 1 1 1 1
v 10.88 2.21 -14.18 1 1 1 1
v 10.88 2.21 -14.18 1 1 1 1
v 11.52 2.21 -13.22 1 1 1 1
v 11.52 2.21 -14.18 1 1 1 1
v 10.88 2.21 -13.22 1 1 1 1
v 10.88 2.21 -13.22 1 1 1 1
v 11.52 2.21 -12.26 1 1 1 1
v 11.52 2.21 -13.22 1 1 1 1
v 10.88 2.21 -12.26 1 1 1 1
v 10.88 2.21 -12.26 1 1 1 1
v 11.52 2.21 -11.3 1 1 1 1
v 11.52 2.21 -12.26 1 1 1 1
v 10.88 2.21 -11.3 1 1 1 1
v 10.88 2.21 -11.3 1 1 1 1
v 11.52 2.21 -10.34 1 1 1 1
v 11.52 2.21 -11.3 1 1 1 1
v 10.88 2.21 -10.34 1 1 1 1
v 10.88 2.21 -10.34 1 1 1 1
v 11.52 2.21 -9.38 1 1 1 1
v 11.52 2.21 -10.34 1 1 1 1
v 10.88 2.21 -9.38 1 1 1 1
v 10.88 2.21 -9.38 1 1 1 1
v 11.52 2.21 -8.42 1 1 1 1
v 11.52 2.21 -9.38 1 1 1 1
v 10.88 2.21 -8.42 1 1 1 1
v 10.88 2.21 -8.42 1 1 1 1
v 11.52 2.21 -7.46 1 1 1 1
v 11.52 2.21 -8.42 1 1 1 1
v 10.88 2.21 -7.46 1 1 1 1
v 10.88 2.21 -7.46 1 1 1 1
v 11.52 2.21 -6.5 1 1 1 1
v 11.52 2.21 -7.46 1 1 1 1
v 10.88 2.21 -6.5 1 1 1 1
v 10.88 2.21 -3.62 1 1 1 1
v 11.52 2.21 -2.66 1 1 1 1
v 11.52 2.21 -3.62 1 1 1 1
v 10.88 2.21 -2.66 1 1 1 1
v 10.88 2.21 -2.66 1 1 1 1
v 11.52 2.21 -1.7 1 1 1 1
v 11.52 2.21 -2.66 1 1 1 1
v 10.88 2.21 -1.7 1 1 1 1
v 10.88 2.21 -1.7 1 1 1 1
v 11.52 2.21 -0.74 1 1 1 1
v 11.52 2.21 -1.7 1 1 1 1
v 10.88 2.21 -0.74 1 1 1 1
v 10.88 2.21 -0.74 1 1 1 1
v 11.52 2.21 0.22 1 1 1 1
v 11.52 2.21 -0.74 1 1 1 1
v 10.88 2.21 0.22 1 1 1 1
v 11.52 -0.03 -0.74 1 1 1 1
v 11.52 2.21 0.22 1 1 1 1
v 11.52 -0.03 0.22 1 1 1 1
v 11.52 2.21 -0.74 1 1 1 1
v 11.52 -0.03 0.22 1 1 1 1
v 10.88 2.21 0.22 1 1 1 1
v 10.88 -0.03 0.22 1 1 1 1
v 11.52 2.21 0.22 1 1 1 1
v 10.88 -0.03 0.22 1 1 1 1
v 10.88 2.21 -0.74 1 1 1 1
v 10.88 -0.03 -0.74 1 1 1 1
v 10.88 2.21 0.22 1 1 1 1
v 11.52 -0.03 -7.46 1 1 1 1
v 11.52 2.21 -6.5 1 1 1 1
v 11.52 -0.03 -6.5 1 1 1 1
v 11.52 2.21 -7.46 1 1 1 1
v 10.88 -0.03 -6.5 1 1 1 1
v 10.88 2.21 -7.46 1 1 1 1
v 10.88 -0.03 -7.46 1 1 1 1
v 10.88 2.21 -6.5 1 1 1 1
v 11.52 -0.03 -6.5 1 1 1 1
v 11.52 2.21 -5.54 1 1 1 1
v 11.52 -0.03 -5.54 1 1 1 1
v 11.52 2.21 -6.5 1 1 1 1
v 10.88 -0.03 -5.54 1 1 1 1
v 10.88 2.21 -6.5 1 1 1 1
v 10.88 -0.03 -6.5 1 1 1 1
v 10.88 2.21 -5.54 1 1 1 1
v 11.52 -0.03 -5.54 1 1 1 1
v 11.52 2.21 -4.58 1 1 1 1
v 11.52 -0.03 -4.58 1 1 1 1
v 11.52 2.21 -5.54 1 1 1 1
v 10.88 -0.03 -4.58 1 1 1 1
v 10.88 2.21 -5.54 1 1 1 1
v 10.88 -0.03 -5.54 1 1 1 1
v 10.88 2.21 -4.58 1 1 1 1
v 11.52 -0.03 -4.58 1 1 1 1
v 11.52 2.21 -3.62 1 1 1 1
v 11.52 -0.03 -3.62 1 1 1 1
v 11.52 2.21 -4.58 1 1 1 1
v 10.88 -0.03 -3.62 1 1 1 1
v 10.88 2.21 -4.58 1 1 1 1
v 10.88 -0.03 -4.58 1 1 1 1
v 10.88 2.21 -3.62 1 1 1 1
v 11.52 -0.03 -3.62 1 1 1 1
v 11.52 2.21 -2.66 1 1 1 1
v 11.52 -0.03 -2.66 1 1 1 1
v 11.52 2.21 -3.62 1 1 1 1
v 10.88 -0.03 -2.66 1 1 1 1
v 10.88 2.21 -3.62 1 1 1 1
v 10.88 -0.03 -3.62 1 1 1 1
v 10.88 2.21 -2.66 1 1 1 1
v 11.52 -0.03 -2.66 1 1 1 1
v 11.52 2.21 -1.7 1 1 1 1
v 11.52 -0.03 -1.7 1 1 1 1
v 11.52 2.21 -2.66 1 1 1 1
v 10.88 -0.03 -1.7 1 1 1 1
v 10.88 2.21 -2.66 1 1 1 1
v 10.88 -0.03 -2.66 1 1 1 1
v 10.88 2.21 -1.7 1 1 1 1
v 11.52 -0.03 -1.7 1 1 1 1
v 11.52 2.21 -0.74 1 1 1 1
v 11.52 -0.03 -0.74 1 1 1 1
v 11.52 2.21 -1.7 1 1 1 1
v 10.88 -0.03 -0.74 1 1 1 1
v 10.88 2.21 -1.7 1 1 1 1
v 10.88 -0.03 -1.7 1 1 1 1
v 10.88 2.21 -0.74 1 1 1 1
v 11.52 -0.03 -15.14 1 1 1 1
v 11.52 2.21 -14.18 1 1 1 1
v 11.52 -0.03 -14.18 1 1 1 1
v 11.52 2.21 -15.14 1 1 1 1
v 10.88 -0.03 -14.18 1 1 1 1
v 10.88 2.21 -15.14 1 1 1 1
v 10.88 -0.03 -15.14 1 1 1 1
v 10.88 2.21 -14.18 1 1 1 1
v 11.52 -0.03 -14.18 1 1 1 1
v 11.52 2.21 -13.22 1 1 1 1
v 11.52 -0.03 -13.22 1 1 1 1
v 11.52 2.21 -14.18 1 1 1 1
v 10.88 -0.03 -13.22 1 1 1 1
v 10.88 2.21 -14.18 1 1 1 1
v 10.88 -0.03 -14.18 1 1 1 1
v 10.88 2.21 -13.22 1 1 1 1
v 11.52 -0.03 -13.22 1 1 1 1
v 11.52 2.21 -12.26 1 1 1 1
v 11.52 -0.03 -12.26 1 1 1 1
v 11.52 2.21 -13.22 1 1 1 1
v 10.88 -0.03 -12.26 1 1 1 1
v 10.88 2.21 -13.22 1 1 1 1
v 10.88 -0.03 -13.22 1 1 1 1
v 10.88 2.21 -12.26 1 1 1 1
v 11.52 -0.03 -12.26 1 1 1 1
v 11.52 2.21 -11.3 1 1 1 1
v 11.52 -0.03 -11.3 1 1 1 1
v 11.52 2.21 -12.26 1 1 1 1
v 10.88 -0.03 -11.3 1 1 1 1
v 10.88 2.21 -12.26 1 1 1 1
v 10.88 -0.03 -12.26 1 1 1 1
v 10.88 2.21 -11.3 1 1 1 1
v 11.52 -0.03 -11.3 1 1 1 1
v 11.52 2.21 -10.34 1 1 1 1
v 11.52 -0.03 -10.34 1 1 1 1
v 11.52 2.21 -11.3 1 1 1 1
v 10.88 -0.03 -10.34 1 1 1 1
v 10.88 2.21 -11.3 1 1 1 1
v 10.88 -0.03 -11.3 1 1 1 1
v 10.88 2.21 -10.34 1 1 1 1
v 11.52 -0.03 -10.34 1 1 1 1
v 11.52 2.21 -9.38 1 1 1 1
v 11.52 -0.03 -9.38 1 1 1 1
v 11.52 2.21 -10.34 1 1 1 1
v 10.88 -0.03 -9.38 1 1 1 1
v 10.88 2.21 -10.34 1 1 1 1
v 10.88 -0.03 -10.34 1 1 1 1
v 10.88 2.21 -9.38 1 1 1 1
v 11.52 -0.03 -9.38 1 1 1 1
v 11.52 2.21 -8.42 1 1 1 1
v 11.52 -0.03 -8.42 1 1 1 1
v 11.52 2.21 -9.38 1 1 1 1
v 10.88 -0.03 -8.42 1 1 1 1
v 10.88 2.21 -9.38 1 1 1 1
v 10.88 -0.03 -9.38 1 1 1 1
v 10.88 2.21 -8.42 1 1 1 1
v 11.52 -0.03 -8.42 1 1 1 1
v 11.52 2.21 -7.46 1 1 1 1
v 11.52 -0.03 -7.46 1 1 1 1
v 11.52 2.21 -8.42 1 1 1 1
v 10.88 -0.03 -7.46 1 1 1 1
v 10.88 2.21 -8.42 1 1 1 1
v 10.88 -0.03 -8.42 1 1 1 1
v 10.88 2.21 -7.46 1 1 1 1
v 10.88 -0.03 -16.1 1 1 1 1
v 11.52 2.21 -16.1 1 1 1 1
v 11.52 -0.03 -16.1 1 1 1 1
v 10.88 2.21 -16.1 1 1 1 1
v 11.52 -0.03 -16.1 1 1 1 1
v 11.52 2.21 -15.14 1 1 1 1
v 11.52 -0.03 -15.14 1 1 1 1
v 11.52 2.21 -16.1 1 1 1 1
v 10.88 -0.03 -15.14 1 1 1 1
v 10.88 2.21 -16.1 1 1 1 1
v 10.88 -0.03 -16.1 1 1 1 1
v 10.88 2.21 -15.14 1 1 1 1
v 9.28 -0.03 -12.67 1 1 1 1
v 10.08 1.25 -12.66992431640625 1 1 1 1
v 9.28 1.25 -12.67 1 1 1 1
v 10.08 -0.03 -12.66992431640625 1 1 1 1
v 7.68 -0.03 -12.6701513671875 1 1 1 1
v 8.48 1.25 -12.670075683593751 1 1 1 1
v 7.68 1.25 -12.6701513671875 1 1 1 1
v 8.48 -0.03 -12.670075683593751 1 1 1 1
v 8.48 -0.03 -12.670075683593751 1 1 1 1
v 9.28 1.25 -12.67 1 1 1 1
v 8.48 1.25 -12.670075683593751 1 1 1 1
v 9.28 -0.03 -12.67 1 1 1 1
v 10.08 -0.03 -12.66992431640625 1 1 1 1
v 10.88 1.25 -12.669848632812501 1 1 1 1
v 10.08 1.25 -12.66992431640625 1 1 1 1
v 10.88 -0.03 -12.669848632812501 1 1 1 1
v 10.08 1.25 -12.66992431640625 1 1 1 1
v 9.28 1.25 -12.71 1 1 1 1
v 9.28 1.25 -12.67 1 1 1 1
v 10.08 1.25 -12.71 1 1 1 1
v 9.28 1.25 -12.67 1 1 1 1
v 8.48 1.25 -12.71 1 1 1 1
v 8.48 1.25 -12.670075683593751 1 1 1 1
v 9.28 1.25 -12.71 1 1 1 1
v 7.68 1.25 -12.6701513671875 1 1 1 1
v 7.68 -0.03 -12.71 1 1 1 1
v 7.68 -0.03 -12.6701513671875 1 1 1 1
v 7.68 1.25 -12.71 1 1 1 1
v 8.48 1.25 -12.670075683593751 1 1 1 1
v 7.68 1.25 -12.71 1 1 1 1
v 7.68 1.25 -12.6701513671875 1 1 1 1
v 8.48 1.25 -12.71 1 1 1 1
v 10.08 -0.03 -12.66992431640625 1 1 1 1
v 10.88 -0.03 -12.71 1 1 1 1
v 10.88 -0.03 -12.669848632812501 1 1 1 1
v 10.08 -0.03 -12.71 1 1 1 1
v 10.88 1.25 -12.669848632812501 1 1 1 1
v 10.08 1.25 -12.71 1 1 1 1
v 10.08 1.25 -12.66992431640625 1 1 1 1
v 10.88 1.25 -12.71 1 1 1 1
v 10.88 -0.03 -12.669848632812501 1 1 1 1
v 10.88 1.25 -12.71 1 1 1 1
v 10.88 1.25 -12.669848632812501 1 1 1 1
v 10.88 -0.03 -12.71 1 1 1 1
v 8.48 -0.03 -12.71 1 1 1 1
v 7.68 1.25 -12.71 1 1 1 1
v 8.48 1.25 -12.71 1 1 1 1
v 7.68 -0.03 -12.71 1 1 1 1
v 10.08 -0.03 -12.71 1 1 1 1
v 9.28 1.25 -12.71 1 1 1 1
v 10.08 1.25 -12.71 1 1 1 1
v 9.28 -0.03 -12.71 1 1 1 1
v 10.88 -0.03 -12.71 1 1 1 1
v 10.08 1.25 -12.71 1 1 1 1
v 10.88 1.25 -12.71 1 1 1 1
v 10.08 -0.03 -12.71 1 1 1 1
v 9.28 -0.03 -12.71 1 1 1 1
v 8.48 1.25 -12.71 1 1 1 1
v 9.28 1.25 -12.71 1 1 1 1
v 8.48 -0.03 -12.71 1 1 1 1
v 7.8100000000000005 1.09 -11.71 1 1 1 1
v 7.33 1.09 -12.67 1 1 1 1
v 7.33 1.09 -11.71 1 1 1 1
v 7.8100000000000005 1.09 -12.67 1 1 1 1
v 7.8100000000000005 -0.03 -11.71 1 1 1 1
v 7.33 1.09 -11.71 1 1 1 1
v 7.33 -0.03 -11.71 1 1 1 1
v 7.8100000000000005 1.09 -11.71 1 1 1 1
v 7.33 -0.03 -11.71 1 1 1 1
v 7.33 1.09 -12.67 1 1 1 1
v 7.33 -0.03 -12.67 1 1 1 1
v 7.33 1.09 -11.71 1 1 1 1
v 7.33 -0.03 -12.67 1 1 1 1
v 7.8100000000000005 1.09 -12.67 1 1 1 1
v 7.8100000000000005 -0.03 -12.67 1 1 1 1
v 7.33 1.09 -12.67 1 1 1 1
v 7.8100000000000005 -0.03 -12.67 1 1 1 1
v 7.8100000000000005 1.09 -11.71 1 1 1 1
v 7.8100000000000005 -0.03 -11.71 1 1 1 1
v 7.8100000000000005 1.09 -12.67 1 1 1 1
v 9.91 -0.03 -7.07 1 1 1 1
v 9.91 1.09 -6.11 1 1 1 1
v 9.91 -0.03 -6.11 1 1 1 1
v 9.91 1.09 -7.07 1 1 1 1
v 9.43 -0.03 -6.11 1 1 1 1
v 9.43 1.09 -7.07 1 1 1 1
v 9.43 -0.03 -7.07 1 1 1 1
v 9.43 1.09 -6.11 1 1 1 1
v 9.91 -0.03 -6.11 1 1 1 1
v 9.91 1.09 -5.15 1 1 1 1
v 9.91 -0.03 -5.15 1 1 1 1
v 9.91 1.09 -6.11 1 1 1 1
v 9.43 -0.03 -5.15 1 1 1 1
v 9.43 1.09 -6.11 1 1 1 1
v 9.43 -0.03 -6.11 1 1 1 1
v 9.43 1.09 -5.15 1 1 1 1
v 9.91 -0.03 -5.15 1 1 1 1
v 9.43 1.09 -5.15 1 1 1 1
v 9.43 -0.03 -5.15 1 1 1 1
v 9.91 1.09 -5.15 1 1 1 1
v 9.91 1.09 -6.11 1 1 1 1
v 9.43 1.09 -7.07 1 1 1 1
v 9.43 1.09 -6.11 1 1 1 1
v 9.91 1.09 -7.07 1 1 1 1
v 9.91 1.09 -5.15 1 1 1 1
v 9.43 1.09 -6.11 1 1 1 1
v 9.43 1.09 -5.15 1 1 1 1
v 9.91 1.09 -6.11 1 1 1 1
v 9.43 -0.03 -7.07 1 1 1 1
v 9.91 1.09 -7.07 1 1 1 1
v 9.91 -0.03 -7.07 1 1 1 1
v 9.43 1.09 -7.07 1 1 1 1
v 10.88 -0.03 0.56 1 1 1 1
v 9.92 2.21 0.56 1 1 1 1
v 9.92 -0.03 0.56 1 1 1 1
v 10.88 2.21 0.56 1 1 1 1
v 10.88 -0.03 -0.08 1 1 1 1
v 10.88 2.21 0.56 1 1 1 1
v 10.88 -0.03 0.56 1 1 1 1
v 10.88 2.21 -0.08 1 1 1 1
v 8.96 -0.03 -0.08 1 1 1 1
v 9.92 2.21 -0.08 1 1 1 1
v 9.92 -0.03 -0.08 1 1 1 1
v 8.96 2.21 -0.08 1 1 1 1
v 9.92 -0.03 -0.08 1 1 1 1
v 10.88 2.21 -0.08 1 1 1 1
v 10.88 -0.03 -0.08 1 1 1 1
v 9.92 2.21 -0.08 1 1 1 1
v 9.92 -0.03 0.56 1 1 1 1
v 8.96 2.21 0.56 1 1 1 1
v 8.96 -0.03 0.56 1 1 1 1
v 9.92 2.21 0.56 1 1 1 1
v 10.88 2.21 -0.08 1 1 1 1
v 9.92 2.21 0.56 1 1 1 1
v 10.88 2.21 0.56 1 1 1 1
v 9.92 2.21 -0.08 1 1 1 1
v 9.92 2.21 -0.08 1 1 1 1
v 8.96 2.21 0.56 1 1 1 1
v 9.92 2.21 0.56 1 1 1 1
v 8.96 2.21 -0.08 1 1 1 1
v 1.28 -0.03 -0.08 1 1 1 1
v 2.24 2.21 -0.08 1 1 1 1
v 2.24 -0.03 -0.08 1 1 1 1
v 1.28 2.21 -0.08 1 1 1 1
v 2.24 -0.03 0.56 1 1 1 1
v 1.28 2.21 0.56 1 1 1 1
v 1.28 -0.03 0.56 1 1 1 1
v 2.24 2.21 0.56 1 1 1 1
v 1.28 -0.03 0.56 1 1 1 1
v 1.28 2.21 -0.08 1 1 1 1
v 1.28 -0.03 -0.08 1 1 1 1
v 1.28 2.21 0.56 1 1 1 1
v 3.2 -0.03 0.56 1 1 1 1
v 2.24 2.21 0.56 1 1 1 1
v 2.24 -0.03 0.56 1 1 1 1
v 3.2 2.21 0.56 1 1 1 1
v 2.24 -0.03 -0.08 1 1 1 1
v 3.2 2.21 -0.08 1 1 1 1
v 3.2 -0.03 -0.08 1 1 1 1
v 2.24 2.21 -0.08 1 1 1 1
v 4.16 -0.03 0.56 1 1 1 1
v 3.2 2.21 0.56 1 1 1 1
v 3.2 -0.03 0.56 1 1 1 1
v 4.16 2.21 0.56 1 1 1 1
v 5.12 2.21 0.56 1 1 1 1
v 6.08 2.21 -0.08 1 1 1 1
v 5.12 2.21 -0.08 1 1 1 1
v 6.08 2.21 0.56 1 1 1 1
v 3.2 -0.03 -0.08 1 1 1 1
v 4.16 2.21 -0.08 1 1 1 1
v 4.16 -0.03 -0.08 1 1 1 1
v 3.2 2.21 -0.08 1 1 1 1
v 5.12 -0.03 0.56 1 1 1 1
v 4.16 2.21 0.56 1 1 1 1
v 4.16 -0.03 0.56 1 1 1 1
v 5.12 2.21 0.56 1 1 1 1
v 4.16 -0.03 -0.08 1 1 1 1
v 5.12 2.21 -0.08 1 1 1 1
v 5.12 -0.03 -0.08 1 1 1 1
v 4.16 2.21 -0.08 1 1 1 1
v 6.08 -0.03 0.56 1 1 1 1
v 5.12 2.21 0.56 1 1 1 1
v 5.12 -0.03 0.56 1 1 1 1
v 6.08 2.21 0.56 1 1 1 1
v 5.12 -0.03 -0.08 1 1 1 1
v 6.08 2.21 -0.08 1 1 1 1
v 6.08 -0.03 -0.08 1 1 1 1
v 5.12 2.21 -0.08 1 1 1 1
v 8.96 -0.03 0.56 1 1 1 1
v 8 2.21 0.56 1 1 1 1
v 8 -0.03 0.56 1 1 1 1
v 8.96 2.21 0.56 1 1 1 1
v 4.16 2.21 0.56 1 1 1 1
v 5.12 2.21 -0.08 1 1 1 1
v 4.16 2.21 -0.08 1 1 1 1
v 5.12 2.21 0.56 1 1 1 1
v 3.2 2.21 0.56 1 1 1 1
v 4.16 2.21 -0.08 1 1 1 1
v 3.2 2.21 -0.08 1 1 1 1
v 4.16 2.21 0.56 1 1 1 1
v 2.24 2.21 0.56 1 1 1 1
v 3.2 2.21 -0.08 1 1 1 1
v 2.24 2.21 -0.08 1 1 1 1
v 3.2 2.21 0.56 1 1 1 1
v 7.04 -0.03 -0.08 1 1 1 1
v 8 2.21 -0.08 1 1 1 1
v 8 -0.03 -0.08 1 1 1 1
v 7.04 2.21 -0.08 1 1 1 1
v 1.28 2.21 0.56 1 1 1 1
v 2.24 2.21 -0.08 1 1 1 1
v 1.28 2.21 -0.08 1 1 1 1
v 2.24 2.21 0.56 1 1 1 1
v 7.04 -0.03 0.56 1 1 1 1
v 6.08 2.21 0.56 1 1 1 1
v 6.08 -0.03 0.56 1 1 1 1
v 7.04 2.21 0.56 1 1 1 1
v 8 2.21 0.56 1 1 1 1
v 8.96 2.21 -0.08 1 1 1 1
v 8 2.21 -0.08 1 1 1 1
v 8.96 2.21 0.56 1 1 1 1
v 8 -0.03 -0.08 1 1 1 1
v 8.96 2.21 -0.08 1 1 1 1
v 8.96 -0.03 -0.08 1 1 1 1
v 8 2.21 -0.08 1 1 1 1
v 6.08 -0.03 -0.08 1 1 1 1
v 7.04 2.21 -0.08 1 1 1 1
v 7.04 -0.03 -0.08 1 1 1 1
v 6.08 2.21 -0.08 1 1 1 1
v 8 -0.03 0.56 1 1 1 1
v 7.04 2.21 0.56 1 1 1 1
v 7.04 -0.03 0.56 1 1 1 1
v 8 2.21 0.56 1 1 1 1
v 7.04 2.21 0.56 1 1 1 1
v 8 2.21 -0.08 1 1 1 1
v 7.04 2.21 -0.08 1 1 1 1
v 8 2.21 0.56 1 1 1 1
v 6.08 2.21 0.56 1 1 1 1
v 7.04 2.21 -0.08 1 1 1 1
v 6.08 2.21 -0.08 1 1 1 1
v 7.04 2.21 0.56 1 1 1 1
v 13.44 -0.03 -0.4 1 1 1 1
v 13.76 -0.03 -0.72 1 1 1 1
v 13.44 -0.03 -0.72 1 1 1 1
v 13.76 -0.03 -0.4 1 1 1 1
v 13.120000000000001 -0.03 -0.4 1 1 1 1
v 13.44 -0.03 -0.72 1 1 1 1
v 13.120000000000001 -0.03 -0.72 1 1 1 1
v 13.44 -0.03 -0.4 1 1 1 1
v 12.8 -0.03 -0.4 1 1 1 1
v 13.120000000000001 -0.03 -0.72 1 1 1 1
v 12.8 -0.03 -0.72 1 1 1 1
v 13.120000000000001 -0.03 -0.4 1 1 1 1
v 12.48 -0.03 -0.4 1 1 1 1
v 12.8 -0.03 -0.72 1 1 1 1
v 12.48 -0.03 -0.72 1 1 1 1
v 12.8 -0.03 -0.4 1 1 1 1
v 12.16 -0.03 -0.4 1 1 1 1
v 12.48 -0.03 -0.72 1 1 1 1
v 12.16 -0.03 -0.72 1 1 1 1
v 12.48 -0.03 -0.4 1 1 1 1
v 11.84 -0.03 -0.4 1 1 1 1
v 12.16 -0.03 -0.72 1 1 1 1
v 11.84 -0.03 -0.72 1 1 1 1
v 12.16 -0.03 -0.4 1 1 1 1
v 11.52 -0.03 -0.4 1 1 1 1
v 11.84 -0.03 -0.72 1 1 1 1
v 11.52 -0.03 -0.72 1 1 1 1
v 11.84 -0.03 -0.4 1 1 1 1
v 13.44 -0.03 -0.08 1 1 1 1
v 13.76 -0.03 -0.4 1 1 1 1
v 13.44 -0.03 -0.4 1 1 1 1
v 13.76 -0.03 -0.08 1 1 1 1
v 13.120000000000001 -0.03 -0.08 1 1 1 1
v 13.44 -0.03 -0.4 1 1 1 1
v 13.120000000000001 -0.03 -0.4 1 1 1 1
v 13.44 -0.03 -0.08 1 1 1 1
v 12.8 -0.03 -0.08 1 1 1 1
v 13.120000000000001 -0.03 -0.4 1 1 1 1
v 12.8 -0.03 -0.4 1 1 1 1
v 13.120000000000001 -0.03 -0.08 1 1 1 1
v 12.48 -0.03 -0.08 1 1 1 1
v 12.8 -0.03 -0.4 1 1 1 1
v 12.48 -0.03 -0.4 1 1 1 1
v 12.8 -0.03 -0.08 1 1 1 1
v 12.16 -0.03 -0.08 1 1 1 1
v 12.48 -0.03 -0.4 1 1 1 1
v 12.16 -0.03 -0.4 1 1 1 1
v 12.48 -0.03 -0.08 1 1 1 1
v 11.84 -0.03 -0.08 1 1 1 1
v 12.16 -0.03 -0.4 1 1 1 1
v 11.84 -0.03 -0.4 1 1 1 1
v 12.16 -0.03 -0.08 1 1 1 1
v 11.52 -0.03 -0.08 1 1 1 1
v 11.84 -0.03 -0.4 1 1 1 1
v 11.52 -0.03 -0.4 1 1 1 1
v 11.84 -0.03 -0.08 1 1 1 1
v 13.120000000000001 -0.03 1.2 1 1 1 1
v 13.44 -0.03 0.88 1 1 1 1
v 13.120000000000001 -0.03 0.88 1 1 1 1
v 13.44 -0.03 1.2 1 1 1 1
v 13.120000000000001 -0.03 1.52 1 1 1 1
v 13.44 -0.03 1.2 1 1 1 1
v 13.120000000000001 -0.03 1.2 1 1 1 1
v 13.44 -0.03 1.52 1 1 1 1
v 13.120000000000001 -0.03 1.84 1 1 1 1
v 13.44 -0.03 1.52 1 1 1 1
v 13.120000000000001 -0.03 1.52 1 1 1 1
v 13.44 -0.03 1.84 1 1 1 1
v 13.120000000000001 -0.03 2.16 1 1 1 1
v 13.44 -0.03 1.84 1 1 1 1
v 13.120000000000001 -0.03 1.84 1 1 1 1
v 13.44 -0.03 2.16 1 1 1 1
v 13.120000000000001 -0.03 2.48 1 1 1 1
v 13.44 -0.03 2.16 1 1 1 1
v 13.120000000000001 -0.03 2.16 1 1 1 1
v 13.44 -0.03 2.48 1 1 1 1
v 13.44 -0.03 2.8000000000000003 1 1 1 1
v 13.76 -0.03 2.48 1 1 1 1
v 13.44 -0.03 2.48 1 1 1 1
v 13.76 -0.03 2.8000000000000003 1 1 1 1
v 13.44 -0.03 3.12 1 1 1 1
v 13.76 -0.03 2.8000000000000003 1 1 1 1
v 13.44 -0.03 2.8000000000000003 1 1 1 1
v 13.76 -0.03 3.12 1 1 1 1
v 13.44 -0.03 3.44 1 1 1 1
v 13.76 -0.03 3.12 1 1 1 1
v 13.44 -0.03 3.12 1 1 1 1
v 13.76 -0.03 3.44 1 1 1 1
v 13.120000000000001 -0.03 3.44 1 1 1 1
v 13.44 -0.03 3.12 1 1 1 1
v 13.120000000000001 -0.03 3.12 1 1 1 1
v 13.44 -0.03 3.44 1 1 1 1
v 13.120000000000001 -0.03 3.12 1 1 1 1
v 13.44 -0.03 2.8000000000000003 1 1 1 1
v 13.120000000000001 -0.03 2.8000000000000003 1 1 1 1
v 13.44 -0.03 3.12 1 1 1 1
v 13.120000000000001 -0.03 2.8000000000000003 1 1 1 1
v 13.44 -0.03 2.48 1 1 1 1
v 13.120000000000001 -0.03 2.48 1 1 1 1
v 13.44 -0.03 2.8000000000000003 1 1 1 1
v 13.44 -0.03 2.48 1 1 1 1
v 13.76 -0.03 2.16 1 1 1 1
v 13.44 -0.03 2.16 1 1 1 1
v 13.76 -0.03 2.48 1 1 1 1
v 13.44 -0.03 2.16 1 1 1 1
v 13.76 -0.03 1.84 1 1 1 1
v 13.44 -0.03 1.84 1 1 1 1
v 13.76 -0.03 2.16 1 1 1 1
v 13.44 -0.03 1.84 1 1 1 1
v 13.76 -0.03 1.52 1 1 1 1
v 13.44 -0.03 1.52 1 1 1 1
v 13.76 -0.03 1.84 1 1 1 1
v 13.44 -0.03 1.52 1 1 1 1
v 13.76 -0.03 1.2 1 1 1 1
v 13.44 -0.03 1.2 1 1 1 1
v 13.76 -0.03 1.52 1 1 1 1
v 13.44 -0.03 1.2 1 1 1 1
v 13.76 -0.03 0.88 1 1 1 1
v 13.44 -0.03 0.88 1 1 1 1
v 13.76 -0.03 1.2 1 1 1 1
v 13.44 -0.03 0.56 1 1 1 1
v 13.76 -0.03 0.24 1 1 1 1
v 13.44 -0.03 0.24 1 1 1 1
v 13.76 -0.03 0.56 1 1 1 1
v 13.120000000000001 -0.03 0.56 1 1 1 1
v 13.44 -0.03 0.24 1 1 1 1
v 13.120000000000001 -0.03 0.24 1 1 1 1
v 13.44 -0.03 0.56 1 1 1 1
v 13.120000000000001 -0.03 0.24 1 1 1 1
v 13.44 -0.03 -0.08 1 1 1 1
v 13.120000000000001 -0.03 -0.08 1 1 1 1
v 13.44 -0.03 0.24 1 1 1 1
v 13.44 -0.03 0.24 1 1 1 1
v 13.76 -0.03 -0.08 1 1 1 1
v 13.44 -0.03 -0.08 1 1 1 1
v 13.76 -0.03 0.24 1 1 1 1
v 13.44 -0.03 0.88 1 1 1 1
v 13.76 -0.03 0.56 1 1 1 1
v 13.44 -0.03 0.56 1 1 1 1
v 13.76 -0.03 0.88 1 1 1 1
v 13.120000000000001 -0.03 0.88 1 1 1 1
v 13.44 -0.03 0.56 1 1 1 1
v 13.120000000000001 -0.03 0.56 1 1 1 1
v 13.44 -0.03 0.88 1 1 1 1
v 12.48 -0.03 0.56 1 1 1 1
v 12.8 -0.03 0.24 1 1 1 1
v 12.48 -0.03 0.24 1 1 1 1
v 12.8 -0.03 0.56 1 1 1 1
v 12.48 -0.03 0.88 1 1 1 1
v 12.8 -0.03 0.56 1 1 1 1
v 12.48 -0.03 0.56 1 1 1 1
v 12.8 -0.03 0.88 1 1 1 1
v 12.48 -0.03 1.2 1 1 1 1
v 12.8 -0.03 0.88 1 1 1 1
v 12.48 -0.03 0.88 1 1 1 1
v 12.8 -0.03 1.2 1 1 1 1
v 12.48 -0.03 1.52 1 1 1 1
v 12.8 -0.03 1.2 1 1 1 1
v 12.48 -0.03 1.2 1 1 1 1
v 12.8 -0.03 1.52 1 1 1 1
v 12.48 -0.03 1.84 1 1 1 1
v 12.8 -0.03 1.52 1 1 1 1
v 12.48 -0.03 1.52 1 1 1 1
v 12.8 -0.03 1.84 1 1 1 1
v 12.48 -0.03 2.16 1 1 1 1
v 12.8 -0.03 1.84 1 1 1 1
v 12.48 -0.03 1.84 1 1 1 1
v 12.8 -0.03 2.16 1 1 1 1
v 12.48 -0.03 2.48 1 1 1 1
v 12.8 -0.03 2.16 1 1 1 1
v 12.48 -0.03 2.16 1 1 1 1
v 12.8 -0.03 2.48 1 1 1 1
v 12.48 -0.03 2.8000000000000003 1 1 1 1
v 12.8 -0.03 2.48 1 1 1 1
v 12.48 -0.03 2.48 1 1 1 1
v 12.8 -0.03 2.8000000000000003 1 1 1 1
v 12.48 -0.03 3.12 1 1 1 1
v 12.8 -0.03 2.8000000000000003 1 1 1 1
v 12.48 -0.03 2.8000000000000003 1 1 1 1
v 12.8 -0.03 3.12 1 1 1 1
v 12.48 -0.03 3.44 1 1 1 1
v 12.8 -0.03 3.12 1 1 1 1
v 12.48 -0.03 3.12 1 1 1 1
v 12.8 -0.03 3.44 1 1 1 1
v 12.8 -0.03 3.44 1 1 1 1
v 13.120000000000001 -0.03 3.12 1 1 1 1
v 12.8 -0.03 3.12 1 1 1 1
v 13.120000000000001 -0.03 3.44 1 1 1 1
v 12.8 -0.03 3.12 1 1 1 1
v 13.120000000000001 -0.03 2.8000000000000003 1 1 1 1
v 12.8 -0.03 2.8000000000000003 1 1 1 1
v 13.120000000000001 -0.03 3.12 1 1 1 1
v 12.8 -0.03 2.8000000000000003 1 1 1 1
v 13.120000000000001 -0.03 2.48 1 1 1 1
v 12.8 -0.03 2.48 1 1 1 1
v 13.120000000000001 -0.03 2.8000000000000003 1 1 1 1
v 12.8 -0.03 2.48 1 1 1 1
v 13.120000000000001 -0.03 2.16 1 1 1 1
v 12.8 -0.03 2.16 1 1 1 1
v 13.120000000000001 -0.03 2.48 1 1 1 1
v 12.8 -0.03 2.16 1 1 1 1
v 13.120000000000001 -0.03 1.84 1 1 1 1
v 12.8 -0.03 1.84 1 1 1 1
v 13.120000000000001 -0.03 2.16 1 1 1 1
v 12.8 -0.03 1.84 1 1 1 1
v 13.120000000000001 -0.03 1.52 1 1 1 1
v 12.8 -0.03 1.52 1 1 1 1
v 13.120000000000001 -0.03 1.84 1 1 1 1
v 12.8 -0.03 1.52 1 1 1 1
v 13.120000000000001 -0.03 1.2 1 1 1 1
v 12.8 -0.03 1.2 1 1 1 1
v 13.120000000000001 -0.03 1.52 1 1 1 1
v 12.8 -0.03 1.2 1 1 1 1
v 13.120000000000001 -0.03 0.88 1 1 1 1
v 12.8 -0.03 0.88 1 1 1 1
v 13.120000000000001 -0.03 1.2 1 1 1 1
v 12.8 -0.03 0.88 1 1 1 1
v 13.120000000000001 -0.03 0.56 1 1 1 1
v 12.8 -0.03 0.56 1 1 1 1
v 13.120000000000001 -0.03 0.88 1 1 1 1
v 12.8 -0.03 0.56 1 1 1 1
v 13.120000000000001 -0.03 0.24 1 1 1 1
v 12.8 -0.03 0.24 1 1 1 1
v 13.120000000000001 -0.03 0.56 1 1 1 1
v 12.8 -0.03 0.24 1 1 1 1
v 13.120000000000001 -0.03 -0.08 1 1 1 1
v 12.8 -0.03 -0.08 1 1 1 1
v 13.120000000000001 -0.03 0.24 1 1 1 1
v 12.48 -0.03 0.24 1 1 1 1
v 12.8 -0.03 -0.08 1 1 1 1
v 12.48 -0.03 -0.08 1 1 1 1
v 12.8 -0.03 0.24 1 1 1 1
v 12.16 -0.03 0.24 1 1 1 1
v 12.48 -0.03 -0.08 1 1 1 1
v 12.16 -0.03 -0.08 1 1 1 1
v 12.48 -0.03 0.24 1 1 1 1
v 12.16 -0.03 0.56 1 1 1 1
v 12.48 -0.03 0.24 1 1 1 1
v 12.16 -0.03 0.24 1 1 1 1
v 12.48 -0.03 0.56 1 1 1 1
v 12.16 -0.03 0.88 1 1 1 1
v 12.48 -0.03 0.56 1 1 1 1
v 12.16 -0.03 0.56 1 1 1 1
v 12.48 -0.03 0.88 1 1 1 1
v 12.16 -0.03 1.2 1 1 1 1
v 12.48 -0.03 0.88 1 1 1 1
v 12.16 -0.03 0.88 1 1 1 1
v 12.48 -0.03 1.2 1 1 1 1
v 12.16 -0.03 1.52 1 1 1 1
v 12.48 -0.03 1.2 1 1 1 1
v 12.16 -0.03 1.2 1 1 1 1
v 12.48 -0.03 1.52 1 1 1 1
v 12.16 -0.03 1.84 1 1 1 1
v 12.48 -0.03 1.52 1 1 1 1
v 12.16 -0.03 1.52 1 1 1 1
v 12.48 -0.03 1.84 1 1 1 1
v 12.16 -0.03 2.16 1 1 1 1
v 12.48 -0.03 1.84 1 1 1 1
v 12.16 -0.03 1.84 1 1 1 1
v 12.48 -0.03 2.16 1 1 1 1
v 12.16 -0.03 2.48 1 1 1 1
v 12.48 -0.03 2.16 1 1 1 1
v 12.16 -0.03 2.16 1 1 1 1
v 12.48 -0.03 2.48 1 1 1 1
v 12.16 -0.03 2.8000000000000003 1 1 1 1
v 12.48 -0.03 2.48 1 1 1 1
v 12.16 -0.03 2.48 1 1 1 1
v 12.48 -0.03 2.8000000000000003 1 1 1 1
v 12.16 -0.03 3.12 1 1 1 1
v 12.48 -0.03 2.8000000000000003 1 1 1 1
v 12.16 -0.03 2.8000000000000003 1 1 1 1
v 12.48 -0.03 3.12 1 1 1 1
v 12.16 -0.03 3.44 1 1 1 1
v 12.48 -0.03 3.12 1 1 1 1
v 12.16 -0.03 3.12 1 1 1 1
v 12.48 -0.03 3.44 1 1 1 1
v 11.84 -0.03 3.44 1 1 1 1
v 12.16 -0.03 3.12 1 1 1 1
v 11.84 -0.03 3.12 1 1 1 1
v 12.16 -0.03 3.44 1 1 1 1
v 11.84 -0.03 3.12 1 1 1 1
v 12.16 -0.03 2.8000000000000003 1 1 1 1
v 11.84 -0.03 2.8000000000000003 1 1 1 1
v 12.16 -0.03 3.12 1 1 1 1
v 11.84 -0.03 2.8000000000000003 1 1 1 1
v 12.16 -0.03 2.48 1 1 1 1
v 11.84 -0.03 2.48 1 1 1 1
v 12.16 -0.03 2.8000000000000003 1 1 1 1
v 11.84 -0.03 2.48 1 1 1 1
v 12.16 -0.03 2.16 1 1 1 1
v 11.84 -0.03 2.16 1 1 1 1
v 12.16 -0.03 2.48 1 1 1 1
v 11.84 -0.03 2.16 1 1 1 1
v 12.16 -0.03 1.84 1 1 1 1
v 11.84 -0.03 1.84 1 1 1 1
v 12.16 -0.03 2.16 1 1 1 1
v 11.84 -0.03 1.84 1 1 1 1
v 12.16 -0.03 1.52 1 1 1 1
v 11.84 -0.03 1.52 1 1 1 1
v 12.16 -0.03 1.84 1 1 1 1
v 11.84 -0.03 1.52 1 1 1 1
v 12.16 -0.03 1.2 1 1 1 1
v 11.84 -0.03 1.2 1 1 1 1
v 12.16 -0.03 1.52 1 1 1 1
v 11.84 -0.03 1.2 1 1 1 1
v 12.16 -0.03 0.88 1 1 1 1
v 11.84 -0.03 0.88 1 1 1 1
v 12.16 -0.03 1.2 1 1 1 1
v 11.84 -0.03 0.88 1 1 1 1
v 12.16 -0.03 0.56 1 1 1 1
v 11.84 -0.03 0.56 1 1 1 1
v 12.16 -0.03 0.88 1 1 1 1
v 11.84 -0.03 0.56 1 1 1 1
v 12.16 -0.03 0.24 1 1 1 1
v 11.84 -0.03 0.24 1 1 1 1
v 12.16 -0.03 0.56 1 1 1 1
v 11.84 -0.03 0.24 1 1 1 1
v 12.16 -0.03 -0.08 1 1 1 1
v 11.84 -0.03 -0.08 1 1 1 1
v 12.16 -0.03 0.24 1 1 1 1
v 11.52 -0.03 0.24 1 1 1 1
v 11.84 -0.03 -0.08 1 1 1 1
v 11.52 -0.03 -0.08 1 1 1 1
v 11.84 -0.03 0.24 1 1 1 1
v 11.200000000000001 -0.03 0.24 1 1 1 1
v 11.52 -0.03 -0.08 1 1 1 1
v 11.200000000000001 -0.03 -0.08 1 1 1 1
v 11.52 -0.03 0.24 1 1 1 1
v 10.88 -0.03 0.24 1 1 1 1
v 11.200000000000001 -0.03 -0.08 1 1 1 1
v 10.88 -0.03 -0.08 1 1 1 1
v 11.200000000000001 -0.03 0.24 1 1 1 1
v 11.52 -0.03 0.56 1 1 1 1
v 11.84 -0.03 0.24 1 1 1 1
v 11.52 -0.03 0.24 1 1 1 1
v 11.84 -0.03 0.56 1 1 1 1
v 11.200000000000001 -0.03 0.56 1 1 1 1
v 11.52 -0.03 0.24 1 1 1 1
v 11.200000000000001 -0.03 0.24 1 1 1 1
v 11.52 -0.03 0.56 1 1 1 1
v 10.88 -0.03 0.56 1 1 1 1
v 11.200000000000001 -0.03 0.24 1 1 1 1
v 10.88 -0.03 0.24 1 1 1 1
v 11.200000000000001 -0.03 0.56 1 1 1 1
v -1.92 -0.03 1.52 1 1 1 1
v -1.6 -0.03 1.2 1 1 1 1
v -1.92 -0.03 1.2 1 1 1 1
v -1.6 -0.03 1.52 1 1 1 1
v -5.44 -0.03 1.84 1 1 1 1
v -5.12 -0.03 1.52 1 1 1 1
v -5.44 -0.03 1.52 1 1 1 1
v -5.12 -0.03 1.84 1 1 1 1
v -5.12 -0.03 1.84 1 1 1 1
v -4.8 -0.03 1.52 1 1 1 1
v -5.12 -0.03 1.52 1 1 1 1
v -4.8 -0.03 1.84 1 1 1 1
v -4.8 -0.03 1.84 1 1 1 1
v -4.48 -0.03 1.52 1 1 1 1
v -4.8 -0.03 1.52 1 1 1 1
v -4.48 -0.03 1.84 1 1 1 1
v -4.48 -0.03 1.84 1 1 1 1
v -4.16 -0.03 1.52 1 1 1 1
v -4.48 -0.03 1.52 1 1 1 1
v -4.16 -0.03 1.84 1 1 1 1
v -4.16 -0.03 1.84 1 1 1 1
v -3.84 -0.03 1.52 1 1 1 1
v -4.16 -0.03 1.52 1 1 1 1
v -3.84 -0.03 1.84 1 1 1 1
v -3.84 -0.03 1.84 1 1 1 1
v -3.52 -0.03 1.52 1 1 1 1
v -3.84 -0.03 1.52 1 1 1 1
v -3.52 -0.03 1.84 1 1 1 1
v -3.52 -0.03 1.84 1 1 1 1
v -3.2 -0.03 1.52 1 1 1 1
v -3.52 -0.03 1.52 1 1 1 1
v -3.2 -0.03 1.84 1 1 1 1
v -1.6 -0.03 3.44 1 1 1 1
v -1.28 -0.03 3.12 1 1 1 1
v -1.6 -0.03 3.12 1 1 1 1
v -1.28 -0.03 3.44 1 1 1 1
v -1.28 -0.03 3.44 1 1 1 1
v -0.96 -0.03 3.12 1 1 1 1
v -1.28 -0.03 3.12 1 1 1 1
v -0.96 -0.03 3.44 1 1 1 1
v -0.96 -0.03 3.44 1 1 1 1
v -0.64 -0.03 3.12 1 1 1 1
v -0.96 -0.03 3.12 1 1 1 1
v -0.64 -0.03 3.44 1 1 1 1
v -3.2 -0.03 1.84 1 1 1 1
v -2.88 -0.03 1.52 1 1 1 1
v -3.2 -0.03 1.52 1 1 1 1
v -2.88 -0.03 1.84 1 1 1 1
v -2.88 -0.03 1.84 1 1 1 1
v -2.56 -0.03 1.52 1 1 1 1
v -2.88 -0.03 1.52 1 1 1 1
v -2.56 -0.03 1.84 1 1 1 1
v -2.56 -0.03 1.84 1 1 1 1
v -2.24 -0.03 1.52 1 1 1 1
v -2.56 -0.03 1.52 1 1 1 1
v -2.24 -0.03 1.84 1 1 1 1
v -2.24 -0.03 1.84 1 1 1 1
v -1.92 -0.03 1.52 1 1 1 1
v -2.24 -0.03 1.52 1 1 1 1
v -1.92 -0.03 1.84 1 1 1 1
v -1.92 -0.03 1.84 1 1 1 1
v -1.6 -0.03 1.52 1 1 1 1
v -1.92 -0.03 1.52 1 1 1 1
v -1.6 -0.03 1.84 1 1 1 1
v -1.6 -0.03 1.84 1 1 1 1
v -1.28 -0.03 1.52 1 1 1 1
v -1.6 -0.03 1.52 1 1 1 1
v -1.28 -0.03 1.84 1 1 1 1
v -3.2 -0.03 0.88 1 1 1 1
v -2.88 -0.03 0.56 1 1 1 1
v -3.2 -0.03 0.56 1 1 1 1
v -2.88 -0.03 0.88 1 1 1 1
v -1.28 -0.03 1.84 1 1 1 1
v -0.96 -0.03 1.52 1 1 1 1
v -1.28 -0.03 1.52 1 1 1 1
v -0.96 -0.03 1.84 1 1 1 1
v -0.96 -0.03 1.84 1 1 1 1
v -0.64 -0.03 1.52 1 1 1 1
v -0.96 -0.03 1.52 1 1 1 1
v -0.64 -0.03 1.84 1 1 1 1
v -0.64 -0.03 1.84 1 1 1 1
v -0.32 -0.03 1.52 1 1 1 1
v -0.64 -0.03 1.52 1 1 1 1
v -0.32 -0.03 1.84 1 1 1 1
v -5.44 -0.03 2.16 1 1 1 1
v -5.12 -0.03 1.84 1 1 1 1
v -5.44 -0.03 1.84 1 1 1 1
v -5.12 -0.03 2.16 1 1 1 1
v -5.12 -0.03 2.16 1 1 1 1
v -4.8 -0.03 1.84 1 1 1 1
v -5.12 -0.03 1.84 1 1 1 1
v -4.8 -0.03 2.16 1 1 1 1
v -4.8 -0.03 2.16 1 1 1 1
v -4.48 -0.03 1.84 1 1 1 1
v -4.8 -0.03 1.84 1 1 1 1
v -4.48 -0.03 2.16 1 1 1 1
v -4.48 -0.03 2.16 1 1 1 1
v -4.16 -0.03 1.84 1 1 1 1
v -4.48 -0.03 1.84 1 1 1 1
v -4.16 -0.03 2.16 1 1 1 1
v -4.16 -0.03 2.16 1 1 1 1
v -3.84 -0.03 1.84 1 1 1 1
v -4.16 -0.03 1.84 1 1 1 1
v -3.84 -0.03 2.16 1 1 1 1
v -2.88 -0.03 0.88 1 1 1 1
v -2.56 -0.03 0.56 1 1 1 1
v -2.88 -0.03 0.56 1 1 1 1
v -2.56 -0.03 0.88 1 1 1 1
v -3.84 -0.03 2.16 1 1 1 1
v -3.52 -0.03 1.84 1 1 1 1
v -3.84 -0.03 1.84 1 1 1 1
v -3.52 -0.03 2.16 1 1 1 1
v -3.52 -0.03 2.16 1 1 1 1
v -3.2 -0.03 1.84 1 1 1 1
v -3.52 -0.03 1.84 1 1 1 1
v -3.2 -0.03 2.16 1 1 1 1
v -3.2 -0.03 2.16 1 1 1 1
v -2.88 -0.03 1.84 1 1 1 1
v -3.2 -0.03 1.84 1 1 1 1
v -2.88 -0.03 2.16 1 1 1 1
v -2.88 -0.03 2.16 1 1 1 1
v -2.56 -0.03 1.84 1 1 1 1
v -2.88 -0.03 1.84 1 1 1 1
v -2.56 -0.03 2.16 1 1 1 1
v -2.56 -0.03 0.88 1 1 1 1
v -2.24 -0.03 0.56 1 1 1 1
v -2.56 -0.03 0.56 1 1 1 1
v -2.24 -0.03 0.88 1 1 1 1
v -2.24 -0.03 0.88 1 1 1 1
v -1.92 -0.03 0.56 1 1 1 1
v -2.24 -0.03 0.56 1 1 1 1
v -1.92 -0.03 0.88 1 1 1 1
v -2.56 -0.03 2.16 1 1 1 1
v -2.24 -0.03 1.84 1 1 1 1
v -2.56 -0.03 1.84 1 1 1 1
v -2.24 -0.03 2.16 1 1 1 1
v -2.24 -0.03 2.16 1 1 1 1
v -1.92 -0.03 1.84 1 1 1 1
v -2.24 -0.03 1.84 1 1 1 1
v -1.92 -0.03 2.16 1 1 1 1
v -1.92 -0.03 2.16 1 1 1 1
v -1.6 -0.03 1.84 1 1 1 1
v -1.92 -0.03 1.84 1 1 1 1
v -1.6 -0.03 2.16 1 1 1 1
v -1.6 -0.03 2.16 1 1 1 1
v -1.28 -0.03 1.84 1 1 1 1
v -1.6 -0.03 1.84 1 1 1 1
v -1.28 -0.03 2.16 1 1 1 1
v -1.28 -0.03 2.16 1 1 1 1
v -0.96 -0.03 1.84 1 1 1 1
v -1.28 -0.03 1.84 1 1 1 1
v -0.96 -0.03 2.16 1 1 1 1
v -0.96 -0.03 2.16 1 1 1 1
v -0.64 -0.03 1.84 1 1 1 1
v -0.96 -0.03 1.84 1 1 1 1
v -0.64 -0.03 2.16 1 1 1 1
v -0.64 -0.03 2.16 1 1 1 1
v -0.32 -0.03 1.84 1 1 1 1
v -0.64 -0.03 1.84 1 1 1 1
v -0.32 -0.03 2.16 1 1 1 1
v -5.44 -0.03 2.48 1 1 1 1
v -5.12 -0.03 2.16 1 1 1 1
v -5.44 -0.03 2.16 1 1 1 1
v -5.12 -0.03 2.48 1 1 1 1
v -5.12 -0.03 2.48 1 1 1 1
v -4.8 -0.03 2.16 1 1 1 1
v -5.12 -0.03 2.16 1 1 1 1
v -4.8 -0.03 2.48 1 1 1 1
v -4.48 -0.03 2.48 1 1 1 1
v -4.16 -0.03 2.16 1 1 1 1
v -4.48 -0.03 2.16 1 1 1 1
v -4.16 -0.03 2.48 1 1 1 1
v -4.16 -0.03 2.48 1 1 1 1
v -3.84 -0.03 2.16 1 1 1 1
v -4.16 -0.03 2.16 1 1 1 1
v -3.84 -0.03 2.48 1 1 1 1
v -3.84 -0.03 2.48 1 1 1 1
v -3.52 -0.03 2.16 1 1 1 1
v -3.84 -0.03 2.16 1 1 1 1
v -3.52 -0.03 2.48 1 1 1 1
v -3.52 -0.03 2.48 1 1 1 1
v -3.2 -0.03 2.16 1 1 1 1
v -3.52 -0.03 2.16 1 1 1 1
v -3.2 -0.03 2.48 1 1 1 1
v -3.2 -0.03 2.48 1 1 1 1
v -2.88 -0.03 2.16 1 1 1 1
v -3.2 -0.03 2.16 1 1 1 1
v -2.88 -0.03 2.48 1 1 1 1
v -2.88 -0.03 2.48 1 1 1 1
v -2.56 -0.03 2.16 1 1 1 1
v -2.88 -0.03 2.16 1 1 1 1
v -2.56 -0.03 2.48 1 1 1 1
v -2.56 -0.03 2.48 1 1 1 1
v -2.24 -0.03 2.16 1 1 1 1
v -2.56 -0.03 2.16 1 1 1 1
v -2.24 -0.03 2.48 1 1 1 1
v -4.8 -0.03 2.48 1 1 1 1
v -4.48 -0.03 2.16 1 1 1 1
v -4.8 -0.03 2.16 1 1 1 1
v -4.48 -0.03 2.48 1 1 1 1
v -1.92 -0.03 2.48 1 1 1 1
v -1.6 -0.03 2.16 1 1 1 1
v -1.92 -0.03 2.16 1 1 1 1
v -1.6 -0.03 2.48 1 1 1 1
v -1.28 -0.03 2.48 1 1 1 1
v -0.96 -0.03 2.16 1 1 1 1
v -1.28 -0.03 2.16 1 1 1 1
v -0.96 -0.03 2.48 1 1 1 1
v -0.96 -0.03 2.48 1 1 1 1
v -0.64 -0.03 2.16 1 1 1 1
v -0.96 -0.03 2.16 1 1 1 1
v -0.64 -0.03 2.48 1 1 1 1
v -0.64 -0.03 3.44 1 1 1 1
v -0.32 -0.03 3.12 1 1 1 1
v -0.64 -0.03 3.12 1 1 1 1
v -0.32 -0.03 3.44 1 1 1 1
v -0.64 -0.03 2.48 1 1 1 1
v -0.32 -0.03 2.16 1 1 1 1
v -0.64 -0.03 2.16 1 1 1 1
v -0.32 -0.03 2.48 1 1 1 1
v -2.24 -0.03 2.48 1 1 1 1
v -1.92 -0.03 2.16 1 1 1 1
v -2.24 -0.03 2.16 1 1 1 1
v -1.92 -0.03 2.48 1 1 1 1
v -1.6 -0.03 2.48 1 1 1 1
v -1.28 -0.03 2.16 1 1 1 1
v -1.6 -0.03 2.16 1 1 1 1
v -1.28 -0.03 2.48 1 1 1 1
v -5.44 -0.03 2.8000000000000003 1 1 1 1
v -5.12 -0.03 2.48 1 1 1 1
v -5.44 -0.03 2.48 1 1 1 1
v -5.12 -0.03 2.8000000000000003 1 1 1 1
v -5.44 -0.03 0.88 1 1 1 1
v -5.12 -0.03 0.56 1 1 1 1
v -5.44 -0.03 0.56 1 1 1 1
v -5.12 -0.03 0.88 1 1 1 1
v -5.12 -0.03 2.8000000000000003 1 1 1 1
v -4.8 -0.03 2.48 1 1 1 1
v -5.12 -0.03 2.48 1 1 1 1
v -4.8 -0.03 2.8000000000000003 1 1 1 1
v -4.48 -0.03 2.8000000000000003 1 1 1 1
v -4.16 -0.03 2.48 1 1 1 1
v -4.48 -0.03 2.48 1 1 1 1
v -4.16 -0.03 2.8000000000000003 1 1 1 1
v -4.16 -0.03 2.8000000000000003 1 1 1 1
v -3.84 -0.03 2.48 1 1 1 1
v -4.16 -0.03 2.48 1 1 1 1
v -3.84 -0.03 2.8000000000000003 1 1 1 1
v -3.52 -0.03 2.8000000000000003 1 1 1 1
v -3.2 -0.03 2.48 1 1 1 1
v -3.52 -0.03 2.48 1 1 1 1
v -3.2 -0.03 2.8000000000000003 1 1 1 1
v -2.88 -0.03 2.8000000000000003 1 1 1 1
v -2.56 -0.03 2.48 1 1 1 1
v -2.88 -0.03 2.48 1 1 1 1
v -2.56 -0.03 2.8000000000000003 1 1 1 1
v -2.56 -0.03 2.8000000000000003 1 1 1 1
v -2.24 -0.03 2.48 1 1 1 1
v -2.56 -0.03 2.48 1 1 1 1
v -2.24 -0.03 2.8000000000000003 1 1 1 1
v -1.92 -0.03 2.8000000000000003 1 1 1 1
v -1.6 -0.03 2.48 1 1 1 1
v -1.92 -0.03 2.48 1 1 1 1
v -1.6 -0.03 2.8000000000000003 1 1 1 1
v -1.6 -0.03 2.8000000000000003 1 1 1 1
v -1.28 -0.03 2.48 1 1 1 1
v -1.6 -0.03 2.48 1 1 1 1
v -1.28 -0.03 2.8000000000000003 1 1 1 1
v -1.28 -0.03 2.8000000000000003 1 1 1 1
v -0.96 -0.03 2.48 1 1 1 1
v -1.28 -0.03 2.48 1 1 1 1
v -0.96 -0.03 2.8000000000000003 1 1 1 1
v -3.2 -0.03 2.8000000000000003 1 1 1 1
v -2.88 -0.03 2.48 1 1 1 1
v -3.2 -0.03 2.48 1 1 1 1
v -2.88 -0.03 2.8000000000000003 1 1 1 1
v -3.84 -0.03 2.8000000000000003 1 1 1 1
v -3.52 -0.03 2.48 1 1 1 1
v -3.84 -0.03 2.48 1 1 1 1
v -3.52 -0.03 2.8000000000000003 1 1 1 1
v -4.8 -0.03 2.8000000000000003 1 1 1 1
v -4.48 -0.03 2.48 1 1 1 1
v -4.8 -0.03 2.48 1 1 1 1
v -4.48 -0.03 2.8000000000000003 1 1 1 1
v -2.24 -0.03 2.8000000000000003 1 1 1 1
v -1.92 -0.03 2.48 1 1 1 1
v -2.24 -0.03 2.48 1 1 1 1
v -1.92 -0.03 2.8000000000000003 1 1 1 1
v -0.96 -0.03 2.8000000000000003 1 1 1 1
v -0.64 -0.03 2.48 1 1 1 1
v -0.96 -0.03 2.48 1 1 1 1
v -0.64 -0.03 2.8000000000000003 1 1 1 1
v -0.64 -0.03 2.8000000000000003 1 1 1 1
v -0.32 -0.03 2.48 1 1 1 1
v -0.64 -0.03 2.48 1 1 1 1
v -0.32 -0.03 2.8000000000000003 1 1 1 1
v -5.44 -0.03 3.12 1 1 1 1
v -5.12 -0.03 2.8000000000000003 1 1 1 1
v -5.44 -0.03 2.8000000000000003 1 1 1 1
v -5.12 -0.03 3.12 1 1 1 1
v -4.8 -0.03 3.12 1 1 1 1
v -4.48 -0.03 2.8000000000000003 1 1 1 1
v -4.8 -0.03 2.8000000000000003 1 1 1 1
v -4.48 -0.03 3.12 1 1 1 1
v -4.16 -0.03 3.12 1 1 1 1
v -3.84 -0.03 2.8000000000000003 1 1 1 1
v -4.16 -0.03 2.8000000000000003 1 1 1 1
v -3.84 -0.03 3.12 1 1 1 1
v -3.84 -0.03 3.12 1 1 1 1
v -3.52 -0.03 2.8000000000000003 1 1 1 1
v -3.84 -0.03 2.8000000000000003 1 1 1 1
v -3.52 -0.03 3.12 1 1 1 1
v -3.52 -0.03 3.12 1 1 1 1
v -3.2 -0.03 2.8000000000000003 1 1 1 1
v -3.52 -0.03 2.8000000000000003 1 1 1 1
v -3.2 -0.03 3.12 1 1 1 1
v -3.2 -0.03 3.12 1 1 1 1
v -2.88 -0.03 2.8000000000000003 1 1 1 1
v -3.2 -0.03 2.8000000000000003 1 1 1 1
v -2.88 -0.03 3.12 1 1 1 1
v -2.88 -0.03 3.12 1 1 1 1
v -2.56 -0.03 2.8000000000000003 1 1 1 1
v -2.88 -0.03 2.8000000000000003 1 1 1 1
v -2.56 -0.03 3.12 1 1 1 1
v -2.56 -0.03 3.12 1 1 1 1
v -2.24 -0.03 2.8000000000000003 1 1 1 1
v -2.56 -0.03 2.8000000000000003 1 1 1 1
v -2.24 -0.03 3.12 1 1 1 1
v -4.48 -0.03 3.12 1 1 1 1
v -4.16 -0.03 2.8000000000000003 1 1 1 1
v -4.48 -0.03 2.8000000000000003 1 1 1 1
v -4.16 -0.03 3.12 1 1 1 1
v -5.12 -0.03 3.12 1 1 1 1
v -4.8 -0.03 2.8000000000000003 1 1 1 1
v -5.12 -0.03 2.8000000000000003 1 1 1 1
v -4.8 -0.03 3.12 1 1 1 1
v -1.92 -0.03 3.12 1 1 1 1
v -1.6 -0.03 2.8000000000000003 1 1 1 1
v -1.92 -0.03 2.8000000000000003 1 1 1 1
v -1.6 -0.03 3.12 1 1 1 1
v -1.6 -0.03 3.12 1 1 1 1
v -1.28 -0.03 2.8000000000000003 1 1 1 1
v -1.6 -0.03 2.8000000000000003 1 1 1 1
v -1.28 -0.03 3.12 1 1 1 1
v -1.28 -0.03 3.12 1 1 1 1
v -0.96 -0.03 2.8000000000000003 1 1 1 1
v -1.28 -0.03 2.8000000000000003 1 1 1 1
v -0.96 -0.03 3.12 1 1 1 1
v -0.96 -0.03 3.12 1 1 1 1
v -0.64 -0.03 2.8000000000000003 1 1 1 1
v -0.96 -0.03 2.8000000000000003 1 1 1 1
v -0.64 -0.03 3.12 1 1 1 1
v -0.64 -0.03 3.12 1 1 1 1
v -0.32 -0.03 2.8000000000000003 1 1 1 1
v -0.64 -0.03 2.8000000000000003 1 1 1 1
v -0.32 -0.03 3.12 1 1 1 1
v -2.24 -0.03 3.12 1 1 1 1
v -1.92 -0.03 2.8000000000000003 1 1 1 1
v -2.24 -0.03 2.8000000000000003 1 1 1 1
v -1.92 -0.03 3.12 1 1 1 1
v -5.12 -0.03 0.88 1 1 1 1
v -4.8 -0.03 0.56 1 1 1 1
v -5.12 -0.03 0.56 1 1 1 1
v -4.8 -0.03 0.88 1 1 1 1
v -4.8 -0.03 0.88 1 1 1 1
v -4.48 -0.03 0.56 1 1 1 1
v -4.8 -0.03 0.56 1 1 1 1
v -4.48 -0.03 0.88 1 1 1 1
v -5.44 -0.03 3.44 1 1 1 1
v -5.12 -0.03 3.12 1 1 1 1
v -5.44 -0.03 3.12 1 1 1 1
v -5.12 -0.03 3.44 1 1 1 1
v -5.12 -0.03 3.44 1 1 1 1
v -4.8 -0.03 3.12 1 1 1 1
v -5.12 -0.03 3.12 1 1 1 1
v -4.8 -0.03 3.44 1 1 1 1
v -4.48 -0.03 3.44 1 1 1 1
v -4.16 -0.03 3.12 1 1 1 1
v -4.48 -0.03 3.12 1 1 1 1
v -4.16 -0.03 3.44 1 1 1 1
v -4.16 -0.03 3.44 1 1 1 1
v -3.84 -0.03 3.12 1 1 1 1
v -4.16 -0.03 3.12 1 1 1 1
v -3.84 -0.03 3.44 1 1 1 1
v -3.84 -0.03 3.44 1 1 1 1
v -3.52 -0.03 3.12 1 1 1 1
v -3.84 -0.03 3.12 1 1 1 1
v -3.52 -0.03 3.44 1 1 1 1
v -3.52 -0.03 3.44 1 1 1 1
v -3.2 -0.03 3.12 1 1 1 1
v -3.52 -0.03 3.12 1 1 1 1
v -3.2 -0.03 3.44 1 1 1 1
v -3.2 -0.03 3.44 1 1 1 1
v -2.88 -0.03 3.12 1 1 1 1
v -3.2 -0.03 3.12 1 1 1 1
v -2.88 -0.03 3.44 1 1 1 1
v -4.8 -0.03 3.44 1 1 1 1
v -4.48 -0.03 3.12 1 1 1 1
v -4.8 -0.03 3.12 1 1 1 1
v -4.48 -0.03 3.44 1 1 1 1
v -2.88 -0.03 3.44 1 1 1 1
v -2.56 -0.03 3.12 1 1 1 1
v -2.88 -0.03 3.12 1 1 1 1
v -2.56 -0.03 3.44 1 1 1 1
v -2.56 -0.03 3.44 1 1 1 1
v -2.24 -0.03 3.12 1 1 1 1
v -2.56 -0.03 3.12 1 1 1 1
v -2.24 -0.03 3.44 1 1 1 1
v -2.24 -0.03 3.44 1 1 1 1
v -1.92 -0.03 3.12 1 1 1 1
v -2.24 -0.03 3.12 1 1 1 1
v -1.92 -0.03 3.44 1 1 1 1
v -1.92 -0.03 0.88 1 1 1 1
v -1.6 -0.03 0.56 1 1 1 1
v -1.92 -0.03 0.56 1 1 1 1
v -1.6 -0.03 0.88 1 1 1 1
v -1.6 -0.03 0.88 1 1 1 1
v -1.28 -0.03 0.56 1 1 1 1
v -1.6 -0.03 0.56 1 1 1 1
v -1.28 -0.03 0.88 1 1 1 1
v -1.28 -0.03 0.88 1 1 1 1
v -0.96 -0.03 0.56 1 1 1 1
v -1.28 -0.03 0.56 1 1 1 1
v -0.96 -0.03 0.88 1 1 1 1
v -0.96 -0.03 0.88 1 1 1 1
v -0.64 -0.03 0.56 1 1 1 1
v -0.96 -0.03 0.56 1 1 1 1
v -0.64 -0.03 0.88 1 1 1 1
v -0.64 -0.03 0.88 1 1 1 1
v -0.32 -0.03 0.56 1 1 1 1
v -0.64 -0.03 0.56 1 1 1 1
v -0.32 -0.03 0.88 1 1 1 1
v -1.92 -0.03 3.44 1 1 1 1
v -1.6 -0.03 3.12 1 1 1 1
v -1.92 -0.03 3.12 1 1 1 1
v -1.6 -0.03 3.44 1 1 1 1
v -4.48 -0.03 0.88 1 1 1 1
v -4.16 -0.03 0.56 1 1 1 1
v -4.48 -0.03 0.56 1 1 1 1
v -4.16 -0.03 0.88 1 1 1 1
v -4.16 -0.03 0.88 1 1 1 1
v -3.84 -0.03 0.56 1 1 1 1
v -4.16 -0.03 0.56 1 1 1 1
v -3.84 -0.03 0.88 1 1 1 1
v -3.84 -0.03 0.88 1 1 1 1
v -3.52 -0.03 0.56 1 1 1 1
v -3.84 -0.03 0.56 1 1 1 1
v -3.52 -0.03 0.88 1 1 1 1
v -3.52 -0.03 0.88 1 1 1 1
v -3.2 -0.03 0.56 1 1 1 1
v -3.52 -0.03 0.56 1 1 1 1
v -3.2 -0.03 0.88 1 1 1 1
v -5.44 -0.03 1.2 1 1 1 1
v -5.12 -0.03 0.88 1 1 1 1
v -5.44 -0.03 0.88 1 1 1 1
v -5.12 -0.03 1.2 1 1 1 1
v -5.12 -0.03 1.2 1 1 1 1
v -4.8 -0.03 0.88 1 1 1 1
v -5.12 -0.03 0.88 1 1 1 1
v -4.8 -0.03 1.2 1 1 1 1
v -4.8 -0.03 1.2 1 1 1 1
v -4.48 -0.03 0.88 1 1 1 1
v -4.8 -0.03 0.88 1 1 1 1
v -4.48 -0.03 1.2 1 1 1 1
v -4.48 -0.03 1.2 1 1 1 1
v -4.16 -0.03 0.88 1 1 1 1
v -4.48 -0.03 0.88 1 1 1 1
v -4.16 -0.03 1.2 1 1 1 1
v -4.16 -0.03 1.2 1 1 1 1
v -3.84 -0.03 0.88 1 1 1 1
v -4.16 -0.03 0.88 1 1 1 1
v -3.84 -0.03 1.2 1 1 1 1
v -3.84 -0.03 1.2 1 1 1 1
v -3.52 -0.03 0.88 1 1 1 1
v -3.84 -0.03 0.88 1 1 1 1
v -3.52 -0.03 1.2 1 1 1 1
v -3.52 -0.03 1.2 1 1 1 1
v -3.2 -0.03 0.88 1 1 1 1
v -3.52 -0.03 0.88 1 1 1 1
v -3.2 -0.03 1.2 1 1 1 1
v -3.2 -0.03 1.2 1 1 1 1
v -2.88 -0.03 0.88 1 1 1 1
v -3.2 -0.03 0.88 1 1 1 1
v -2.88 -0.03 1.2 1 1 1 1
v -2.88 -0.03 1.2 1 1 1 1
v -2.56 -0.03 0.88 1 1 1 1
v -2.88 -0.03 0.88 1 1 1 1
v -2.56 -0.03 1.2 1 1 1 1
v -2.56 -0.03 1.2 1 1 1 1
v -2.24 -0.03 0.88 1 1 1 1
v -2.56 -0.03 0.88 1 1 1 1
v -2.24 -0.03 1.2 1 1 1 1
v -2.24 -0.03 1.2 1 1 1 1
v -1.92 -0.03 0.88 1 1 1 1
v -2.24 -0.03 0.88 1 1 1 1
v -1.92 -0.03 1.2 1 1 1 1
v -1.92 -0.03 1.2 1 1 1 1
v -1.6 -0.03 0.88 1 1 1 1
v -1.92 -0.03 0.88 1 1 1 1
v -1.6 -0.03 1.2 1 1 1 1
v -1.6 -0.03 1.2 1 1 1 1
v -1.28 -0.03 0.88 1 1 1 1
v -1.6 -0.03 0.88 1 1 1 1
v -1.28 -0.03 1.2 1 1 1 1
v -1.28 -0.03 1.2 1 1 1 1
v -0.96 -0.03 0.88 1 1 1 1
v -1.28 -0.03 0.88 1 1 1 1
v -0.96 -0.03 1.2 1 1 1 1
v -0.96 -0.03 1.2 1 1 1 1
v -0.64 -0.03 0.88 1 1 1 1
v -0.96 -0.03 0.88 1 1 1 1
v -0.64 -0.03 1.2 1 1 1 1
v -0.64 -0.03 1.2 1 1 1 1
v -0.32 -0.03 0.88 1 1 1 1
v -0.64 -0.03 0.88 1 1 1 1
v -0.32 -0.03 1.2 1 1 1 1
v -5.44 -0.03 1.52 1 1 1 1
v -5.12 -0.03 1.2 1 1 1 1
v -5.44 -0.03 1.2 1 1 1 1
v -5.12 -0.03 1.52 1 1 1 1
v -5.12 -0.03 1.52 1 1 1 1
v -4.8 -0.03 1.2 1 1 1 1
v -5.12 -0.03 1.2 1 1 1 1
v -4.8 -0.03 1.52 1 1 1 1
v -4.8 -0.03 1.52 1 1 1 1
v -4.48 -0.03 1.2 1 1 1 1
v -4.8 -0.03 1.2 1 1 1 1
v -4.48 -0.03 1.52 1 1 1 1
v -4.48 -0.03 1.52 1 1 1 1
v -4.16 -0.03 1.2 1 1 1 1
v -4.48 -0.03 1.2 1 1 1 1
v -4.16 -0.03 1.52 1 1 1 1
v -3.84 -0.03 1.52 1 1 1 1
v -3.52 -0.03 1.2 1 1 1 1
v -3.84 -0.03 1.2 1 1 1 1
v -3.52 -0.03 1.52 1 1 1 1
v -3.52 -0.03 1.52 1 1 1 1
v -3.2 -0.03 1.2 1 1 1 1
v -3.52 -0.03 1.2 1 1 1 1
v -3.2 -0.03 1.52 1 1 1 1
v -3.2 -0.03 1.52 1 1 1 1
v -2.88 -0.03 1.2 1 1 1 1
v -3.2 -0.03 1.2 1 1 1 1
v -2.88 -0.03 1.52 1 1 1 1
v -2.88 -0.03 1.52 1 1 1 1
v -2.56 -0.03 1.2 1 1 1 1
v -2.88 -0.03 1.2 1 1 1 1
v -2.56 -0.03 1.52 1 1 1 1
v -2.56 -0.03 1.52 1 1 1 1
v -2.24 -0.03 1.2 1 1 1 1
v -2.56 -0.03 1.2 1 1 1 1
v -2.24 -0.03 1.52 1 1 1 1
v -2.24 -0.03 1.52 1 1 1 1
v -1.92 -0.03 1.2 1 1 1 1
v -2.24 -0.03 1.2 1 1 1 1
v -1.92 -0.03 1.52 1 1 1 1
v -4.16 -0.03 1.52 1 1 1 1
v -3.84 -0.03 1.2 1 1 1 1
v -4.16 -0.03 1.2 1 1 1 1
v -3.84 -0.03 1.52 1 1 1 1
v -1.6 -0.03 1.52 1 1 1 1
v -1.28 -0.03 1.2 1 1 1 1
v -1.6 -0.03 1.2 1 1 1 1
v -1.28 -0.03 1.52 1 1 1 1
v -1.28 -0.03 1.52 1 1 1 1
v -0.96 -0.03 1.2 1 1 1 1
v -1.28 -0.03 1.2 1 1 1 1
v -0.96 -0.03 1.52 1 1 1 1
v -0.96 -0.03 1.52 1 1 1 1
v -0.64 -0.03 1.2 1 1 1 1
v -0.96 -0.03 1.2 1 1 1 1
v -0.64 -0.03 1.52 1 1 1 1
v -0.64 -0.03 1.52 1 1 1 1
v -0.32 -0.03 1.2 1 1 1 1
v -0.64 -0.03 1.2 1 1 1 1
v -0.32 -0.03 1.52 1 1 1 1
v -9.6 -0.03 0.56 1 1 1 1
v -9.6 2.21 -0.08 1 1 1 1
v -9.6 -0.03 -0.08 1 1 1 1
v -9.6 2.21 0.56 1 1 1 1
v -8.64 -0.03 0.56 1 1 1 1
v -9.6 2.21 0.56 1 1 1 1
v -9.6 -0.03 0.56 1 1 1 1
v -8.64 2.21 0.56 1 1 1 1
v -9.6 -0.03 -0.08 1 1 1 1
v -8.64 2.21 -0.08 1 1 1 1
v -8.64 -0.03 -0.08 1 1 1 1
v -9.6 2.21 -0.08 1 1 1 1
v -1.92 -0.03 0.56 1 1 1 1
v -2.88 2.21 0.56 1 1 1 1
v -2.88 -0.03 0.56 1 1 1 1
v -1.92 2.21 0.56 1 1 1 1
v -2.88 -0.03 -0.08 1 1 1 1
v -1.92 2.21 -0.08 1 1 1 1
v -1.92 -0.03 -0.08 1 1 1 1
v -2.88 2.21 -0.08 1 1 1 1
v -0.96 -0.03 0.56 1 1 1 1
v -1.92 2.21 0.56 1 1 1 1
v -1.92 -0.03 0.56 1 1 1 1
v -0.96 2.21 0.56 1 1 1 1
v -1.92 -0.03 -0.08 1 1 1 1
v -0.96 2.21 -0.08 1 1 1 1
v -0.96 -0.03 -0.08 1 1 1 1
v -1.92 2.21 -0.08 1 1 1 1
v -7.68 -0.03 0.56 1 1 1 1
v -8.64 2.21 0.56 1 1 1 1
v -8.64 -0.03 0.56 1 1 1 1
v -7.68 2.21 0.56 1 1 1 1
v -8.64 -0.03 -0.08 1 1 1 1
v -7.68 2.21 -0.08 1 1 1 1
v -7.68 -0.03 -0.08 1 1 1 1
v -8.64 2.21 -0.08 1 1 1 1
v -8.64 2.21 -0.08 1 1 1 1
v -9.6 2.21 0.56 1 1 1 1
v -8.64 2.21 0.56 1 1 1 1
v -9.6 2.21 -0.08 1 1 1 1
v -0.48 -0.03 0.88 1 1 1 1
v -0.32 -0.03 0.72 1 1 1 1
v -0.48 -0.03 0.72 1 1 1 1
v -0.32 -0.03 0.88 1 1 1 1
v 0 -0.03 0.56 1 1 1 1
v -0.96 2.21 0.56 1 1 1 1
v -0.96 -0.03 0.56 1 1 1 1
v 0 2.21 0.56 1 1 1 1
v 0 -0.03 -0.08 1 1 1 1
v 0 2.21 0.56 1 1 1 1
v 0 -0.03 0.56 1 1 1 1
v 0 2.21 -0.08 1 1 1 1
v -0.96 -0.03 -0.08 1 1 1 1
v 0 2.21 -0.08 1 1 1 1
v 0 -0.03 -0.08 1 1 1 1
v -0.96 2.21 -0.08 1 1 1 1
v -6.72 -0.03 -0.08 1 1 1 1
v -5.76 2.21 -0.08 1 1 1 1
v -5.76 -0.03 -0.08 1 1 1 1
v -6.72 2.21 -0.08 1 1 1 1
v -4.8 -0.03 0.56 1 1 1 1
v -5.76 2.21 0.56 1 1 1 1
v -5.76 -0.03 0.56 1 1 1 1
v -4.8 2.21 0.56 1 1 1 1
v -5.76 -0.03 -0.08 1 1 1 1
v -4.8 2.21 -0.08 1 1 1 1
v -4.8 -0.03 -0.08 1 1 1 1
v -5.76 2.21 -0.08 1 1 1 1
v -3.84 -0.03 0.56 1 1 1 1
v -4.8 2.21 0.56 1 1 1 1
v -4.8 -0.03 0.56 1 1 1 1
v -3.84 2.21 0.56 1 1 1 1
v -4.8 -0.03 -0.08 1 1 1 1
v -3.84 2.21 -0.08 1 1 1 1
v -3.84 -0.03 -0.08 1 1 1 1
v -4.8 2.21 -0.08 1 1 1 1
v -2.88 -0.03 0.56 1 1 1 1
v -3.84 2.21 0.56 1 1 1 1
v -3.84 -0.03 0.56 1 1 1 1
v -2.88 2.21 0.56 1 1 1 1
v -6.72 -0.03 0.56 1 1 1 1
v -7.68 2.21 0.56 1 1 1 1
v -7.68 -0.03 0.56 1 1 1 1
v -6.72 2.21 0.56 1 1 1 1
v -4.8 2.21 0.56 1 1 1 1
v -3.84 2.21 -0.08 1 1 1 1
v -4.8 2.21 -0.08 1 1 1 1
v -3.84 2.21 0.56 1 1 1 1
v -5.76 -0.03 0.56 1 1 1 1
v -6.72 2.21 0.56 1 1 1 1
v -6.72 -0.03 0.56 1 1 1 1
v -5.76 2.21 0.56 1 1 1 1
v -3.84 2.21 0.56 1 1 1 1
v -2.88 2.21 -0.08 1 1 1 1
v -3.84 2.21 -0.08 1 1 1 1
v -2.88 2.21 0.56 1 1 1 1
v -6.72 2.21 0.56 1 1 1 1
v -5.76 2.21 -0.08 1 1 1 1
v -6.72 2.21 -0.08 1 1 1 1
v -5.76 2.21 0.56 1 1 1 1
v -1.92 2.21 0.56 1 1 1 1
v -0.96 2.21 -0.08 1 1 1 1
v -1.92 2.21 -0.08 1 1 1 1
v -0.96 2.21 0.56 1 1 1 1
v -7.68 2.21 0.56 1 1 1 1
v -6.72 2.21 -0.08 1 1 1 1
v -7.68 2.21 -0.08 1 1 1 1
v -6.72 2.21 0.56 1 1 1 1
v -0.96 2.21 0.56 1 1 1 1
v 0 2.21 -0.08 1 1 1 1
v -0.96 2.21 -0.08 1 1 1 1
v 0 2.21 0.56 1 1 1 1
v -2.88 2.21 0.56 1 1 1 1
v -1.92 2.21 -0.08 1 1 1 1
v -2.88 2.21 -0.08 1 1 1 1
v -1.92 2.21 0.56 1 1 1 1
v -8.64 2.21 0.56 1 1 1 1
v -7.68 2.21 -0.08 1 1 1 1
v -8.64 2.21 -0.08 1 1 1 1
v -7.68 2.21 0.56 1 1 1 1
v -3.84 -0.03 -0.08 1 1 1 1
v -2.88 2.21 -0.08 1 1 1 1
v -2.88 -0.03 -0.08 1 1 1 1
v -3.84 2.21 -0.08 1 1 1 1
v -7.68 -0.03 -0.08 1 1 1 1
v -6.72 2.21 -0.08 1 1 1 1
v -6.72 -0.03 -0.08 1 1 1 1
v -7.68 2.21 -0.08 1 1 1 1
v -5.76 2.21 0.56 1 1 1 1
v -4.8 2.21 -0.08 1 1 1 1
v -5.76 2.21 -0.08 1 1 1 1
v -4.8 2.21 0.56 1 1 1 1
v -7.04 -0.03 1.52 1 1 1 1
v -6.72 -0.03 1.2 1 1 1 1
v -7.04 -0.03 1.2 1 1 1 1
v -6.72 -0.03 1.52 1 1 1 1
v -10.56 -0.03 1.84 1 1 1 1
v -10.24 -0.03 1.52 1 1 1 1
v -10.56 -0.03 1.52 1 1 1 1
v -10.24 -0.03 1.84 1 1 1 1
v -10.24 -0.03 1.84 1 1 1 1
v -9.92 -0.03 1.52 1 1 1 1
v -10.24 -0.03 1.52 1 1 1 1
v -9.92 -0.03 1.84 1 1 1 1
v -9.92 -0.03 1.84 1 1 1 1
v -9.6 -0.03 1.52 1 1 1 1
v -9.92 -0.03 1.52 1 1 1 1
v -9.6 -0.03 1.84 1 1 1 1
v -9.6 -0.03 1.84 1 1 1 1
v -9.28 -0.03 1.52 1 1 1 1
v -9.6 -0.03 1.52 1 1 1 1
v -9.28 -0.03 1.84 1 1 1 1
v -9.28 -0.03 1.84 1 1 1 1
v -8.96 -0.03 1.52 1 1 1 1
v -9.28 -0.03 1.52 1 1 1 1
v -8.96 -0.03 1.84 1 1 1 1
v -8.96 -0.03 1.84 1 1 1 1
v -8.64 -0.03 1.52 1 1 1 1
v -8.96 -0.03 1.52 1 1 1 1
v -8.64 -0.03 1.84 1 1 1 1
v -8.64 -0.03 1.84 1 1 1 1
v -8.32 -0.03 1.52 1 1 1 1
v -8.64 -0.03 1.52 1 1 1 1
v -8.32 -0.03 1.84 1 1 1 1
v -6.72 -0.03 3.44 1 1 1 1
v -6.4 -0.03 3.12 1 1 1 1
v -6.72 -0.03 3.12 1 1 1 1
v -6.4 -0.03 3.44 1 1 1 1
v -6.4 -0.03 3.44 1 1 1 1
v -6.08 -0.03 3.12 1 1 1 1
v -6.4 -0.03 3.12 1 1 1 1
v -6.08 -0.03 3.44 1 1 1 1
v -6.08 -0.03 3.44 1 1 1 1
v -5.76 -0.03 3.12 1 1 1 1
v -6.08 -0.03 3.12 1 1 1 1
v -5.76 -0.03 3.44 1 1 1 1
v -8.32 -0.03 1.84 1 1 1 1
v -8 -0.03 1.52 1 1 1 1
v -8.32 -0.03 1.52 1 1 1 1
v -8 -0.03 1.84 1 1 1 1
v -8 -0.03 1.84 1 1 1 1
v -7.68 -0.03 1.52 1 1 1 1
v -8 -0.03 1.52 1 1 1 1
v -7.68 -0.03 1.84 1 1 1 1
v -7.68 -0.03 1.84 1 1 1 1
v -7.36 -0.03 1.52 1 1 1 1
v -7.68 -0.03 1.52 1 1 1 1
v -7.36 -0.03 1.84 1 1 1 1
v -7.36 -0.03 1.84 1 1 1 1
v -7.04 -0.03 1.52 1 1 1 1
v -7.36 -0.03 1.52 1 1 1 1
v -7.04 -0.03 1.84 1 1 1 1
v -7.04 -0.03 1.84 1 1 1 1
v -6.72 -0.03 1.52 1 1 1 1
v -7.04 -0.03 1.52 1 1 1 1
v -6.72 -0.03 1.84 1 1 1 1
v -6.72 -0.03 1.84 1 1 1 1
v -6.4 -0.03 1.52 1 1 1 1
v -6.72 -0.03 1.52 1 1 1 1
v -6.4 -0.03 1.84 1 1 1 1
v -8.32 -0.03 0.88 1 1 1 1
v -8 -0.03 0.56 1 1 1 1
v -8.32 -0.03 0.56 1 1 1 1
v -8 -0.03 0.88 1 1 1 1
v -6.4 -0.03 1.84 1 1 1 1
v -6.08 -0.03 1.52 1 1 1 1
v -6.4 -0.03 1.52 1 1 1 1
v -6.08 -0.03 1.84 1 1 1 1
v -6.08 -0.03 1.84 1 1 1 1
v -5.76 -0.03 1.52 1 1 1 1
v -6.08 -0.03 1.52 1 1 1 1
v -5.76 -0.03 1.84 1 1 1 1
v -5.76 -0.03 1.84 1 1 1 1
v -5.44 -0.03 1.52 1 1 1 1
v -5.76 -0.03 1.52 1 1 1 1
v -5.44 -0.03 1.84 1 1 1 1
v -10.56 -0.03 2.16 1 1 1 1
v -10.24 -0.03 1.84 1 1 1 1
v -10.56 -0.03 1.84 1 1 1 1
v -10.24 -0.03 2.16 1 1 1 1
v -10.24 -0.03 2.16 1 1 1 1
v -9.92 -0.03 1.84 1 1 1 1
v -10.24 -0.03 1.84 1 1 1 1
v -9.92 -0.03 2.16 1 1 1 1
v -9.92 -0.03 2.16 1 1 1 1
v -9.6 -0.03 1.84 1 1 1 1
v -9.92 -0.03 1.84 1 1 1 1
v -9.6 -0.03 2.16 1 1 1 1
v -9.6 -0.03 2.16 1 1 1 1
v -9.28 -0.03 1.84 1 1 1 1
v -9.6 -0.03 1.84 1 1 1 1
v -9.28 -0.03 2.16 1 1 1 1
v -9.28 -0.03 2.16 1 1 1 1
v -8.96 -0.03 1.84 1 1 1 1
v -9.28 -0.03 1.84 1 1 1 1
v -8.96 -0.03 2.16 1 1 1 1
v -8 -0.03 0.88 1 1 1 1
v -7.68 -0.03 0.56 1 1 1 1
v -8 -0.03 0.56 1 1 1 1
v -7.68 -0.03 0.88 1 1 1 1
v -8.96 -0.03 2.16 1 1 1 1
v -8.64 -0.03 1.84 1 1 1 1
v -8.96 -0.03 1.84 1 1 1 1
v -8.64 -0.03 2.16 1 1 1 1
v -8.64 -0.03 2.16 1 1 1 1
v -8.32 -0.03 1.84 1 1 1 1
v -8.64 -0.03 1.84 1 1 1 1
v -8.32 -0.03 2.16 1 1 1 1
v -8.32 -0.03 2.16 1 1 1 1
v -8 -0.03 1.84 1 1 1 1
v -8.32 -0.03 1.84 1 1 1 1
v -8 -0.03 2.16 1 1 1 1
v -8 -0.03 2.16 1 1 1 1
v -7.68 -0.03 1.84 1 1 1 1
v -8 -0.03 1.84 1 1 1 1
v -7.68 -0.03 2.16 1 1 1 1
v -7.68 -0.03 0.88 1 1 1 1
v -7.36 -0.03 0.56 1 1 1 1
v -7.68 -0.03 0.56 1 1 1 1
v -7.36 -0.03 0.88 1 1 1 1
v -7.36 -0.03 0.88 1 1 1 1
v -7.04 -0.03 0.56 1 1 1 1
v -7.36 -0.03 0.56 1 1 1 1
v -7.04 -0.03 0.88 1 1 1 1
v -7.68 -0.03 2.16 1 1 1 1
v -7.36 -0.03 1.84 1 1 1 1
v -7.68 -0.03 1.84 1 1 1 1
v -7.36 -0.03 2.16 1 1 1 1
v -7.36 -0.03 2.16 1 1 1 1
v -7.04 -0.03 1.84 1 1 1 1
v -7.36 -0.03 1.84 1 1 1 1
v -7.04 -0.03 2.16 1 1 1 1
v -7.04 -0.03 2.16 1 1 1 1
v -6.72 -0.03 1.84 1 1 1 1
v -7.04 -0.03 1.84 1 1 1 1
v -6.72 -0.03 2.16 1 1 1 1
v -6.72 -0.03 2.16 1 1 1 1
v -6.4 -0.03 1.84 1 1 1 1
v -6.72 -0.03 1.84 1 1 1 1
v -6.4 -0.03 2.16 1 1 1 1
v -6.4 -0.03 2.16 1 1 1 1
v -6.08 -0.03 1.84 1 1 1 1
v -6.4 -0.03 1.84 1 1 1 1
v -6.08 -0.03 2.16 1 1 1 1
v -6.08 -0.03 2.16 1 1 1 1
v -5.76 -0.03 1.84 1 1 1 1
v -6.08 -0.03 1.84 1 1 1 1
v -5.76 -0.03 2.16 1 1 1 1
v -5.76 -0.03 2.16 1 1 1 1
v -5.44 -0.03 1.84 1 1 1 1
v -5.76 -0.03 1.84 1 1 1 1
v -5.44 -0.03 2.16 1 1 1 1
v -10.56 -0.03 2.48 1 1 1 1
v -10.24 -0.03 2.16 1 1 1 1
v -10.56 -0.03 2.16 1 1 1 1
v -10.24 -0.03 2.48 1 1 1 1
v -10.24 -0.03 2.48 1 1 1 1
v -9.92 -0.03 2.16 1 1 1 1
v -10.24 -0.03 2.16 1 1 1 1
v -9.92 -0.03 2.48 1 1 1 1
v -9.6 -0.03 2.48 1 1 1 1
v -9.28 -0.03 2.16 1 1 1 1
v -9.6 -0.03 2.16 1 1 1 1
v -9.28 -0.03 2.48 1 1 1 1
v -9.28 -0.03 2.48 1 1 1 1
v -8.96 -0.03 2.16 1 1 1 1
v -9.28 -0.03 2.16 1 1 1 1
v -8.96 -0.03 2.48 1 1 1 1
v -8.96 -0.03 2.48 1 1 1 1
v -8.64 -0.03 2.16 1 1 1 1
v -8.96 -0.03 2.16 1 1 1 1
v -8.64 -0.03 2.48 1 1 1 1
v -8.64 -0.03 2.48 1 1 1 1
v -8.32 -0.03 2.16 1 1 1 1
v -8.64 -0.03 2.16 1 1 1 1
v -8.32 -0.03 2.48 1 1 1 1
v -8.32 -0.03 2.48 1 1 1 1
v -8 -0.03 2.16 1 1 1 1
v -8.32 -0.03 2.16 1 1 1 1
v -8 -0.03 2.48 1 1 1 1
v -8 -0.03 2.48 1 1 1 1
v -7.68 -0.03 2.16 1 1 1 1
v -8 -0.03 2.16 1 1 1 1
v -7.68 -0.03 2.48 1 1 1 1
v -7.68 -0.03 2.48 1 1 1 1
v -7.36 -0.03 2.16 1 1 1 1
v -7.68 -0.03 2.16 1 1 1 1
v -7.36 -0.03 2.48 1 1 1 1
v -9.92 -0.03 2.48 1 1 1 1
v -9.6 -0.03 2.16 1 1 1 1
v -9.92 -0.03 2.16 1 1 1 1
v -9.6 -0.03 2.48 1 1 1 1
v -7.04 -0.03 2.48 1 1 1 1
v -6.72 -0.03 2.16 1 1 1 1
v -7.04 -0.03 2.16 1 1 1 1
v -6.72 -0.03 2.48 1 1 1 1
v -6.4 -0.03 2.48 1 1 1 1
v -6.08 -0.03 2.16 1 1 1 1
v -6.4 -0.03 2.16 1 1 1 1
v -6.08 -0.03 2.48 1 1 1 1
v -6.08 -0.03 2.48 1 1 1 1
v -5.76 -0.03 2.16 1 1 1 1
v -6.08 -0.03 2.16 1 1 1 1
v -5.76 -0.03 2.48 1 1 1 1
v -5.76 -0.03 3.44 1 1 1 1
v -5.44 -0.03 3.12 1 1 1 1
v -5.76 -0.03 3.12 1 1 1 1
v -5.44 -0.03 3.44 1 1 1 1
v -5.76 -0.03 2.48 1 1 1 1
v -5.44 -0.03 2.16 1 1 1 1
v -5.76 -0.03 2.16 1 1 1 1
v -5.44 -0.03 2.48 1 1 1 1
v -7.36 -0.03 2.48 1 1 1 1
v -7.04 -0.03 2.16 1 1 1 1
v -7.36 -0.03 2.16 1 1 1 1
v -7.04 -0.03 2.48 1 1 1 1
v -6.72 -0.03 2.48 1 1 1 1
v -6.4 -0.03 2.16 1 1 1 1
v -6.72 -0.03 2.16 1 1 1 1
v -6.4 -0.03 2.48 1 1 1 1
v -10.56 -0.03 2.8000000000000003 1 1 1 1
v -10.24 -0.03 2.48 1 1 1 1
v -10.56 -0.03 2.48 1 1 1 1
v -10.24 -0.03 2.8000000000000003 1 1 1 1
v -10.56 -0.03 0.88 1 1 1 1
v -10.24 -0.03 0.56 1 1 1 1
v -10.56 -0.03 0.56 1 1 1 1
v -10.24 -0.03 0.88 1 1 1 1
v -10.24 -0.03 2.8000000000000003 1 1 1 1
v -9.92 -0.03 2.48 1 1 1 1
v -10.24 -0.03 2.48 1 1 1 1
v -9.92 -0.03 2.8000000000000003 1 1 1 1
v -9.6 -0.03 2.8000000000000003 1 1 1 1
v -9.28 -0.03 2.48 1 1 1 1
v -9.6 -0.03 2.48 1 1 1 1
v -9.28 -0.03 2.8000000000000003 1 1 1 1
v -9.28 -0.03 2.8000000000000003 1 1 1 1
v -8.96 -0.03 2.48 1 1 1 1
v -9.28 -0.03 2.48 1 1 1 1
v -8.96 -0.03 2.8000000000000003 1 1 1 1
v -8.64 -0.03 2.8000000000000003 1 1 1 1
v -8.32 -0.03 2.48 1 1 1 1
v -8.64 -0.03 2.48 1 1 1 1
v -8.32 -0.03 2.8000000000000003 1 1 1 1
v -8 -0.03 2.8000000000000003 1 1 1 1
v -7.68 -0.03 2.48 1 1 1 1
v -8 -0.03 2.48 1 1 1 1
v -7.68 -0.03 2.8000000000000003 1 1 1 1
v -7.68 -0.03 2.8000000000000003 1 1 1 1
v -7.36 -0.03 2.48 1 1 1 1
v -7.68 -0.03 2.48 1 1 1 1
v -7.36 -0.03 2.8000000000000003 1 1 1 1
v -7.04 -0.03 2.8000000000000003 1 1 1 1
v -6.72 -0.03 2.48 1 1 1 1
v -7.04 -0.03 2.48 1 1 1 1
v -6.72 -0.03 2.8000000000000003 1 1 1 1
v -6.72 -0.03 2.8000000000000003 1 1 1 1
v -6.4 -0.03 2.48 1 1 1 1
v -6.72 -0.03 2.48 1 1 1 1
v -6.4 -0.03 2.8000000000000003 1 1 1 1
v -6.4 -0.03 2.8000000000000003 1 1 1 1
v -6.08 -0.03 2.48 1 1 1 1
v -6.4 -0.03 2.48 1 1 1 1
v -6.08 -0.03 2.8000000000000003 1 1 1 1
v -8.32 -0.03 2.8000000000000003 1 1 1 1
v -8 -0.03 2.48 1 1 1 1
v -8.32 -0.03 2.48 1 1 1 1
v -8 -0.03 2.8000000000000003 1 1 1 1
v -8.96 -0.03 2.8000000000000003 1 1 1 1
v -8.64 -0.03 2.48 1 1 1 1
v -8.96 -0.03 2.48 1 1 1 1
v -8.64 -0.03 2.8000000000000003 1 1 1 1
v -9.92 -0.03 2.8000000000000003 1 1 1 1
v -9.6 -0.03 2.48 1 1 1 1
v -9.92 -0.03 2.48 1 1 1 1
v -9.6 -0.03 2.8000000000000003 1 1 1 1
v -7.36 -0.03 2.8000000000000003 1 1 1 1
v -7.04 -0.03 2.48 1 1 1 1
v -7.36 -0.03 2.48 1 1 1 1
v -7.04 -0.03 2.8000000000000003 1 1 1 1
v -6.08 -0.03 2.8000000000000003 1 1 1 1
v -5.76 -0.03 2.48 1 1 1 1
v -6.08 -0.03 2.48 1 1 1 1
v -5.76 -0.03 2.8000000000000003 1 1 1 1
v -5.76 -0.03 2.8000000000000003 1 1 1 1
v -5.44 -0.03 2.48 1 1 1 1
v -5.76 -0.03 2.48 1 1 1 1
v -5.44 -0.03 2.8000000000000003 1 1 1 1
v -10.56 -0.03 3.12 1 1 1 1
v -10.24 -0.03 2.8000000000000003 1 1 1 1
v -10.56 -0.03 2.8000000000000003 1 1 1 1
v -10.24 -0.03 3.12 1 1 1 1
v -9.92 -0.03 3.12 1 1 1 1
v -9.6 -0.03 2.8000000000000003 1 1 1 1
v -9.92 -0.03 2.8000000000000003 1 1 1 1
v -9.6 -0.03 3.12 1 1 1 1
v -9.28 -0.03 3.12 1 1 1 1
v -8.96 -0.03 2.8000000000000003 1 1 1 1
v -9.28 -0.03 2.8000000000000003 1 1 1 1
v -8.96 -0.03 3.12 1 1 1 1
v -8.96 -0.03 3.12 1 1 1 1
v -8.64 -0.03 2.8000000000000003 1 1 1 1
v -8.96 -0.03 2.8000000000000003 1 1 1 1
v -8.64 -0.03 3.12 1 1 1 1
v -8.64 -0.03 3.12 1 1 1 1
v -8.32 -0.03 2.8000000000000003 1 1 1 1
v -8.64 -0.03 2.8000000000000003 1 1 1 1
v -8.32 -0.03 3.12 1 1 1 1
v -8.32 -0.03 3.12 1 1 1 1
v -8 -0.03 2.8000000000000003 1 1 1 1
v -8.32 -0.03 2.8000000000000003 1 1 1 1
v -8 -0.03 3.12 1 1 1 1
v -8 -0.03 3.12 1 1 1 1
v -7.68 -0.03 2.8000000000000003 1 1 1 1
v -8 -0.03 2.8000000000000003 1 1 1 1
v -7.68 -0.03 3.12 1 1 1 1
v -7.68 -0.03 3.12 1 1 1 1
v -7.36 -0.03 2.8000000000000003 1 1 1 1
v -7.68 -0.03 2.8000000000000003 1 1 1 1
v -7.36 -0.03 3.12 1 1 1 1
v -9.6 -0.03 3.12 1 1 1 1
v -9.28 -0.03 2.8000000000000003 1 1 1 1
v -9.6 -0.03 2.8000000000000003 1 1 1 1
v -9.28 -0.03 3.12 1 1 1 1
v -10.24 -0.03 3.12 1 1 1 1
v -9.92 -0.03 2.8000000000000003 1 1 1 1
v -10.24 -0.03 2.8000000000000003 1 1 1 1
v -9.92 -0.03 3.12 1 1 1 1
v -7.04 -0.03 3.12 1 1 1 1
v -6.72 -0.03 2.8000000000000003 1 1 1 1
v -7.04 -0.03 2.8000000000000003 1 1 1 1
v -6.72 -0.03 3.12 1 1 1 1
v -6.72 -0.03 3.12 1 1 1 1
v -6.4 -0.03 2.8000000000000003 1 1 1 1
v -6.72 -0.03 2.8000000000000003 1 1 1 1
v -6.4 -0.03 3.12 1 1 1 1
v -6.4 -0.03 3.12 1 1 1 1
v -6.08 -0.03 2.8000000000000003 1 1 1 1
v -6.4 -0.03 2.8000000000000003 1 1 1 1
v -6.08 -0.03 3.12 1 1 1 1
v -6.08 -0.03 3.12 1 1 1 1
v -5.76 -0.03 2.8000000000000003 1 1 1 1
v -6.08 -0.03 2.8000000000000003 1 1 1 1
v -5.76 -0.03 3.12 1 1 1 1
v -5.76 -0.03 3.12 1 1 1 1
v -5.44 -0.03 2.8000000000000003 1 1 1 1
v -5.76 -0.03 2.8000000000000003 1 1 1 1
v -5.44 -0.03 3.12 1 1 1 1
v -7.36 -0.03 3.12 1 1 1 1
v -7.04 -0.03 2.8000000000000003 1 1 1 1
v -7.36 -0.03 2.8000000000000003 1 1 1 1
v -7.04 -0.03 3.12 1 1 1 1
v -10.24 -0.03 0.88 1 1 1 1
v -9.92 -0.03 0.56 1 1 1 1
v -10.24 -0.03 0.56 1 1 1 1
v -9.92 -0.03 0.88 1 1 1 1
v -9.92 -0.03 0.88 1 1 1 1
v -9.6 -0.03 0.56 1 1 1 1
v -9.92 -0.03 0.56 1 1 1 1
v -9.6 -0.03 0.88 1 1 1 1
v -10.56 -0.03 3.44 1 1 1 1
v -10.24 -0.03 3.12 1 1 1 1
v -10.56 -0.03 3.12 1 1 1 1
v -10.24 -0.03 3.44 1 1 1 1
v -10.24 -0.03 3.44 1 1 1 1
v -9.92 -0.03 3.12 1 1 1 1
v -10.24 -0.03 3.12 1 1 1 1
v -9.92 -0.03 3.44 1 1 1 1
v -9.6 -0.03 3.44 1 1 1 1
v -9.28 -0.03 3.12 1 1 1 1
v -9.6 -0.03 3.12 1 1 1 1
v -9.28 -0.03 3.44 1 1 1 1
v -9.28 -0.03 3.44 1 1 1 1
v -8.96 -0.03 3.12 1 1 1 1
v -9.28 -0.03 3.12 1 1 1 1
v -8.96 -0.03 3.44 1 1 1 1
v -8.96 -0.03 3.44 1 1 1 1
v -8.64 -0.03 3.12 1 1 1 1
v -8.96 -0.03 3.12 1 1 1 1
v -8.64 -0.03 3.44 1 1 1 1
v -8.64 -0.03 3.44 1 1 1 1
v -8.32 -0.03 3.12 1 1 1 1
v -8.64 -0.03 3.12 1 1 1 1
v -8.32 -0.03 3.44 1 1 1 1
v -8.32 -0.03 3.44 1 1 1 1
v -8 -0.03 3.12 1 1 1 1
v -8.32 -0.03 3.12 1 1 1 1
v -8 -0.03 3.44 1 1 1 1
v -9.92 -0.03 3.44 1 1 1 1
v -9.6 -0.03 3.12 1 1 1 1
v -9.92 -0.03 3.12 1 1 1 1
v -9.6 -0.03 3.44 1 1 1 1
v -8 -0.03 3.44 1 1 1 1
v -7.68 -0.03 3.12 1 1 1 1
v -8 -0.03 3.12 1 1 1 1
v -7.68 -0.03 3.44 1 1 1 1
v -7.68 -0.03 3.44 1 1 1 1
v -7.36 -0.03 3.12 1 1 1 1
v -7.68 -0.03 3.12 1 1 1 1
v -7.36 -0.03 3.44 1 1 1 1
v -7.36 -0.03 3.44 1 1 1 1
v -7.04 -0.03 3.12 1 1 1 1
v -7.36 -0.03 3.12 1 1 1 1
v -7.04 -0.03 3.44 1 1 1 1
v -7.04 -0.03 0.88 1 1 1 1
v -6.72 -0.03 0.56 1 1 1 1
v -7.04 -0.03 0.56 1 1 1 1
v -6.72 -0.03 0.88 1 1 1 1
v -6.72 -0.03 0.88 1 1 1 1
v -6.4 -0.03 0.56 1 1 1 1
v -6.72 -0.03 0.56 1 1 1 1
v -6.4 -0.03 0.88 1 1 1 1
v -6.4 -0.03 0.88 1 1 1 1
v -6.08 -0.03 0.56 1 1 1 1
v -6.4 -0.03 0.56 1 1 1 1
v -6.08 -0.03 0.88 1 1 1 1
v -6.08 -0.03 0.88 1 1 1 1
v -5.76 -0.03 0.56 1 1 1 1
v -6.08 -0.03 0.56 1 1 1 1
v -5.76 -0.03 0.88 1 1 1 1
v -5.76 -0.03 0.88 1 1 1 1
v -5.44 -0.03 0.56 1 1 1 1
v -5.76 -0.03 0.56 1 1 1 1
v -5.44 -0.03 0.88 1 1 1 1
v -7.04 -0.03 3.44 1 1 1 1
v -6.72 -0.03 3.12 1 1 1 1
v -7.04 -0.03 3.12 1 1 1 1
v -6.72 -0.03 3.44 1 1 1 1
v -9.6 -0.03 0.88 1 1 1 1
v -9.28 -0.03 0.56 1 1 1 1
v -9.6 -0.03 0.56 1 1 1 1
v -9.28 -0.03 0.88 1 1 1 1
v -9.28 -0.03 0.88 1 1 1 1
v -8.96 -0.03 0.56 1 1 1 1
v -9.28 -0.03 0.56 1 1 1 1
v -8.96 -0.03 0.88 1 1 1 1
v -8.96 -0.03 0.88 1 1 1 1
v -8.64 -0.03 0.56 1 1 1 1
v -8.96 -0.03 0.56 1 1 1 1
v -8.64 -0.03 0.88 1 1 1 1
v -8.64 -0.03 0.88 1 1 1 1
v -8.32 -0.03 0.56 1 1 1 1
v -8.64 -0.03 0.56 1 1 1 1
v -8.32 -0.03 0.88 1 1 1 1
v -10.56 -0.03 1.2 1 1 1 1
v -10.24 -0.03 0.88 1 1 1 1
v -10.56 -0.03 0.88 1 1 1 1
v -10.24 -0.03 1.2 1 1 1 1
v -10.24 -0.03 1.2 1 1 1 1
v -9.92 -0.03 0.88 1 1 1 1
v -10.24 -0.03 0.88 1 1 1 1
v -9.92 -0.03 1.2 1 1 1 1
v -9.92 -0.03 1.2 1 1 1 1
v -9.6 -0.03 0.88 1 1 1 1
v -9.92 -0.03 0.88 1 1 1 1
v -9.6 -0.03 1.2 1 1 1 1
v -9.6 -0.03 1.2 1 1 1 1
v -9.28 -0.03 0.88 1 1 1 1
v -9.6 -0.03 0.88 1 1 1 1
v -9.28 -0.03 1.2 1 1 1 1
v -9.28 -0.03 1.2 1 1 1 1
v -8.96 -0.03 0.88 1 1 1 1
v -9.28 -0.03 0.88 1 1 1 1
v -8.96 -0.03 1.2 1 1 1 1
v -8.96 -0.03 1.2 1 1 1 1
v -8.64 -0.03 0.88 1 1 1 1
v -8.96 -0.03 0.88 1 1 1 1
v -8.64 -0.03 1.2 1 1 1 1
v -8.64 -0.03 1.2 1 1 1 1
v -8.32 -0.03 0.88 1 1 1 1
v -8.64 -0.03 0.88 1 1 1 1
v -8.32 -0.03 1.2 1 1 1 1
v -8.32 -0.03 1.2 1 1 1 1
v -8 -0.03 0.88 1 1 1 1
v -8.32 -0.03 0.88 1 1 1 1
v -8 -0.03 1.2 1 1 1 1
v -8 -0.03 1.2 1 1 1 1
v -7.68 -0.03 0.88 1 1 1 1
v -8 -0.03 0.88 1 1 1 1
v -7.68 -0.03 1.2 1 1 1 1
v -7.68 -0.03 1.2 1 1 1 1
v -7.36 -0.03 0.88 1 1 1 1
v -7.68 -0.03 0.88 1 1 1 1
v -7.36 -0.03 1.2 1 1 1 1
v -7.36 -0.03 1.2 1 1 1 1
v -7.04 -0.03 0.88 1 1 1 1
v -7.36 -0.03 0.88 1 1 1 1
v -7.04 -0.03 1.2 1 1 1 1
v -7.04 -0.03 1.2 1 1 1 1
v -6.72 -0.03 0.88 1 1 1 1
v -7.04 -0.03 0.88 1 1 1 1
v -6.72 -0.03 1.2 1 1 1 1
v -6.72 -0.03 1.2 1 1 1 1
v -6.4 -0.03 0.88 1 1 1 1
v -6.72 -0.03 0.88 1 1 1 1
v -6.4 -0.03 1.2 1 1 1 1
v -6.4 -0.03 1.2 1 1 1 1
v -6.08 -0.03 0.88 1 1 1 1
v -6.4 -0.03 0.88 1 1 1 1
v -6.08 -0.03 1.2 1 1 1 1
v -6.08 -0.03 1.2 1 1 1 1
v -5.76 -0.03 0.88 1 1 1 1
v -6.08 -0.03 0.88 1 1 1 1
v -5.76 -0.03 1.2 1 1 1 1
v -5.76 -0.03 1.2 1 1 1 1
v -5.44 -0.03 0.88 1 1 1 1
v -5.76 -0.03 0.88 1 1 1 1
v -5.44 -0.03 1.2 1 1 1 1
v -10.56 -0.03 1.52 1 1 1 1
v -10.24 -0.03 1.2 1 1 1 1
v -10.56 -0.03 1.2 1 1 1 1
v -10.24 -0.03 1.52 1 1 1 1
v -10.24 -0.03 1.52 1 1 1 1
v -9.92 -0.03 1.2 1 1 1 1
v -10.24 -0.03 1.2 1 1 1 1
v -9.92 -0.03 1.52 1 1 1 1
v -9.92 -0.03 1.52 1 1 1 1
v -9.6 -0.03 1.2 1 1 1 1
v -9.92 -0.03 1.2 1 1 1 1
v -9.6 -0.03 1.52 1 1 1 1
v -9.6 -0.03 1.52 1 1 1 1
v -9.28 -0.03 1.2 1 1 1 1
v -9.6 -0.03 1.2 1 1 1 1
v -9.28 -0.03 1.52 1 1 1 1
v -8.96 -0.03 1.52 1 1 1 1
v -8.64 -0.03 1.2 1 1 1 1
v -8.96 -0.03 1.2 1 1 1 1
v -8.64 -0.03 1.52 1 1 1 1
v -8.64 -0.03 1.52 1 1 1 1
v -8.32 -0.03 1.2 1 1 1 1
v -8.64 -0.03 1.2 1 1 1 1
v -8.32 -0.03 1.52 1 1 1 1
v -8.32 -0.03 1.52 1 1 1 1
v -8 -0.03 1.2 1 1 1 1
v -8.32 -0.03 1.2 1 1 1 1
v -8 -0.03 1.52 1 1 1 1
v -8 -0.03 1.52 1 1 1 1
v -7.68 -0.03 1.2 1 1 1 1
v -8 -0.03 1.2 1 1 1 1
v -7.68 -0.03 1.52 1 1 1 1
v -7.68 -0.03 1.52 1 1 1 1
v -7.36 -0.03 1.2 1 1 1 1
v -7.68 -0.03 1.2 1 1 1 1
v -7.36 -0.03 1.52 1 1 1 1
v -7.36 -0.03 1.52 1 1 1 1
v -7.04 -0.03 1.2 1 1 1 1
v -7.36 -0.03 1.2 1 1 1 1
v -7.04 -0.03 1.52 1 1 1 1
v -9.28 -0.03 1.52 1 1 1 1
v -8.96 -0.03 1.2 1 1 1 1
v -9.28 -0.03 1.2 1 1 1 1
v -8.96 -0.03 1.52 1 1 1 1
v -6.72 -0.03 1.52 1 1 1 1
v -6.4 -0.03 1.2 1 1 1 1
v -6.72 -0.03 1.2 1 1 1 1
v -6.4 -0.03 1.52 1 1 1 1
v -6.4 -0.03 1.52 1 1 1 1
v -6.08 -0.03 1.2 1 1 1 1
v -6.4 -0.03 1.2 1 1 1 1
v -6.08 -0.03 1.52 1 1 1 1
v -6.08 -0.03 1.52 1 1 1 1
v -5.76 -0.03 1.2 1 1 1 1
v -6.08 -0.03 1.2 1 1 1 1
v -5.76 -0.03 1.52 1 1 1 1
v -5.76 -0.03 1.52 1 1 1 1
v -5.44 -0.03 1.2 1 1 1 1
v -5.76 -0.03 1.2 1 1 1 1
v -5.44 -0.03 1.52 1 1 1 1
v -0.32 -0.03 2.48 1 1 1 1
v -0.32 0.29 1.52 1 1 1 1
v -0.32 -0.03 1.52 1 1 1 1
v -0.32 0.29 2.48 1 1 1 1
v 0 -0.03 1.52 1 1 1 1
v 0 0.29 2.48 1 1 1 1
v 0 -0.03 2.48 1 1 1 1
v 0 0.29 1.52 1 1 1 1
v -0.32 -0.03 1.52 1 1 1 1
v -0.32 0.29 0.56 1 1 1 1
v -0.32 -0.03 0.56 1 1 1 1
v -0.32 0.29 1.52 1 1 1 1
v 0 -0.03 0.56 1 1 1 1
v 0 0.29 1.52 1 1 1 1
v 0 -0.03 1.52 1 1 1 1
v 0 0.29 0.56 1 1 1 1
v -0.32 -0.03 0.56 1 1 1 1
v 0 0.29 0.56 1 1 1 1
v 0 -0.03 0.56 1 1 1 1
v -0.32 0.29 0.56 1 1 1 1
v -0.32 -0.03 3.44 1 1 1 1
v -0.32 0.29 2.48 1 1 1 1
v -0.32 -0.03 2.48 1 1 1 1
v -0.32 0.29 3.44 1 1 1 1
v 0 -0.03 3.44 1 1 1 1
v -0.32 0.29 3.44 1 1 1 1
v -0.32 -0.03 3.44 1 1 1 1
v 0 0.29 3.44 1 1 1 1
v 0 -0.03 2.48 1 1 1 1
v 0 0.29 3.44 1 1 1 1
v 0 -0.03 3.44 1 1 1 1
v 0 0.29 2.48 1 1 1 1
v -0.32 0.29 2.48 1 1 1 1
v 0 0.29 3.44 1 1 1 1
v 0 0.29 2.48 1 1 1 1
v -0.32 0.29 3.44 1 1 1 1
v -0.32 0.29 1.52 1 1 1 1
v 0 0.29 2.48 1 1 1 1
v 0 0.29 1.52 1 1 1 1
v -0.32 0.29 2.48 1 1 1 1
v -0.32 0.29 0.56 1 1 1 1
v 0 0.29 1.52 1 1 1 1
v 0 0.29 0.56 1 1 1 1
v -0.32 0.29 1.52 1 1 1 1
v -8.15 1.28 -8.99 1 1 1 1
v -8.63 1.28 -9.950000000000001 1 1 1 1
v -8.63 1.28 -8.99 1 1 1 1
v -8.15 1.28 -9.950000000000001 1 1 1 1
v -8.15 1.28 -8.03 1 1 1 1
v -8.63 1.28 -8.99 1 1 1 1
v -8.63 1.28 -8.03 1 1 1 1
v -8.15 1.28 -8.99 1 1 1 1
v -8.15 1.28 -7.07 1 1 1 1
v -8.63 1.28 -8.03 1 1 1 1
v -8.63 1.28 -7.07 1 1 1 1
v -8.15 1.28 -8.03 1 1 1 1
v -8.15 1.28 -6.11 1 1 1 1
v -8.63 1.28 -7.07 1 1 1 1
v -8.63 1.28 -6.11 1 1 1 1
v -8.15 1.28 -7.07 1 1 1 1
v -8.15 0 -6.11 1 1 1 1
v -8.63 1.28 -6.11 1 1 1 1
v -8.63 0 -6.11 1 1 1 1
v -8.15 1.28 -6.11 1 1 1 1
v -8.63 0 -6.11 1 1 1 1
v -8.63 1.28 -7.07 1 1 1 1
v -8.63 0 -7.07 1 1 1 1
v -8.63 1.28 -6.11 1 1 1 1
v -8.15 0 -7.07 1 1 1 1
v -8.15 1.28 -6.11 1 1 1 1
v -8.15 0 -6.11 1 1 1 1
v -8.15 1.28 -7.07 1 1 1 1
v -8.63 0 -8.03 1 1 1 1
v -8.63 1.28 -8.99 1 1 1 1
v -8.63 0 -8.99 1 1 1 1
v -8.63 1.28 -8.03 1 1 1 1
v -8.15 0 -8.99 1 1 1 1
v -8.15 1.28 -8.03 1 1 1 1
v -8.15 0 -8.03 1 1 1 1
v -8.15 1.28 -8.99 1 1 1 1
v -8.63 0 -7.07 1 1 1 1
v -8.63 1.28 -8.03 1 1 1 1
v -8.63 0 -8.03 1 1 1 1
v -8.63 1.28 -7.07 1 1 1 1
v -8.15 0 -8.03 1 1 1 1
v -8.15 1.28 -7.07 1 1 1 1
v -8.15 0 -7.07 1 1 1 1
v -8.15 1.28 -8.03 1 1 1 1
v -8.63 0 -8.99 1 1 1 1
v -8.63 1.28 -9.950000000000001 1 1 1 1
v -8.63 0 -9.950000000000001 1 1 1 1
v -8.63 1.28 -8.99 1 1 1 1
v -8.63 0 -9.950000000000001 1 1 1 1
v -8.15 1.28 -9.950000000000001 1 1 1 1
v -8.15 0 -9.950000000000001 1 1 1 1
v -8.63 1.28 -9.950000000000001 1 1 1 1
v -8.15 0 -9.950000000000001 1 1 1 1
v -8.15 1.28 -8.99 1 1 1 1
v -8.15 0 -8.99 1 1 1 1
v -8.15 1.28 -9.950000000000001 1 1 1 1
v -10.24 2.21 -4.88 1 1 1 1
v -9.6 2.21 -3.92 1 1 1 1
v -9.6 2.21 -4.88 1 1 1 1
v -10.24 2.21 -3.92 1 1 1 1
v -10.24 2.21 -5.84 1 1 1 1
v -9.6 2.21 -4.88 1 1 1 1
v -9.6 2.21 -5.84 1 1 1 1
v -10.24 2.21 -4.88 1 1 1 1
v -10.24 2.21 -6.8 1 1 1 1
v -9.6 2.21 -5.84 1 1 1 1
v -9.6 2.21 -6.8 1 1 1 1
v -10.24 2.21 -5.84 1 1 1 1
v -10.24 2.21 -16.4 1 1 1 1
v -9.6 2.21 -15.44 1 1 1 1
v -9.6 2.21 -16.4 1 1 1 1
v -10.24 2.21 -15.44 1 1 1 1
v -10.24 2.21 -15.44 1 1 1 1
v -9.6 2.21 -14.48 1 1 1 1
v -9.6 2.21 -15.44 1 1 1 1
v -10.24 2.21 -14.48 1 1 1 1
v -10.24 2.21 -14.48 1 1 1 1
v -9.6 2.21 -13.52 1 1 1 1
v -9.6 2.21 -14.48 1 1 1 1
v -10.24 2.21 -13.52 1 1 1 1
v -10.24 2.21 -13.52 1 1 1 1
v -9.6 2.21 -12.56 1 1 1 1
v -9.6 2.21 -13.52 1 1 1 1
v -10.24 2.21 -12.56 1 1 1 1
v -10.24 2.21 -12.56 1 1 1 1
v -9.6 2.21 -11.6 1 1 1 1
v -9.6 2.21 -12.56 1 1 1 1
v -10.24 2.21 -11.6 1 1 1 1
v -10.24 2.21 -11.6 1 1 1 1
v -9.6 2.21 -10.64 1 1 1 1
v -9.6 2.21 -11.6 1 1 1 1
v -10.24 2.21 -10.64 1 1 1 1
v -10.24 2.21 -10.64 1 1 1 1
v -9.6 2.21 -9.68 1 1 1 1
v -9.6 2.21 -10.64 1 1 1 1
v -10.24 2.21 -9.68 1 1 1 1
v -10.24 2.21 -9.68 1 1 1 1
v -9.6 2.21 -8.72 1 1 1 1
v -9.6 2.21 -9.68 1 1 1 1
v -10.24 2.21 -8.72 1 1 1 1
v -10.24 2.21 -8.72 1 1 1 1
v -9.6 2.21 -7.76 1 1 1 1
v -9.6 2.21 -8.72 1 1 1 1
v -10.24 2.21 -7.76 1 1 1 1
v -10.24 2.21 -7.76 1 1 1 1
v -9.6 2.21 -6.8 1 1 1 1
v -9.6 2.21 -7.76 1 1 1 1
v -10.24 2.21 -6.8 1 1 1 1
v -10.24 2.21 -3.92 1 1 1 1
v -9.6 2.21 -2.96 1 1 1 1
v -9.6 2.21 -3.92 1 1 1 1
v -10.24 2.21 -2.96 1 1 1 1
v -10.24 2.21 -2.96 1 1 1 1
v -9.6 2.21 -2 1 1 1 1
v -9.6 2.21 -2.96 1 1 1 1
v -10.24 2.21 -2 1 1 1 1
v -10.24 2.21 -2 1 1 1 1
v -9.6 2.21 -1.04 1 1 1 1
v -9.6 2.21 -2 1 1 1 1
v -10.24 2.21 -1.04 1 1 1 1
v -10.24 2.21 -1.04 1 1 1 1
v -9.6 2.21 -0.08 1 1 1 1
v -9.6 2.21 -1.04 1 1 1 1
v -10.24 2.21 -0.08 1 1 1 1
v -9.6 -0.03 -1.04 1 1 1 1
v -9.6 2.21 -0.08 1 1 1 1
v -9.6 -0.03 -0.08 1 1 1 1
v -9.6 2.21 -1.04 1 1 1 1
v -9.6 -0.03 -0.08 1 1 1 1
v -10.24 2.21 -0.08 1 1 1 1
v -10.24 -0.03 -0.08 1 1 1 1
v -9.6 2.21 -0.08 1 1 1 1
v -10.24 -0.03 -0.08 1 1 1 1
v -10.24 2.21 -1.04 1 1 1 1
v -10.24 -0.03 -1.04 1 1 1 1
v -10.24 2.21 -0.08 1 1 1 1
v -9.6 -0.03 -2.96 1 1 1 1
v -9.6 2.21 -2 1 1 1 1
v -9.6 -0.03 -2 1 1 1 1
v -9.6 2.21 -2.96 1 1 1 1
v -10.24 -0.03 -2 1 1 1 1
v -10.24 2.21 -2.96 1 1 1 1
v -10.24 -0.03 -2.96 1 1 1 1
v -10.24 2.21 -2 1 1 1 1
v -9.6 -0.03 -2 1 1 1 1
v -9.6 2.21 -1.04 1 1 1 1
v -9.6 -0.03 -1.04 1 1 1 1
v -9.6 2.21 -2 1 1 1 1
v -10.24 -0.03 -1.04 1 1 1 1
v -10.24 2.21 -2 1 1 1 1
v -10.24 -0.03 -2 1 1 1 1
v -10.24 2.21 -1.04 1 1 1 1
v -9.6 -0.03 -3.92 1 1 1 1
v -9.6 2.21 -2.96 1 1 1 1
v -9.6 -0.03 -2.96 1 1 1 1
v -9.6 2.21 -3.92 1 1 1 1
v -10.24 -0.03 -2.96 1 1 1 1
v -10.24 2.21 -3.92 1 1 1 1
v -10.24 -0.03 -3.92 1 1 1 1
v -10.24 2.21 -2.96 1 1 1 1
v -9.6 -0.03 -4.88 1 1 1 1
v -9.6 2.21 -3.92 1 1 1 1
v -9.6 -0.03 -3.92 1 1 1 1
v -9.6 2.21 -4.88 1 1 1 1
v -10.24 -0.03 -3.92 1 1 1 1
v -10.24 2.21 -4.88 1 1 1 1
v -10.24 -0.03 -4.88 1 1 1 1
v -10.24 2.21 -3.92 1 1 1 1
v -9.6 -0.03 -8.72 1 1 1 1
v -9.6 2.21 -7.76 1 1 1 1
v -9.6 -0.03 -7.76 1 1 1 1
v -9.6 2.21 -8.72 1 1 1 1
v -10.24 -0.03 -7.76 1 1 1 1
v -10.24 2.21 -8.72 1 1 1 1
v -10.24 -0.03 -8.72 1 1 1 1
v -10.24 2.21 -7.76 1 1 1 1
v -9.6 -0.03 -7.76 1 1 1 1
v -9.6 2.21 -6.8 1 1 1 1
v -9.6 -0.03 -6.8 1 1 1 1
v -9.6 2.21 -7.76 1 1 1 1
v -10.24 -0.03 -6.8 1 1 1 1
v -10.24 2.21 -7.76 1 1 1 1
v -10.24 -0.03 -7.76 1 1 1 1
v -10.24 2.21 -6.8 1 1 1 1
v -9.6 -0.03 -6.8 1 1 1 1
v -9.6 2.21 -5.84 1 1 1 1
v -9.6 -0.03 -5.84 1 1 1 1
v -9.6 2.21 -6.8 1 1 1 1
v -10.24 -0.03 -5.84 1 1 1 1
v -10.24 2.21 -6.8 1 1 1 1
v -10.24 -0.03 -6.8 1 1 1 1
v -10.24 2.21 -5.84 1 1 1 1
v -9.6 -0.03 -5.84 1 1 1 1
v -9.6 2.21 -4.88 1 1 1 1
v -9.6 -0.03 -4.88 1 1 1 1
v -9.6 2.21 -5.84 1 1 1 1
v -10.24 -0.03 -4.88 1 1 1 1
v -10.24 2.21 -5.84 1 1 1 1
v -10.24 -0.03 -5.84 1 1 1 1
v -10.24 2.21 -4.88 1 1 1 1
v -10.24 -0.03 -16.4 1 1 1 1
v -9.6 2.21 -16.4 1 1 1 1
v -9.6 -0.03 -16.4 1 1 1 1
v -10.24 2.21 -16.4 1 1 1 1
v -9.6 -0.03 -16.4 1 1 1 1
v -9.6 2.21 -15.44 1 1 1 1
v -9.6 -0.03 -15.44 1 1 1 1
v -9.6 2.21 -16.4 1 1 1 1
v -10.24 -0.03 -15.44 1 1 1 1
v -10.24 2.21 -16.4 1 1 1 1
v -10.24 -0.03 -16.4 1 1 1 1
v -10.24 2.21 -15.44 1 1 1 1
v -9.6 -0.03 -15.44 1 1 1 1
v -9.6 2.21 -14.48 1 1 1 1
v -9.6 -0.03 -14.48 1 1 1 1
v -9.6 2.21 -15.44 1 1 1 1
v -10.24 -0.03 -14.48 1 1 1 1
v -10.24 2.21 -15.44 1 1 1 1
v -10.24 -0.03 -15.44 1 1 1 1
v -10.24 2.21 -14.48 1 1 1 1
v -9.6 -0.03 -14.48 1 1 1 1
v -9.6 2.21 -13.52 1 1 1 1
v -9.6 -0.03 -13.52 1 1 1 1
v -9.6 2.21 -14.48 1 1 1 1
v -10.24 -0.03 -13.52 1 1 1 1
v -10.24 2.21 -14.48 1 1 1 1
v -10.24 -0.03 -14.48 1 1 1 1
v -10.24 2.21 -13.52 1 1 1 1
v -9.6 -0.03 -13.52 1 1 1 1
v -9.6 2.21 -12.56 1 1 1 1
v -9.6 -0.03 -12.56 1 1 1 1
v -9.6 2.21 -13.52 1 1 1 1
v -10.24 -0.03 -12.56 1 1 1 1
v -10.24 2.21 -13.52 1 1 1 1
v -10.24 -0.03 -13.52 1 1 1 1
v -10.24 2.21 -12.56 1 1 1 1
v -9.6 -0.03 -12.56 1 1 1 1
v -9.6 2.21 -11.6 1 1 1 1
v -9.6 -0.03 -11.6 1 1 1 1
v -9.6 2.21 -12.56 1 1 1 1
v -10.24 -0.03 -11.6 1 1 1 1
v -10.24 2.21 -12.56 1 1 1 1
v -10.24 -0.03 -12.56 1 1 1 1
v -10.24 2.21 -11.6 1 1 1 1
v -9.6 -0.03 -11.6 1 1 1 1
v -9.6 2.21 -10.64 1 1 1 1
v -9.6 -0.03 -10.64 1 1 1 1
v -9.6 2.21 -11.6 1 1 1 1
v -10.24 -0.03 -10.64 1 1 1 1
v -10.24 2.21 -11.6 1 1 1 1
v -10.24 -0.03 -11.6 1 1 1 1
v -10.24 2.21 -10.64 1 1 1 1
v -9.6 -0.03 -10.64 1 1 1 1
v -9.6 2.21 -9.68 1 1 1 1
v -9.6 -0.03 -9.68 1 1 1 1
v -9.6 2.21 -10.64 1 1 1 1
v -10.24 -0.03 -9.68 1 1 1 1
v -10.24 2.21 -10.64 1 1 1 1
v -10.24 -0.03 -10.64 1 1 1 1
v -10.24 2.21 -9.68 1 1 1 1
v -9.6 -0.03 -9.68 1 1 1 1
v -9.6 2.21 -8.72 1 1 1 1
v -9.6 -0.03 -8.72 1 1 1 1
v -9.6 2.21 -9.68 1 1 1 1
v -10.24 -0.03 -8.72 1 1 1 1
v -10.24 2.21 -9.68 1 1 1 1
v -10.24 -0.03 -9.68 1 1 1 1
v -10.24 2.21 -8.72 1 1 1 1
v -11.52 -0.03 2.8000000000000003 1 1 1 1
v -11.200000000000001 -0.03 2.48 1 1 1 1
v -11.52 -0.03 2.48 1 1 1 1
v -11.200000000000001 -0.03 2.8000000000000003 1 1 1 1
v -10.56 -0.03 -0.08 1 1 1 1
v -10.24 -0.03 -0.4 1 1 1 1
v -10.56 -0.03 -0.4 1 1 1 1
v -10.24 -0.03 -0.08 1 1 1 1
v -9.92 -0.03 0.24 1 1 1 1
v -9.6 -0.03 -0.08 1 1 1 1
v -9.92 -0.03 -0.08 1 1 1 1
v -9.6 -0.03 0.24 1 1 1 1
v -10.24 -0.03 0.24 1 1 1 1
v -9.92 -0.03 -0.08 1 1 1 1
v -10.24 -0.03 -0.08 1 1 1 1
v -9.92 -0.03 0.24 1 1 1 1
v -10.56 -0.03 0.24 1 1 1 1
v -10.24 -0.03 -0.08 1 1 1 1
v -10.56 -0.03 -0.08 1 1 1 1
v -10.24 -0.03 0.24 1 1 1 1
v -9.92 -0.03 0.56 1 1 1 1
v -9.6 -0.03 0.24 1 1 1 1
v -9.92 -0.03 0.24 1 1 1 1
v -9.6 -0.03 0.56 1 1 1 1
v -10.24 -0.03 0.56 1 1 1 1
v -9.92 -0.03 0.24 1 1 1 1
v -10.24 -0.03 0.24 1 1 1 1
v -9.92 -0.03 0.56 1 1 1 1
v -10.56 -0.03 0.56 1 1 1 1
v -10.24 -0.03 0.24 1 1 1 1
v -10.56 -0.03 0.24 1 1 1 1
v -10.24 -0.03 0.56 1 1 1 1
v -10.88 -0.03 -0.08 1 1 1 1
v -10.56 -0.03 -0.4 1 1 1 1
v -10.88 -0.03 -0.4 1 1 1 1
v -10.56 -0.03 -0.08 1 1 1 1
v -11.200000000000001 -0.03 -0.08 1 1 1 1
v -10.88 -0.03 -0.4 1 1 1 1
v -11.200000000000001 -0.03 -0.4 1 1 1 1
v -10.88 -0.03 -0.08 1 1 1 1
v -11.52 -0.03 -0.08 1 1 1 1
v -11.200000000000001 -0.03 -0.4 1 1 1 1
v -11.52 -0.03 -0.4 1 1 1 1
v -11.200000000000001 -0.03 -0.08 1 1 1 1
v -11.84 -0.03 -0.08 1 1 1 1
v -11.52 -0.03 -0.4 1 1 1 1
v -11.84 -0.03 -0.4 1 1 1 1
v -11.52 -0.03 -0.08 1 1 1 1
v -12.16 -0.03 -0.08 1 1 1 1
v -11.84 -0.03 -0.4 1 1 1 1
v -12.16 -0.03 -0.4 1 1 1 1
v -11.84 -0.03 -0.08 1 1 1 1
v -12.48 -0.03 -0.08 1 1 1 1
v -12.16 -0.03 -0.4 1 1 1 1
v -12.48 -0.03 -0.4 1 1 1 1
v -12.16 -0.03 -0.08 1 1 1 1
v -10.88 -0.03 0.24 1 1 1 1
v -10.56 -0.03 -0.08 1 1 1 1
v -10.88 -0.03 -0.08 1 1 1 1
v -10.56 -0.03 0.24 1 1 1 1
v -11.200000000000001 -0.03 0.24 1 1 1 1
v -10.88 -0.03 -0.08 1 1 1 1
v -11.200000000000001 -0.03 -0.08 1 1 1 1
v -10.88 -0.03 0.24 1 1 1 1
v -11.52 -0.03 0.24 1 1 1 1
v -11.200000000000001 -0.03 -0.08 1 1 1 1
v -11.52 -0.03 -0.08 1 1 1 1
v -11.200000000000001 -0.03 0.24 1 1 1 1
v -11.84 -0.03 0.24 1 1 1 1
v -11.52 -0.03 -0.08 1 1 1 1
v -11.84 -0.03 -0.08 1 1 1 1
v -11.52 -0.03 0.24 1 1 1 1
v -12.16 -0.03 0.24 1 1 1 1
v -11.84 -0.03 -0.08 1 1 1 1
v -12.16 -0.03 -0.08 1 1 1 1
v -11.84 -0.03 0.24 1 1 1 1
v -12.48 -0.03 0.24 1 1 1 1
v -12.16 -0.03 -0.08 1 1 1 1
v -12.48 -0.03 -0.08 1 1 1 1
v -12.16 -0.03 0.24 1 1 1 1
v -12.48 -0.03 0.56 1 1 1 1
v -12.16 -0.03 0.24 1 1 1 1
v -12.48 -0.03 0.24 1 1 1 1
v -12.16 -0.03 0.56 1 1 1 1
v -12.16 -0.03 0.56 1 1 1 1
v -11.84 -0.03 0.24 1 1 1 1
v -12.16 -0.03 0.24 1 1 1 1
v -11.84 -0.03 0.56 1 1 1 1
v -11.84 -0.03 0.56 1 1 1 1
v -11.52 -0.03 0.24 1 1 1 1
v -11.84 -0.03 0.24 1 1 1 1
v -11.52 -0.03 0.56 1 1 1 1
v -11.52 -0.03 0.56 1 1 1 1
v -11.200000000000001 -0.03 0.24 1 1 1 1
v -11.52 -0.03 0.24 1 1 1 1
v -11.200000000000001 -0.03 0.56 1 1 1 1
v -11.200000000000001 -0.03 0.56 1 1 1 1
v -10.88 -0.03 0.24 1 1 1 1
v -11.200000000000001 -0.03 0.24 1 1 1 1
v -10.88 -0.03 0.56 1 1 1 1
v -10.88 -0.03 0.56 1 1 1 1
v -10.56 -0.03 0.24 1 1 1 1
v -10.88 -0.03 0.24 1 1 1 1
v -10.56 -0.03 0.56 1 1 1 1
v -10.88 -0.03 3.44 1 1 1 1
v -10.56 -0.03 3.12 1 1 1 1
v -10.88 -0.03 3.12 1 1 1 1
v -10.56 -0.03 3.44 1 1 1 1
v -11.200000000000001 -0.03 3.44 1 1 1 1
v -10.88 -0.03 3.12 1 1 1 1
v -11.200000000000001 -0.03 3.12 1 1 1 1
v -10.88 -0.03 3.44 1 1 1 1
v -11.52 -0.03 3.44 1 1 1 1
v -11.200000000000001 -0.03 3.12 1 1 1 1
v -11.52 -0.03 3.12 1 1 1 1
v -11.200000000000001 -0.03 3.44 1 1 1 1
v -11.84 -0.03 3.44 1 1 1 1
v -11.52 -0.03 3.12 1 1 1 1
v -11.84 -0.03 3.12 1 1 1 1
v -11.52 -0.03 3.44 1 1 1 1
v -12.16 -0.03 3.44 1 1 1 1
v -11.84 -0.03 3.12 1 1 1 1
v -12.16 -0.03 3.12 1 1 1 1
v -11.84 -0.03 3.44 1 1 1 1
v -12.48 -0.03 3.44 1 1 1 1
v -12.16 -0.03 3.12 1 1 1 1
v -12.48 -0.03 3.12 1 1 1 1
v -12.16 -0.03 3.44 1 1 1 1
v -12.48 -0.03 3.12 1 1 1 1
v -12.16 -0.03 2.8000000000000003 1 1 1 1
v -12.48 -0.03 2.8000000000000003 1 1 1 1
v -12.16 -0.03 3.12 1 1 1 1
v -12.48 -0.03 2.8000000000000003 1 1 1 1
v -12.16 -0.03 2.48 1 1 1 1
v -12.48 -0.03 2.48 1 1 1 1
v -12.16 -0.03 2.8000000000000003 1 1 1 1
v -12.16 -0.03 2.16 1 1 1 1
v -11.84 -0.03 1.84 1 1 1 1
v -12.16 -0.03 1.84 1 1 1 1
v -11.84 -0.03 2.16 1 1 1 1
v -12.16 -0.03 1.84 1 1 1 1
v -11.84 -0.03 1.52 1 1 1 1
v -12.16 -0.03 1.52 1 1 1 1
v -11.84 -0.03 1.84 1 1 1 1
v -11.84 -0.03 1.84 1 1 1 1
v -11.52 -0.03 1.52 1 1 1 1
v -11.84 -0.03 1.52 1 1 1 1
v -11.52 -0.03 1.84 1 1 1 1
v -11.52 -0.03 2.16 1 1 1 1
v -11.200000000000001 -0.03 1.84 1 1 1 1
v -11.52 -0.03 1.84 1 1 1 1
v -11.200000000000001 -0.03 2.16 1 1 1 1
v -11.52 -0.03 1.84 1 1 1 1
v -11.200000000000001 -0.03 1.52 1 1 1 1
v -11.52 -0.03 1.52 1 1 1 1
v -11.200000000000001 -0.03 1.84 1 1 1 1
v -11.52 -0.03 2.48 1 1 1 1
v -11.200000000000001 -0.03 2.16 1 1 1 1
v -11.52 -0.03 2.16 1 1 1 1
v -11.200000000000001 -0.03 2.48 1 1 1 1
v -11.84 -0.03 2.16 1 1 1 1
v -11.52 -0.03 1.84 1 1 1 1
v -11.84 -0.03 1.84 1 1 1 1
v -11.52 -0.03 2.16 1 1 1 1
v -11.84 -0.03 2.48 1 1 1 1
v -11.52 -0.03 2.16 1 1 1 1
v -11.84 -0.03 2.16 1 1 1 1
v -11.52 -0.03 2.48 1 1 1 1
v -11.84 -0.03 2.8000000000000003 1 1 1 1
v -11.52 -0.03 2.48 1 1 1 1
v -11.84 -0.03 2.48 1 1 1 1
v -11.52 -0.03 2.8000000000000003 1 1 1 1
v -11.200000000000001 -0.03 2.8000000000000003 1 1 1 1
v -10.88 -0.03 2.48 1 1 1 1
v -11.200000000000001 -0.03 2.48 1 1 1 1
v -10.88 -0.03 2.8000000000000003 1 1 1 1
v -11.200000000000001 -0.03 2.48 1 1 1 1
v -10.88 -0.03 2.16 1 1 1 1
v -11.200000000000001 -0.03 2.16 1 1 1 1
v -10.88 -0.03 2.48 1 1 1 1
v -11.200000000000001 -0.03 2.16 1 1 1 1
v -10.88 -0.03 1.84 1 1 1 1
v -11.200000000000001 -0.03 1.84 1 1 1 1
v -10.88 -0.03 2.16 1 1 1 1
v -11.200000000000001 -0.03 1.84 1 1 1 1
v -10.88 -0.03 1.52 1 1 1 1
v -11.200000000000001 -0.03 1.52 1 1 1 1
v -10.88 -0.03 1.84 1 1 1 1
v -11.200000000000001 -0.03 1.52 1 1 1 1
v -10.88 -0.03 1.2 1 1 1 1
v -11.200000000000001 -0.03 1.2 1 1 1 1
v -10.88 -0.03 1.52 1 1 1 1
v -11.52 -0.03 1.52 1 1 1 1
v -11.200000000000001 -0.03 1.2 1 1 1 1
v -11.52 -0.03 1.2 1 1 1 1
v -11.200000000000001 -0.03 1.52 1 1 1 1
v -11.84 -0.03 1.52 1 1 1 1
v -11.52 -0.03 1.2 1 1 1 1
v -11.84 -0.03 1.2 1 1 1 1
v -11.52 -0.03 1.52 1 1 1 1
v -12.16 -0.03 1.52 1 1 1 1
v -11.84 -0.03 1.2 1 1 1 1
v -12.16 -0.03 1.2 1 1 1 1
v -11.84 -0.03 1.52 1 1 1 1
v -12.48 -0.03 1.52 1 1 1 1
v -12.16 -0.03 1.2 1 1 1 1
v -12.48 -0.03 1.2 1 1 1 1
v -12.16 -0.03 1.52 1 1 1 1
v -12.48 -0.03 1.84 1 1 1 1
v -12.16 -0.03 1.52 1 1 1 1
v -12.48 -0.03 1.52 1 1 1 1
v -12.16 -0.03 1.84 1 1 1 1
v -12.48 -0.03 2.16 1 1 1 1
v -12.16 -0.03 1.84 1 1 1 1
v -12.48 -0.03 1.84 1 1 1 1
v -12.16 -0.03 2.16 1 1 1 1
v -12.48 -0.03 2.48 1 1 1 1
v -12.16 -0.03 2.16 1 1 1 1
v -12.48 -0.03 2.16 1 1 1 1
v -12.16 -0.03 2.48 1 1 1 1
v -12.16 -0.03 2.48 1 1 1 1
v -11.84 -0.03 2.16 1 1 1 1
v -12.16 -0.03 2.16 1 1 1 1
v -11.84 -0.03 2.48 1 1 1 1
v -12.16 -0.03 2.8000000000000003 1 1 1 1
v -11.84 -0.03 2.48 1 1 1 1
v -12.16 -0.03 2.48 1 1 1 1
v -11.84 -0.03 2.8000000000000003 1 1 1 1
v -12.16 -0.03 3.12 1 1 1 1
v -11.84 -0.03 2.8000000000000003 1 1 1 1
v -12.16 -0.03 2.8000000000000003 1 1 1 1
v -11.84 -0.03 3.12 1 1 1 1
v -11.84 -0.03 3.12 1 1 1 1
v -11.52 -0.03 2.8000000000000003 1 1 1 1
v -11.84 -0.03 2.8000000000000003 1 1 1 1
v -11.52 -0.03 3.12 1 1 1 1
v -11.52 -0.03 3.12 1 1 1 1
v -11.200000000000001 -0.03 2.8000000000000003 1 1 1 1
v -11.52 -0.03 2.8000000000000003 1 1 1 1
v -11.200000000000001 -0.03 3.12 1 1 1 1
v -11.200000000000001 -0.03 3.12 1 1 1 1
v -10.88 -0.03 2.8000000000000003 1 1 1 1
v -11.200000000000001 -0.03 2.8000000000000003 1 1 1 1
v -10.88 -0.03 3.12 1 1 1 1
v -10.88 -0.03 3.12 1 1 1 1
v -10.56 -0.03 2.8000000000000003 1 1 1 1
v -10.88 -0.03 2.8000000000000003 1 1 1 1
v -10.56 -0.03 3.12 1 1 1 1
v -10.88 -0.03 2.8000000000000003 1 1 1 1
v -10.56 -0.03 2.48 1 1 1 1
v -10.88 -0.03 2.48 1 1 1 1
v -10.56 -0.03 2.8000000000000003 1 1 1 1
v -10.88 -0.03 2.48 1 1 1 1
v -10.56 -0.03 2.16 1 1 1 1
v -10.88 -0.03 2.16 1 1 1 1
v -10.56 -0.03 2.48 1 1 1 1
v -10.88 -0.03 2.16 1 1 1 1
v -10.56 -0.03 1.84 1 1 1 1
v -10.88 -0.03 1.84 1 1 1 1
v -10.56 -0.03 2.16 1 1 1 1
v -10.88 -0.03 1.84 1 1 1 1
v -10.56 -0.03 1.52 1 1 1 1
v -10.88 -0.03 1.52 1 1 1 1
v -10.56 -0.03 1.84 1 1 1 1
v -10.88 -0.03 1.52 1 1 1 1
v -10.56 -0.03 1.2 1 1 1 1
v -10.88 -0.03 1.2 1 1 1 1
v -10.56 -0.03 1.52 1 1 1 1
v -10.88 -0.03 1.2 1 1 1 1
v -10.56 -0.03 0.88 1 1 1 1
v -10.88 -0.03 0.88 1 1 1 1
v -10.56 -0.03 1.2 1 1 1 1
v -11.200000000000001 -0.03 1.2 1 1 1 1
v -10.88 -0.03 0.88 1 1 1 1
v -11.200000000000001 -0.03 0.88 1 1 1 1
v -10.88 -0.03 1.2 1 1 1 1
v -11.52 -0.03 1.2 1 1 1 1
v -11.200000000000001 -0.03 0.88 1 1 1 1
v -11.52 -0.03 0.88 1 1 1 1
v -11.200000000000001 -0.03 1.2 1 1 1 1
v -11.84 -0.03 1.2 1 1 1 1
v -11.52 -0.03 0.88 1 1 1 1
v -11.84 -0.03 0.88 1 1 1 1
v -11.52 -0.03 1.2 1 1 1 1
v -12.16 -0.03 1.2 1 1 1 1
v -11.84 -0.03 0.88 1 1 1 1
v -12.16 -0.03 0.88 1 1 1 1
v -11.84 -0.03 1.2 1 1 1 1
v -12.48 -0.03 1.2 1 1 1 1
v -12.16 -0.03 0.88 1 1 1 1
v -12.48 -0.03 0.88 1 1 1 1
v -12.16 -0.03 1.2 1 1 1 1
v -12.48 -0.03 0.88 1 1 1 1
v -12.16 -0.03 0.56 1 1 1 1
v -12.48 -0.03 0.56 1 1 1 1
v -12.16 -0.03 0.88 1 1 1 1
v -12.16 -0.03 0.88 1 1 1 1
v -11.84 -0.03 0.56 1 1 1 1
v -12.16 -0.03 0.56 1 1 1 1
v -11.84 -0.03 0.88 1 1 1 1
v -11.84 -0.03 0.88 1 1 1 1
v -11.52 -0.03 0.56 1 1 1 1
v -11.84 -0.03 0.56 1 1 1 1
v -11.52 -0.03 0.88 1 1 1 1
v -11.52 -0.03 0.88 1 1 1 1
v -11.200000000000001 -0.03 0.56 1 1 1 1
v -11.52 -0.03 0.56 1 1 1 1
v -11.200000000000001 -0.03 0.88 1 1 1 1
v -11.200000000000001 -0.03 0.88 1 1 1 1
v -10.88 -0.03 0.56 1 1 1 1
v -11.200000000000001 -0.03 0.56 1 1 1 1
v -10.88 -0.03 0.88 1 1 1 1
v -10.88 -0.03 0.88 1 1 1 1
v -10.56 -0.03 0.56 1 1 1 1
v -10.88 -0.03 0.56 1 1 1 1
v -10.56 -0.03 0.88 1 1 1 1
v -2.618210754394531 -0.02 -2.4679574584960937 1 1 1 1
v -2.6204397583007815 1.26 -3.2679544067382813 1 1 1 1
v -2.618210754394531 1.26 -2.4679574584960937 1 1 1 1
v -2.6204397583007815 -0.02 -3.2679544067382813 1 1 1 1
v -2.6137539672851564 -0.02 -0.8679637908935547 1 1 1 1
v -2.615982971191406 1.26 -1.6679605102539063 1 1 1 1
v -2.6137539672851564 1.26 -0.8679637908935547 1 1 1 1
v -2.615982971191406 -0.02 -1.6679605102539063 1 1 1 1
v -2.615982971191406 -0.02 -1.6679605102539063 1 1 1 1
v -2.618210754394531 1.26 -2.4679574584960937 1 1 1 1
v -2.615982971191406 1.26 -1.6679605102539063 1 1 1 1
v -2.618210754394531 -0.02 -2.4679574584960937 1 1 1 1
v -2.6204397583007815 -0.02 -3.2679544067382813 1 1 1 1
v -2.6226690673828124 1.26 -4.067951354980469 1 1 1 1
v -2.6204397583007815 1.26 -3.2679544067382813 1 1 1 1
v -2.6226690673828124 -0.02 -4.067951354980469 1 1 1 1
v -2.6204397583007815 1.26 -3.2679544067382813 1 1 1 1
v -2.6582110595703123 1.26 -2.4678428649902346 1 1 1 1
v -2.618210754394531 1.26 -2.4679574584960937 1 1 1 1
v -2.6605157470703125 1.26 -3.267839050292969 1 1 1 1
v -2.618210754394531 1.26 -2.4679574584960937 1 1 1 1
v -2.6559063720703127 1.26 -1.6678453063964844 1 1 1 1
v -2.615982971191406 1.26 -1.6679605102539063 1 1 1 1
v -2.6582110595703123 1.26 -2.4678428649902346 1 1 1 1
v -2.6137539672851564 1.26 -0.8679637908935547 1 1 1 1
v -2.6536029052734373 -0.02 -0.8678489685058594 1 1 1 1
v -2.6137539672851564 -0.02 -0.8679637908935547 1 1 1 1
v -2.6536029052734373 1.26 -0.8678489685058594 1 1 1 1
v -2.615982971191406 1.26 -1.6679605102539063 1 1 1 1
v -2.6536029052734373 1.26 -0.8678489685058594 1 1 1 1
v -2.6137539672851564 1.26 -0.8679637908935547 1 1 1 1
v -2.6559063720703127 1.26 -1.6678453063964844 1 1 1 1
v -2.6204397583007815 -0.02 -3.2679544067382813 1 1 1 1
v -2.6628204345703126 -0.02 -4.067835388183594 1 1 1 1
v -2.6226690673828124 -0.02 -4.067951354980469 1 1 1 1
v -2.6605157470703125 -0.02 -3.267839050292969 1 1 1 1
v -2.6226690673828124 1.26 -4.067951354980469 1 1 1 1
v -2.6605157470703125 1.26 -3.267839050292969 1 1 1 1
v -2.6204397583007815 1.26 -3.2679544067382813 1 1 1 1
v -2.6628204345703126 1.26 -4.067835388183594 1 1 1 1
v -2.6226690673828124 -0.02 -4.067951354980469 1 1 1 1
v -2.6628204345703126 1.26 -4.067835388183594 1 1 1 1
v -2.6226690673828124 1.26 -4.067951354980469 1 1 1 1
v -2.6628204345703126 -0.02 -4.067835388183594 1 1 1 1
v -2.6559066772460938 -0.02 -1.6678456115722657 1 1 1 1
v -2.6536029052734373 1.26 -0.8678489685058594 1 1 1 1
v -2.6559063720703127 1.26 -1.6678453063964844 1 1 1 1
v -2.6536029052734373 -0.02 -0.8678489685058594 1 1 1 1
v -2.6605157470703125 -0.02 -3.267839050292969 1 1 1 1
v -2.6582110595703123 1.26 -2.4678428649902346 1 1 1 1
v -2.6605157470703125 1.26 -3.267839050292969 1 1 1 1
v -2.6582110595703123 -0.02 -2.467842254638672 1 1 1 1
v -2.6628204345703126 -0.02 -4.067835388183594 1 1 1 1
v -2.6605157470703125 1.26 -3.267839050292969 1 1 1 1
v -2.6628204345703126 1.26 -4.067835388183594 1 1 1 1
v -2.6605157470703125 -0.02 -3.267839050292969 1 1 1 1
v -2.6582110595703123 -0.02 -2.467842254638672 1 1 1 1
v -2.6559063720703127 1.26 -1.6678453063964844 1 1 1 1
v -2.6582110595703123 1.26 -2.4678428649902346 1 1 1 1
v -2.6559066772460938 -0.02 -1.6678456115722657 1 1 1 1
v 1.28 -0.03 2.48 1 1 1 1
v 1.28 0.29 1.52 1 1 1 1
v 1.28 -0.03 1.52 1 1 1 1
v 1.28 0.29 2.48 1 1 1 1
v 1.6 -0.03 1.52 1 1 1 1
v 1.6 0.29 2.48 1 1 1 1
v 1.6 -0.03 2.48 1 1 1 1
v 1.6 0.29 1.52 1 1 1 1
v 1.28 -0.03 1.52 1 1 1 1
v 1.28 0.29 0.56 1 1 1 1
v 1.28 -0.03 0.56 1 1 1 1
v 1.28 0.29 1.52 1 1 1 1
v 1.6 -0.03 0.56 1 1 1 1
v 1.6 0.29 1.52 1 1 1 1
v 1.6 -0.03 1.52 1 1 1 1
v 1.6 0.29 0.56 1 1 1 1
v 1.28 -0.03 0.56 1 1 1 1
v 1.6 0.29 0.56 1 1 1 1
v 1.6 -0.03 0.56 1 1 1 1
v 1.28 0.29 0.56 1 1 1 1
v 1.28 -0.03 3.44 1 1 1 1
v 1.28 0.29 2.48 1 1 1 1
v 1.28 -0.03 2.48 1 1 1 1
v 1.28 0.29 3.44 1 1 1 1
v 1.6 -0.03 3.44 1 1 1 1
v 1.28 0.29 3.44 1 1 1 1
v 1.28 -0.03 3.44 1 1 1 1
v 1.6 0.29 3.44 1 1 1 1
v 1.6 -0.03 2.48 1 1 1 1
v 1.6 0.29 3.44 1 1 1 1
v 1.6 -0.03 3.44 1 1 1 1
v 1.6 0.29 2.48 1 1 1 1
v 1.28 0.29 2.48 1 1 1 1
v 1.6 0.29 3.44 1 1 1 1
v 1.6 0.29 2.48 1 1 1 1
v 1.28 0.29 3.44 1 1 1 1
v 1.28 0.29 1.52 1 1 1 1
v 1.6 0.29 2.48 1 1 1 1
v 1.6 0.29 1.52 1 1 1 1
v 1.28 0.29 2.48 1 1 1 1
v 1.28 0.29 0.56 1 1 1 1
v 1.6 0.29 1.52 1 1 1 1
v 1.6 0.29 0.56 1 1 1 1
v 1.28 0.29 1.52 1 1 1 1
v 9.66 -0.03 -13.56 1 1 1 1
v 8.38 1.25 -13.56 1 1 1 1
v 8.38 -0.03 -13.56 1 1 1 1
v 9.66 1.25 -13.56 1 1 1 1
v 8.38 -0.03 -13.56 1 1 1 1
v 8.38 1.25 -14.84 1 1 1 1
v 8.38 -0.03 -14.84 1 1 1 1
v 8.38 1.25 -13.56 1 1 1 1
v 5.76 -0.03 -11 1 1 1 1
v 5.76 1.25 -9.72 1 1 1 1
v 5.76 -0.03 -9.72 1 1 1 1
v 5.76 1.25 -11 1 1 1 1
v 5.76 -0.03 -9.72 1 1 1 1
v 4.48 1.25 -9.72 1 1 1 1
v 4.48 -0.03 -9.72 1 1 1 1
v 5.76 1.25 -9.72 1 1 1 1
v 3.2600000000000002 -0.03 -13.81 1 1 1 1
v 3.2600000000000002 1.25 -12.530000000000001 1 1 1 1
v 3.2600000000000002 -0.03 -12.530000000000001 1 1 1 1
v 3.2600000000000002 1.25 -13.81 1 1 1 1
v 3.2600000000000002 -0.03 -12.530000000000001 1 1 1 1
v 1.98 1.25 -12.530000000000001 1 1 1 1
v 1.98 -0.03 -12.530000000000001 1 1 1 1
v 3.2600000000000002 1.25 -12.530000000000001 1 1 1 1
v 1.98 -0.03 -15.09 1 1 1 1
v 3.2600000000000002 1.25 -15.09 1 1 1 1
v 3.2600000000000002 -0.03 -15.09 1 1 1 1
v 1.98 1.25 -15.09 1 1 1 1
v 4.54 -0.03 -13.81 1 1 1 1
v 3.2600000000000002 1.25 -13.81 1 1 1 1
v 3.2600000000000002 -0.03 -13.81 1 1 1 1
v 4.54 1.25 -13.81 1 1 1 1
v 3.2600000000000002 -0.03 -15.09 1 1 1 1
v 4.54 1.25 -15.09 1 1 1 1
v 4.54 -0.03 -15.09 1 1 1 1
v 3.2600000000000002 1.25 -15.09 1 1 1 1
v 5.82 -0.03 -15.09 1 1 1 1
v 5.82 1.25 -13.81 1 1 1 1
v 5.82 -0.03 -13.81 1 1 1 1
v 5.82 1.25 -15.09 1 1 1 1
v 4.54 -0.03 -15.09 1 1 1 1
v 5.82 1.25 -15.09 1 1 1 1
v 5.82 -0.03 -15.09 1 1 1 1
v 4.54 1.25 -15.09 1 1 1 1
v 9.66 -0.03 -16.12 1 1 1 1
v 9.66 1.25 -14.84 1 1 1 1
v 9.66 -0.03 -14.84 1 1 1 1
v 9.66 1.25 -16.12 1 1 1 1
v 8.38 -0.03 -14.84 1 1 1 1
v 8.38 1.25 -16.12 1 1 1 1
v 8.38 -0.03 -16.12 1 1 1 1
v 8.38 1.25 -14.84 1 1 1 1
v 8.38 -0.03 -16.12 1 1 1 1
v 9.66 1.25 -16.12 1 1 1 1
v 9.66 -0.03 -16.12 1 1 1 1
v 8.38 1.25 -16.12 1 1 1 1
v 9.66 -0.03 -14.84 1 1 1 1
v 9.66 1.25 -13.56 1 1 1 1
v 9.66 -0.03 -13.56 1 1 1 1
v 9.66 1.25 -14.84 1 1 1 1
v 4.54 -0.03 -12.530000000000001 1 1 1 1
v 4.54 1.25 -13.81 1 1 1 1
v 4.54 -0.03 -13.81 1 1 1 1
v 4.54 1.25 -12.530000000000001 1 1 1 1
v 4.54 -0.03 -13.81 1 1 1 1
v 5.82 1.25 -13.81 1 1 1 1
v 5.82 -0.03 -13.81 1 1 1 1
v 4.54 1.25 -13.81 1 1 1 1
v 4.48 -0.03 -9.72 1 1 1 1
v 4.48 1.25 -11 1 1 1 1
v 4.48 -0.03 -11 1 1 1 1
v 4.48 1.25 -9.72 1 1 1 1
v 1.93 -0.03 -3.23 1 1 1 1
v 3.21 1.25 -3.23 1 1 1 1
v 3.21 -0.03 -3.23 1 1 1 1
v 1.93 1.25 -3.23 1 1 1 1
v 1.93 -0.03 -1.95 1 1 1 1
v 0.65 1.25 -1.95 1 1 1 1
v 0.65 -0.03 -1.95 1 1 1 1
v 1.93 1.25 -1.95 1 1 1 1
v 9.6 -0.03 -3.23 1 1 1 1
v 9.6 1.25 -1.95 1 1 1 1
v 9.6 -0.03 -1.95 1 1 1 1
v 9.6 1.25 -3.23 1 1 1 1
v 4.48 -0.03 -11 1 1 1 1
v 5.76 1.25 -11 1 1 1 1
v 5.76 -0.03 -11 1 1 1 1
v 4.48 1.25 -11 1 1 1 1
v 5.82 -0.03 -13.81 1 1 1 1
v 5.82 1.25 -12.530000000000001 1 1 1 1
v 5.82 -0.03 -12.530000000000001 1 1 1 1
v 5.82 1.25 -13.81 1 1 1 1
v 5.82 -0.03 -12.530000000000001 1 1 1 1
v 4.54 1.25 -12.530000000000001 1 1 1 1
v 4.54 -0.03 -12.530000000000001 1 1 1 1
v 5.82 1.25 -12.530000000000001 1 1 1 1
v 4.49 -0.03 -1.95 1 1 1 1
v 3.21 1.25 -1.95 1 1 1 1
v 3.21 -0.03 -1.95 1 1 1 1
v 4.49 1.25 -1.95 1 1 1 1
v 5.7700000000000005 -0.03 -3.23 1 1 1 1
v 5.7700000000000005 1.25 -1.95 1 1 1 1
v 5.7700000000000005 -0.03 -1.95 1 1 1 1
v 5.7700000000000005 1.25 -3.23 1 1 1 1
v 0.7000000000000001 -0.03 -13.81 1 1 1 1
v 0.7000000000000001 1.25 -15.09 1 1 1 1
v 0.7000000000000001 -0.03 -15.09 1 1 1 1
v 0.7000000000000001 1.25 -13.81 1 1 1 1
v 0.7000000000000001 -0.03 -15.09 1 1 1 1
v 1.98 1.25 -15.09 1 1 1 1
v 1.98 -0.03 -15.09 1 1 1 1
v 0.7000000000000001 1.25 -15.09 1 1 1 1
v 0.65 -0.03 -1.95 1 1 1 1
v 0.65 1.25 -3.23 1 1 1 1
v 0.65 -0.03 -3.23 1 1 1 1
v 0.65 1.25 -1.95 1 1 1 1
v 0.65 -0.03 -3.23 1 1 1 1
v 1.93 1.25 -3.23 1 1 1 1
v 1.93 -0.03 -3.23 1 1 1 1
v 0.65 1.25 -3.23 1 1 1 1
v 8.32 -0.03 -1.95 1 1 1 1
v 7.04 1.25 -1.95 1 1 1 1
v 7.04 -0.03 -1.95 1 1 1 1
v 8.32 1.25 -1.95 1 1 1 1
v 0.7000000000000001 -0.03 -12.530000000000001 1 1 1 1
v 0.7000000000000001 1.25 -13.81 1 1 1 1
v 0.7000000000000001 -0.03 -13.81 1 1 1 1
v 0.7000000000000001 1.25 -12.530000000000001 1 1 1 1
v 1.98 -0.03 -12.530000000000001 1 1 1 1
v 0.7000000000000001 1.25 -12.530000000000001 1 1 1 1
v 0.7000000000000001 -0.03 -12.530000000000001 1 1 1 1
v 1.98 1.25 -12.530000000000001 1 1 1 1
v 4.49 -0.03 -3.23 1 1 1 1
v 5.7700000000000005 1.25 -3.23 1 1 1 1
v 5.7700000000000005 -0.03 -3.23 1 1 1 1
v 4.49 1.25 -3.23 1 1 1 1
v 3.21 -0.03 -3.23 1 1 1 1
v 4.49 1.25 -3.23 1 1 1 1
v 4.49 -0.03 -3.23 1 1 1 1
v 3.21 1.25 -3.23 1 1 1 1
v 9.6 -0.03 -1.95 1 1 1 1
v 8.32 1.25 -1.95 1 1 1 1
v 8.32 -0.03 -1.95 1 1 1 1
v 9.6 1.25 -1.95 1 1 1 1
v 8.32 -0.03 -3.23 1 1 1 1
v 9.6 1.25 -3.23 1 1 1 1
v 9.6 -0.03 -3.23 1 1 1 1
v 8.32 1.25 -3.23 1 1 1 1
v 7.04 -0.03 -1.95 1 1 1 1
v 7.04 1.25 -3.23 1 1 1 1
v 7.04 -0.03 -3.23 1 1 1 1
v 7.04 1.25 -1.95 1 1 1 1
v 7.04 -0.03 -3.23 1 1 1 1
v 8.32 1.25 -3.23 1 1 1 1
v 8.32 -0.03 -3.23 1 1 1 1
v 7.04 1.25 -3.23 1 1 1 1
v 5.7700000000000005 -0.03 -1.95 1 1 1 1
v 4.49 1.25 -1.95 1 1 1 1
v 4.49 -0.03 -1.95 1 1 1 1
v 5.7700000000000005 1.25 -1.95 1 1 1 1
v 3.21 -0.03 -1.95 1 1 1 1
v 1.93 1.25 -1.95 1 1 1 1
v 1.93 -0.03 -1.95 1 1 1 1
v 3.21 1.25 -1.95 1 1 1 1
v 0.65 -0.03 -10.05 1 1 1 1
v 0.65 1.25 -8.77 1 1 1 1
v 0.65 -0.03 -8.77 1 1 1 1
v 0.65 1.25 -10.05 1 1 1 1
v -0.62 -0.03 -6.21 1 1 1 1
v -0.62 1.25 -7.49 1 1 1 1
v -0.62 -0.03 -7.49 1 1 1 1
v -0.62 1.25 -6.21 1 1 1 1
v -0.62 -0.03 -7.49 1 1 1 1
v -0.62 1.25 -8.77 1 1 1 1
v -0.62 -0.03 -8.77 1 1 1 1
v -0.62 1.25 -7.49 1 1 1 1
v 0.65 -0.03 -8.77 1 1 1 1
v 0.65 1.25 -7.49 1 1 1 1
v 0.65 -0.03 -7.49 1 1 1 1
v 0.65 1.25 -8.77 1 1 1 1
v 0.65 -0.03 -7.49 1 1 1 1
v 0.65 1.25 -6.21 1 1 1 1
v 0.65 -0.03 -6.21 1 1 1 1
v 0.65 1.25 -7.49 1 1 1 1
v 0.65 -0.03 -6.21 1 1 1 1
v -0.63 1.25 -6.21 1 1 1 1
v -0.63 -0.03 -6.21 1 1 1 1
v 0.65 1.25 -6.21 1 1 1 1
v -0.62 -0.03 -8.77 1 1 1 1
v -0.62 1.25 -10.05 1 1 1 1
v -0.62 -0.03 -10.05 1 1 1 1
v -0.62 1.25 -8.77 1 1 1 1
v -0.62 -0.03 -10.05 1 1 1 1
v 0.66 1.25 -10.05 1 1 1 1
v 0.66 -0.03 -10.05 1 1 1 1
v -0.62 1.25 -10.05 1 1 1 1
v 5.9 -0.03 -7.47 1 1 1 1
v 7.18 1.25 -7.47 1 1 1 1
v 7.18 -0.03 -7.47 1 1 1 1
v 5.9 1.25 -7.47 1 1 1 1
v 7.18 -0.03 -7.47 1 1 1 1
v 7.18 1.25 -6.19 1 1 1 1
v 7.18 -0.03 -6.19 1 1 1 1
v 7.18 1.25 -7.47 1 1 1 1
v 7.18 -0.03 -6.19 1 1 1 1
v 5.9 1.25 -6.19 1 1 1 1
v 5.9 -0.03 -6.19 1 1 1 1
v 7.18 1.25 -6.19 1 1 1 1
v 4.62 -0.03 -7.47 1 1 1 1
v 5.9 1.25 -7.47 1 1 1 1
v 5.9 -0.03 -7.47 1 1 1 1
v 4.62 1.25 -7.47 1 1 1 1
v 5.9 -0.03 -6.19 1 1 1 1
v 4.62 1.25 -6.19 1 1 1 1
v 4.62 -0.03 -6.19 1 1 1 1
v 5.9 1.25 -6.19 1 1 1 1
v 3.34 -0.03 -7.47 1 1 1 1
v 4.62 1.25 -7.47 1 1 1 1
v 4.62 -0.03 -7.47 1 1 1 1
v 3.34 1.25 -7.47 1 1 1 1
v 4.62 -0.03 -6.19 1 1 1 1
v 3.34 1.25 -6.19 1 1 1 1
v 3.34 -0.03 -6.19 1 1 1 1
v 4.62 1.25 -6.19 1 1 1 1
v 2.06 -0.03 -6.19 1 1 1 1
v 2.06 1.25 -7.47 1 1 1 1
v 2.06 -0.03 -7.47 1 1 1 1
v 2.06 1.25 -6.19 1 1 1 1
v 2.06 -0.03 -7.47 1 1 1 1
v 3.34 1.25 -7.47 1 1 1 1
v 3.34 -0.03 -7.47 1 1 1 1
v 2.06 1.25 -7.47 1 1 1 1
v 3.34 -0.03 -6.19 1 1 1 1
v 2.06 1.25 -6.19 1 1 1 1
v 2.06 -0.03 -6.19 1 1 1 1
v 3.34 1.25 -6.19 1 1 1 1
v 9.88 -0.03 -9.15 1 1 1 1
v 9.88 1.25 -7.87 1 1 1 1
v 9.88 -0.03 -7.87 1 1 1 1
v 9.88 1.25 -9.15 1 1 1 1
v 9.88 -0.03 -7.87 1 1 1 1
v 8.6 1.25 -7.87 1 1 1 1
v 8.6 -0.03 -7.87 1 1 1 1
v 9.88 1.25 -7.87 1 1 1 1
v 8.6 -0.03 -7.87 1 1 1 1
v 8.6 1.25 -9.15 1 1 1 1
v 8.6 -0.03 -9.15 1 1 1 1
v 8.6 1.25 -7.87 1 1 1 1
v 9.88 -0.03 -10.43 1 1 1 1
v 9.88 1.25 -9.15 1 1 1 1
v 9.88 -0.03 -9.15 1 1 1 1
v 9.88 1.25 -10.43 1 1 1 1
v 8.6 -0.03 -9.15 1 1 1 1
v 8.6 1.25 -10.43 1 1 1 1
v 8.6 -0.03 -10.43 1 1 1 1
v 8.6 1.25 -9.15 1 1 1 1
v 9.88 -0.03 -11.71 1 1 1 1
v 9.88 1.25 -10.43 1 1 1 1
v 9.88 -0.03 -10.43 1 1 1 1
v 9.88 1.25 -11.71 1 1 1 1
v 8.6 -0.03 -11.71 1 1 1 1
v 9.88 1.25 -11.71 1 1 1 1
v 9.88 -0.03 -11.71 1 1 1 1
v 8.6 1.25 -11.71 1 1 1 1
v 8.6 -0.03 -10.43 1 1 1 1
v 7.32 1.25 -10.43 1 1 1 1
v 7.32 -0.03 -10.43 1 1 1 1
v 8.6 1.25 -10.43 1 1 1 1
v 7.32 -0.03 -10.43 1 1 1 1
v 7.32 1.25 -11.71 1 1 1 1
v 7.32 -0.03 -11.71 1 1 1 1
v 7.32 1.25 -10.43 1 1 1 1
v 7.32 -0.03 -11.71 1 1 1 1
v 8.6 1.25 -11.71 1 1 1 1
v 8.6 -0.03 -11.71 1 1 1 1
v 7.32 1.25 -11.71 1 1 1 1
v 5.7700000000000005 1.25 -3.23 1 1 1 1
v 4.49 1.25 -1.95 1 1 1 1
v 5.7700000000000005 1.25 -1.95 1 1 1 1
v 4.49 1.25 -3.23 1 1 1 1
v 8.32 1.25 -3.23 1 1 1 1
v 7.04 1.25 -1.95 1 1 1 1
v 8.32 1.25 -1.95 1 1 1 1
v 7.04 1.25 -3.23 1 1 1 1
v 9.6 1.25 -3.23 1 1 1 1
v 8.32 1.25 -1.95 1 1 1 1
v 9.6 1.25 -1.95 1 1 1 1
v 8.32 1.25 -3.23 1 1 1 1
v 1.93 1.25 -3.23 1 1 1 1
v 0.65 1.25 -1.95 1 1 1 1
v 1.93 1.25 -1.95 1 1 1 1
v 0.65 1.25 -3.23 1 1 1 1
v 5.76 1.25 -11 1 1 1 1
v 4.48 1.25 -9.72 1 1 1 1
v 5.76 1.25 -9.72 1 1 1 1
v 4.48 1.25 -11 1 1 1 1
v 1.98 1.25 -15.09 1 1 1 1
v 0.7000000000000001 1.25 -13.81 1 1 1 1
v 1.98 1.25 -13.81 1 1 1 1
v 0.7000000000000001 1.25 -15.09 1 1 1 1
v 1.98 1.25 -13.81 1 1 1 1
v 0.7000000000000001 1.25 -12.530000000000001 1 1 1 1
v 1.98 1.25 -12.530000000000001 1 1 1 1
v 0.7000000000000001 1.25 -13.81 1 1 1 1
v 3.2600000000000002 1.25 -13.81 1 1 1 1
v 1.98 1.25 -12.530000000000001 1 1 1 1
v 3.2600000000000002 1.25 -12.530000000000001 1 1 1 1
v 1.98 1.25 -13.81 1 1 1 1
v -3.2513409423828126 -0.26544628143310545 -13.85082275390625 1 1 1 1
v -4.531340942382813 -0.26544628143310545 -12.570822753906251 1 1 1 1
v -3.2513409423828126 -0.26544628143310545 -12.570822753906251 1 1 1 1
v -4.531340942382813 -0.26544628143310545 -13.85082275390625 1 1 1 1
v 3.2600000000000002 1.25 -15.09 1 1 1 1
v 1.98 1.25 -13.81 1 1 1 1
v 3.2600000000000002 1.25 -13.81 1 1 1 1
v 1.98 1.25 -15.09 1 1 1 1
v -6.0825347900390625 1.28 -4.039996337890625 1 1 1 1
v -7.362534790039063 1.28 -2.759996337890625 1 1 1 1
v -6.0825347900390625 1.28 -2.759996337890625 1 1 1 1
v -7.362534790039063 1.28 -4.039996337890625 1 1 1 1
v -4.63 -0.05 -8.94 1 1 1 1
v -3.35 -0.05 -10.22 1 1 1 1
v -4.63 -0.05 -10.22 1 1 1 1
v -3.35 -0.05 -8.94 1 1 1 1
v -7.362534790039063 1.28 -1.9999963378906251 1 1 1 1
v -8.642534790039063 1.28 -0.719996337890625 1 1 1 1
v -7.362534790039063 1.28 -0.719996337890625 1 1 1 1
v -8.642534790039063 1.28 -1.9999963378906251 1 1 1 1
v -4.802534790039062 1.28 -4.039996337890625 1 1 1 1
v -6.0825347900390625 1.28 -2.759996337890625 1 1 1 1
v -4.802534790039062 1.28 -2.759996337890625 1 1 1 1
v -6.0825347900390625 1.28 -4.039996337890625 1 1 1 1
v 4.54 1.25 -15.09 1 1 1 1
v 3.2600000000000002 1.25 -13.81 1 1 1 1
v 4.54 1.25 -13.81 1 1 1 1
v 3.2600000000000002 1.25 -15.09 1 1 1 1
v 5.82 1.25 -15.09 1 1 1 1
v 4.54 1.25 -13.81 1 1 1 1
v 5.82 1.25 -13.81 1 1 1 1
v 4.54 1.25 -15.09 1 1 1 1
v 9.66 1.25 -16.12 1 1 1 1
v 8.38 1.25 -14.84 1 1 1 1
v 9.66 1.25 -14.84 1 1 1 1
v 8.33 1.25 -16.2 1 1 1 1
v 4.54 1.25 -12.530000000000001 1 1 1 1
v 5.82 1.25 -13.81 1 1 1 1
v 4.54 1.25 -13.81 1 1 1 1
v 5.82 1.25 -12.530000000000001 1 1 1 1
v -7.091340942382812 -0.7654463195800781 -12.570822753906251 1 1 1 1
v -8.371340942382812 -0.7654463195800781 -11.29082275390625 1 1 1 1
v -7.091340942382812 -0.7654463195800781 -11.29082275390625 1 1 1 1
v -8.371340942382812 -0.7654463195800781 -12.570822753906251 1 1 1 1
v -2.1413409423828127 1.244553680419922 -15.13082275390625 1 1 1 1
v -3.4213409423828125 1.244553680419922 -13.85082275390625 1 1 1 1
v -2.1413409423828127 1.244553680419922 -13.85082275390625 1 1 1 1
v -3.4213409423828125 1.244553680419922 -15.13082275390625 1 1 1 1
v -3.4213409423828125 1.244553680419922 -15.13082275390625 1 1 1 1
v -4.701340942382813 1.244553680419922 -13.85082275390625 1 1 1 1
v -3.4213409423828125 1.244553680419922 -13.85082275390625 1 1 1 1
v -4.701340942382813 1.244553680419922 -15.13082275390625 1 1 1 1
v -3.5225347900390624 1.28 -4.039996337890625 1 1 1 1
v -4.802534790039062 1.28 -2.759996337890625 1 1 1 1
v -3.5225347900390624 1.28 -2.759996337890625 1 1 1 1
v -4.802534790039062 1.28 -4.039996337890625 1 1 1 1
v -4.701340942382813 1.244553680419922 -15.13082275390625 1 1 1 1
v -5.981340942382813 1.244553680419922 -13.85082275390625 1 1 1 1
v -4.701340942382813 1.244553680419922 -13.85082275390625 1 1 1 1
v -5.981340942382813 1.244553680419922 -15.13082275390625 1 1 1 1
v -5.981340942382813 1.244553680419922 -15.13082275390625 1 1 1 1
v -7.261340942382812 1.244553680419922 -13.85082275390625 1 1 1 1
v -5.981340942382813 1.244553680419922 -13.85082275390625 1 1 1 1
v -7.261340942382812 1.244553680419922 -15.13082275390625 1 1 1 1
v 3.21 1.25 -3.23 1 1 1 1
v 1.93 1.25 -1.95 1 1 1 1
v 3.21 1.25 -1.95 1 1 1 1
v 1.93 1.25 -3.23 1 1 1 1
v 4.49 1.25 -3.23 1 1 1 1
v 3.21 1.25 -1.95 1 1 1 1
v 4.49 1.25 -1.95 1 1 1 1
v 3.21 1.25 -3.23 1 1 1 1
v 9.66 1.25 -14.84 1 1 1 1
v 8.38 1.25 -13.56 1 1 1 1
v 9.66 1.25 -13.56 1 1 1 1
v 8.38 1.25 -14.84 1 1 1 1
v -3.5225347900390624 1.28 -1.9999963378906251 1 1 1 1
v -4.802534790039062 1.28 -0.719996337890625 1 1 1 1
v -3.5225347900390624 1.28 -0.719996337890625 1 1 1 1
v -4.802534790039062 1.28 -1.9999963378906251 1 1 1 1
v -4.802534790039062 1.28 -1.9999963378906251 1 1 1 1
v -6.0825347900390625 1.28 -0.719996337890625 1 1 1 1
v -4.802534790039062 1.28 -0.719996337890625 1 1 1 1
v -6.0825347900390625 1.28 -1.9999963378906251 1 1 1 1
v -6.0825347900390625 1.28 -1.9999963378906251 1 1 1 1
v -7.362534790039063 1.28 -0.719996337890625 1 1 1 1
v -6.0825347900390625 1.28 -0.719996337890625 1 1 1 1
v -7.362534790039063 1.28 -1.9999963378906251 1 1 1 1
v -7.362534790039063 1.28 -4.039996337890625 1 1 1 1
v -8.642534790039063 1.28 -2.759996337890625 1 1 1 1
v -7.362534790039063 1.28 -2.759996337890625 1 1 1 1
v -8.642534790039063 1.28 -4.039996337890625 1 1 1 1
v -7.261340942382812 1.244553680419922 -15.13082275390625 1 1 1 1
v -8.541340942382813 1.244553680419922 -13.85082275390625 1 1 1 1
v -7.261340942382812 1.244553680419922 -13.85082275390625 1 1 1 1
v -8.541340942382813 1.244553680419922 -15.13082275390625 1 1 1 1
v -7.261340942382812 1.244553680419922 -13.85082275390625 1 1 1 1
v -8.541340942382813 1.244553680419922 -12.570822753906251 1 1 1 1
v -7.261340942382812 1.244553680419922 -12.570822753906251 1 1 1 1
v -8.541340942382813 1.244553680419922 -13.85082275390625 1 1 1 1
v -7.261340942382812 1.244553680419922 -12.570822753906251 1 1 1 1
v -8.541340942382813 1.244553680419922 -11.29082275390625 1 1 1 1
v -7.261340942382812 1.244553680419922 -11.29082275390625 1 1 1 1
v -8.541340942382813 1.244553680419922 -12.570822753906251 1 1 1 1
v -2.1413409423828127 1.244553680419922 -13.85082275390625 1 1 1 1
v -3.4213409423828125 1.244553680419922 -12.570822753906251 1 1 1 1
v -2.1413409423828127 1.244553680419922 -12.570822753906251 1 1 1 1
v -3.4213409423828125 1.244553680419922 -13.85082275390625 1 1 1 1
v -2.1413409423828127 1.244553680419922 -12.570822753906251 1 1 1 1
v -3.4213409423828125 1.244553680419922 -11.29082275390625 1 1 1 1
v -2.1413409423828127 1.244553680419922 -11.29082275390625 1 1 1 1
v -3.4213409423828125 1.244553680419922 -12.570822753906251 1 1 1 1
v -3.9113409423828127 1.244553680419922 -11.30082275390625 1 1 1 1
v -5.191340942382813 1.244553680419922 -10.02082275390625 1 1 1 1
v -3.9113409423828127 1.244553680419922 -10.02082275390625 1 1 1 1
v -5.191340942382813 1.244553680419922 -11.30082275390625 1 1 1 1
v -5.191340942382813 1.244553680419922 -11.30082275390625 1 1 1 1
v -6.471340942382812 1.244553680419922 -10.02082275390625 1 1 1 1
v -5.191340942382813 1.244553680419922 -10.02082275390625 1 1 1 1
v -6.471340942382812 1.244553680419922 -11.30082275390625 1 1 1 1
v -5.191340942382813 1.244553680419922 -12.58082275390625 1 1 1 1
v -6.471340942382812 1.244553680419922 -11.30082275390625 1 1 1 1
v -5.191340942382813 1.244553680419922 -11.30082275390625 1 1 1 1
v -6.471340942382812 1.244553680419922 -12.58082275390625 1 1 1 1
v -3.9113409423828127 1.244553680419922 -12.58082275390625 1 1 1 1
v -5.191340942382813 1.244553680419922 -11.30082275390625 1 1 1 1
v -3.9113409423828127 1.244553680419922 -11.30082275390625 1 1 1 1
v -5.191340942382813 1.244553680419922 -12.58082275390625 1 1 1 1
v -2.32 1.25 -6.73 1 1 1 1
v -3.6 1.25 -5.45 1 1 1 1
v -2.32 1.25 -5.45 1 1 1 1
v -3.6 1.25 -6.73 1 1 1 1
v -3.6 1.25 -6.73 1 1 1 1
v -4.88 1.25 -5.45 1 1 1 1
v -3.6 1.25 -5.45 1 1 1 1
v -4.88 1.25 -6.73 1 1 1 1
v -4.88 1.25 -6.73 1 1 1 1
v -6.16 1.25 -5.45 1 1 1 1
v -4.88 1.25 -5.45 1 1 1 1
v -6.16 1.25 -6.73 1 1 1 1
v -6.16 1.25 -6.73 1 1 1 1
v -7.44 1.25 -5.45 1 1 1 1
v -6.16 1.25 -5.45 1 1 1 1
v -7.44 1.25 -6.73 1 1 1 1
v -6.16 1.25 -8.01 1 1 1 1
v -7.44 1.25 -6.73 1 1 1 1
v -6.16 1.25 -6.73 1 1 1 1
v -7.44 1.25 -8.01 1 1 1 1
v -3.35 -0.19 -10.22 1 1 1 1
v -4.63 -0.19 -8.94 1 1 1 1
v -3.35 -0.19 -8.94 1 1 1 1
v -4.63 -0.19 -10.22 1 1 1 1
v -0.63 1.25 -8.77 1 1 1 1
v 0.65 1.25 -10.05 1 1 1 1
v -0.63 1.25 -10.05 1 1 1 1
v 0.65 1.25 -8.77 1 1 1 1
v -0.63 1.25 -7.49 1 1 1 1
v 0.65 1.25 -8.77 1 1 1 1
v -0.63 1.25 -8.77 1 1 1 1
v 0.65 1.25 -7.49 1 1 1 1
v -0.63 1.25 -6.21 1 1 1 1
v 0.65 1.25 -7.49 1 1 1 1
v -0.63 1.25 -7.49 1 1 1 1
v 0.65 1.25 -6.21 1 1 1 1
v 6.42 -1.19 -7.140000000000001 1 1 1 1
v 5.14 -1.19 -5.86 1 1 1 1
v 6.42 -1.19 -5.86 1 1 1 1
v 5.14 -1.19 -7.140000000000001 1 1 1 1
v 7.75 -1.19 -7.0600000000000005 1 1 1 1
v 6.47 -1.19 -5.78 1 1 1 1
v 7.75 -1.19 -5.78 1 1 1 1
v 6.42 -1.19 -7.140000000000001 1 1 1 1
v 2.06 1.25 -6.19 1 1 1 1
v 3.34 1.25 -7.47 1 1 1 1
v 2.06 1.25 -7.47 1 1 1 1
v 3.34 1.25 -6.19 1 1 1 1
v 3.34 1.25 -6.19 1 1 1 1
v 4.62 1.25 -7.47 1 1 1 1
v 3.34 1.25 -7.47 1 1 1 1
v 4.62 1.25 -6.19 1 1 1 1
v 4.62 1.25 -6.19 1 1 1 1
v 5.9 1.25 -7.47 1 1 1 1
v 4.62 1.25 -7.47 1 1 1 1
v 5.9 1.25 -6.19 1 1 1 1
v 5.9 1.25 -6.19 1 1 1 1
v 7.18 1.25 -7.47 1 1 1 1
v 5.9 1.25 -7.47 1 1 1 1
v 7.18 1.25 -6.19 1 1 1 1
v 9.88 1.25 -9.15 1 1 1 1
v 8.6 1.25 -7.87 1 1 1 1
v 9.88 1.25 -7.87 1 1 1 1
v 8.6 1.25 -9.15 1 1 1 1
v 9.88 1.25 -10.43 1 1 1 1
v 8.6 1.25 -9.15 1 1 1 1
v 9.88 1.25 -9.15 1 1 1 1
v 8.6 1.25 -10.43 1 1 1 1
v 9.88 1.25 -11.71 1 1 1 1
v 8.6 1.25 -10.43 1 1 1 1
v 9.88 1.25 -10.43 1 1 1 1
v 8.6 1.25 -11.71 1 1 1 1
v 8.6 1.25 -11.71 1 1 1 1
v 7.32 1.25 -10.43 1 1 1 1
v 8.6 1.25 -10.43 1 1 1 1
v 7.32 1.25 -11.71 1 1 1 1
v -7.362534790039063 2.1553739289236277e-16 -0.719996337890625 1 1 1 1
v -8.642534790039063 1.28 -0.719996337890625 1 1 1 1
v -8.642534790039063 2.1553739289236277e-16 -0.719996337890625 1 1 1 1
v -7.362534790039063 1.28 -0.719996337890625 1 1 1 1
v -8.642534790039063 2.1553739289236277e-16 -0.719996337890625 1 1 1 1
v -8.642534790039063 1.28 -1.9999963378906251 1 1 1 1
v -8.642534790039063 2.1553739289236277e-16 -1.9999963378906251 1 1 1 1
v -8.642534790039063 1.28 -0.719996337890625 1 1 1 1
v -8.642534790039063 2.1553739289236277e-16 -1.9999963378906251 1 1 1 1
v -7.362534790039063 1.28 -1.9999963378906251 1 1 1 1
v -7.362534790039063 2.1553739289236277e-16 -1.9999963378906251 1 1 1 1
v -8.642534790039063 1.28 -1.9999963378906251 1 1 1 1
v -3.4213409423828125 -0.03544628143310547 -15.13082275390625 1 1 1 1
v -2.1413409423828127 1.244553680419922 -15.13082275390625 1 1 1 1
v -2.1413409423828127 -0.03544628143310547 -15.13082275390625 1 1 1 1
v -3.4213409423828125 1.244553680419922 -15.13082275390625 1 1 1 1
v -2.1413409423828127 -0.03544628143310547 -13.85082275390625 1 1 1 1
v -2.1413409423828127 1.244553680419922 -12.570822753906251 1 1 1 1
v -2.1413409423828127 -0.03544628143310547 -12.570822753906251 1 1 1 1
v -2.1413409423828127 1.244553680419922 -13.85082275390625 1 1 1 1
v -3.4213409423828125 -0.03544628143310547 -12.570822753906251 1 1 1 1
v -3.4213409423828125 1.244553680419922 -13.85082275390625 1 1 1 1
v -3.4213409423828125 -0.03544628143310547 -13.85082275390625 1 1 1 1
v -3.4213409423828125 1.244553680419922 -12.570822753906251 1 1 1 1
v -5.191340942382813 -0.03544628143310547 -12.58082275390625 1 1 1 1
v -3.9113409423828127 1.244553680419922 -12.58082275390625 1 1 1 1
v -3.9113409423828127 -0.03544628143310547 -12.58082275390625 1 1 1 1
v -5.191340942382813 1.244553680419922 -12.58082275390625 1 1 1 1
v -7.362534790039063 2.1553739289236277e-16 -4.039996337890625 1 1 1 1
v -6.0825347900390625 1.28 -4.039996337890625 1 1 1 1
v -6.0825347900390625 2.1553739289236277e-16 -4.039996337890625 1 1 1 1
v -7.362534790039063 1.28 -4.039996337890625 1 1 1 1
v -2.1413409423828127 -0.03544628143310547 -12.570822753906251 1 1 1 1
v -2.1413409423828127 1.244553680419922 -11.29082275390625 1 1 1 1
v -2.1413409423828127 -0.03544628143310547 -11.29082275390625 1 1 1 1
v -2.1413409423828127 1.244553680419922 -12.570822753906251 1 1 1 1
v -2.1413409423828127 -0.03544628143310547 -11.29082275390625 1 1 1 1
v -3.4213409423828125 1.244553680419922 -11.29082275390625 1 1 1 1
v -3.4213409423828125 -0.03544628143310547 -11.29082275390625 1 1 1 1
v -2.1413409423828127 1.244553680419922 -11.29082275390625 1 1 1 1
v -5.191340942382813 -0.03544628143310547 -10.02082275390625 1 1 1 1
v -6.471340942382812 1.244553680419922 -10.02082275390625 1 1 1 1
v -6.471340942382812 -0.03544628143310547 -10.02082275390625 1 1 1 1
v -5.191340942382813 1.244553680419922 -10.02082275390625 1 1 1 1
v -8.541340942382813 -0.03544628143310547 -13.85082275390625 1 1 1 1
v -8.541340942382813 1.244553680419922 -15.13082275390625 1 1 1 1
v -8.541340942382813 -0.03544628143310547 -15.13082275390625 1 1 1 1
v -8.541340942382813 1.244553680419922 -13.85082275390625 1 1 1 1
v -8.541340942382813 -0.03544628143310547 -15.13082275390625 1 1 1 1
v -7.261340942382812 1.244553680419922 -15.13082275390625 1 1 1 1
v -7.261340942382812 -0.03544628143310547 -15.13082275390625 1 1 1 1
v -8.541340942382813 1.244553680419922 -15.13082275390625 1 1 1 1
v -3.4213409423828125 -0.03544628143310547 -11.29082275390625 1 1 1 1
v -3.4213409423828125 1.244553680419922 -12.570822753906251 1 1 1 1
v -3.4213409423828125 -0.03544628143310547 -12.570822753906251 1 1 1 1
v -3.4213409423828125 1.244553680419922 -11.29082275390625 1 1 1 1
v -6.471340942382812 -0.03544628143310547 -11.30082275390625 1 1 1 1
v -6.471340942382812 1.244553680419922 -12.58082275390625 1 1 1 1
v -6.471340942382812 -0.03544628143310547 -12.58082275390625 1 1 1 1
v -6.471340942382812 1.244553680419922 -11.30082275390625 1 1 1 1
v -6.471340942382812 -0.03544628143310547 -12.58082275390625 1 1 1 1
v -5.191340942382813 1.244553680419922 -12.58082275390625 1 1 1 1
v -5.191340942382813 -0.03544628143310547 -12.58082275390625 1 1 1 1
v -6.471340942382812 1.244553680419922 -12.58082275390625 1 1 1 1
v -7.261340942382812 -0.03544628143310547 -12.570822753906251 1 1 1 1
v -7.261340942382812 1.244553680419922 -11.29082275390625 1 1 1 1
v -7.261340942382812 -0.03544628143310547 -11.29082275390625 1 1 1 1
v -7.261340942382812 1.244553680419922 -12.570822753906251 1 1 1 1
v -5.981340942382813 -0.03544628143310547 -15.13082275390625 1 1 1 1
v -4.701340942382813 1.244553680419922 -15.13082275390625 1 1 1 1
v -4.701340942382813 -0.03544628143310547 -15.13082275390625 1 1 1 1
v -5.981340942382813 1.244553680419922 -15.13082275390625 1 1 1 1
v -4.701340942382813 -0.03544628143310547 -15.13082275390625 1 1 1 1
v -3.4213409423828125 1.244553680419922 -15.13082275390625 1 1 1 1
v -3.4213409423828125 -0.03544628143310547 -15.13082275390625 1 1 1 1
v -4.701340942382813 1.244553680419922 -15.13082275390625 1 1 1 1
v -2.1413409423828127 -0.03544628143310547 -15.13082275390625 1 1 1 1
v -2.1413409423828127 1.244553680419922 -13.85082275390625 1 1 1 1
v -2.1413409423828127 -0.03544628143310547 -13.85082275390625 1 1 1 1
v -2.1413409423828127 1.244553680419922 -15.13082275390625 1 1 1 1
v -6.0825347900390625 2.1553739289236277e-16 -0.719996337890625 1 1 1 1
v -7.362534790039063 1.28 -0.719996337890625 1 1 1 1
v -7.362534790039063 2.1553739289236277e-16 -0.719996337890625 1 1 1 1
v -6.0825347900390625 1.28 -0.719996337890625 1 1 1 1
v -7.362534790039063 2.1553739289236277e-16 -1.9999963378906251 1 1 1 1
v -6.0825347900390625 1.28 -1.9999963378906251 1 1 1 1
v -6.0825347900390625 2.1553739289236277e-16 -1.9999963378906251 1 1 1 1
v -7.362534790039063 1.28 -1.9999963378906251 1 1 1 1
v -3.4213409423828125 -0.03544628143310547 -13.85082275390625 1 1 1 1
v -4.701340942382813 1.244553680419922 -13.85082275390625 1 1 1 1
v -4.701340942382813 -0.03544628143310547 -13.85082275390625 1 1 1 1
v -3.4213409423828125 1.244553680419922 -13.85082275390625 1 1 1 1
v -7.362534790039063 2.1553739289236277e-16 -2.759996337890625 1 1 1 1
v -8.642534790039063 1.28 -2.759996337890625 1 1 1 1
v -8.642534790039063 2.1553739289236277e-16 -2.759996337890625 1 1 1 1
v -7.362534790039063 1.28 -2.759996337890625 1 1 1 1
v -8.642534790039063 2.1553739289236277e-16 -2.759996337890625 1 1 1 1
v -8.642534790039063 1.28 -4.039996337890625 1 1 1 1
v -8.642534790039063 2.1553739289236277e-16 -4.039996337890625 1 1 1 1
v -8.642534790039063 1.28 -2.759996337890625 1 1 1 1
v -5.981340942382813 -0.03544628143310547 -13.85082275390625 1 1 1 1
v -7.261340942382812 1.244553680419922 -13.85082275390625 1 1 1 1
v -7.261340942382812 -0.03544628143310547 -13.85082275390625 1 1 1 1
v -5.981340942382813 1.244553680419922 -13.85082275390625 1 1 1 1
v -6.471340942382812 -0.03544628143310547 -10.02082275390625 1 1 1 1
v -6.471340942382812 1.244553680419922 -11.30082275390625 1 1 1 1
v -6.471340942382812 -0.03544628143310547 -11.30082275390625 1 1 1 1
v -6.471340942382812 1.244553680419922 -10.02082275390625 1 1 1 1
v -8.642534790039063 2.1553739289236277e-16 -4.039996337890625 1 1 1 1
v -7.362534790039063 1.28 -4.039996337890625 1 1 1 1
v -7.362534790039063 2.1553739289236277e-16 -4.039996337890625 1 1 1 1
v -8.642534790039063 1.28 -4.039996337890625 1 1 1 1
v -6.16 -0.03 -8.01 1 1 1 1
v -6.16 1.25 -6.73 1 1 1 1
v -6.16 -0.03 -6.73 1 1 1 1
v -6.16 1.25 -8.01 1 1 1 1
v -7.44 -0.03 -6.73 1 1 1 1
v -7.44 1.25 -8.01 1 1 1 1
v -7.44 -0.03 -8.01 1 1 1 1
v -7.44 1.25 -6.73 1 1 1 1
v -7.44 -0.03 -8.01 1 1 1 1
v -6.16 1.25 -8.01 1 1 1 1
v -6.16 -0.03 -8.01 1 1 1 1
v -7.44 1.25 -8.01 1 1 1 1
v -6.16 -0.03 -5.45 1 1 1 1
v -7.44 1.25 -5.45 1 1 1 1
v -7.44 -0.03 -5.45 1 1 1 1
v -6.16 1.25 -5.45 1 1 1 1
v -7.44 -0.03 -5.45 1 1 1 1
v -7.44 1.25 -6.73 1 1 1 1
v -7.44 -0.03 -6.73 1 1 1 1
v -7.44 1.25 -5.45 1 1 1 1
v -4.802534790039062 2.1553739289236277e-16 -0.719996337890625 1 1 1 1
v -6.0825347900390625 1.28 -0.719996337890625 1 1 1 1
v -6.0825347900390625 2.1553739289236277e-16 -0.719996337890625 1 1 1 1
v -4.802534790039062 1.28 -0.719996337890625 1 1 1 1
v -7.261340942382812 -0.03544628143310547 -11.29082275390625 1 1 1 1
v -8.541340942382813 1.244553680419922 -11.29082275390625 1 1 1 1
v -8.541340942382813 -0.03544628143310547 -11.29082275390625 1 1 1 1
v -7.261340942382812 1.244553680419922 -11.29082275390625 1 1 1 1
v -8.541340942382813 -0.03544628143310547 -11.29082275390625 1 1 1 1
v -8.541340942382813 1.244553680419922 -12.570822753906251 1 1 1 1
v -8.541340942382813 -0.03544628143310547 -12.570822753906251 1 1 1 1
v -8.541340942382813 1.244553680419922 -11.29082275390625 1 1 1 1
v -7.261340942382812 -0.03544628143310547 -13.85082275390625 1 1 1 1
v -7.261340942382812 1.244553680419922 -12.570822753906251 1 1 1 1
v -7.261340942382812 -0.03544628143310547 -12.570822753906251 1 1 1 1
v -7.261340942382812 1.244553680419922 -13.85082275390625 1 1 1 1
v -8.541340942382813 -0.03544628143310547 -12.570822753906251 1 1 1 1
v -8.541340942382813 1.244553680419922 -13.85082275390625 1 1 1 1
v -8.541340942382813 -0.03544628143310547 -13.85082275390625 1 1 1 1
v -8.541340942382813 1.244553680419922 -12.570822753906251 1 1 1 1
v -6.0825347900390625 2.1553739289236277e-16 -1.9999963378906251 1 1 1 1
v -4.802534790039062 1.28 -1.9999963378906251 1 1 1 1
v -4.802534790039062 2.1553739289236277e-16 -1.9999963378906251 1 1 1 1
v -6.0825347900390625 1.28 -1.9999963378906251 1 1 1 1
v -3.5225347900390624 2.1553739289236277e-16 -1.9999963378906251 1 1 1 1
v -3.5225347900390624 1.28 -0.719996337890625 1 1 1 1
v -3.5225347900390624 2.1553739289236277e-16 -0.719996337890625 1 1 1 1
v -3.5225347900390624 1.28 -1.9999963378906251 1 1 1 1
v -3.5225347900390624 2.1553739289236277e-16 -0.719996337890625 1 1 1 1
v -4.802534790039062 1.28 -0.719996337890625 1 1 1 1
v -4.802534790039062 2.1553739289236277e-16 -0.719996337890625 1 1 1 1
v -3.5225347900390624 1.28 -0.719996337890625 1 1 1 1
v -3.9113409423828127 -0.03544628143310547 -10.02082275390625 1 1 1 1
v -5.191340942382813 1.244553680419922 -10.02082275390625 1 1 1 1
v -5.191340942382813 -0.03544628143310547 -10.02082275390625 1 1 1 1
v -3.9113409423828127 1.244553680419922 -10.02082275390625 1 1 1 1
v -3.9113409423828127 -0.03544628143310547 -12.58082275390625 1 1 1 1
v -3.9113409423828127 1.244553680419922 -11.30082275390625 1 1 1 1
v -3.9113409423828127 -0.03544628143310547 -11.30082275390625 1 1 1 1
v -3.9113409423828127 1.244553680419922 -12.58082275390625 1 1 1 1
v -4.88 -0.03 -5.45 1 1 1 1
v -6.16 1.25 -5.45 1 1 1 1
v -6.16 -0.03 -5.45 1 1 1 1
v -4.88 1.25 -5.45 1 1 1 1
v -6.16 -0.03 -6.73 1 1 1 1
v -4.88 1.25 -6.73 1 1 1 1
v -4.88 -0.03 -6.73 1 1 1 1
v -6.16 1.25 -6.73 1 1 1 1
v -3.6 -0.03 -5.45 1 1 1 1
v -4.88 1.25 -5.45 1 1 1 1
v -4.88 -0.03 -5.45 1 1 1 1
v -3.6 1.25 -5.45 1 1 1 1
v -7.261340942382812 -0.03544628143310547 -15.13082275390625 1 1 1 1
v -5.981340942382813 1.244553680419922 -15.13082275390625 1 1 1 1
v -5.981340942382813 -0.03544628143310547 -15.13082275390625 1 1 1 1
v -7.261340942382812 1.244553680419922 -15.13082275390625 1 1 1 1
v -4.701340942382813 -0.03544628143310547 -13.85082275390625 1 1 1 1
v -5.981340942382813 1.244553680419922 -13.85082275390625 1 1 1 1
v -5.981340942382813 -0.03544628143310547 -13.85082275390625 1 1 1 1
v -4.701340942382813 1.244553680419922 -13.85082275390625 1 1 1 1
v -4.88 -0.03 -6.73 1 1 1 1
v -3.6 1.25 -6.73 1 1 1 1
v -3.6 -0.03 -6.73 1 1 1 1
v -4.88 1.25 -6.73 1 1 1 1
v -2.32 -0.03 -6.73 1 1 1 1
v -2.32 1.25 -5.45 1 1 1 1
v -2.32 -0.03 -5.45 1 1 1 1
v -2.32 1.25 -6.73 1 1 1 1
v -3.9113409423828127 -0.03544628143310547 -11.30082275390625 1 1 1 1
v -3.9113409423828127 1.244553680419922 -10.02082275390625 1 1 1 1
v -3.9113409423828127 -0.03544628143310547 -10.02082275390625 1 1 1 1
v -3.9113409423828127 1.244553680419922 -11.30082275390625 1 1 1 1
v -2.32 -0.03 -5.45 1 1 1 1
v -3.6 1.25 -5.45 1 1 1 1
v -3.6 -0.03 -5.45 1 1 1 1
v -2.32 1.25 -5.45 1 1 1 1
v -3.6 -0.03 -6.73 1 1 1 1
v -2.32 1.25 -6.73 1 1 1 1
v -2.32 -0.03 -6.73 1 1 1 1
v -3.6 1.25 -6.73 1 1 1 1
v -4.802534790039062 2.1553739289236277e-16 -1.9999963378906251 1 1 1 1
v -3.5225347900390624 1.28 -1.9999963378906251 1 1 1 1
v -3.5225347900390624 2.1553739289236277e-16 -1.9999963378906251 1 1 1 1
v -4.802534790039062 1.28 -1.9999963378906251 1 1 1 1
v -3.5225347900390624 2.1553739289236277e-16 -4.039996337890625 1 1 1 1
v -3.5225347900390624 1.28 -2.759996337890625 1 1 1 1
v -3.5225347900390624 2.1553739289236277e-16 -2.759996337890625 1 1 1 1
v -3.5225347900390624 1.28 -4.039996337890625 1 1 1 1
v -3.5225347900390624 2.1553739289236277e-16 -2.759996337890625 1 1 1 1
v -4.802534790039062 1.28 -2.759996337890625 1 1 1 1
v -4.802534790039062 2.1553739289236277e-16 -2.759996337890625 1 1 1 1
v -3.5225347900390624 1.28 -2.759996337890625 1 1 1 1
v -4.802534790039062 2.1553739289236277e-16 -4.039996337890625 1 1 1 1
v -3.5225347900390624 1.28 -4.039996337890625 1 1 1 1
v -3.5225347900390624 2.1553739289236277e-16 -4.039996337890625 1 1 1 1
v -4.802534790039062 1.28 -4.039996337890625 1 1 1 1
v -4.802534790039062 2.1553739289236277e-16 -2.759996337890625 1 1 1 1
v -6.0825347900390625 1.28 -2.759996337890625 1 1 1 1
v -6.0825347900390625 2.1553739289236277e-16 -2.759996337890625 1 1 1 1
v -4.802534790039062 1.28 -2.759996337890625 1 1 1 1
v -6.0825347900390625 2.1553739289236277e-16 -4.039996337890625 1 1 1 1
v -4.802534790039062 1.28 -4.039996337890625 1 1 1 1
v -4.802534790039062 2.1553739289236277e-16 -4.039996337890625 1 1 1 1
v -6.0825347900390625 1.28 -4.039996337890625 1 1 1 1
v -6.0825347900390625 2.1553739289236277e-16 -2.759996337890625 1 1 1 1
v -7.362534790039063 1.28 -2.759996337890625 1 1 1 1
v -7.362534790039063 2.1553739289236277e-16 -2.759996337890625 1 1 1 1
v -6.0825347900390625 1.28 -2.759996337890625 1 1 1 1
vt 0.5 0
vt 0.5625 0.0625
vt 0.5 0.0625
vt 0.5625 0
vt 0.8125 0
vt 0.875 0.125
vt 0.8125 0.125
vt 0.875 0
vt 0.5625 0.6875
vt 0.5 0.75
vt 0.5 0.6875
vt 0.5625 0.75
vt 0.3125 0.8125
vt 0.6875 1
vt 0.3125 1
vt 0.6875 0.8125
vt 0.6875 0.5625
vt 0.3125 0.5625
vt 0.1875 0
vt 0.125 0.0625
vt 0.125 0
vt 0.1875 0.0625
vt 0.6875 0.75
vt 0.3125 0.75
vt 0.875 0.25
vt 1 0.375
vt 0.875 0.375
vt 1 0.25
vt 1 0.0625
vt 0.875 0.0625
vt 1 0
vt 0.9375 0.0625
vt 0.8125 0.0625
vt 0.9375 0
vt 0.75 0
vt 0.75 0.0625
vt 0.9375 0.25
vt 0.8125 0.25
vt 0.75 0.25
vt 0.6875 0.375
vt 1 0.875
vt 0.6875 0.875
vt 0.6875 0.125
vt 0.3125 0.125
vt 0.3125 0.875
vt 0.6875 0.4375
vt 0.3125 0.4375
vt 1 0.5
vt 0.5 1
vt 0.5 0.5
vt 1 1
vt 0 1
vt 0 0.5
vn 0 1 0
vn 0 0 1
vn -1 0 0
vn 1 0 0
vn 0 0 -1
vn 0 -1 0
vn -0.0000946 0 1
vn 0.99999612 0 -0.00278625
vn 0.99999612 0 -0.00278626
vn 0.99999612 0 -0.00278473
vn 0.99999612 0 -0.00278664
vn 0.00288143 0 0.99999585
vn -0.00288823 0 -0.99999583
vn -0.99999585 2.4e-7 0.00287933
vn -0.99999585 0 0.00287972
vn -0.99999585 0 0.00288086
vn -0.99999585 2.4e-7 0.00288048
g Scene
usemtl 0
f 1/1/1 3/2/1 2/3/1
f 1/1/1 4/4/1 3/2/1
f 5/1/1 6/2/1 7/3/1
f 5/1/1 8/4/1 6/2/1
f 9/1/1 10/2/1 11/3/1
f 9/1/1 12/4/1 10/2/1
f 13/1/1 14/2/1 15/3/1
f 13/1/1 16/4/1 14/2/1
f 17/1/1 18/2/1 19/3/1
f 17/1/1 20/4/1 18/2/1
f 21/1/1 22/2/1 23/3/1
f 21/1/1 24/4/1 22/2/1
f 25/1/1 26/2/1 27/3/1
f 25/1/1 28/4/1 26/2/1
f 29/1/1 30/2/1 31/3/1
f 29/1/1 32/4/1 30/2/1
f 33/1/1 34/2/1 35/3/1
f 33/1/1 36/4/1 34/2/1
f 37/1/1 38/2/1 39/3/1
f 37/1/1 40/4/1 38/2/1
f 41/1/1 42/2/1 43/3/1
f 41/1/1 44/4/1 42/2/1
f 45/1/1 46/2/1 47/3/1
f 45/1/1 48/4/1 46/2/1
f 49/5/1 50/6/1 51/7/1
f 49/5/1 52/8/1 50/6/1
f 53/1/1 54/2/1 55/3/1
f 53/1/1 56/4/1 54/2/1
f 57/5/1 58/6/1 59/7/1
f 57/5/1 60/8/1 58/6/1
f 61/1/1 62/2/1 63/3/1
f 61/1/1 64/4/1 62/2/1
f 65/1/1 66/2/1 67/3/1
f 65/1/1 68/4/1 66/2/1
f 69/5/1 70/6/1 71/7/1
f 69/5/1 72/8/1 70/6/1
f 73/5/1 74/6/1 75/7/1
f 73/5/1 76/8/1 74/6/1
f 77/1/1 78/2/1 79/3/1
f 77/1/1 80/4/1 78/2/1
f 81/9/2 82/10/2 83/11/2
f 81/9/2 84/12/2 82/10/2
f 85/1/1 86/2/1 87/3/1
f 85/1/1 88/4/1 86/2/1
f 89/1/1 90/2/1 91/3/1
f 89/1/1 92/4/1 90/2/1
f 93/1/1 94/2/1 95/3/1
f 93/1/1 96/4/1 94/2/1
f 97/9/2 98/10/2 99/11/2
f 97/9/2 100/12/2 98/10/2
f 101/1/1 102/2/1 103/3/1
f 101/1/1 104/4/1 102/2/1
f 105/1/1 106/2/1 107/3/1
f 105/1/1 108/4/1 106/2/1
f 109/1/1 110/2/1 111/3/1
f 109/1/1 112/4/1 110/2/1
f 113/1/1 114/2/1 115/3/1
f 113/1/1 116/4/1 114/2/1
f 117/5/1 118/6/1 119/7/1
f 117/5/1 120/8/1 118/6/1
f 121/1/1 122/2/1 123/3/1
f 121/1/1 124/4/1 122/2/1
f 125/1/1 126/2/1 127/3/1
f 125/1/1 128/4/1 126/2/1
f 129/1/1 130/2/1 131/3/1
f 129/1/1 132/4/1 130/2/1
f 133/1/1 134/2/1 135/3/1
f 133/1/1 136/4/1 134/2/1
f 137/1/1 138/2/1 139/3/1
f 137/1/1 140/4/1 138/2/1
f 141/1/1 142/2/1 143/3/1
f 141/1/1 144/4/1 142/2/1
f 145/1/1 146/2/1 147/3/1
f 145/1/1 148/4/1 146/2/1
f 149/1/1 150/2/1 151/3/1
f 149/1/1 152/4/1 150/2/1
f 153/13/1 154/14/1 155/15/1
f 153/13/1 156/16/1 154/14/1
f 157/13/1 158/14/1 159/15/1
f 157/13/1 160/16/1 158/14/1
f 161/17/3 162/15/3 163/18/3
f 161/17/3 164/14/3 162/15/3
f 165/17/4 166/15/4 167/18/4
f 165/17/4 168/14/4 166/15/4
f 169/17/3 170/15/3 171/18/3
f 169/17/3 172/14/3 170/15/3
f 173/17/4 174/15/4 175/18/4
f 173/17/4 176/14/4 174/15/4
f 177/17/3 178/15/3 179/18/3
f 177/17/3 180/14/3 178/15/3
f 181/17/4 182/15/4 183/18/4
f 181/17/4 184/14/4 182/15/4
f 185/17/3 186/15/3 187/18/3
f 185/17/3 188/14/3 186/15/3
f 189/17/4 190/15/4 191/18/4
f 189/17/4 192/14/4 190/15/4
f 193/17/3 194/15/3 195/18/3
f 193/17/3 196/14/3 194/15/3
f 197/17/4 198/15/4 199/18/4
f 197/17/4 200/14/4 198/15/4
f 201/17/3 202/15/3 203/18/3
f 201/17/3 204/14/3 202/15/3
f 205/17/5 206/15/5 207/18/5
f 205/17/5 208/14/5 206/15/5
f 209/17/4 210/15/4 211/18/4
f 209/17/4 212/14/4 210/15/4
f 213/17/3 214/15/3 215/18/3
f 213/17/3 216/14/3 214/15/3
f 217/17/4 218/15/4 219/18/4
f 217/17/4 220/14/4 218/15/4
f 221/17/3 222/15/3 223/18/3
f 221/17/3 224/14/3 222/15/3
f 225/17/4 226/15/4 227/18/4
f 225/17/4 228/14/4 226/15/4
f 229/17/3 230/15/3 231/18/3
f 229/17/3 232/14/3 230/15/3
f 233/17/4 234/15/4 235/18/4
f 233/17/4 236/14/4 234/15/4
f 237/17/2 238/15/2 239/18/2
f 237/17/2 240/14/2 238/15/2
f 241/13/1 242/14/1 243/15/1
f 241/13/1 244/16/1 242/14/1
f 245/13/1 246/14/1 247/15/1
f 245/13/1 248/16/1 246/14/1
f 249/13/1 250/14/1 251/15/1
f 249/13/1 252/16/1 250/14/1
f 253/13/1 254/14/1 255/15/1
f 253/13/1 256/16/1 254/14/1
f 257/17/2 258/15/2 259/18/2
f 257/17/2 260/14/2 258/15/2
f 261/17/3 262/15/3 263/18/3
f 261/17/3 264/14/3 262/15/3
f 265/17/4 266/15/4 267/18/4
f 265/17/4 268/14/4 266/15/4
f 269/17/3 270/15/3 271/18/3
f 269/17/3 272/14/3 270/15/3
f 273/17/5 274/15/5 275/18/5
f 273/17/5 276/14/5 274/15/5
f 277/17/4 278/15/4 279/18/4
f 277/17/4 280/14/4 278/15/4
f 281/17/3 282/15/3 283/18/3
f 281/17/3 284/14/3 282/15/3
f 285/17/4 286/15/4 287/18/4
f 285/17/4 288/14/4 286/15/4
f 289/17/3 290/15/3 291/18/3
f 289/17/3 292/14/3 290/15/3
f 293/17/5 294/15/5 295/18/5
f 293/17/5 296/14/5 294/15/5
f 297/17/4 298/15/4 299/18/4
f 297/17/4 300/14/4 298/15/4
f 301/17/2 302/15/2 303/18/2
f 301/17/2 304/14/2 302/15/2
f 305/17/3 306/15/3 307/18/3
f 305/17/3 308/14/3 306/15/3
f 309/17/4 310/15/4 311/18/4
f 309/17/4 312/14/4 310/15/4
f 313/13/1 314/14/1 315/15/1
f 313/13/1 316/16/1 314/14/1
f 317/13/1 318/14/1 319/15/1
f 317/13/1 320/16/1 318/14/1
f 321/13/1 322/14/1 323/15/1
f 321/13/1 324/16/1 322/14/1
f 325/13/1 326/14/1 327/15/1
f 325/13/1 328/16/1 326/14/1
f 329/13/1 330/14/1 331/15/1
f 329/13/1 332/16/1 330/14/1
f 333/13/1 334/14/1 335/15/1
f 333/13/1 336/16/1 334/14/1
f 337/13/1 338/14/1 339/15/1
f 337/13/1 340/16/1 338/14/1
f 341/13/1 342/14/1 343/15/1
f 341/13/1 344/16/1 342/14/1
f 345/19/6 346/20/6 347/21/6
f 345/19/6 348/22/6 346/20/6
f 349/19/6 350/20/6 351/21/6
f 349/19/6 352/22/6 350/20/6
f 353/19/6 354/20/6 355/21/6
f 353/19/6 356/22/6 354/20/6
f 357/23/2 358/15/2 359/24/2
f 357/23/2 360/14/2 358/15/2
f 361/23/3 362/15/3 363/24/3
f 361/23/3 364/14/3 362/15/3
f 365/23/4 366/15/4 367/24/4
f 365/23/4 368/14/4 366/15/4
f 369/23/3 370/15/3 371/24/3
f 369/23/3 372/14/3 370/15/3
f 373/23/4 374/15/4 375/24/4
f 373/23/4 376/14/4 374/15/4
f 377/23/3 378/15/3 379/24/3
f 377/23/3 380/14/3 378/15/3
f 381/23/4 382/15/4 383/24/4
f 381/23/4 384/14/4 382/15/4
f 385/23/3 386/15/3 387/24/3
f 385/23/3 388/14/3 386/15/3
f 389/23/4 390/15/4 391/24/4
f 389/23/4 392/14/4 390/15/4
f 393/23/3 394/15/3 395/24/3
f 393/23/3 396/14/3 394/15/3
f 397/23/4 398/15/4 399/24/4
f 397/23/4 400/14/4 398/15/4
f 401/23/3 402/15/3 403/24/3
f 401/23/3 404/14/3 402/15/3
f 405/23/4 406/15/4 407/24/4
f 405/23/4 408/14/4 406/15/4
f 409/23/3 410/15/3 411/24/3
f 409/23/3 412/14/3 410/15/3
f 413/23/4 414/15/4 415/24/4
f 413/23/4 416/14/4 414/15/4
f 417/23/3 418/15/3 419/24/3
f 417/23/3 420/14/3 418/15/3
f 421/23/4 422/15/4 423/24/4
f 421/23/4 424/14/4 422/15/4
f 425/23/3 426/15/3 427/24/3
f 425/23/3 428/14/3 426/15/3
f 429/23/4 430/15/4 431/24/4
f 429/23/4 432/14/4 430/15/4
f 433/23/3 434/15/3 435/24/3
f 433/23/3 436/14/3 434/15/3
f 437/23/5 438/15/5 439/24/5
f 437/23/5 440/14/5 438/15/5
f 441/23/4 442/15/4 443/24/4
f 441/23/4 444/14/4 442/15/4
f 445/23/2 446/15/2 447/24/2
f 445/23/2 448/14/2 446/15/2
f 449/23/3 450/15/3 451/24/3
f 449/23/3 452/14/3 450/15/3
f 453/23/4 454/15/4 455/24/4
f 453/23/4 456/14/4 454/15/4
f 457/23/3 458/15/3 459/24/3
f 457/23/3 460/14/3 458/15/3
f 461/23/5 462/15/5 463/24/5
f 461/23/5 464/14/5 462/15/5
f 465/23/4 466/15/4 467/24/4
f 465/23/4 468/14/4 466/15/4
f 469/23/3 470/15/3 471/24/3
f 469/23/3 472/14/3 470/15/3
f 473/23/5 474/15/5 475/24/5
f 473/23/5 476/14/5 474/15/5
f 477/23/4 478/15/4 479/24/4
f 477/23/4 480/14/4 478/15/4
f 481/23/2 482/15/2 483/24/2
f 481/23/2 484/14/2 482/15/2
f 485/23/3 486/15/3 487/24/3
f 485/23/3 488/14/3 486/15/3
f 489/23/4 490/15/4 491/24/4
f 489/23/4 492/14/4 490/15/4
f 493/17/2 494/15/2 495/18/2
f 493/17/2 496/14/2 494/15/2
f 497/13/1 498/14/1 499/15/1
f 497/13/1 500/16/1 498/14/1
f 501/17/3 502/15/3 503/18/3
f 501/17/3 504/14/3 502/15/3
f 505/17/5 506/15/5 507/18/5
f 505/17/5 508/14/5 506/15/5
f 509/17/4 510/15/4 511/18/4
f 509/17/4 512/14/4 510/15/4
f 513/25/1 514/26/1 515/27/1
f 513/25/1 516/28/1 514/26/1
f 517/25/1 518/26/1 519/27/1
f 517/25/1 520/28/1 518/26/1
f 521/25/1 522/26/1 523/27/1
f 521/25/1 524/28/1 522/26/1
f 525/25/1 526/26/1 527/27/1
f 525/25/1 528/28/1 526/26/1
f 529/25/1 530/26/1 531/27/1
f 529/25/1 532/28/1 530/26/1
f 533/25/1 534/26/1 535/27/1
f 533/25/1 536/28/1 534/26/1
f 537/25/1 538/26/1 539/27/1
f 537/25/1 540/28/1 538/26/1
f 541/25/1 542/26/1 543/27/1
f 541/25/1 544/28/1 542/26/1
f 545/25/1 546/26/1 547/27/1
f 545/25/1 548/28/1 546/26/1
f 549/25/1 550/26/1 551/27/1
f 549/25/1 552/28/1 550/26/1
f 553/25/1 554/26/1 555/27/1
f 553/25/1 556/28/1 554/26/1
f 557/25/1 558/26/1 559/27/1
f 557/25/1 560/28/1 558/26/1
f 561/25/1 562/26/1 563/27/1
f 561/25/1 564/28/1 562/26/1
f 565/25/1 566/26/1 567/27/1
f 565/25/1 568/28/1 566/26/1
f 569/25/1 570/26/1 571/27/1
f 569/25/1 572/28/1 570/26/1
f 573/25/1 574/26/1 575/27/1
f 573/25/1 576/28/1 574/26/1
f 577/25/1 578/26/1 579/27/1
f 577/25/1 580/28/1 578/26/1
f 581/25/1 582/26/1 583/27/1
f 581/25/1 584/28/1 582/26/1
f 585/25/1 586/26/1 587/27/1
f 585/25/1 588/28/1 586/26/1
f 589/25/1 590/26/1 591/27/1
f 589/25/1 592/28/1 590/26/1
f 593/25/1 594/26/1 595/27/1
f 593/25/1 596/28/1 594/26/1
f 597/25/1 598/26/1 599/27/1
f 597/25/1 600/28/1 598/26/1
f 601/25/1 602/26/1 603/27/1
f 601/25/1 604/28/1 602/26/1
f 605/25/1 606/26/1 607/27/1
f 605/25/1 608/28/1 606/26/1
f 609/25/1 610/26/1 611/27/1
f 609/25/1 612/28/1 610/26/1
f 613/25/1 614/26/1 615/27/1
f 613/25/1 616/28/1 614/26/1
f 617/25/1 618/26/1 619/27/1
f 617/25/1 620/28/1 618/26/1
f 621/25/1 622/26/1 623/27/1
f 621/25/1 624/28/1 622/26/1
f 625/25/1 626/26/1 627/27/1
f 625/25/1 628/28/1 626/26/1
f 629/25/1 630/26/1 631/27/1
f 629/25/1 632/28/1 630/26/1
f 633/25/1 634/26/1 635/27/1
f 633/25/1 636/28/1 634/26/1
f 637/25/1 638/26/1 639/27/1
f 637/25/1 640/28/1 638/26/1
f 641/25/1 642/26/1 643/27/1
f 641/25/1 644/28/1 642/26/1
f 645/25/1 646/26/1 647/27/1
f 645/25/1 648/28/1 646/26/1
f 649/25/1 650/26/1 651/27/1
f 649/25/1 652/28/1 650/26/1
f 653/25/1 654/26/1 655/27/1
f 653/25/1 656/28/1 654/26/1
f 657/25/1 658/26/1 659/27/1
f 657/25/1 660/28/1 658/26/1
f 661/25/1 662/26/1 663/27/1
f 661/25/1 664/28/1 662/26/1
f 665/25/1 666/26/1 667/27/1
f 665/25/1 668/28/1 666/26/1
f 669/25/1 670/26/1 671/27/1
f 669/25/1 672/28/1 670/26/1
f 673/25/1 674/26/1 675/27/1
f 673/25/1 676/28/1 674/26/1
f 677/25/1 678/26/1 679/27/1
f 677/25/1 680/28/1 678/26/1
f 681/25/1 682/26/1 683/27/1
f 681/25/1 684/28/1 682/26/1
f 685/25/1 686/26/1 687/27/1
f 685/25/1 688/28/1 686/26/1
f 689/25/1 690/26/1 691/27/1
f 689/25/1 692/28/1 690/26/1
f 693/25/1 694/26/1 695/27/1
f 693/25/1 696/28/1 694/26/1
f 697/25/1 698/26/1 699/27/1
f 697/25/1 700/28/1 698/26/1
f 701/25/1 702/26/1 703/27/1
f 701/25/1 704/28/1 702/26/1
f 705/25/1 706/26/1 707/27/1
f 705/25/1 708/28/1 706/26/1
f 709/25/1 710/26/1 711/27/1
f 709/25/1 712/28/1 710/26/1
f 713/25/1 714/26/1 715/27/1
f 713/25/1 716/28/1 714/26/1
f 717/25/1 718/26/1 719/27/1
f 717/25/1 720/28/1 718/26/1
f 721/25/1 722/26/1 723/27/1
f 721/25/1 724/28/1 722/26/1
f 725/25/1 726/26/1 727/27/1
f 725/25/1 728/28/1 726/26/1
f 729/25/1 730/26/1 731/27/1
f 729/25/1 732/28/1 730/26/1
f 733/25/1 734/26/1 735/27/1
f 733/25/1 736/28/1 734/26/1
f 737/25/1 738/26/1 739/27/1
f 737/25/1 740/28/1 738/26/1
f 741/25/1 742/26/1 743/27/1
f 741/25/1 744/28/1 742/26/1
f 745/25/1 746/26/1 747/27/1
f 745/25/1 748/28/1 746/26/1
f 749/25/1 750/26/1 751/27/1
f 749/25/1 752/28/1 750/26/1
f 753/25/1 754/26/1 755/27/1
f 753/25/1 756/28/1 754/26/1
f 757/25/1 758/26/1 759/27/1
f 757/25/1 760/28/1 758/26/1
f 761/25/1 762/26/1 763/27/1
f 761/25/1 764/28/1 762/26/1
f 765/25/1 766/26/1 767/27/1
f 765/25/1 768/28/1 766/26/1
f 769/25/1 770/26/1 771/27/1
f 769/25/1 772/28/1 770/26/1
f 773/25/1 774/26/1 775/27/1
f 773/25/1 776/28/1 774/26/1
f 777/25/1 778/26/1 779/27/1
f 777/25/1 780/28/1 778/26/1
f 781/25/1 782/26/1 783/27/1
f 781/25/1 784/28/1 782/26/1
f 785/25/1 786/26/1 787/27/1
f 785/25/1 788/28/1 786/26/1
f 789/25/1 790/26/1 791/27/1
f 789/25/1 792/28/1 790/26/1
f 793/25/1 794/26/1 795/27/1
f 793/25/1 796/28/1 794/26/1
f 797/25/1 798/26/1 799/27/1
f 797/25/1 800/28/1 798/26/1
f 801/25/1 802/26/1 803/27/1
f 801/25/1 804/28/1 802/26/1
f 805/25/1 806/26/1 807/27/1
f 805/25/1 808/28/1 806/26/1
f 809/25/1 810/26/1 811/27/1
f 809/25/1 812/28/1 810/26/1
f 813/25/1 814/26/1 815/27/1
f 813/25/1 816/28/1 814/26/1
f 817/25/1 818/26/1 819/27/1
f 817/25/1 820/28/1 818/26/1
f 821/25/1 822/26/1 823/27/1
f 821/25/1 824/28/1 822/26/1
f 825/25/1 826/26/1 827/27/1
f 825/25/1 828/28/1 826/26/1
f 829/25/1 830/26/1 831/27/1
f 829/25/1 832/28/1 830/26/1
f 833/25/1 834/26/1 835/27/1
f 833/25/1 836/28/1 834/26/1
f 837/25/1 838/26/1 839/27/1
f 837/25/1 840/28/1 838/26/1
f 841/25/1 842/26/1 843/27/1
f 841/25/1 844/28/1 842/26/1
f 845/25/1 846/26/1 847/27/1
f 845/25/1 848/28/1 846/26/1
f 849/25/1 850/26/1 851/27/1
f 849/25/1 852/28/1 850/26/1
f 853/25/1 854/26/1 855/27/1
f 853/25/1 856/28/1 854/26/1
f 857/25/1 858/26/1 859/27/1
f 857/25/1 860/28/1 858/26/1
f 861/25/1 862/26/1 863/27/1
f 861/25/1 864/28/1 862/26/1
f 865/25/1 866/26/1 867/27/1
f 865/25/1 868/28/1 866/26/1
f 869/25/1 870/26/1 871/27/1
f 869/25/1 872/28/1 870/26/1
f 873/25/1 874/26/1 875/27/1
f 873/25/1 876/28/1 874/26/1
f 877/25/1 878/26/1 879/27/1
f 877/25/1 880/28/1 878/26/1
f 881/25/1 882/26/1 883/27/1
f 881/25/1 884/28/1 882/26/1
f 885/25/1 886/26/1 887/27/1
f 885/25/1 888/28/1 886/26/1
f 889/25/1 890/26/1 891/27/1
f 889/25/1 892/28/1 890/26/1
f 893/25/1 894/26/1 895/27/1
f 893/25/1 896/28/1 894/26/1
f 897/25/1 898/26/1 899/27/1
f 897/25/1 900/28/1 898/26/1
f 901/25/1 902/26/1 903/27/1
f 901/25/1 904/28/1 902/26/1
f 905/25/1 906/26/1 907/27/1
f 905/25/1 908/28/1 906/26/1
f 909/25/1 910/26/1 911/27/1
f 909/25/1 912/28/1 910/26/1
f 913/25/1 914/26/1 915/27/1
f 913/25/1 916/28/1 914/26/1
f 917/25/1 918/26/1 919/27/1
f 917/25/1 920/28/1 918/26/1
f 921/25/1 922/26/1 923/27/1
f 921/25/1 924/28/1 922/26/1
f 925/25/1 926/26/1 927/27/1
f 925/25/1 928/28/1 926/26/1
f 929/25/1 930/26/1 931/27/1
f 929/25/1 932/28/1 930/26/1
f 933/25/1 934/26/1 935/27/1
f 933/25/1 936/28/1 934/26/1
f 937/25/1 938/26/1 939/27/1
f 937/25/1 940/28/1 938/26/1
f 941/25/1 942/26/1 943/27/1
f 941/25/1 944/28/1 942/26/1
f 945/25/1 946/26/1 947/27/1
f 945/25/1 948/28/1 946/26/1
f 949/25/1 950/26/1 951/27/1
f 949/25/1 952/28/1 950/26/1
f 953/25/1 954/26/1 955/27/1
f 953/25/1 956/28/1 954/26/1
f 957/25/1 958/26/1 959/27/1
f 957/25/1 960/28/1 958/26/1
f 961/25/1 962/26/1 963/27/1
f 961/25/1 964/28/1 962/26/1
f 965/25/1 966/26/1 967/27/1
f 965/25/1 968/28/1 966/26/1
f 969/25/1 970/26/1 971/27/1
f 969/25/1 972/28/1 970/26/1
f 973/25/1 974/26/1 975/27/1
f 973/25/1 976/28/1 974/26/1
f 977/25/1 978/26/1 979/27/1
f 977/25/1 980/28/1 978/26/1
f 981/25/1 982/26/1 983/27/1
f 981/25/1 984/28/1 982/26/1
f 985/25/1 986/26/1 987/27/1
f 985/25/1 988/28/1 986/26/1
f 989/25/1 990/26/1 991/27/1
f 989/25/1 992/28/1 990/26/1
f 993/25/1 994/26/1 995/27/1
f 993/25/1 996/28/1 994/26/1
f 997/25/1 998/26/1 999/27/1
f 997/25/1 1000/28/1 998/26/1
f 1001/25/1 1002/26/1 1003/27/1
f 1001/25/1 1004/28/1 1002/26/1
f 1005/25/1 1006/26/1 1007/27/1
f 1005/25/1 1008/28/1 1006/26/1
f 1009/25/1 1010/26/1 1011/27/1
f 1009/25/1 1012/28/1 1010/26/1
f 1013/25/1 1014/26/1 1015/27/1
f 1013/25/1 1016/28/1 1014/26/1
f 1017/25/1 1018/26/1 1019/27/1
f 1017/25/1 1020/28/1 1018/26/1
f 1021/25/1 1022/26/1 1023/27/1
f 1021/25/1 1024/28/1 1022/26/1
f 1025/25/1 1026/26/1 1027/27/1
f 1025/25/1 1028/28/1 1026/26/1
f 1029/25/1 1030/26/1 1031/27/1
f 1029/25/1 1032/28/1 1030/26/1
f 1033/25/1 1034/26/1 1035/27/1
f 1033/25/1 1036/28/1 1034/26/1
f 1037/25/1 1038/26/1 1039/27/1
f 1037/25/1 1040/28/1 1038/26/1
f 1041/25/1 1042/26/1 1043/27/1
f 1041/25/1 1044/28/1 1042/26/1
f 1045/25/1 1046/26/1 1047/27/1
f 1045/25/1 1048/28/1 1046/26/1
f 1049/25/1 1050/26/1 1051/27/1
f 1049/25/1 1052/28/1 1050/26/1
f 1053/25/1 1054/26/1 1055/27/1
f 1053/25/1 1056/28/1 1054/26/1
f 1057/25/1 1058/26/1 1059/27/1
f 1057/25/1 1060/28/1 1058/26/1
f 1061/25/1 1062/26/1 1063/27/1
f 1061/25/1 1064/28/1 1062/26/1
f 1065/25/1 1066/26/1 1067/27/1
f 1065/25/1 1068/28/1 1066/26/1
f 1069/25/1 1070/26/1 1071/27/1
f 1069/25/1 1072/28/1 1070/26/1
f 1073/25/1 1074/26/1 1075/27/1
f 1073/25/1 1076/28/1 1074/26/1
f 1077/25/1 1078/26/1 1079/27/1
f 1077/25/1 1080/28/1 1078/26/1
f 1081/25/1 1082/26/1 1083/27/1
f 1081/25/1 1084/28/1 1082/26/1
f 1085/25/1 1086/26/1 1087/27/1
f 1085/25/1 1088/28/1 1086/26/1
f 1089/25/1 1090/26/1 1091/27/1
f 1089/25/1 1092/28/1 1090/26/1
f 1093/25/1 1094/26/1 1095/27/1
f 1093/25/1 1096/28/1 1094/26/1
f 1097/25/1 1098/26/1 1099/27/1
f 1097/25/1 1100/28/1 1098/26/1
f 1101/25/1 1102/26/1 1103/27/1
f 1101/25/1 1104/28/1 1102/26/1
f 1105/25/1 1106/26/1 1107/27/1
f 1105/25/1 1108/28/1 1106/26/1
f 1109/25/1 1110/26/1 1111/27/1
f 1109/25/1 1112/28/1 1110/26/1
f 1113/25/1 1114/26/1 1115/27/1
f 1113/25/1 1116/28/1 1114/26/1
f 1117/25/1 1118/26/1 1119/27/1
f 1117/25/1 1120/28/1 1118/26/1
f 1121/25/1 1122/26/1 1123/27/1
f 1121/25/1 1124/28/1 1122/26/1
f 1125/25/1 1126/26/1 1127/27/1
f 1125/25/1 1128/28/1 1126/26/1
f 1129/25/1 1130/26/1 1131/27/1
f 1129/25/1 1132/28/1 1130/26/1
f 1133/25/1 1134/26/1 1135/27/1
f 1133/25/1 1136/28/1 1134/26/1
f 1137/25/1 1138/26/1 1139/27/1
f 1137/25/1 1140/28/1 1138/26/1
f 1141/25/1 1142/26/1 1143/27/1
f 1141/25/1 1144/28/1 1142/26/1
f 1145/25/1 1146/26/1 1147/27/1
f 1145/25/1 1148/28/1 1146/26/1
f 1149/25/1 1150/26/1 1151/27/1
f 1149/25/1 1152/28/1 1150/26/1
f 1153/25/1 1154/26/1 1155/27/1
f 1153/25/1 1156/28/1 1154/26/1
f 1157/25/1 1158/26/1 1159/27/1
f 1157/25/1 1160/28/1 1158/26/1
f 1161/25/1 1162/26/1 1163/27/1
f 1161/25/1 1164/28/1 1162/26/1
f 1165/25/1 1166/26/1 1167/27/1
f 1165/25/1 1168/28/1 1166/26/1
f 1169/25/1 1170/26/1 1171/27/1
f 1169/25/1 1172/28/1 1170/26/1
f 1173/25/1 1174/26/1 1175/27/1
f 1173/25/1 1176/28/1 1174/26/1
f 1177/25/1 1178/26/1 1179/27/1
f 1177/25/1 1180/28/1 1178/26/1
f 1181/25/1 1182/26/1 1183/27/1
f 1181/25/1 1184/28/1 1182/26/1
f 1185/25/1 1186/26/1 1187/27/1
f 1185/25/1 1188/28/1 1186/26/1
f 1189/25/1 1190/26/1 1191/27/1
f 1189/25/1 1192/28/1 1190/26/1
f 1193/25/1 1194/26/1 1195/27/1
f 1193/25/1 1196/28/1 1194/26/1
f 1197/25/1 1198/26/1 1199/27/1
f 1197/25/1 1200/28/1 1198/26/1
f 1201/25/1 1202/26/1 1203/27/1
f 1201/25/1 1204/28/1 1202/26/1
f 1205/25/1 1206/26/1 1207/27/1
f 1205/25/1 1208/28/1 1206/26/1
f 1209/25/1 1210/26/1 1211/27/1
f 1209/25/1 1212/28/1 1210/26/1
f 1213/25/1 1214/26/1 1215/27/1
f 1213/25/1 1216/28/1 1214/26/1
f 1217/25/1 1218/26/1 1219/27/1
f 1217/25/1 1220/28/1 1218/26/1
f 1221/25/1 1222/26/1 1223/27/1
f 1221/25/1 1224/28/1 1222/26/1
f 1225/25/1 1226/26/1 1227/27/1
f 1225/25/1 1228/28/1 1226/26/1
f 1229/25/1 1230/26/1 1231/27/1
f 1229/25/1 1232/28/1 1230/26/1
f 1233/25/1 1234/26/1 1235/27/1
f 1233/25/1 1236/28/1 1234/26/1
f 1237/25/1 1238/26/1 1239/27/1
f 1237/25/1 1240/28/1 1238/26/1
f 1241/25/1 1242/26/1 1243/27/1
f 1241/25/1 1244/28/1 1242/26/1
f 1245/25/1 1246/26/1 1247/27/1
f 1245/25/1 1248/28/1 1246/26/1
f 1249/25/1 1250/26/1 1251/27/1
f 1249/25/1 1252/28/1 1250/26/1
f 1253/25/1 1254/26/1 1255/27/1
f 1253/25/1 1256/28/1 1254/26/1
f 1257/25/1 1258/26/1 1259/27/1
f 1257/25/1 1260/28/1 1258/26/1
f 1261/25/1 1262/26/1 1263/27/1
f 1261/25/1 1264/28/1 1262/26/1
f 1265/25/1 1266/26/1 1267/27/1
f 1265/25/1 1268/28/1 1266/26/1
f 1269/25/1 1270/26/1 1271/27/1
f 1269/25/1 1272/28/1 1270/26/1
f 1273/25/1 1274/26/1 1275/27/1
f 1273/25/1 1276/28/1 1274/26/1
f 1277/25/1 1278/26/1 1279/27/1
f 1277/25/1 1280/28/1 1278/26/1
f 1281/25/1 1282/26/1 1283/27/1
f 1281/25/1 1284/28/1 1282/26/1
f 1285/25/1 1286/26/1 1287/27/1
f 1285/25/1 1288/28/1 1286/26/1
f 1289/25/1 1290/26/1 1291/27/1
f 1289/25/1 1292/28/1 1290/26/1
f 1293/25/1 1294/26/1 1295/27/1
f 1293/25/1 1296/28/1 1294/26/1
f 1297/25/1 1298/26/1 1299/27/1
f 1297/25/1 1300/28/1 1298/26/1
f 1301/25/1 1302/26/1 1303/27/1
f 1301/25/1 1304/28/1 1302/26/1
f 1305/25/1 1306/26/1 1307/27/1
f 1305/25/1 1308/28/1 1306/26/1
f 1309/25/1 1310/26/1 1311/27/1
f 1309/25/1 1312/28/1 1310/26/1
f 1313/25/1 1314/26/1 1315/27/1
f 1313/25/1 1316/28/1 1314/26/1
f 1317/25/1 1318/26/1 1319/27/1
f 1317/25/1 1320/28/1 1318/26/1
f 1321/25/1 1322/26/1 1323/27/1
f 1321/25/1 1324/28/1 1322/26/1
f 1325/25/1 1326/26/1 1327/27/1
f 1325/25/1 1328/28/1 1326/26/1
f 1329/25/1 1330/26/1 1331/27/1
f 1329/25/1 1332/28/1 1330/26/1
f 1333/25/1 1334/26/1 1335/27/1
f 1333/25/1 1336/28/1 1334/26/1
f 1337/25/1 1338/26/1 1339/27/1
f 1337/25/1 1340/28/1 1338/26/1
f 1341/25/1 1342/26/1 1343/27/1
f 1341/25/1 1344/28/1 1342/26/1
f 1345/25/1 1346/26/1 1347/27/1
f 1345/25/1 1348/28/1 1346/26/1
f 1349/25/1 1350/26/1 1351/27/1
f 1349/25/1 1352/28/1 1350/26/1
f 1353/25/1 1354/26/1 1355/27/1
f 1353/25/1 1356/28/1 1354/26/1
f 1357/25/1 1358/26/1 1359/27/1
f 1357/25/1 1360/28/1 1358/26/1
f 1361/25/1 1362/26/1 1363/27/1
f 1361/25/1 1364/28/1 1362/26/1
f 1365/25/1 1366/26/1 1367/27/1
f 1365/25/1 1368/28/1 1366/26/1
f 1369/25/1 1370/26/1 1371/27/1
f 1369/25/1 1372/28/1 1370/26/1
f 1373/25/1 1374/26/1 1375/27/1
f 1373/25/1 1376/28/1 1374/26/1
f 1377/25/1 1378/26/1 1379/27/1
f 1377/25/1 1380/28/1 1378/26/1
f 1381/25/1 1382/26/1 1383/27/1
f 1381/25/1 1384/28/1 1382/26/1
f 1385/25/1 1386/26/1 1387/27/1
f 1385/25/1 1388/28/1 1386/26/1
f 1389/25/1 1390/26/1 1391/27/1
f 1389/25/1 1392/28/1 1390/26/1
f 1393/25/1 1394/26/1 1395/27/1
f 1393/25/1 1396/28/1 1394/26/1
f 1397/25/1 1398/26/1 1399/27/1
f 1397/25/1 1400/28/1 1398/26/1
f 1401/25/1 1402/26/1 1403/27/1
f 1401/25/1 1404/28/1 1402/26/1
f 1405/25/1 1406/26/1 1407/27/1
f 1405/25/1 1408/28/1 1406/26/1
f 1409/25/1 1410/26/1 1411/27/1
f 1409/25/1 1412/28/1 1410/26/1
f 1413/25/1 1414/26/1 1415/27/1
f 1413/25/1 1416/28/1 1414/26/1
f 1417/25/1 1418/26/1 1419/27/1
f 1417/25/1 1420/28/1 1418/26/1
f 1421/25/1 1422/26/1 1423/27/1
f 1421/25/1 1424/28/1 1422/26/1
f 1425/25/1 1426/26/1 1427/27/1
f 1425/25/1 1428/28/1 1426/26/1
f 1429/25/1 1430/26/1 1431/27/1
f 1429/25/1 1432/28/1 1430/26/1
f 1433/25/1 1434/26/1 1435/27/1
f 1433/25/1 1436/28/1 1434/26/1
f 1437/25/1 1438/26/1 1439/27/1
f 1437/25/1 1440/28/1 1438/26/1
f 1441/25/1 1442/26/1 1443/27/1
f 1441/25/1 1444/28/1 1442/26/1
f 1445/25/1 1446/26/1 1447/27/1
f 1445/25/1 1448/28/1 1446/26/1
f 1449/25/1 1450/26/1 1451/27/1
f 1449/25/1 1452/28/1 1450/26/1
f 1453/25/1 1454/26/1 1455/27/1
f 1453/25/1 1456/28/1 1454/26/1
f 1457/25/1 1458/26/1 1459/27/1
f 1457/25/1 1460/28/1 1458/26/1
f 1461/25/1 1462/26/1 1463/27/1
f 1461/25/1 1464/28/1 1462/26/1
f 1465/25/1 1466/26/1 1467/27/1
f 1465/25/1 1468/28/1 1466/26/1
f 1469/25/1 1470/26/1 1471/27/1
f 1469/25/1 1472/28/1 1470/26/1
f 1473/25/1 1474/26/1 1475/27/1
f 1473/25/1 1476/28/1 1474/26/1
f 1477/25/1 1478/26/1 1479/27/1
f 1477/25/1 1480/28/1 1478/26/1
f 1481/25/1 1482/26/1 1483/27/1
f 1481/25/1 1484/28/1 1482/26/1
f 1485/25/1 1486/26/1 1487/27/1
f 1485/25/1 1488/28/1 1486/26/1
f 1489/25/1 1490/26/1 1491/27/1
f 1489/25/1 1492/28/1 1490/26/1
f 1493/25/1 1494/26/1 1495/27/1
f 1493/25/1 1496/28/1 1494/26/1
f 1497/25/1 1498/26/1 1499/27/1
f 1497/25/1 1500/28/1 1498/26/1
f 1501/25/1 1502/26/1 1503/27/1
f 1501/25/1 1504/28/1 1502/26/1
f 1505/25/1 1506/26/1 1507/27/1
f 1505/25/1 1508/28/1 1506/26/1
f 1509/25/1 1510/26/1 1511/27/1
f 1509/25/1 1512/28/1 1510/26/1
f 1513/25/1 1514/26/1 1515/27/1
f 1513/25/1 1516/28/1 1514/26/1
f 1517/25/1 1518/26/1 1519/27/1
f 1517/25/1 1520/28/1 1518/26/1
f 1521/25/1 1522/26/1 1523/27/1
f 1521/25/1 1524/28/1 1522/26/1
f 1525/25/1 1526/26/1 1527/27/1
f 1525/25/1 1528/28/1 1526/26/1
f 1529/25/1 1530/26/1 1531/27/1
f 1529/25/1 1532/28/1 1530/26/1
f 1533/25/1 1534/26/1 1535/27/1
f 1533/25/1 1536/28/1 1534/26/1
f 1537/25/1 1538/26/1 1539/27/1
f 1537/25/1 1540/28/1 1538/26/1
f 1541/25/1 1542/26/1 1543/27/1
f 1541/25/1 1544/28/1 1542/26/1
f 1545/25/1 1546/26/1 1547/27/1
f 1545/25/1 1548/28/1 1546/26/1
f 1549/25/1 1550/26/1 1551/27/1
f 1549/25/1 1552/28/1 1550/26/1
f 1553/25/1 1554/26/1 1555/27/1
f 1553/25/1 1556/28/1 1554/26/1
f 1557/25/1 1558/26/1 1559/27/1
f 1557/25/1 1560/28/1 1558/26/1
f 1561/25/1 1562/26/1 1563/27/1
f 1561/25/1 1564/28/1 1562/26/1
f 1565/25/1 1566/26/1 1567/27/1
f 1565/25/1 1568/28/1 1566/26/1
f 1569/25/1 1570/26/1 1571/27/1
f 1569/25/1 1572/28/1 1570/26/1
f 1573/25/1 1574/26/1 1575/27/1
f 1573/25/1 1576/28/1 1574/26/1
f 1577/25/1 1578/26/1 1579/27/1
f 1577/25/1 1580/28/1 1578/26/1
f 1581/25/1 1582/26/1 1583/27/1
f 1581/25/1 1584/28/1 1582/26/1
f 1585/25/1 1586/26/1 1587/27/1
f 1585/25/1 1588/28/1 1586/26/1
f 1589/25/1 1590/26/1 1591/27/1
f 1589/25/1 1592/28/1 1590/26/1
f 1593/25/1 1594/26/1 1595/27/1
f 1593/25/1 1596/28/1 1594/26/1
f 1597/25/1 1598/26/1 1599/27/1
f 1597/25/1 1600/28/1 1598/26/1
f 1601/25/1 1602/26/1 1603/27/1
f 1601/25/1 1604/28/1 1602/26/1
f 1605/25/1 1606/26/1 1607/27/1
f 1605/25/1 1608/28/1 1606/26/1
f 1609/25/1 1610/26/1 1611/27/1
f 1609/25/1 1612/28/1 1610/26/1
f 1613/25/1 1614/26/1 1615/27/1
f 1613/25/1 1616/28/1 1614/26/1
f 1617/25/1 1618/26/1 1619/27/1
f 1617/25/1 1620/28/1 1618/26/1
f 1621/25/1 1622/26/1 1623/27/1
f 1621/25/1 1624/28/1 1622/26/1
f 1625/25/1 1626/26/1 1627/27/1
f 1625/25/1 1628/28/1 1626/26/1
f 1629/25/1 1630/26/1 1631/27/1
f 1629/25/1 1632/28/1 1630/26/1
f 1633/25/1 1634/26/1 1635/27/1
f 1633/25/1 1636/28/1 1634/26/1
f 1637/25/1 1638/26/1 1639/27/1
f 1637/25/1 1640/28/1 1638/26/1
f 1641/25/1 1642/26/1 1643/27/1
f 1641/25/1 1644/28/1 1642/26/1
f 1645/25/1 1646/26/1 1647/27/1
f 1645/25/1 1648/28/1 1646/26/1
f 1649/25/1 1650/26/1 1651/27/1
f 1649/25/1 1652/28/1 1650/26/1
f 1653/25/1 1654/26/1 1655/27/1
f 1653/25/1 1656/28/1 1654/26/1
f 1657/25/1 1658/26/1 1659/27/1
f 1657/25/1 1660/28/1 1658/26/1
f 1661/25/1 1662/26/1 1663/27/1
f 1661/25/1 1664/28/1 1662/26/1
f 1665/8/1 1666/29/1 1667/30/1
f 1665/8/1 1668/31/1 1666/29/1
f 1669/5/1 1670/32/1 1671/33/1
f 1669/5/1 1672/34/1 1670/32/1
f 1673/5/1 1674/32/1 1675/33/1
f 1673/5/1 1676/34/1 1674/32/1
f 1677/35/1 1678/30/1 1679/36/1
f 1677/35/1 1680/8/1 1678/30/1
f 1681/33/1 1682/37/1 1683/38/1
f 1681/33/1 1684/32/1 1682/37/1
f 1685/33/1 1686/37/1 1687/38/1
f 1685/33/1 1688/32/1 1686/37/1
f 1689/33/1 1690/37/1 1691/38/1
f 1689/33/1 1692/32/1 1690/37/1
f 1693/33/1 1694/37/1 1695/38/1
f 1693/33/1 1696/32/1 1694/37/1
f 1697/33/1 1698/37/1 1699/38/1
f 1697/33/1 1700/32/1 1698/37/1
f 1701/33/1 1702/37/1 1703/38/1
f 1701/33/1 1704/32/1 1702/37/1
f 1705/33/1 1706/37/1 1707/38/1
f 1705/33/1 1708/32/1 1706/37/1
f 1709/33/1 1710/37/1 1711/38/1
f 1709/33/1 1712/32/1 1710/37/1
f 1713/33/1 1714/37/1 1715/38/1
f 1713/33/1 1716/32/1 1714/37/1
f 1717/33/1 1718/37/1 1719/38/1
f 1717/33/1 1720/32/1 1718/37/1
f 1721/33/1 1722/37/1 1723/38/1
f 1721/33/1 1724/32/1 1722/37/1
f 1725/33/1 1726/37/1 1727/38/1
f 1725/33/1 1728/32/1 1726/37/1
f 1729/33/1 1730/37/1 1731/38/1
f 1729/33/1 1732/32/1 1730/37/1
f 1733/30/1 1734/28/1 1735/25/1
f 1733/30/1 1736/29/1 1734/28/1
f 1737/30/1 1738/28/1 1739/25/1
f 1737/30/1 1740/29/1 1738/28/1
f 1741/30/1 1742/28/1 1743/25/1
f 1741/30/1 1744/29/1 1742/28/1
f 1745/30/1 1746/28/1 1747/25/1
f 1745/30/1 1748/29/1 1746/28/1
f 1749/30/1 1750/28/1 1751/25/1
f 1749/30/1 1752/29/1 1750/28/1
f 1753/30/1 1754/28/1 1755/25/1
f 1753/30/1 1756/29/1 1754/28/1
f 1757/30/1 1758/28/1 1759/25/1
f 1757/30/1 1760/29/1 1758/28/1
f 1761/33/1 1762/37/1 1763/38/1
f 1761/33/1 1764/32/1 1762/37/1
f 1765/36/1 1766/25/1 1767/39/1
f 1765/36/1 1768/30/1 1766/25/1
f 1769/36/1 1770/25/1 1771/39/1
f 1769/36/1 1772/30/1 1770/25/1
f 1773/36/1 1774/25/1 1775/39/1
f 1773/36/1 1776/30/1 1774/25/1
f 1777/36/1 1778/25/1 1779/39/1
f 1777/36/1 1780/30/1 1778/25/1
f 1781/36/1 1782/25/1 1783/39/1
f 1781/36/1 1784/30/1 1782/25/1
f 1785/36/1 1786/25/1 1787/39/1
f 1785/36/1 1788/30/1 1786/25/1
f 1789/36/1 1790/25/1 1791/39/1
f 1789/36/1 1792/30/1 1790/25/1
f 1793/13/1 1794/14/1 1795/15/1
f 1793/13/1 1796/16/1 1794/14/1
f 1797/13/1 1798/14/1 1799/15/1
f 1797/13/1 1800/16/1 1798/14/1
f 1801/13/1 1802/14/1 1803/15/1
f 1801/13/1 1804/16/1 1802/14/1
f 1805/13/1 1806/14/1 1807/15/1
f 1805/13/1 1808/16/1 1806/14/1
f 1809/17/5 1810/15/5 1811/18/5
f 1809/17/5 1812/14/5 1810/15/5
f 1813/17/4 1814/15/4 1815/18/4
f 1813/17/4 1816/14/4 1814/15/4
f 1817/17/2 1818/15/2 1819/18/2
f 1817/17/2 1820/14/2 1818/15/2
f 1821/17/5 1822/15/5 1823/18/5
f 1821/17/5 1824/14/5 1822/15/5
f 1825/17/2 1826/15/2 1827/18/2
f 1825/17/2 1828/14/2 1826/15/2
f 1829/17/5 1830/15/5 1831/18/5
f 1829/17/5 1832/14/5 1830/15/5
f 1833/17/2 1834/15/2 1835/18/2
f 1833/17/2 1836/14/2 1834/15/2
f 1837/17/3 1838/15/3 1839/18/3
f 1837/17/3 1840/14/3 1838/15/3
f 1841/17/5 1842/15/5 1843/18/5
f 1841/17/5 1844/14/5 1842/15/5
f 1845/17/2 1846/15/2 1847/18/2
f 1845/17/2 1848/14/2 1846/15/2
f 1849/40/7 1850/41/7 1851/42/7
f 1849/40/7 1852/26/7 1850/41/7
f 1853/40/7 1854/41/7 1855/42/7
f 1853/40/7 1856/26/7 1854/41/7
f 1857/40/7 1858/41/7 1859/42/7
f 1857/40/7 1860/26/7 1858/41/7
f 1861/40/7 1862/41/7 1863/42/7
f 1861/40/7 1864/26/7 1862/41/7
f 1865/19/1 1866/20/1 1867/21/1
f 1865/19/1 1868/22/1 1866/20/1
f 1869/19/1 1870/20/1 1871/21/1
f 1869/19/1 1872/22/1 1870/20/1
f 1873/19/3 1874/20/3 1875/21/3
f 1873/19/3 1876/22/3 1874/20/3
f 1877/19/1 1878/20/1 1879/21/1
f 1877/19/1 1880/22/1 1878/20/1
f 1881/19/6 1882/20/6 1883/21/6
f 1881/19/6 1884/22/6 1882/20/6
f 1885/19/1 1886/20/1 1887/21/1
f 1885/19/1 1888/22/1 1886/20/1
f 1889/19/4 1890/20/4 1891/21/4
f 1889/19/4 1892/22/4 1890/20/4
f 1893/40/5 1894/41/5 1895/42/5
f 1893/40/5 1896/26/5 1894/41/5
f 1897/40/5 1898/41/5 1899/42/5
f 1897/40/5 1900/26/5 1898/41/5
f 1901/40/5 1902/41/5 1903/42/5
f 1901/40/5 1904/26/5 1902/41/5
f 1905/40/5 1906/41/5 1907/42/5
f 1905/40/5 1908/26/5 1906/41/5
f 1909/24/1 1910/14/1 1911/15/1
f 1909/24/1 1912/23/1 1910/14/1
f 1913/24/1 1914/14/1 1915/15/1
f 1913/24/1 1916/23/1 1914/14/1
f 1917/24/1 1918/14/1 1919/15/1
f 1917/24/1 1920/23/1 1918/14/1
f 1921/24/1 1922/14/1 1923/15/1
f 1921/24/1 1924/23/1 1922/14/1
f 1925/24/1 1926/14/1 1927/15/1
f 1925/24/1 1928/23/1 1926/14/1
f 1929/24/1 1930/14/1 1931/15/1
f 1929/24/1 1932/23/1 1930/14/1
f 1933/24/1 1934/14/1 1935/15/1
f 1933/24/1 1936/23/1 1934/14/1
f 1937/24/1 1938/14/1 1939/15/1
f 1937/24/1 1940/23/1 1938/14/1
f 1941/24/1 1942/14/1 1943/15/1
f 1941/24/1 1944/23/1 1942/14/1
f 1945/24/1 1946/14/1 1947/15/1
f 1945/24/1 1948/23/1 1946/14/1
f 1949/24/1 1950/14/1 1951/15/1
f 1949/24/1 1952/23/1 1950/14/1
f 1953/24/1 1954/14/1 1955/15/1
f 1953/24/1 1956/23/1 1954/14/1
f 1957/24/1 1958/14/1 1959/15/1
f 1957/24/1 1960/23/1 1958/14/1
f 1961/24/1 1962/14/1 1963/15/1
f 1961/24/1 1964/23/1 1962/14/1
f 1965/24/1 1966/14/1 1967/15/1
f 1965/24/1 1968/23/1 1966/14/1
f 1969/24/1 1970/14/1 1971/15/1
f 1969/24/1 1972/23/1 1970/14/1
f 1973/24/1 1974/14/1 1975/15/1
f 1973/24/1 1976/23/1 1974/14/1
f 1977/24/1 1978/14/1 1979/15/1
f 1977/24/1 1980/23/1 1978/14/1
f 1981/24/1 1982/14/1 1983/15/1
f 1981/24/1 1984/23/1 1982/14/1
f 1985/24/1 1986/14/1 1987/15/1
f 1985/24/1 1988/23/1 1986/14/1
f 1989/24/1 1990/14/1 1991/15/1
f 1989/24/1 1992/23/1 1990/14/1
f 1993/24/1 1994/14/1 1995/15/1
f 1993/24/1 1996/23/1 1994/14/1
f 1997/43/5 1998/15/5 1999/44/5
f 1997/43/5 2000/14/5 1998/15/5
f 2001/43/2 2002/15/2 2003/44/2
f 2001/43/2 2004/14/2 2002/15/2
f 2005/43/3 2006/15/3 2007/44/3
f 2005/43/3 2008/14/3 2006/15/3
f 2009/43/5 2010/15/5 2011/44/5
f 2009/43/5 2012/14/5 2010/15/5
f 2013/43/2 2014/15/2 2015/44/2
f 2013/43/2 2016/14/2 2014/15/2
f 2017/43/5 2018/15/5 2019/44/5
f 2017/43/5 2020/14/5 2018/15/5
f 2021/43/2 2022/15/2 2023/44/2
f 2021/43/2 2024/14/2 2022/15/2
f 2025/43/5 2026/15/5 2027/44/5
f 2025/43/5 2028/14/5 2026/15/5
f 2029/43/2 2030/15/2 2031/44/2
f 2029/43/2 2032/14/2 2030/15/2
f 2033/43/5 2034/15/5 2035/44/5
f 2033/43/5 2036/14/5 2034/15/5
f 2037/43/2 2038/15/2 2039/44/2
f 2037/43/2 2040/14/2 2038/15/2
f 2041/43/5 2042/15/5 2043/44/5
f 2041/43/5 2044/14/5 2042/15/5
f 2045/43/2 2046/15/2 2047/44/2
f 2045/43/2 2048/14/2 2046/15/2
f 2049/43/5 2050/15/5 2051/44/5
f 2049/43/5 2052/14/5 2050/15/5
f 2053/43/2 2054/15/2 2055/44/2
f 2053/43/2 2056/14/2 2054/15/2
f 2057/43/5 2058/15/5 2059/44/5
f 2057/43/5 2060/14/5 2058/15/5
f 2061/43/2 2062/15/2 2063/44/2
f 2061/43/2 2064/14/2 2062/15/2
f 2065/43/5 2066/15/5 2067/44/5
f 2065/43/5 2068/14/5 2066/15/5
f 2069/43/2 2070/15/2 2071/44/2
f 2069/43/2 2072/14/2 2070/15/2
f 2073/43/5 2074/15/5 2075/44/5
f 2073/43/5 2076/14/5 2074/15/5
f 2077/43/2 2078/15/2 2079/44/2
f 2077/43/2 2080/14/2 2078/15/2
f 2081/43/5 2082/15/5 2083/44/5
f 2081/43/5 2084/14/5 2082/15/5
f 2085/43/2 2086/15/2 2087/44/2
f 2085/43/2 2088/14/2 2086/15/2
f 2089/43/5 2090/15/5 2091/44/5
f 2089/43/5 2092/14/5 2090/15/5
f 2093/43/2 2094/15/2 2095/44/2
f 2093/43/2 2096/14/2 2094/15/2
f 2097/43/5 2098/15/5 2099/44/5
f 2097/43/5 2100/14/5 2098/15/5
f 2101/43/2 2102/15/2 2103/44/2
f 2101/43/2 2104/14/2 2102/15/2
f 2105/43/5 2106/15/5 2107/44/5
f 2105/43/5 2108/14/5 2106/15/5
f 2109/43/2 2110/15/2 2111/44/2
f 2109/43/2 2112/14/2 2110/15/2
f 2113/43/5 2114/15/5 2115/44/5
f 2113/43/5 2116/14/5 2114/15/5
f 2117/43/2 2118/15/2 2119/44/2
f 2117/43/2 2120/14/2 2118/15/2
f 2121/43/5 2122/15/5 2123/44/5
f 2121/43/5 2124/14/5 2122/15/5
f 2125/43/2 2126/15/2 2127/44/2
f 2125/43/2 2128/14/2 2126/15/2
f 2129/43/5 2130/15/5 2131/44/5
f 2129/43/5 2132/14/5 2130/15/5
f 2133/43/2 2134/15/2 2135/44/2
f 2133/43/2 2136/14/2 2134/15/2
f 2137/43/5 2138/15/5 2139/44/5
f 2137/43/5 2140/14/5 2138/15/5
f 2141/43/2 2142/15/2 2143/44/2
f 2141/43/2 2144/14/2 2142/15/2
f 2145/43/5 2146/15/5 2147/44/5
f 2145/43/5 2148/14/5 2146/15/5
f 2149/43/2 2150/15/2 2151/44/2
f 2149/43/2 2152/14/2 2150/15/2
f 2153/43/5 2154/15/5 2155/44/5
f 2153/43/5 2156/14/5 2154/15/5
f 2157/43/2 2158/15/2 2159/44/2
f 2157/43/2 2160/14/2 2158/15/2
f 2161/43/5 2162/15/5 2163/44/5
f 2161/43/5 2164/14/5 2162/15/5
f 2165/43/2 2166/15/2 2167/44/2
f 2165/43/2 2168/14/2 2166/15/2
f 2169/43/5 2170/15/5 2171/44/5
f 2169/43/5 2172/14/5 2170/15/5
f 2173/43/4 2174/15/4 2175/44/4
f 2173/43/4 2176/14/4 2174/15/4
f 2177/43/2 2178/15/2 2179/44/2
f 2177/43/2 2180/14/2 2178/15/2
f 2181/35/1 2182/28/1 2183/39/1
f 2181/35/1 2184/31/1 2182/28/1
f 2185/35/1 2186/28/1 2187/39/1
f 2185/35/1 2188/31/1 2186/28/1
f 2189/35/1 2190/28/1 2191/39/1
f 2189/35/1 2192/31/1 2190/28/1
f 2193/35/1 2194/28/1 2195/39/1
f 2193/35/1 2196/31/1 2194/28/1
f 2197/35/1 2198/28/1 2199/39/1
f 2197/35/1 2200/31/1 2198/28/1
f 2201/35/1 2202/28/1 2203/39/1
f 2201/35/1 2204/31/1 2202/28/1
f 2205/35/1 2206/28/1 2207/39/1
f 2205/35/1 2208/31/1 2206/28/1
f 2209/35/1 2210/28/1 2211/39/1
f 2209/35/1 2212/31/1 2210/28/1
f 2213/35/1 2214/28/1 2215/39/1
f 2213/35/1 2216/31/1 2214/28/1
f 2217/35/1 2218/28/1 2219/39/1
f 2217/35/1 2220/31/1 2218/28/1
f 2221/35/1 2222/28/1 2223/39/1
f 2221/35/1 2224/31/1 2222/28/1
f 2225/35/1 2226/28/1 2227/39/1
f 2225/35/1 2228/31/1 2226/28/1
f 2229/35/1 2230/28/1 2231/39/1
f 2229/35/1 2232/31/1 2230/28/1
f 2233/35/1 2234/28/1 2235/39/1
f 2233/35/1 2236/31/1 2234/28/1
f 2237/35/1 2238/28/1 2239/39/1
f 2237/35/1 2240/31/1 2238/28/1
f 2241/35/1 2242/28/1 2243/39/1
f 2241/35/1 2244/31/1 2242/28/1
f 2245/35/1 2246/28/1 2247/39/1
f 2245/35/1 2248/31/1 2246/28/1
f 2249/35/1 2250/28/1 2251/39/1
f 2249/35/1 2252/31/1 2250/28/1
f 2253/35/1 2254/28/1 2255/39/1
f 2253/35/1 2256/31/1 2254/28/1
f 2257/35/1 2258/28/1 2259/39/1
f 2257/35/1 2260/31/1 2258/28/1
f 2261/35/1 2262/28/1 2263/39/1
f 2261/35/1 2264/31/1 2262/28/1
f 2265/35/1 2266/28/1 2267/39/1
f 2265/35/1 2268/31/1 2266/28/1
f 2269/35/1 2270/28/1 2271/39/1
f 2269/35/1 2272/31/1 2270/28/1
f 2273/35/1 2274/28/1 2275/39/1
f 2273/35/1 2276/31/1 2274/28/1
f 2277/35/1 2278/28/1 2279/39/1
f 2277/35/1 2280/31/1 2278/28/1
f 2281/35/1 2282/28/1 2283/39/1
f 2281/35/1 2284/31/1 2282/28/1
f 2285/35/1 2286/28/1 2287/39/1
f 2285/35/1 2288/31/1 2286/28/1
f 2289/35/1 2290/28/1 2291/39/1
f 2289/35/1 2292/31/1 2290/28/1
f 2293/35/1 2294/28/1 2295/39/1
f 2293/35/1 2296/31/1 2294/28/1
f 2297/35/1 2298/28/1 2299/39/1
f 2297/35/1 2300/31/1 2298/28/1
f 2301/35/1 2302/28/1 2303/39/1
f 2301/35/1 2304/31/1 2302/28/1
f 2305/35/1 2306/28/1 2307/39/1
f 2305/35/1 2308/31/1 2306/28/1
f 2309/35/1 2310/28/1 2311/39/1
f 2309/35/1 2312/31/1 2310/28/1
f 2313/35/1 2314/28/1 2315/39/1
f 2313/35/1 2316/31/1 2314/28/1
f 2317/35/1 2318/28/1 2319/39/1
f 2317/35/1 2320/31/1 2318/28/1
f 2321/35/1 2322/28/1 2323/39/1
f 2321/35/1 2324/31/1 2322/28/1
f 2325/35/1 2326/28/1 2327/39/1
f 2325/35/1 2328/31/1 2326/28/1
f 2329/35/1 2330/28/1 2331/39/1
f 2329/35/1 2332/31/1 2330/28/1
f 2333/35/1 2334/28/1 2335/39/1
f 2333/35/1 2336/31/1 2334/28/1
f 2337/35/1 2338/28/1 2339/39/1
f 2337/35/1 2340/31/1 2338/28/1
f 2341/35/1 2342/28/1 2343/39/1
f 2341/35/1 2344/31/1 2342/28/1
f 2345/35/1 2346/28/1 2347/39/1
f 2345/35/1 2348/31/1 2346/28/1
f 2349/35/1 2350/28/1 2351/39/1
f 2349/35/1 2352/31/1 2350/28/1
f 2353/35/1 2354/28/1 2355/39/1
f 2353/35/1 2356/31/1 2354/28/1
f 2357/35/1 2358/28/1 2359/39/1
f 2357/35/1 2360/31/1 2358/28/1
f 2361/35/1 2362/28/1 2363/39/1
f 2361/35/1 2364/31/1 2362/28/1
f 2365/35/1 2366/28/1 2367/39/1
f 2365/35/1 2368/31/1 2366/28/1
f 2369/35/1 2370/28/1 2371/39/1
f 2369/35/1 2372/31/1 2370/28/1
f 2373/35/1 2374/28/1 2375/39/1
f 2373/35/1 2376/31/1 2374/28/1
f 2377/35/1 2378/28/1 2379/39/1
f 2377/35/1 2380/31/1 2378/28/1
f 2381/35/1 2382/28/1 2383/39/1
f 2381/35/1 2384/31/1 2382/28/1
f 2385/35/1 2386/28/1 2387/39/1
f 2385/35/1 2388/31/1 2386/28/1
f 2389/35/1 2390/28/1 2391/39/1
f 2389/35/1 2392/31/1 2390/28/1
f 2393/35/1 2394/28/1 2395/39/1
f 2393/35/1 2396/31/1 2394/28/1
f 2397/35/1 2398/28/1 2399/39/1
f 2397/35/1 2400/31/1 2398/28/1
f 2401/35/1 2402/28/1 2403/39/1
f 2401/35/1 2404/31/1 2402/28/1
f 2405/35/1 2406/28/1 2407/39/1
f 2405/35/1 2408/31/1 2406/28/1
f 2409/35/1 2410/28/1 2411/39/1
f 2409/35/1 2412/31/1 2410/28/1
f 2413/35/1 2414/28/1 2415/39/1
f 2413/35/1 2416/31/1 2414/28/1
f 2417/35/1 2418/28/1 2419/39/1
f 2417/35/1 2420/31/1 2418/28/1
f 2421/35/1 2422/28/1 2423/39/1
f 2421/35/1 2424/31/1 2422/28/1
f 2425/35/1 2426/28/1 2427/39/1
f 2425/35/1 2428/31/1 2426/28/1
f 2429/35/1 2430/28/1 2431/39/1
f 2429/35/1 2432/31/1 2430/28/1
f 2433/35/1 2434/28/1 2435/39/1
f 2433/35/1 2436/31/1 2434/28/1
f 2437/35/1 2438/28/1 2439/39/1
f 2437/35/1 2440/31/1 2438/28/1
f 2441/35/1 2442/28/1 2443/39/1
f 2441/35/1 2444/31/1 2442/28/1
f 2445/35/1 2446/28/1 2447/39/1
f 2445/35/1 2448/31/1 2446/28/1
f 2449/35/1 2450/28/1 2451/39/1
f 2449/35/1 2452/31/1 2450/28/1
f 2453/35/1 2454/28/1 2455/39/1
f 2453/35/1 2456/31/1 2454/28/1
f 2457/35/1 2458/28/1 2459/39/1
f 2457/35/1 2460/31/1 2458/28/1
f 2461/35/1 2462/28/1 2463/39/1
f 2461/35/1 2464/31/1 2462/28/1
f 2465/35/1 2466/28/1 2467/39/1
f 2465/35/1 2468/31/1 2466/28/1
f 2469/35/1 2470/28/1 2471/39/1
f 2469/35/1 2472/31/1 2470/28/1
f 2473/35/1 2474/28/1 2475/39/1
f 2473/35/1 2476/31/1 2474/28/1
f 2477/35/1 2478/28/1 2479/39/1
f 2477/35/1 2480/31/1 2478/28/1
f 2481/35/1 2482/28/1 2483/39/1
f 2481/35/1 2484/31/1 2482/28/1
f 2485/35/1 2486/28/1 2487/39/1
f 2485/35/1 2488/31/1 2486/28/1
f 2489/35/1 2490/28/1 2491/39/1
f 2489/35/1 2492/31/1 2490/28/1
f 2493/35/1 2494/28/1 2495/39/1
f 2493/35/1 2496/31/1 2494/28/1
f 2497/35/1 2498/28/1 2499/39/1
f 2497/35/1 2500/31/1 2498/28/1
f 2501/35/1 2502/28/1 2503/39/1
f 2501/35/1 2504/31/1 2502/28/1
f 2505/35/1 2506/28/1 2507/39/1
f 2505/35/1 2508/31/1 2506/28/1
f 2509/35/1 2510/28/1 2511/39/1
f 2509/35/1 2512/31/1 2510/28/1
f 2513/35/1 2514/28/1 2515/39/1
f 2513/35/1 2516/31/1 2514/28/1
f 2517/35/1 2518/28/1 2519/39/1
f 2517/35/1 2520/31/1 2518/28/1
f 2521/35/1 2522/28/1 2523/39/1
f 2521/35/1 2524/31/1 2522/28/1
f 2525/35/1 2526/28/1 2527/39/1
f 2525/35/1 2528/31/1 2526/28/1
f 2529/35/1 2530/28/1 2531/39/1
f 2529/35/1 2532/31/1 2530/28/1
f 2533/35/1 2534/28/1 2535/39/1
f 2533/35/1 2536/31/1 2534/28/1
f 2537/35/1 2538/28/1 2539/39/1
f 2537/35/1 2540/31/1 2538/28/1
f 2541/35/1 2542/28/1 2543/39/1
f 2541/35/1 2544/31/1 2542/28/1
f 2545/35/1 2546/28/1 2547/39/1
f 2545/35/1 2548/31/1 2546/28/1
f 2549/35/1 2550/28/1 2551/39/1
f 2549/35/1 2552/31/1 2550/28/1
f 2553/35/1 2554/28/1 2555/39/1
f 2553/35/1 2556/31/1 2554/28/1
f 2557/35/1 2558/28/1 2559/39/1
f 2557/35/1 2560/31/1 2558/28/1
f 2561/35/1 2562/28/1 2563/39/1
f 2561/35/1 2564/31/1 2562/28/1
f 2565/35/1 2566/28/1 2567/39/1
f 2565/35/1 2568/31/1 2566/28/1
f 2569/35/1 2570/28/1 2571/39/1
f 2569/35/1 2572/31/1 2570/28/1
f 2573/35/1 2574/28/1 2575/39/1
f 2573/35/1 2576/31/1 2574/28/1
f 2577/35/1 2578/28/1 2579/39/1
f 2577/35/1 2580/31/1 2578/28/1
f 2581/35/1 2582/28/1 2583/39/1
f 2581/35/1 2584/31/1 2582/28/1
f 2585/35/1 2586/28/1 2587/39/1
f 2585/35/1 2588/31/1 2586/28/1
f 2589/35/1 2590/28/1 2591/39/1
f 2589/35/1 2592/31/1 2590/28/1
f 2593/35/1 2594/28/1 2595/39/1
f 2593/35/1 2596/31/1 2594/28/1
f 2597/35/1 2598/28/1 2599/39/1
f 2597/35/1 2600/31/1 2598/28/1
f 2601/35/1 2602/28/1 2603/39/1
f 2601/35/1 2604/31/1 2602/28/1
f 2605/35/1 2606/28/1 2607/39/1
f 2605/35/1 2608/31/1 2606/28/1
f 2609/35/1 2610/28/1 2611/39/1
f 2609/35/1 2612/31/1 2610/28/1
f 2613/35/1 2614/28/1 2615/39/1
f 2613/35/1 2616/31/1 2614/28/1
f 2617/35/1 2618/28/1 2619/39/1
f 2617/35/1 2620/31/1 2618/28/1
f 2621/35/1 2622/28/1 2623/39/1
f 2621/35/1 2624/31/1 2622/28/1
f 2625/35/1 2626/28/1 2627/39/1
f 2625/35/1 2628/31/1 2626/28/1
f 2629/35/1 2630/28/1 2631/39/1
f 2629/35/1 2632/31/1 2630/28/1
f 2633/35/1 2634/28/1 2635/39/1
f 2633/35/1 2636/31/1 2634/28/1
f 2637/35/1 2638/28/1 2639/39/1
f 2637/35/1 2640/31/1 2638/28/1
f 2641/35/1 2642/28/1 2643/39/1
f 2641/35/1 2644/31/1 2642/28/1
f 2645/35/1 2646/28/1 2647/39/1
f 2645/35/1 2648/31/1 2646/28/1
f 2649/35/1 2650/28/1 2651/39/1
f 2649/35/1 2652/31/1 2650/28/1
f 2653/35/1 2654/28/1 2655/39/1
f 2653/35/1 2656/31/1 2654/28/1
f 2657/35/1 2658/28/1 2659/39/1
f 2657/35/1 2660/31/1 2658/28/1
f 2661/35/1 2662/28/1 2663/39/1
f 2661/35/1 2664/31/1 2662/28/1
f 2665/35/1 2666/28/1 2667/39/1
f 2665/35/1 2668/31/1 2666/28/1
f 2669/35/1 2670/28/1 2671/39/1
f 2669/35/1 2672/31/1 2670/28/1
f 2673/35/1 2674/28/1 2675/39/1
f 2673/35/1 2676/31/1 2674/28/1
f 2677/35/1 2678/28/1 2679/39/1
f 2677/35/1 2680/31/1 2678/28/1
f 2681/35/1 2682/28/1 2683/39/1
f 2681/35/1 2684/31/1 2682/28/1
f 2685/35/1 2686/28/1 2687/39/1
f 2685/35/1 2688/31/1 2686/28/1
f 2689/35/1 2690/28/1 2691/39/1
f 2689/35/1 2692/31/1 2690/28/1
f 2693/35/1 2694/28/1 2695/39/1
f 2693/35/1 2696/31/1 2694/28/1
f 2697/35/1 2698/28/1 2699/39/1
f 2697/35/1 2700/31/1 2698/28/1
f 2701/35/1 2702/28/1 2703/39/1
f 2701/35/1 2704/31/1 2702/28/1
f 2705/35/1 2706/28/1 2707/39/1
f 2705/35/1 2708/31/1 2706/28/1
f 2709/35/1 2710/28/1 2711/39/1
f 2709/35/1 2712/31/1 2710/28/1
f 2713/35/1 2714/28/1 2715/39/1
f 2713/35/1 2716/31/1 2714/28/1
f 2717/35/1 2718/28/1 2719/39/1
f 2717/35/1 2720/31/1 2718/28/1
f 2721/35/1 2722/28/1 2723/39/1
f 2721/35/1 2724/31/1 2722/28/1
f 2725/35/1 2726/28/1 2727/39/1
f 2725/35/1 2728/31/1 2726/28/1
f 2729/35/1 2730/28/1 2731/39/1
f 2729/35/1 2732/31/1 2730/28/1
f 2733/35/1 2734/28/1 2735/39/1
f 2733/35/1 2736/31/1 2734/28/1
f 2737/35/1 2738/28/1 2739/39/1
f 2737/35/1 2740/31/1 2738/28/1
f 2741/35/1 2742/28/1 2743/39/1
f 2741/35/1 2744/31/1 2742/28/1
f 2745/35/1 2746/28/1 2747/39/1
f 2745/35/1 2748/31/1 2746/28/1
f 2749/35/1 2750/28/1 2751/39/1
f 2749/35/1 2752/31/1 2750/28/1
f 2753/35/1 2754/28/1 2755/39/1
f 2753/35/1 2756/31/1 2754/28/1
f 2757/35/1 2758/28/1 2759/39/1
f 2757/35/1 2760/31/1 2758/28/1
f 2761/35/1 2762/28/1 2763/39/1
f 2761/35/1 2764/31/1 2762/28/1
f 2765/35/1 2766/28/1 2767/39/1
f 2765/35/1 2768/31/1 2766/28/1
f 2769/35/1 2770/28/1 2771/39/1
f 2769/35/1 2772/31/1 2770/28/1
f 2773/35/1 2774/28/1 2775/39/1
f 2773/35/1 2776/31/1 2774/28/1
f 2777/35/1 2778/28/1 2779/39/1
f 2777/35/1 2780/31/1 2778/28/1
f 2781/35/1 2782/28/1 2783/39/1
f 2781/35/1 2784/31/1 2782/28/1
f 2785/35/1 2786/28/1 2787/39/1
f 2785/35/1 2788/31/1 2786/28/1
f 2789/35/1 2790/28/1 2791/39/1
f 2789/35/1 2792/31/1 2790/28/1
f 2793/35/1 2794/28/1 2795/39/1
f 2793/35/1 2796/31/1 2794/28/1
f 2797/35/1 2798/28/1 2799/39/1
f 2797/35/1 2800/31/1 2798/28/1
f 2801/35/1 2802/28/1 2803/39/1
f 2801/35/1 2804/31/1 2802/28/1
f 2805/35/1 2806/28/1 2807/39/1
f 2805/35/1 2808/31/1 2806/28/1
f 2809/35/1 2810/28/1 2811/39/1
f 2809/35/1 2812/31/1 2810/28/1
f 2813/35/1 2814/28/1 2815/39/1
f 2813/35/1 2816/31/1 2814/28/1
f 2817/35/1 2818/28/1 2819/39/1
f 2817/35/1 2820/31/1 2818/28/1
f 2821/35/1 2822/28/1 2823/39/1
f 2821/35/1 2824/31/1 2822/28/1
f 2825/35/1 2826/28/1 2827/39/1
f 2825/35/1 2828/31/1 2826/28/1
f 2829/35/1 2830/28/1 2831/39/1
f 2829/35/1 2832/31/1 2830/28/1
f 2833/35/1 2834/28/1 2835/39/1
f 2833/35/1 2836/31/1 2834/28/1
f 2837/35/1 2838/28/1 2839/39/1
f 2837/35/1 2840/31/1 2838/28/1
f 2841/35/1 2842/28/1 2843/39/1
f 2841/35/1 2844/31/1 2842/28/1
f 2845/35/1 2846/28/1 2847/39/1
f 2845/35/1 2848/31/1 2846/28/1
f 2849/35/1 2850/28/1 2851/39/1
f 2849/35/1 2852/31/1 2850/28/1
f 2853/35/1 2854/28/1 2855/39/1
f 2853/35/1 2856/31/1 2854/28/1
f 2857/35/1 2858/28/1 2859/39/1
f 2857/35/1 2860/31/1 2858/28/1
f 2861/35/1 2862/28/1 2863/39/1
f 2861/35/1 2864/31/1 2862/28/1
f 2865/35/1 2866/28/1 2867/39/1
f 2865/35/1 2868/31/1 2866/28/1
f 2869/35/1 2870/28/1 2871/39/1
f 2869/35/1 2872/31/1 2870/28/1
f 2873/35/1 2874/28/1 2875/39/1
f 2873/35/1 2876/31/1 2874/28/1
f 2877/35/1 2878/28/1 2879/39/1
f 2877/35/1 2880/31/1 2878/28/1
f 2881/35/1 2882/28/1 2883/39/1
f 2881/35/1 2884/31/1 2882/28/1
f 2885/35/1 2886/28/1 2887/39/1
f 2885/35/1 2888/31/1 2886/28/1
f 2889/35/1 2890/28/1 2891/39/1
f 2889/35/1 2892/31/1 2890/28/1
f 2893/35/1 2894/28/1 2895/39/1
f 2893/35/1 2896/31/1 2894/28/1
f 2897/35/1 2898/28/1 2899/39/1
f 2897/35/1 2900/31/1 2898/28/1
f 2901/35/1 2902/28/1 2903/39/1
f 2901/35/1 2904/31/1 2902/28/1
f 2905/35/1 2906/28/1 2907/39/1
f 2905/35/1 2908/31/1 2906/28/1
f 2909/35/1 2910/28/1 2911/39/1
f 2909/35/1 2912/31/1 2910/28/1
f 2913/35/1 2914/28/1 2915/39/1
f 2913/35/1 2916/31/1 2914/28/1
f 2917/35/1 2918/28/1 2919/39/1
f 2917/35/1 2920/31/1 2918/28/1
f 2921/35/1 2922/28/1 2923/39/1
f 2921/35/1 2924/31/1 2922/28/1
f 2925/35/1 2926/28/1 2927/39/1
f 2925/35/1 2928/31/1 2926/28/1
f 2929/35/1 2930/28/1 2931/39/1
f 2929/35/1 2932/31/1 2930/28/1
f 2933/35/1 2934/28/1 2935/39/1
f 2933/35/1 2936/31/1 2934/28/1
f 2937/35/1 2938/28/1 2939/39/1
f 2937/35/1 2940/31/1 2938/28/1
f 2941/35/1 2942/28/1 2943/39/1
f 2941/35/1 2944/31/1 2942/28/1
f 2945/35/1 2946/28/1 2947/39/1
f 2945/35/1 2948/31/1 2946/28/1
f 2949/35/1 2950/28/1 2951/39/1
f 2949/35/1 2952/31/1 2950/28/1
f 2953/35/1 2954/28/1 2955/39/1
f 2953/35/1 2956/31/1 2954/28/1
f 2957/35/1 2958/28/1 2959/39/1
f 2957/35/1 2960/31/1 2958/28/1
f 2961/35/1 2962/28/1 2963/39/1
f 2961/35/1 2964/31/1 2962/28/1
f 2965/35/1 2966/28/1 2967/39/1
f 2965/35/1 2968/31/1 2966/28/1
f 2969/35/1 2970/28/1 2971/39/1
f 2969/35/1 2972/31/1 2970/28/1
f 2973/35/1 2974/28/1 2975/39/1
f 2973/35/1 2976/31/1 2974/28/1
f 2977/35/1 2978/28/1 2979/39/1
f 2977/35/1 2980/31/1 2978/28/1
f 2981/35/1 2982/28/1 2983/39/1
f 2981/35/1 2984/31/1 2982/28/1
f 2985/35/1 2986/28/1 2987/39/1
f 2985/35/1 2988/31/1 2986/28/1
f 2989/35/1 2990/28/1 2991/39/1
f 2989/35/1 2992/31/1 2990/28/1
f 2993/35/1 2994/28/1 2995/39/1
f 2993/35/1 2996/31/1 2994/28/1
f 2997/35/1 2998/28/1 2999/39/1
f 2997/35/1 3000/31/1 2998/28/1
f 3001/35/1 3002/28/1 3003/39/1
f 3001/35/1 3004/31/1 3002/28/1
f 3005/35/1 3006/28/1 3007/39/1
f 3005/35/1 3008/31/1 3006/28/1
f 3009/35/1 3010/28/1 3011/39/1
f 3009/35/1 3012/31/1 3010/28/1
f 3013/35/1 3014/28/1 3015/39/1
f 3013/35/1 3016/31/1 3014/28/1
f 3017/35/1 3018/28/1 3019/39/1
f 3017/35/1 3020/31/1 3018/28/1
f 3021/35/1 3022/28/1 3023/39/1
f 3021/35/1 3024/31/1 3022/28/1
f 3025/35/1 3026/28/1 3027/39/1
f 3025/35/1 3028/31/1 3026/28/1
f 3029/35/1 3030/28/1 3031/39/1
f 3029/35/1 3032/31/1 3030/28/1
f 3033/35/1 3034/28/1 3035/39/1
f 3033/35/1 3036/31/1 3034/28/1
f 3037/35/1 3038/28/1 3039/39/1
f 3037/35/1 3040/31/1 3038/28/1
f 3041/35/1 3042/28/1 3043/39/1
f 3041/35/1 3044/31/1 3042/28/1
f 3045/35/1 3046/28/1 3047/39/1
f 3045/35/1 3048/31/1 3046/28/1
f 3049/35/1 3050/28/1 3051/39/1
f 3049/35/1 3052/31/1 3050/28/1
f 3053/35/1 3054/28/1 3055/39/1
f 3053/35/1 3056/31/1 3054/28/1
f 3057/35/1 3058/28/1 3059/39/1
f 3057/35/1 3060/31/1 3058/28/1
f 3061/35/1 3062/28/1 3063/39/1
f 3061/35/1 3064/31/1 3062/28/1
f 3065/35/1 3066/28/1 3067/39/1
f 3065/35/1 3068/31/1 3066/28/1
f 3069/35/1 3070/28/1 3071/39/1
f 3069/35/1 3072/31/1 3070/28/1
f 3073/35/1 3074/28/1 3075/39/1
f 3073/35/1 3076/31/1 3074/28/1
f 3077/35/1 3078/28/1 3079/39/1
f 3077/35/1 3080/31/1 3078/28/1
f 3081/35/1 3082/28/1 3083/39/1
f 3081/35/1 3084/31/1 3082/28/1
f 3085/35/1 3086/28/1 3087/39/1
f 3085/35/1 3088/31/1 3086/28/1
f 3089/35/1 3090/28/1 3091/39/1
f 3089/35/1 3092/31/1 3090/28/1
f 3093/35/1 3094/28/1 3095/39/1
f 3093/35/1 3096/31/1 3094/28/1
f 3097/35/1 3098/28/1 3099/39/1
f 3097/35/1 3100/31/1 3098/28/1
f 3101/35/1 3102/28/1 3103/39/1
f 3101/35/1 3104/31/1 3102/28/1
f 3105/35/1 3106/28/1 3107/39/1
f 3105/35/1 3108/31/1 3106/28/1
f 3109/35/1 3110/28/1 3111/39/1
f 3109/35/1 3112/31/1 3110/28/1
f 3113/35/1 3114/28/1 3115/39/1
f 3113/35/1 3116/31/1 3114/28/1
f 3117/35/1 3118/28/1 3119/39/1
f 3117/35/1 3120/31/1 3118/28/1
f 3121/35/1 3122/28/1 3123/39/1
f 3121/35/1 3124/31/1 3122/28/1
f 3125/35/1 3126/28/1 3127/39/1
f 3125/35/1 3128/31/1 3126/28/1
f 3129/35/1 3130/28/1 3131/39/1
f 3129/35/1 3132/31/1 3130/28/1
f 3133/35/1 3134/28/1 3135/39/1
f 3133/35/1 3136/31/1 3134/28/1
f 3137/35/1 3138/28/1 3139/39/1
f 3137/35/1 3140/31/1 3138/28/1
f 3141/35/1 3142/28/1 3143/39/1
f 3141/35/1 3144/31/1 3142/28/1
f 3145/35/1 3146/28/1 3147/39/1
f 3145/35/1 3148/31/1 3146/28/1
f 3149/35/1 3150/28/1 3151/39/1
f 3149/35/1 3152/31/1 3150/28/1
f 3153/35/1 3154/28/1 3155/39/1
f 3153/35/1 3156/31/1 3154/28/1
f 3157/35/1 3158/28/1 3159/39/1
f 3157/35/1 3160/31/1 3158/28/1
f 3161/35/1 3162/28/1 3163/39/1
f 3161/35/1 3164/31/1 3162/28/1
f 3165/35/1 3166/28/1 3167/39/1
f 3165/35/1 3168/31/1 3166/28/1
f 3169/35/1 3170/28/1 3171/39/1
f 3169/35/1 3172/31/1 3170/28/1
f 3173/35/1 3174/28/1 3175/39/1
f 3173/35/1 3176/31/1 3174/28/1
f 3177/35/1 3178/28/1 3179/39/1
f 3177/35/1 3180/31/1 3178/28/1
f 3181/35/1 3182/28/1 3183/39/1
f 3181/35/1 3184/31/1 3182/28/1
f 3185/35/1 3186/28/1 3187/39/1
f 3185/35/1 3188/31/1 3186/28/1
f 3189/35/1 3190/28/1 3191/39/1
f 3189/35/1 3192/31/1 3190/28/1
f 3193/35/1 3194/28/1 3195/39/1
f 3193/35/1 3196/31/1 3194/28/1
f 3197/35/1 3198/28/1 3199/39/1
f 3197/35/1 3200/31/1 3198/28/1
f 3201/35/1 3202/28/1 3203/39/1
f 3201/35/1 3204/31/1 3202/28/1
f 3205/35/1 3206/28/1 3207/39/1
f 3205/35/1 3208/31/1 3206/28/1
f 3209/35/1 3210/28/1 3211/39/1
f 3209/35/1 3212/31/1 3210/28/1
f 3213/35/1 3214/28/1 3215/39/1
f 3213/35/1 3216/31/1 3214/28/1
f 3217/35/1 3218/28/1 3219/39/1
f 3217/35/1 3220/31/1 3218/28/1
f 3221/35/1 3222/28/1 3223/39/1
f 3221/35/1 3224/31/1 3222/28/1
f 3225/35/1 3226/28/1 3227/39/1
f 3225/35/1 3228/31/1 3226/28/1
f 3229/35/1 3230/28/1 3231/39/1
f 3229/35/1 3232/31/1 3230/28/1
f 3233/35/1 3234/28/1 3235/39/1
f 3233/35/1 3236/31/1 3234/28/1
f 3237/35/1 3238/28/1 3239/39/1
f 3237/35/1 3240/31/1 3238/28/1
f 3241/35/1 3242/28/1 3243/39/1
f 3241/35/1 3244/31/1 3242/28/1
f 3245/35/1 3246/28/1 3247/39/1
f 3245/35/1 3248/31/1 3246/28/1
f 3249/35/1 3250/28/1 3251/39/1
f 3249/35/1 3252/31/1 3250/28/1
f 3253/35/1 3254/28/1 3255/39/1
f 3253/35/1 3256/31/1 3254/28/1
f 3257/35/1 3258/28/1 3259/39/1
f 3257/35/1 3260/31/1 3258/28/1
f 3261/35/1 3262/28/1 3263/39/1
f 3261/35/1 3264/31/1 3262/28/1
f 3265/35/1 3266/28/1 3267/39/1
f 3265/35/1 3268/31/1 3266/28/1
f 3269/35/1 3270/28/1 3271/39/1
f 3269/35/1 3272/31/1 3270/28/1
f 3273/35/1 3274/28/1 3275/39/1
f 3273/35/1 3276/31/1 3274/28/1
f 3277/35/1 3278/28/1 3279/39/1
f 3277/35/1 3280/31/1 3278/28/1
f 3281/35/1 3282/28/1 3283/39/1
f 3281/35/1 3284/31/1 3282/28/1
f 3285/35/1 3286/28/1 3287/39/1
f 3285/35/1 3288/31/1 3286/28/1
f 3289/35/1 3290/28/1 3291/39/1
f 3289/35/1 3292/31/1 3290/28/1
f 3293/35/1 3294/28/1 3295/39/1
f 3293/35/1 3296/31/1 3294/28/1
f 3297/35/1 3298/28/1 3299/39/1
f 3297/35/1 3300/31/1 3298/28/1
f 3301/35/1 3302/28/1 3303/39/1
f 3301/35/1 3304/31/1 3302/28/1
f 3305/35/1 3306/28/1 3307/39/1
f 3305/35/1 3308/31/1 3306/28/1
f 3309/35/1 3310/28/1 3311/39/1
f 3309/35/1 3312/31/1 3310/28/1
f 3313/35/1 3314/28/1 3315/39/1
f 3313/35/1 3316/31/1 3314/28/1
f 3317/35/1 3318/28/1 3319/39/1
f 3317/35/1 3320/31/1 3318/28/1
f 3321/35/1 3322/28/1 3323/39/1
f 3321/35/1 3324/31/1 3322/28/1
f 3325/35/1 3326/28/1 3327/39/1
f 3325/35/1 3328/31/1 3326/28/1
f 3329/35/1 3330/28/1 3331/39/1
f 3329/35/1 3332/31/1 3330/28/1
f 3333/35/1 3334/28/1 3335/39/1
f 3333/35/1 3336/31/1 3334/28/1
f 3337/35/1 3338/28/1 3339/39/1
f 3337/35/1 3340/31/1 3338/28/1
f 3341/35/1 3342/28/1 3343/39/1
f 3341/35/1 3344/31/1 3342/28/1
f 3345/35/1 3346/28/1 3347/39/1
f 3345/35/1 3348/31/1 3346/28/1
f 3349/35/1 3350/28/1 3351/39/1
f 3349/35/1 3352/31/1 3350/28/1
f 3353/35/1 3354/28/1 3355/39/1
f 3353/35/1 3356/31/1 3354/28/1
f 3357/35/1 3358/28/1 3359/39/1
f 3357/35/1 3360/31/1 3358/28/1
f 3361/35/1 3362/28/1 3363/39/1
f 3361/35/1 3364/31/1 3362/28/1
f 3365/35/1 3366/28/1 3367/39/1
f 3365/35/1 3368/31/1 3366/28/1
f 3369/35/1 3370/28/1 3371/39/1
f 3369/35/1 3372/31/1 3370/28/1
f 3373/35/1 3374/28/1 3375/39/1
f 3373/35/1 3376/31/1 3374/28/1
f 3377/35/1 3378/28/1 3379/39/1
f 3377/35/1 3380/31/1 3378/28/1
f 3381/35/1 3382/28/1 3383/39/1
f 3381/35/1 3384/31/1 3382/28/1
f 3385/35/1 3386/28/1 3387/39/1
f 3385/35/1 3388/31/1 3386/28/1
f 3389/35/1 3390/28/1 3391/39/1
f 3389/35/1 3392/31/1 3390/28/1
f 3393/35/1 3394/28/1 3395/39/1
f 3393/35/1 3396/31/1 3394/28/1
f 3397/35/1 3398/28/1 3399/39/1
f 3397/35/1 3400/31/1 3398/28/1
f 3401/35/1 3402/28/1 3403/39/1
f 3401/35/1 3404/31/1 3402/28/1
f 3405/35/1 3406/28/1 3407/39/1
f 3405/35/1 3408/31/1 3406/28/1
f 3409/35/1 3410/28/1 3411/39/1
f 3409/35/1 3412/31/1 3410/28/1
f 3413/35/1 3414/28/1 3415/39/1
f 3413/35/1 3416/31/1 3414/28/1
f 3417/35/1 3418/28/1 3419/39/1
f 3417/35/1 3420/31/1 3418/28/1
f 3421/35/1 3422/28/1 3423/39/1
f 3421/35/1 3424/31/1 3422/28/1
f 3425/35/1 3426/28/1 3427/39/1
f 3425/35/1 3428/31/1 3426/28/1
f 3429/35/1 3430/28/1 3431/39/1
f 3429/35/1 3432/31/1 3430/28/1
f 3433/35/1 3434/28/1 3435/39/1
f 3433/35/1 3436/31/1 3434/28/1
f 3437/35/1 3438/28/1 3439/39/1
f 3437/35/1 3440/31/1 3438/28/1
f 3441/35/1 3442/28/1 3443/39/1
f 3441/35/1 3444/31/1 3442/28/1
f 3445/35/1 3446/28/1 3447/39/1
f 3445/35/1 3448/31/1 3446/28/1
f 3449/35/1 3450/28/1 3451/39/1
f 3449/35/1 3452/31/1 3450/28/1
f 3453/35/1 3454/28/1 3455/39/1
f 3453/35/1 3456/31/1 3454/28/1
f 3457/35/1 3458/28/1 3459/39/1
f 3457/35/1 3460/31/1 3458/28/1
f 3461/35/1 3462/28/1 3463/39/1
f 3461/35/1 3464/31/1 3462/28/1
f 3465/35/1 3466/28/1 3467/39/1
f 3465/35/1 3468/31/1 3466/28/1
f 3469/35/1 3470/28/1 3471/39/1
f 3469/35/1 3472/31/1 3470/28/1
f 3473/35/1 3474/28/1 3475/39/1
f 3473/35/1 3476/31/1 3474/28/1
f 3477/35/1 3478/28/1 3479/39/1
f 3477/35/1 3480/31/1 3478/28/1
f 3481/35/1 3482/28/1 3483/39/1
f 3481/35/1 3484/31/1 3482/28/1
f 3485/35/1 3486/28/1 3487/39/1
f 3485/35/1 3488/31/1 3486/28/1
f 3489/35/1 3490/28/1 3491/39/1
f 3489/35/1 3492/31/1 3490/28/1
f 3493/35/1 3494/28/1 3495/39/1
f 3493/35/1 3496/31/1 3494/28/1
f 3497/35/1 3498/28/1 3499/39/1
f 3497/35/1 3500/31/1 3498/28/1
f 3501/35/1 3502/28/1 3503/39/1
f 3501/35/1 3504/31/1 3502/28/1
f 3505/35/1 3506/28/1 3507/39/1
f 3505/35/1 3508/31/1 3506/28/1
f 3509/35/1 3510/28/1 3511/39/1
f 3509/35/1 3512/31/1 3510/28/1
f 3513/35/1 3514/28/1 3515/39/1
f 3513/35/1 3516/31/1 3514/28/1
f 3517/35/1 3518/28/1 3519/39/1
f 3517/35/1 3520/31/1 3518/28/1
f 3521/35/1 3522/28/1 3523/39/1
f 3521/35/1 3524/31/1 3522/28/1
f 3525/35/1 3526/28/1 3527/39/1
f 3525/35/1 3528/31/1 3526/28/1
f 3529/35/1 3530/28/1 3531/39/1
f 3529/35/1 3532/31/1 3530/28/1
f 3533/35/1 3534/28/1 3535/39/1
f 3533/35/1 3536/31/1 3534/28/1
f 3537/35/1 3538/28/1 3539/39/1
f 3537/35/1 3540/31/1 3538/28/1
f 3541/35/1 3542/28/1 3543/39/1
f 3541/35/1 3544/31/1 3542/28/1
f 3545/35/1 3546/28/1 3547/39/1
f 3545/35/1 3548/31/1 3546/28/1
f 3549/35/1 3550/28/1 3551/39/1
f 3549/35/1 3552/31/1 3550/28/1
f 3553/35/1 3554/28/1 3555/39/1
f 3553/35/1 3556/31/1 3554/28/1
f 3557/35/1 3558/28/1 3559/39/1
f 3557/35/1 3560/31/1 3558/28/1
f 3561/35/1 3562/28/1 3563/39/1
f 3561/35/1 3564/31/1 3562/28/1
f 3565/35/1 3566/28/1 3567/39/1
f 3565/35/1 3568/31/1 3566/28/1
f 3569/35/1 3570/28/1 3571/39/1
f 3569/35/1 3572/31/1 3570/28/1
f 3573/35/1 3574/28/1 3575/39/1
f 3573/35/1 3576/31/1 3574/28/1
f 3577/35/1 3578/28/1 3579/39/1
f 3577/35/1 3580/31/1 3578/28/1
f 3581/35/1 3582/28/1 3583/39/1
f 3581/35/1 3584/31/1 3582/28/1
f 3585/35/1 3586/28/1 3587/39/1
f 3585/35/1 3588/31/1 3586/28/1
f 3589/35/1 3590/28/1 3591/39/1
f 3589/35/1 3592/31/1 3590/28/1
f 3593/35/1 3594/28/1 3595/39/1
f 3593/35/1 3596/31/1 3594/28/1
f 3597/35/1 3598/28/1 3599/39/1
f 3597/35/1 3600/31/1 3598/28/1
f 3601/35/1 3602/28/1 3603/39/1
f 3601/35/1 3604/31/1 3602/28/1
f 3605/35/1 3606/28/1 3607/39/1
f 3605/35/1 3608/31/1 3606/28/1
f 3609/35/1 3610/28/1 3611/39/1
f 3609/35/1 3612/31/1 3610/28/1
f 3613/35/1 3614/28/1 3615/39/1
f 3613/35/1 3616/31/1 3614/28/1
f 3617/35/1 3618/28/1 3619/39/1
f 3617/35/1 3620/31/1 3618/28/1
f 3621/35/1 3622/28/1 3623/39/1
f 3621/35/1 3624/31/1 3622/28/1
f 3625/35/1 3626/28/1 3627/39/1
f 3625/35/1 3628/31/1 3626/28/1
f 3629/35/1 3630/28/1 3631/39/1
f 3629/35/1 3632/31/1 3630/28/1
f 3633/35/1 3634/28/1 3635/39/1
f 3633/35/1 3636/31/1 3634/28/1
f 3637/35/1 3638/28/1 3639/39/1
f 3637/35/1 3640/31/1 3638/28/1
f 3641/35/1 3642/28/1 3643/39/1
f 3641/35/1 3644/31/1 3642/28/1
f 3645/35/1 3646/28/1 3647/39/1
f 3645/35/1 3648/31/1 3646/28/1
f 3649/35/1 3650/28/1 3651/39/1
f 3649/35/1 3652/31/1 3650/28/1
f 3653/35/1 3654/28/1 3655/39/1
f 3653/35/1 3656/31/1 3654/28/1
f 3657/35/1 3658/28/1 3659/39/1
f 3657/35/1 3660/31/1 3658/28/1
f 3661/35/1 3662/28/1 3663/39/1
f 3661/35/1 3664/31/1 3662/28/1
f 3665/35/1 3666/28/1 3667/39/1
f 3665/35/1 3668/31/1 3666/28/1
f 3669/35/1 3670/28/1 3671/39/1
f 3669/35/1 3672/31/1 3670/28/1
f 3673/35/1 3674/28/1 3675/39/1
f 3673/35/1 3676/31/1 3674/28/1
f 3677/35/1 3678/28/1 3679/39/1
f 3677/35/1 3680/31/1 3678/28/1
f 3681/35/1 3682/28/1 3683/39/1
f 3681/35/1 3684/31/1 3682/28/1
f 3685/35/1 3686/28/1 3687/39/1
f 3685/35/1 3688/31/1 3686/28/1
f 3689/35/1 3690/28/1 3691/39/1
f 3689/35/1 3692/31/1 3690/28/1
f 3693/35/1 3694/28/1 3695/39/1
f 3693/35/1 3696/31/1 3694/28/1
f 3697/35/1 3698/28/1 3699/39/1
f 3697/35/1 3700/31/1 3698/28/1
f 3701/35/1 3702/28/1 3703/39/1
f 3701/35/1 3704/31/1 3702/28/1
f 3705/35/1 3706/28/1 3707/39/1
f 3705/35/1 3708/31/1 3706/28/1
f 3709/35/1 3710/28/1 3711/39/1
f 3709/35/1 3712/31/1 3710/28/1
f 3713/35/1 3714/28/1 3715/39/1
f 3713/35/1 3716/31/1 3714/28/1
f 3717/35/1 3718/28/1 3719/39/1
f 3717/35/1 3720/31/1 3718/28/1
f 3721/35/1 3722/28/1 3723/39/1
f 3721/35/1 3724/31/1 3722/28/1
f 3725/35/1 3726/28/1 3727/39/1
f 3725/35/1 3728/31/1 3726/28/1
f 3729/35/1 3730/28/1 3731/39/1
f 3729/35/1 3732/31/1 3730/28/1
f 3733/35/1 3734/28/1 3735/39/1
f 3733/35/1 3736/31/1 3734/28/1
f 3737/35/1 3738/28/1 3739/39/1
f 3737/35/1 3740/31/1 3738/28/1
f 3741/35/1 3742/28/1 3743/39/1
f 3741/35/1 3744/31/1 3742/28/1
f 3745/35/1 3746/28/1 3747/39/1
f 3745/35/1 3748/31/1 3746/28/1
f 3749/35/1 3750/28/1 3751/39/1
f 3749/35/1 3752/31/1 3750/28/1
f 3753/35/1 3754/28/1 3755/39/1
f 3753/35/1 3756/31/1 3754/28/1
f 3757/35/1 3758/28/1 3759/39/1
f 3757/35/1 3760/31/1 3758/28/1
f 3761/35/1 3762/28/1 3763/39/1
f 3761/35/1 3764/31/1 3762/28/1
f 3765/35/1 3766/28/1 3767/39/1
f 3765/35/1 3768/31/1 3766/28/1
f 3769/35/1 3770/28/1 3771/39/1
f 3769/35/1 3772/31/1 3770/28/1
f 3773/35/1 3774/28/1 3775/39/1
f 3773/35/1 3776/31/1 3774/28/1
f 3777/35/1 3778/28/1 3779/39/1
f 3777/35/1 3780/31/1 3778/28/1
f 3781/35/1 3782/28/1 3783/39/1
f 3781/35/1 3784/31/1 3782/28/1
f 3785/35/1 3786/28/1 3787/39/1
f 3785/35/1 3788/31/1 3786/28/1
f 3789/35/1 3790/28/1 3791/39/1
f 3789/35/1 3792/31/1 3790/28/1
f 3793/35/1 3794/28/1 3795/39/1
f 3793/35/1 3796/31/1 3794/28/1
f 3797/35/1 3798/28/1 3799/39/1
f 3797/35/1 3800/31/1 3798/28/1
f 3801/35/1 3802/28/1 3803/39/1
f 3801/35/1 3804/31/1 3802/28/1
f 3805/35/1 3806/28/1 3807/39/1
f 3805/35/1 3808/31/1 3806/28/1
f 3809/35/1 3810/28/1 3811/39/1
f 3809/35/1 3812/31/1 3810/28/1
f 3813/35/1 3814/28/1 3815/39/1
f 3813/35/1 3816/31/1 3814/28/1
f 3817/35/1 3818/28/1 3819/39/1
f 3817/35/1 3820/31/1 3818/28/1
f 3821/35/1 3822/28/1 3823/39/1
f 3821/35/1 3824/31/1 3822/28/1
f 3825/35/1 3826/28/1 3827/39/1
f 3825/35/1 3828/31/1 3826/28/1
f 3829/35/1 3830/28/1 3831/39/1
f 3829/35/1 3832/31/1 3830/28/1
f 3833/35/1 3834/28/1 3835/39/1
f 3833/35/1 3836/31/1 3834/28/1
f 3837/35/1 3838/28/1 3839/39/1
f 3837/35/1 3840/31/1 3838/28/1
f 3841/35/1 3842/28/1 3843/39/1
f 3841/35/1 3844/31/1 3842/28/1
f 3845/35/1 3846/28/1 3847/39/1
f 3845/35/1 3848/31/1 3846/28/1
f 3849/35/1 3850/28/1 3851/39/1
f 3849/35/1 3852/31/1 3850/28/1
f 3853/35/1 3854/28/1 3855/39/1
f 3853/35/1 3856/31/1 3854/28/1
f 3857/35/1 3858/28/1 3859/39/1
f 3857/35/1 3860/31/1 3858/28/1
f 3861/35/1 3862/28/1 3863/39/1
f 3861/35/1 3864/31/1 3862/28/1
f 3865/35/1 3866/28/1 3867/39/1
f 3865/35/1 3868/31/1 3866/28/1
f 3869/35/1 3870/28/1 3871/39/1
f 3869/35/1 3872/31/1 3870/28/1
f 3873/35/1 3874/28/1 3875/39/1
f 3873/35/1 3876/31/1 3874/28/1
f 3877/35/1 3878/28/1 3879/39/1
f 3877/35/1 3880/31/1 3878/28/1
f 3881/35/1 3882/28/1 3883/39/1
f 3881/35/1 3884/31/1 3882/28/1
f 3885/35/1 3886/28/1 3887/39/1
f 3885/35/1 3888/31/1 3886/28/1
f 3889/35/1 3890/28/1 3891/39/1
f 3889/35/1 3892/31/1 3890/28/1
f 3893/35/1 3894/28/1 3895/39/1
f 3893/35/1 3896/31/1 3894/28/1
f 3897/35/1 3898/28/1 3899/39/1
f 3897/35/1 3900/31/1 3898/28/1
f 3901/35/1 3902/28/1 3903/39/1
f 3901/35/1 3904/31/1 3902/28/1
f 3905/35/1 3906/28/1 3907/39/1
f 3905/35/1 3908/31/1 3906/28/1
f 3909/35/1 3910/28/1 3911/39/1
f 3909/35/1 3912/31/1 3910/28/1
f 3913/35/1 3914/28/1 3915/39/1
f 3913/35/1 3916/31/1 3914/28/1
f 3917/35/1 3918/28/1 3919/39/1
f 3917/35/1 3920/31/1 3918/28/1
f 3921/35/1 3922/28/1 3923/39/1
f 3921/35/1 3924/31/1 3922/28/1
f 3925/35/1 3926/28/1 3927/39/1
f 3925/35/1 3928/31/1 3926/28/1
f 3929/35/1 3930/28/1 3931/39/1
f 3929/35/1 3932/31/1 3930/28/1
f 3933/35/1 3934/28/1 3935/39/1
f 3933/35/1 3936/31/1 3934/28/1
f 3937/35/1 3938/28/1 3939/39/1
f 3937/35/1 3940/31/1 3938/28/1
f 3941/35/1 3942/28/1 3943/39/1
f 3941/35/1 3944/31/1 3942/28/1
f 3945/35/1 3946/28/1 3947/39/1
f 3945/35/1 3948/31/1 3946/28/1
f 3949/35/1 3950/28/1 3951/39/1
f 3949/35/1 3952/31/1 3950/28/1
f 3953/35/1 3954/28/1 3955/39/1
f 3953/35/1 3956/31/1 3954/28/1
f 3957/35/1 3958/28/1 3959/39/1
f 3957/35/1 3960/31/1 3958/28/1
f 3961/35/1 3962/28/1 3963/39/1
f 3961/35/1 3964/31/1 3962/28/1
f 3965/35/1 3966/28/1 3967/39/1
f 3965/35/1 3968/31/1 3966/28/1
f 3969/35/1 3970/28/1 3971/39/1
f 3969/35/1 3972/31/1 3970/28/1
f 3973/35/1 3974/28/1 3975/39/1
f 3973/35/1 3976/31/1 3974/28/1
f 3977/35/1 3978/28/1 3979/39/1
f 3977/35/1 3980/31/1 3978/28/1
f 3981/35/1 3982/28/1 3983/39/1
f 3981/35/1 3984/31/1 3982/28/1
f 3985/35/1 3986/28/1 3987/39/1
f 3985/35/1 3988/31/1 3986/28/1
f 3989/35/1 3990/28/1 3991/39/1
f 3989/35/1 3992/31/1 3990/28/1
f 3993/35/1 3994/28/1 3995/39/1
f 3993/35/1 3996/31/1 3994/28/1
f 3997/35/1 3998/28/1 3999/39/1
f 3997/35/1 4000/31/1 3998/28/1
f 4001/35/1 4002/28/1 4003/39/1
f 4001/35/1 4004/31/1 4002/28/1
f 4005/35/1 4006/28/1 4007/39/1
f 4005/35/1 4008/31/1 4006/28/1
f 4009/35/1 4010/28/1 4011/39/1
f 4009/35/1 4012/31/1 4010/28/1
f 4013/35/1 4014/28/1 4015/39/1
f 4013/35/1 4016/31/1 4014/28/1
f 4017/35/1 4018/28/1 4019/39/1
f 4017/35/1 4020/31/1 4018/28/1
f 4021/35/1 4022/28/1 4023/39/1
f 4021/35/1 4024/31/1 4022/28/1
f 4025/35/1 4026/28/1 4027/39/1
f 4025/35/1 4028/31/1 4026/28/1
f 4029/35/1 4030/28/1 4031/39/1
f 4029/35/1 4032/31/1 4030/28/1
f 4033/35/1 4034/28/1 4035/39/1
f 4033/35/1 4036/31/1 4034/28/1
f 4037/35/1 4038/28/1 4039/39/1
f 4037/35/1 4040/31/1 4038/28/1
f 4041/35/1 4042/28/1 4043/39/1
f 4041/35/1 4044/31/1 4042/28/1
f 4045/35/1 4046/28/1 4047/39/1
f 4045/35/1 4048/31/1 4046/28/1
f 4049/35/1 4050/28/1 4051/39/1
f 4049/35/1 4052/31/1 4050/28/1
f 4053/35/1 4054/28/1 4055/39/1
f 4053/35/1 4056/31/1 4054/28/1
f 4057/35/1 4058/28/1 4059/39/1
f 4057/35/1 4060/31/1 4058/28/1
f 4061/35/1 4062/28/1 4063/39/1
f 4061/35/1 4064/31/1 4062/28/1
f 4065/35/1 4066/28/1 4067/39/1
f 4065/35/1 4068/31/1 4066/28/1
f 4069/35/1 4070/28/1 4071/39/1
f 4069/35/1 4072/31/1 4070/28/1
f 4073/35/1 4074/28/1 4075/39/1
f 4073/35/1 4076/31/1 4074/28/1
f 4077/35/1 4078/28/1 4079/39/1
f 4077/35/1 4080/31/1 4078/28/1
f 4081/35/1 4082/28/1 4083/39/1
f 4081/35/1 4084/31/1 4082/28/1
f 4085/35/1 4086/28/1 4087/39/1
f 4085/35/1 4088/31/1 4086/28/1
f 4089/35/1 4090/28/1 4091/39/1
f 4089/35/1 4092/31/1 4090/28/1
f 4093/35/1 4094/28/1 4095/39/1
f 4093/35/1 4096/31/1 4094/28/1
f 4097/35/1 4098/28/1 4099/39/1
f 4097/35/1 4100/31/1 4098/28/1
f 4101/35/1 4102/28/1 4103/39/1
f 4101/35/1 4104/31/1 4102/28/1
f 4105/35/1 4106/28/1 4107/39/1
f 4105/35/1 4108/31/1 4106/28/1
f 4109/35/1 4110/28/1 4111/39/1
f 4109/35/1 4112/31/1 4110/28/1
f 4113/35/1 4114/28/1 4115/39/1
f 4113/35/1 4116/31/1 4114/28/1
f 4117/35/1 4118/28/1 4119/39/1
f 4117/35/1 4120/31/1 4118/28/1
f 4121/35/1 4122/28/1 4123/39/1
f 4121/35/1 4124/31/1 4122/28/1
f 4125/35/1 4126/28/1 4127/39/1
f 4125/35/1 4128/31/1 4126/28/1
f 4129/35/1 4130/28/1 4131/39/1
f 4129/35/1 4132/31/1 4130/28/1
f 4133/35/1 4134/28/1 4135/39/1
f 4133/35/1 4136/31/1 4134/28/1
f 4137/35/1 4138/28/1 4139/39/1
f 4137/35/1 4140/31/1 4138/28/1
f 4141/35/1 4142/28/1 4143/39/1
f 4141/35/1 4144/31/1 4142/28/1
f 4145/35/1 4146/28/1 4147/39/1
f 4145/35/1 4148/31/1 4146/28/1
f 4149/35/1 4150/28/1 4151/39/1
f 4149/35/1 4152/31/1 4150/28/1
f 4153/35/1 4154/28/1 4155/39/1
f 4153/35/1 4156/31/1 4154/28/1
f 4157/35/1 4158/28/1 4159/39/1
f 4157/35/1 4160/31/1 4158/28/1
f 4161/35/1 4162/28/1 4163/39/1
f 4161/35/1 4164/31/1 4162/28/1
f 4165/35/1 4166/28/1 4167/39/1
f 4165/35/1 4168/31/1 4166/28/1
f 4169/35/1 4170/28/1 4171/39/1
f 4169/35/1 4172/31/1 4170/28/1
f 4173/35/1 4174/28/1 4175/39/1
f 4173/35/1 4176/31/1 4174/28/1
f 4177/35/1 4178/28/1 4179/39/1
f 4177/35/1 4180/31/1 4178/28/1
f 4181/35/1 4182/28/1 4183/39/1
f 4181/35/1 4184/31/1 4182/28/1
f 4185/35/1 4186/28/1 4187/39/1
f 4185/35/1 4188/31/1 4186/28/1
f 4189/35/1 4190/28/1 4191/39/1
f 4189/35/1 4192/31/1 4190/28/1
f 4193/35/1 4194/28/1 4195/39/1
f 4193/35/1 4196/31/1 4194/28/1
f 4197/35/1 4198/28/1 4199/39/1
f 4197/35/1 4200/31/1 4198/28/1
f 4201/35/1 4202/28/1 4203/39/1
f 4201/35/1 4204/31/1 4202/28/1
f 4205/35/1 4206/28/1 4207/39/1
f 4205/35/1 4208/31/1 4206/28/1
f 4209/35/1 4210/28/1 4211/39/1
f 4209/35/1 4212/31/1 4210/28/1
f 4213/35/1 4214/28/1 4215/39/1
f 4213/35/1 4216/31/1 4214/28/1
f 4217/35/1 4218/28/1 4219/39/1
f 4217/35/1 4220/31/1 4218/28/1
f 4221/35/1 4222/28/1 4223/39/1
f 4221/35/1 4224/31/1 4222/28/1
f 4225/35/1 4226/28/1 4227/39/1
f 4225/35/1 4228/31/1 4226/28/1
f 4229/35/1 4230/28/1 4231/39/1
f 4229/35/1 4232/31/1 4230/28/1
f 4233/35/1 4234/28/1 4235/39/1
f 4233/35/1 4236/31/1 4234/28/1
f 4237/35/1 4238/28/1 4239/39/1
f 4237/35/1 4240/31/1 4238/28/1
f 4241/35/1 4242/28/1 4243/39/1
f 4241/35/1 4244/31/1 4242/28/1
f 4245/35/1 4246/28/1 4247/39/1
f 4245/35/1 4248/31/1 4246/28/1
f 4249/35/1 4250/28/1 4251/39/1
f 4249/35/1 4252/31/1 4250/28/1
f 4253/35/1 4254/28/1 4255/39/1
f 4253/35/1 4256/31/1 4254/28/1
f 4257/35/1 4258/28/1 4259/39/1
f 4257/35/1 4260/31/1 4258/28/1
f 4261/35/1 4262/28/1 4263/39/1
f 4261/35/1 4264/31/1 4262/28/1
f 4265/35/1 4266/28/1 4267/39/1
f 4265/35/1 4268/31/1 4266/28/1
f 4269/35/1 4270/28/1 4271/39/1
f 4269/35/1 4272/31/1 4270/28/1
f 4273/35/1 4274/28/1 4275/39/1
f 4273/35/1 4276/31/1 4274/28/1
f 4277/35/1 4278/28/1 4279/39/1
f 4277/35/1 4280/31/1 4278/28/1
f 4281/35/1 4282/28/1 4283/39/1
f 4281/35/1 4284/31/1 4282/28/1
f 4285/35/1 4286/28/1 4287/39/1
f 4285/35/1 4288/31/1 4286/28/1
f 4289/35/1 4290/28/1 4291/39/1
f 4289/35/1 4292/31/1 4290/28/1
f 4293/35/1 4294/28/1 4295/39/1
f 4293/35/1 4296/31/1 4294/28/1
f 4297/35/1 4298/28/1 4299/39/1
f 4297/35/1 4300/31/1 4298/28/1
f 4301/35/1 4302/28/1 4303/39/1
f 4301/35/1 4304/31/1 4302/28/1
f 4305/35/1 4306/28/1 4307/39/1
f 4305/35/1 4308/31/1 4306/28/1
f 4309/35/1 4310/28/1 4311/39/1
f 4309/35/1 4312/31/1 4310/28/1
f 4313/35/1 4314/28/1 4315/39/1
f 4313/35/1 4316/31/1 4314/28/1
f 4317/35/1 4318/28/1 4319/39/1
f 4317/35/1 4320/31/1 4318/28/1
f 4321/35/1 4322/28/1 4323/39/1
f 4321/35/1 4324/31/1 4322/28/1
f 4325/35/1 4326/28/1 4327/39/1
f 4325/35/1 4328/31/1 4326/28/1
f 4329/35/1 4330/28/1 4331/39/1
f 4329/35/1 4332/31/1 4330/28/1
f 4333/35/1 4334/28/1 4335/39/1
f 4333/35/1 4336/31/1 4334/28/1
f 4337/35/1 4338/28/1 4339/39/1
f 4337/35/1 4340/31/1 4338/28/1
f 4341/35/1 4342/28/1 4343/39/1
f 4341/35/1 4344/31/1 4342/28/1
f 4345/35/1 4346/28/1 4347/39/1
f 4345/35/1 4348/31/1 4346/28/1
f 4349/35/1 4350/28/1 4351/39/1
f 4349/35/1 4352/31/1 4350/28/1
f 4353/35/1 4354/28/1 4355/39/1
f 4353/35/1 4356/31/1 4354/28/1
f 4357/35/1 4358/28/1 4359/39/1
f 4357/35/1 4360/31/1 4358/28/1
f 4361/35/1 4362/28/1 4363/39/1
f 4361/35/1 4364/31/1 4362/28/1
f 4365/35/1 4366/28/1 4367/39/1
f 4365/35/1 4368/31/1 4366/28/1
f 4369/35/1 4370/28/1 4371/39/1
f 4369/35/1 4372/31/1 4370/28/1
f 4373/35/1 4374/28/1 4375/39/1
f 4373/35/1 4376/31/1 4374/28/1
f 4377/35/1 4378/28/1 4379/39/1
f 4377/35/1 4380/31/1 4378/28/1
f 4381/35/1 4382/28/1 4383/39/1
f 4381/35/1 4384/31/1 4382/28/1
f 4385/35/1 4386/28/1 4387/39/1
f 4385/35/1 4388/31/1 4386/28/1
f 4389/35/1 4390/28/1 4391/39/1
f 4389/35/1 4392/31/1 4390/28/1
f 4393/35/1 4394/28/1 4395/39/1
f 4393/35/1 4396/31/1 4394/28/1
f 4397/35/1 4398/28/1 4399/39/1
f 4397/35/1 4400/31/1 4398/28/1
f 4401/35/1 4402/28/1 4403/39/1
f 4401/35/1 4404/31/1 4402/28/1
f 4405/35/1 4406/28/1 4407/39/1
f 4405/35/1 4408/31/1 4406/28/1
f 4409/35/1 4410/28/1 4411/39/1
f 4409/35/1 4412/31/1 4410/28/1
f 4413/35/1 4414/28/1 4415/39/1
f 4413/35/1 4416/31/1 4414/28/1
f 4417/35/1 4418/28/1 4419/39/1
f 4417/35/1 4420/31/1 4418/28/1
f 4421/35/1 4422/28/1 4423/39/1
f 4421/35/1 4424/31/1 4422/28/1
f 4425/35/1 4426/28/1 4427/39/1
f 4425/35/1 4428/31/1 4426/28/1
f 4429/35/1 4430/28/1 4431/39/1
f 4429/35/1 4432/31/1 4430/28/1
f 4433/35/1 4434/28/1 4435/39/1
f 4433/35/1 4436/31/1 4434/28/1
f 4437/35/1 4438/28/1 4439/39/1
f 4437/35/1 4440/31/1 4438/28/1
f 4441/35/1 4442/28/1 4443/39/1
f 4441/35/1 4444/31/1 4442/28/1
f 4445/35/1 4446/28/1 4447/39/1
f 4445/35/1 4448/31/1 4446/28/1
f 4449/35/1 4450/28/1 4451/39/1
f 4449/35/1 4452/31/1 4450/28/1
f 4453/35/1 4454/28/1 4455/39/1
f 4453/35/1 4456/31/1 4454/28/1
f 4457/35/1 4458/28/1 4459/39/1
f 4457/35/1 4460/31/1 4458/28/1
f 4461/35/1 4462/28/1 4463/39/1
f 4461/35/1 4464/31/1 4462/28/1
f 4465/35/1 4466/28/1 4467/39/1
f 4465/35/1 4468/31/1 4466/28/1
f 4469/35/1 4470/28/1 4471/39/1
f 4469/35/1 4472/31/1 4470/28/1
f 4473/35/1 4474/28/1 4475/39/1
f 4473/35/1 4476/31/1 4474/28/1
f 4477/35/1 4478/28/1 4479/39/1
f 4477/35/1 4480/31/1 4478/28/1
f 4481/35/1 4482/28/1 4483/39/1
f 4481/35/1 4484/31/1 4482/28/1
f 4485/35/1 4486/28/1 4487/39/1
f 4485/35/1 4488/31/1 4486/28/1
f 4489/35/1 4490/28/1 4491/39/1
f 4489/35/1 4492/31/1 4490/28/1
f 4493/35/1 4494/28/1 4495/39/1
f 4493/35/1 4496/31/1 4494/28/1
f 4497/35/1 4498/28/1 4499/39/1
f 4497/35/1 4500/31/1 4498/28/1
f 4501/35/1 4502/28/1 4503/39/1
f 4501/35/1 4504/31/1 4502/28/1
f 4505/35/1 4506/28/1 4507/39/1
f 4505/35/1 4508/31/1 4506/28/1
f 4509/35/1 4510/28/1 4511/39/1
f 4509/35/1 4512/31/1 4510/28/1
f 4513/35/1 4514/28/1 4515/39/1
f 4513/35/1 4516/31/1 4514/28/1
f 4517/35/1 4518/28/1 4519/39/1
f 4517/35/1 4520/31/1 4518/28/1
f 4521/35/1 4522/28/1 4523/39/1
f 4521/35/1 4524/31/1 4522/28/1
f 4525/35/1 4526/28/1 4527/39/1
f 4525/35/1 4528/31/1 4526/28/1
f 4529/35/1 4530/28/1 4531/39/1
f 4529/35/1 4532/31/1 4530/28/1
f 4533/35/1 4534/28/1 4535/39/1
f 4533/35/1 4536/31/1 4534/28/1
f 4537/35/1 4538/28/1 4539/39/1
f 4537/35/1 4540/31/1 4538/28/1
f 4541/35/1 4542/28/1 4543/39/1
f 4541/35/1 4544/31/1 4542/28/1
f 4545/35/1 4546/28/1 4547/39/1
f 4545/35/1 4548/31/1 4546/28/1
f 4549/35/1 4550/28/1 4551/39/1
f 4549/35/1 4552/31/1 4550/28/1
f 4553/35/1 4554/28/1 4555/39/1
f 4553/35/1 4556/31/1 4554/28/1
f 4557/35/1 4558/28/1 4559/39/1
f 4557/35/1 4560/31/1 4558/28/1
f 4561/35/1 4562/28/1 4563/39/1
f 4561/35/1 4564/31/1 4562/28/1
f 4565/35/1 4566/28/1 4567/39/1
f 4565/35/1 4568/31/1 4566/28/1
f 4569/35/1 4570/28/1 4571/39/1
f 4569/35/1 4572/31/1 4570/28/1
f 4573/35/1 4574/28/1 4575/39/1
f 4573/35/1 4576/31/1 4574/28/1
f 4577/35/1 4578/28/1 4579/39/1
f 4577/35/1 4580/31/1 4578/28/1
f 4581/35/1 4582/28/1 4583/39/1
f 4581/35/1 4584/31/1 4582/28/1
f 4585/35/1 4586/28/1 4587/39/1
f 4585/35/1 4588/31/1 4586/28/1
f 4589/35/1 4590/28/1 4591/39/1
f 4589/35/1 4592/31/1 4590/28/1
f 4593/35/1 4594/28/1 4595/39/1
f 4593/35/1 4596/31/1 4594/28/1
f 4597/35/1 4598/28/1 4599/39/1
f 4597/35/1 4600/31/1 4598/28/1
f 4601/35/1 4602/28/1 4603/39/1
f 4601/35/1 4604/31/1 4602/28/1
f 4605/35/1 4606/28/1 4607/39/1
f 4605/35/1 4608/31/1 4606/28/1
f 4609/35/1 4610/28/1 4611/39/1
f 4609/35/1 4612/31/1 4610/28/1
f 4613/35/1 4614/28/1 4615/39/1
f 4613/35/1 4616/31/1 4614/28/1
f 4617/35/1 4618/28/1 4619/39/1
f 4617/35/1 4620/31/1 4618/28/1
f 4621/35/1 4622/28/1 4623/39/1
f 4621/35/1 4624/31/1 4622/28/1
f 4625/35/1 4626/28/1 4627/39/1
f 4625/35/1 4628/31/1 4626/28/1
f 4629/35/1 4630/28/1 4631/39/1
f 4629/35/1 4632/31/1 4630/28/1
f 4633/35/1 4634/28/1 4635/39/1
f 4633/35/1 4636/31/1 4634/28/1
f 4637/35/1 4638/28/1 4639/39/1
f 4637/35/1 4640/31/1 4638/28/1
f 4641/35/1 4642/28/1 4643/39/1
f 4641/35/1 4644/31/1 4642/28/1
f 4645/35/1 4646/28/1 4647/39/1
f 4645/35/1 4648/31/1 4646/28/1
f 4649/35/1 4650/28/1 4651/39/1
f 4649/35/1 4652/31/1 4650/28/1
f 4653/35/1 4654/28/1 4655/39/1
f 4653/35/1 4656/31/1 4654/28/1
f 4657/35/1 4658/28/1 4659/39/1
f 4657/35/1 4660/31/1 4658/28/1
f 4661/35/1 4662/28/1 4663/39/1
f 4661/35/1 4664/31/1 4662/28/1
f 4665/35/1 4666/28/1 4667/39/1
f 4665/35/1 4668/31/1 4666/28/1
f 4669/35/1 4670/28/1 4671/39/1
f 4669/35/1 4672/31/1 4670/28/1
f 4673/35/1 4674/28/1 4675/39/1
f 4673/35/1 4676/31/1 4674/28/1
f 4677/35/1 4678/28/1 4679/39/1
f 4677/35/1 4680/31/1 4678/28/1
f 4681/35/1 4682/28/1 4683/39/1
f 4681/35/1 4684/31/1 4682/28/1
f 4685/35/1 4686/28/1 4687/39/1
f 4685/35/1 4688/31/1 4686/28/1
f 4689/35/1 4690/28/1 4691/39/1
f 4689/35/1 4692/31/1 4690/28/1
f 4693/35/1 4694/28/1 4695/39/1
f 4693/35/1 4696/31/1 4694/28/1
f 4697/35/1 4698/28/1 4699/39/1
f 4697/35/1 4700/31/1 4698/28/1
f 4701/35/1 4702/28/1 4703/39/1
f 4701/35/1 4704/31/1 4702/28/1
f 4705/35/1 4706/28/1 4707/39/1
f 4705/35/1 4708/31/1 4706/28/1
f 4709/35/1 4710/28/1 4711/39/1
f 4709/35/1 4712/31/1 4710/28/1
f 4713/35/1 4714/28/1 4715/39/1
f 4713/35/1 4716/31/1 4714/28/1
f 4717/35/1 4718/28/1 4719/39/1
f 4717/35/1 4720/31/1 4718/28/1
f 4721/35/1 4722/28/1 4723/39/1
f 4721/35/1 4724/31/1 4722/28/1
f 4725/35/1 4726/28/1 4727/39/1
f 4725/35/1 4728/31/1 4726/28/1
f 4729/35/1 4730/28/1 4731/39/1
f 4729/35/1 4732/31/1 4730/28/1
f 4733/35/1 4734/28/1 4735/39/1
f 4733/35/1 4736/31/1 4734/28/1
f 4737/35/1 4738/28/1 4739/39/1
f 4737/35/1 4740/31/1 4738/28/1
f 4741/35/1 4742/28/1 4743/39/1
f 4741/35/1 4744/31/1 4742/28/1
f 4745/35/1 4746/28/1 4747/39/1
f 4745/35/1 4748/31/1 4746/28/1
f 4749/35/1 4750/28/1 4751/39/1
f 4749/35/1 4752/31/1 4750/28/1
f 4753/35/1 4754/28/1 4755/39/1
f 4753/35/1 4756/31/1 4754/28/1
f 4757/35/1 4758/28/1 4759/39/1
f 4757/35/1 4760/31/1 4758/28/1
f 4761/35/1 4762/28/1 4763/39/1
f 4761/35/1 4764/31/1 4762/28/1
f 4765/35/1 4766/28/1 4767/39/1
f 4765/35/1 4768/31/1 4766/28/1
f 4769/35/1 4770/28/1 4771/39/1
f 4769/35/1 4772/31/1 4770/28/1
f 4773/35/1 4774/28/1 4775/39/1
f 4773/35/1 4776/31/1 4774/28/1
f 4777/35/1 4778/28/1 4779/39/1
f 4777/35/1 4780/31/1 4778/28/1
f 4781/35/1 4782/28/1 4783/39/1
f 4781/35/1 4784/31/1 4782/28/1
f 4785/35/1 4786/28/1 4787/39/1
f 4785/35/1 4788/31/1 4786/28/1
f 4789/35/1 4790/28/1 4791/39/1
f 4789/35/1 4792/31/1 4790/28/1
f 4793/35/1 4794/28/1 4795/39/1
f 4793/35/1 4796/31/1 4794/28/1
f 4797/35/1 4798/28/1 4799/39/1
f 4797/35/1 4800/31/1 4798/28/1
f 4801/35/1 4802/28/1 4803/39/1
f 4801/35/1 4804/31/1 4802/28/1
f 4805/35/1 4806/28/1 4807/39/1
f 4805/35/1 4808/31/1 4806/28/1
f 4809/35/1 4810/28/1 4811/39/1
f 4809/35/1 4812/31/1 4810/28/1
f 4813/35/1 4814/28/1 4815/39/1
f 4813/35/1 4816/31/1 4814/28/1
f 4817/35/1 4818/28/1 4819/39/1
f 4817/35/1 4820/31/1 4818/28/1
f 4821/35/1 4822/28/1 4823/39/1
f 4821/35/1 4824/31/1 4822/28/1
f 4825/35/1 4826/28/1 4827/39/1
f 4825/35/1 4828/31/1 4826/28/1
f 4829/35/1 4830/28/1 4831/39/1
f 4829/35/1 4832/31/1 4830/28/1
f 4833/35/1 4834/28/1 4835/39/1
f 4833/35/1 4836/31/1 4834/28/1
f 4837/35/1 4838/28/1 4839/39/1
f 4837/35/1 4840/31/1 4838/28/1
f 4841/35/1 4842/28/1 4843/39/1
f 4841/35/1 4844/31/1 4842/28/1
f 4845/35/1 4846/28/1 4847/39/1
f 4845/35/1 4848/31/1 4846/28/1
f 4849/35/1 4850/28/1 4851/39/1
f 4849/35/1 4852/31/1 4850/28/1
f 4853/35/1 4854/28/1 4855/39/1
f 4853/35/1 4856/31/1 4854/28/1
f 4857/35/1 4858/28/1 4859/39/1
f 4857/35/1 4860/31/1 4858/28/1
f 4861/35/1 4862/28/1 4863/39/1
f 4861/35/1 4864/31/1 4862/28/1
f 4865/35/1 4866/28/1 4867/39/1
f 4865/35/1 4868/31/1 4866/28/1
f 4869/35/1 4870/28/1 4871/39/1
f 4869/35/1 4872/31/1 4870/28/1
f 4873/35/1 4874/28/1 4875/39/1
f 4873/35/1 4876/31/1 4874/28/1
f 4877/35/1 4878/28/1 4879/39/1
f 4877/35/1 4880/31/1 4878/28/1
f 4881/35/1 4882/28/1 4883/39/1
f 4881/35/1 4884/31/1 4882/28/1
f 4885/35/1 4886/28/1 4887/39/1
f 4885/35/1 4888/31/1 4886/28/1
f 4889/35/1 4890/28/1 4891/39/1
f 4889/35/1 4892/31/1 4890/28/1
f 4893/35/1 4894/28/1 4895/39/1
f 4893/35/1 4896/31/1 4894/28/1
f 4897/35/1 4898/28/1 4899/39/1
f 4897/35/1 4900/31/1 4898/28/1
f 4901/35/1 4902/28/1 4903/39/1
f 4901/35/1 4904/31/1 4902/28/1
f 4905/35/1 4906/28/1 4907/39/1
f 4905/35/1 4908/31/1 4906/28/1
f 4909/35/1 4910/28/1 4911/39/1
f 4909/35/1 4912/31/1 4910/28/1
f 4913/35/1 4914/28/1 4915/39/1
f 4913/35/1 4916/31/1 4914/28/1
f 4917/35/1 4918/28/1 4919/39/1
f 4917/35/1 4920/31/1 4918/28/1
f 4921/35/1 4922/28/1 4923/39/1
f 4921/35/1 4924/31/1 4922/28/1
f 4925/35/1 4926/28/1 4927/39/1
f 4925/35/1 4928/31/1 4926/28/1
f 4929/35/1 4930/28/1 4931/39/1
f 4929/35/1 4932/31/1 4930/28/1
f 4933/35/1 4934/28/1 4935/39/1
f 4933/35/1 4936/31/1 4934/28/1
f 4937/35/1 4938/28/1 4939/39/1
f 4937/35/1 4940/31/1 4938/28/1
f 4941/35/1 4942/28/1 4943/39/1
f 4941/35/1 4944/31/1 4942/28/1
f 4945/35/1 4946/28/1 4947/39/1
f 4945/35/1 4948/31/1 4946/28/1
f 4949/35/1 4950/28/1 4951/39/1
f 4949/35/1 4952/31/1 4950/28/1
f 4953/35/1 4954/28/1 4955/39/1
f 4953/35/1 4956/31/1 4954/28/1
f 4957/35/1 4958/28/1 4959/39/1
f 4957/35/1 4960/31/1 4958/28/1
f 4961/35/1 4962/28/1 4963/39/1
f 4961/35/1 4964/31/1 4962/28/1
f 4965/35/1 4966/28/1 4967/39/1
f 4965/35/1 4968/31/1 4966/28/1
f 4969/35/1 4970/28/1 4971/39/1
f 4969/35/1 4972/31/1 4970/28/1
f 4973/35/1 4974/28/1 4975/39/1
f 4973/35/1 4976/31/1 4974/28/1
f 4977/35/1 4978/28/1 4979/39/1
f 4977/35/1 4980/31/1 4978/28/1
f 4981/35/1 4982/28/1 4983/39/1
f 4981/35/1 4984/31/1 4982/28/1
f 4985/35/1 4986/28/1 4987/39/1
f 4985/35/1 4988/31/1 4986/28/1
f 4989/35/1 4990/28/1 4991/39/1
f 4989/35/1 4992/31/1 4990/28/1
f 4993/35/1 4994/28/1 4995/39/1
f 4993/35/1 4996/31/1 4994/28/1
f 4997/35/1 4998/28/1 4999/39/1
f 4997/35/1 5000/31/1 4998/28/1
f 5001/35/1 5002/28/1 5003/39/1
f 5001/35/1 5004/31/1 5002/28/1
f 5005/35/1 5006/28/1 5007/39/1
f 5005/35/1 5008/31/1 5006/28/1
f 5009/35/1 5010/28/1 5011/39/1
f 5009/35/1 5012/31/1 5010/28/1
f 5013/35/1 5014/28/1 5015/39/1
f 5013/35/1 5016/31/1 5014/28/1
f 5017/35/1 5018/28/1 5019/39/1
f 5017/35/1 5020/31/1 5018/28/1
f 5021/35/1 5022/28/1 5023/39/1
f 5021/35/1 5024/31/1 5022/28/1
f 5025/35/1 5026/28/1 5027/39/1
f 5025/35/1 5028/31/1 5026/28/1
f 5029/35/1 5030/28/1 5031/39/1
f 5029/35/1 5032/31/1 5030/28/1
f 5033/35/1 5034/28/1 5035/39/1
f 5033/35/1 5036/31/1 5034/28/1
f 5037/35/1 5038/28/1 5039/39/1
f 5037/35/1 5040/31/1 5038/28/1
f 5041/35/1 5042/28/1 5043/39/1
f 5041/35/1 5044/31/1 5042/28/1
f 5045/35/1 5046/28/1 5047/39/1
f 5045/35/1 5048/31/1 5046/28/1
f 5049/35/1 5050/28/1 5051/39/1
f 5049/35/1 5052/31/1 5050/28/1
f 5053/35/1 5054/28/1 5055/39/1
f 5053/35/1 5056/31/1 5054/28/1
f 5057/35/1 5058/28/1 5059/39/1
f 5057/35/1 5060/31/1 5058/28/1
f 5061/35/1 5062/28/1 5063/39/1
f 5061/35/1 5064/31/1 5062/28/1
f 5065/35/1 5066/28/1 5067/39/1
f 5065/35/1 5068/31/1 5066/28/1
f 5069/35/1 5070/28/1 5071/39/1
f 5069/35/1 5072/31/1 5070/28/1
f 5073/35/1 5074/28/1 5075/39/1
f 5073/35/1 5076/31/1 5074/28/1
f 5077/35/1 5078/28/1 5079/39/1
f 5077/35/1 5080/31/1 5078/28/1
f 5081/35/1 5082/28/1 5083/39/1
f 5081/35/1 5084/31/1 5082/28/1
f 5085/35/1 5086/28/1 5087/39/1
f 5085/35/1 5088/31/1 5086/28/1
f 5089/35/1 5090/28/1 5091/39/1
f 5089/35/1 5092/31/1 5090/28/1
f 5093/35/1 5094/28/1 5095/39/1
f 5093/35/1 5096/31/1 5094/28/1
f 5097/35/1 5098/28/1 5099/39/1
f 5097/35/1 5100/31/1 5098/28/1
f 5101/35/1 5102/28/1 5103/39/1
f 5101/35/1 5104/31/1 5102/28/1
f 5105/35/1 5106/28/1 5107/39/1
f 5105/35/1 5108/31/1 5106/28/1
f 5109/35/1 5110/28/1 5111/39/1
f 5109/35/1 5112/31/1 5110/28/1
f 5113/35/1 5114/28/1 5115/39/1
f 5113/35/1 5116/31/1 5114/28/1
f 5117/35/1 5118/28/1 5119/39/1
f 5117/35/1 5120/31/1 5118/28/1
f 5121/35/1 5122/28/1 5123/39/1
f 5121/35/1 5124/31/1 5122/28/1
f 5125/35/1 5126/28/1 5127/39/1
f 5125/35/1 5128/31/1 5126/28/1
f 5129/35/1 5130/28/1 5131/39/1
f 5129/35/1 5132/31/1 5130/28/1
f 5133/35/1 5134/28/1 5135/39/1
f 5133/35/1 5136/31/1 5134/28/1
f 5137/35/1 5138/28/1 5139/39/1
f 5137/35/1 5140/31/1 5138/28/1
f 5141/35/1 5142/28/1 5143/39/1
f 5141/35/1 5144/31/1 5142/28/1
f 5145/35/1 5146/28/1 5147/39/1
f 5145/35/1 5148/31/1 5146/28/1
f 5149/35/1 5150/28/1 5151/39/1
f 5149/35/1 5152/31/1 5150/28/1
f 5153/35/1 5154/28/1 5155/39/1
f 5153/35/1 5156/31/1 5154/28/1
f 5157/35/1 5158/28/1 5159/39/1
f 5157/35/1 5160/31/1 5158/28/1
f 5161/35/1 5162/28/1 5163/39/1
f 5161/35/1 5164/31/1 5162/28/1
f 5165/35/1 5166/28/1 5167/39/1
f 5165/35/1 5168/31/1 5166/28/1
f 5169/35/1 5170/28/1 5171/39/1
f 5169/35/1 5172/31/1 5170/28/1
f 5173/35/1 5174/28/1 5175/39/1
f 5173/35/1 5176/31/1 5174/28/1
f 5177/35/1 5178/28/1 5179/39/1
f 5177/35/1 5180/31/1 5178/28/1
f 5181/35/1 5182/28/1 5183/39/1
f 5181/35/1 5184/31/1 5182/28/1
f 5185/35/1 5186/28/1 5187/39/1
f 5185/35/1 5188/31/1 5186/28/1
f 5189/35/1 5190/28/1 5191/39/1
f 5189/35/1 5192/31/1 5190/28/1
f 5193/35/1 5194/28/1 5195/39/1
f 5193/35/1 5196/31/1 5194/28/1
f 5197/35/1 5198/28/1 5199/39/1
f 5197/35/1 5200/31/1 5198/28/1
f 5201/35/1 5202/28/1 5203/39/1
f 5201/35/1 5204/31/1 5202/28/1
f 5205/35/1 5206/28/1 5207/39/1
f 5205/35/1 5208/31/1 5206/28/1
f 5209/35/1 5210/28/1 5211/39/1
f 5209/35/1 5212/31/1 5210/28/1
f 5213/35/1 5214/28/1 5215/39/1
f 5213/35/1 5216/31/1 5214/28/1
f 5217/35/1 5218/28/1 5219/39/1
f 5217/35/1 5220/31/1 5218/28/1
f 5221/35/1 5222/28/1 5223/39/1
f 5221/35/1 5224/31/1 5222/28/1
f 5225/35/1 5226/28/1 5227/39/1
f 5225/35/1 5228/31/1 5226/28/1
f 5229/35/1 5230/28/1 5231/39/1
f 5229/35/1 5232/31/1 5230/28/1
f 5233/35/1 5234/28/1 5235/39/1
f 5233/35/1 5236/31/1 5234/28/1
f 5237/35/1 5238/28/1 5239/39/1
f 5237/35/1 5240/31/1 5238/28/1
f 5241/35/1 5242/28/1 5243/39/1
f 5241/35/1 5244/31/1 5242/28/1
f 5245/35/1 5246/28/1 5247/39/1
f 5245/35/1 5248/31/1 5246/28/1
f 5249/35/1 5250/28/1 5251/39/1
f 5249/35/1 5252/31/1 5250/28/1
f 5253/35/1 5254/28/1 5255/39/1
f 5253/35/1 5256/31/1 5254/28/1
f 5257/35/1 5258/28/1 5259/39/1
f 5257/35/1 5260/31/1 5258/28/1
f 5261/35/1 5262/28/1 5263/39/1
f 5261/35/1 5264/31/1 5262/28/1
f 5265/35/1 5266/28/1 5267/39/1
f 5265/35/1 5268/31/1 5266/28/1
f 5269/35/1 5270/28/1 5271/39/1
f 5269/35/1 5272/31/1 5270/28/1
f 5273/35/1 5274/28/1 5275/39/1
f 5273/35/1 5276/31/1 5274/28/1
f 5277/35/1 5278/28/1 5279/39/1
f 5277/35/1 5280/31/1 5278/28/1
f 5281/35/1 5282/28/1 5283/39/1
f 5281/35/1 5284/31/1 5282/28/1
f 5285/35/1 5286/28/1 5287/39/1
f 5285/35/1 5288/31/1 5286/28/1
f 5289/35/1 5290/28/1 5291/39/1
f 5289/35/1 5292/31/1 5290/28/1
f 5293/35/1 5294/28/1 5295/39/1
f 5293/35/1 5296/31/1 5294/28/1
f 5297/35/1 5298/28/1 5299/39/1
f 5297/35/1 5300/31/1 5298/28/1
f 5301/35/1 5302/28/1 5303/39/1
f 5301/35/1 5304/31/1 5302/28/1
f 5305/35/1 5306/28/1 5307/39/1
f 5305/35/1 5308/31/1 5306/28/1
f 5309/35/1 5310/28/1 5311/39/1
f 5309/35/1 5312/31/1 5310/28/1
f 5313/35/1 5314/28/1 5315/39/1
f 5313/35/1 5316/31/1 5314/28/1
f 5317/35/1 5318/28/1 5319/39/1
f 5317/35/1 5320/31/1 5318/28/1
f 5321/35/1 5322/28/1 5323/39/1
f 5321/35/1 5324/31/1 5322/28/1
f 5325/35/1 5326/28/1 5327/39/1
f 5325/35/1 5328/31/1 5326/28/1
f 5329/35/1 5330/28/1 5331/39/1
f 5329/35/1 5332/31/1 5330/28/1
f 5333/35/1 5334/28/1 5335/39/1
f 5333/35/1 5336/31/1 5334/28/1
f 5337/35/1 5338/28/1 5339/39/1
f 5337/35/1 5340/31/1 5338/28/1
f 5341/35/1 5342/28/1 5343/39/1
f 5341/35/1 5344/31/1 5342/28/1
f 5345/35/1 5346/28/1 5347/39/1
f 5345/35/1 5348/31/1 5346/28/1
f 5349/35/1 5350/28/1 5351/39/1
f 5349/35/1 5352/31/1 5350/28/1
f 5353/35/1 5354/28/1 5355/39/1
f 5353/35/1 5356/31/1 5354/28/1
f 5357/35/1 5358/28/1 5359/39/1
f 5357/35/1 5360/31/1 5358/28/1
f 5361/35/1 5362/28/1 5363/39/1
f 5361/35/1 5364/31/1 5362/28/1
f 5365/35/1 5366/28/1 5367/39/1
f 5365/35/1 5368/31/1 5366/28/1
f 5369/35/1 5370/28/1 5371/39/1
f 5369/35/1 5372/31/1 5370/28/1
f 5373/35/1 5374/28/1 5375/39/1
f 5373/35/1 5376/31/1 5374/28/1
f 5377/35/1 5378/28/1 5379/39/1
f 5377/35/1 5380/31/1 5378/28/1
f 5381/13/1 5382/14/1 5383/15/1
f 5381/13/1 5384/16/1 5382/14/1
f 5385/13/1 5386/14/1 5387/15/1
f 5385/13/1 5388/16/1 5386/14/1
f 5389/13/1 5390/14/1 5391/15/1
f 5389/13/1 5392/16/1 5390/14/1
f 5393/13/1 5394/14/1 5395/15/1
f 5393/13/1 5396/16/1 5394/14/1
f 5397/13/1 5398/14/1 5399/15/1
f 5397/13/1 5400/16/1 5398/14/1
f 5401/13/1 5402/14/1 5403/15/1
f 5401/13/1 5404/16/1 5402/14/1
f 5405/13/1 5406/14/1 5407/15/1
f 5405/13/1 5408/16/1 5406/14/1
f 5409/17/5 5410/15/5 5411/18/5
f 5409/17/5 5412/14/5 5410/15/5
f 5413/17/4 5414/15/4 5415/18/4
f 5413/17/4 5416/14/4 5414/15/4
f 5417/17/2 5418/15/2 5419/18/2
f 5417/17/2 5420/14/2 5418/15/2
f 5421/17/5 5422/15/5 5423/18/5
f 5421/17/5 5424/14/5 5422/15/5
f 5425/17/2 5426/15/2 5427/18/2
f 5425/17/2 5428/14/2 5426/15/2
f 5429/17/3 5430/15/3 5431/18/3
f 5429/17/3 5432/14/3 5430/15/3
f 5433/17/5 5434/15/5 5435/18/5
f 5433/17/5 5436/14/5 5434/15/5
f 5437/17/4 5438/15/4 5439/18/4
f 5437/17/4 5440/14/4 5438/15/4
f 5441/17/2 5442/15/2 5443/18/2
f 5441/17/2 5444/14/2 5442/15/2
f 5445/17/3 5446/15/3 5447/18/3
f 5445/17/3 5448/14/3 5446/15/3
f 5449/17/4 5450/15/4 5451/18/4
f 5449/17/4 5452/14/4 5450/15/4
f 5453/17/5 5454/15/5 5455/18/5
f 5453/17/5 5456/14/5 5454/15/5
f 5457/17/2 5458/15/2 5459/18/2
f 5457/17/2 5460/14/2 5458/15/2
f 5461/17/5 5462/15/5 5463/18/5
f 5461/17/5 5464/14/5 5462/15/5
f 5465/17/2 5466/15/2 5467/18/2
f 5465/17/2 5468/14/2 5466/15/2
f 5469/17/3 5470/15/3 5471/18/3
f 5469/17/3 5472/14/3 5470/15/3
f 5473/17/5 5474/15/5 5475/18/5
f 5473/17/5 5476/14/5 5474/15/5
f 5477/17/2 5478/15/2 5479/18/2
f 5477/17/2 5480/14/2 5478/15/2
f 5481/40/7 5482/41/7 5483/42/7
f 5481/40/7 5484/26/7 5482/41/7
f 5485/40/7 5486/41/7 5487/42/7
f 5485/40/7 5488/26/7 5486/41/7
f 5489/40/7 5490/41/7 5491/42/7
f 5489/40/7 5492/26/7 5490/41/7
f 5493/40/7 5494/41/7 5495/42/7
f 5493/40/7 5496/26/7 5494/41/7
f 5497/19/1 5498/20/1 5499/21/1
f 5497/19/1 5500/22/1 5498/20/1
f 5501/19/1 5502/20/1 5503/21/1
f 5501/19/1 5504/22/1 5502/20/1
f 5505/19/3 5506/20/3 5507/21/3
f 5505/19/3 5508/22/3 5506/20/3
f 5509/19/1 5510/20/1 5511/21/1
f 5509/19/1 5512/22/1 5510/20/1
f 5513/19/6 5514/20/6 5515/21/6
f 5513/19/6 5516/22/6 5514/20/6
f 5517/19/1 5518/20/1 5519/21/1
f 5517/19/1 5520/22/1 5518/20/1
f 5521/19/4 5522/20/4 5523/21/4
f 5521/19/4 5524/22/4 5522/20/4
f 5525/40/5 5526/41/5 5527/42/5
f 5525/40/5 5528/26/5 5526/41/5
f 5529/40/5 5530/41/5 5531/42/5
f 5529/40/5 5532/26/5 5530/41/5
f 5533/40/5 5534/41/5 5535/42/5
f 5533/40/5 5536/26/5 5534/41/5
f 5537/40/5 5538/41/5 5539/42/5
f 5537/40/5 5540/26/5 5538/41/5
f 5541/40/7 5542/41/7 5543/42/7
f 5541/40/7 5544/26/7 5542/41/7
f 5545/40/7 5546/41/7 5547/42/7
f 5545/40/7 5548/26/7 5546/41/7
f 5549/40/7 5550/41/7 5551/42/7
f 5549/40/7 5552/26/7 5550/41/7
f 5553/40/7 5554/41/7 5555/42/7
f 5553/40/7 5556/26/7 5554/41/7
f 5557/19/1 5558/20/1 5559/21/1
f 5557/19/1 5560/22/1 5558/20/1
f 5561/19/1 5562/20/1 5563/21/1
f 5561/19/1 5564/22/1 5562/20/1
f 5565/19/3 5566/20/3 5567/21/3
f 5565/19/3 5568/22/3 5566/20/3
f 5569/19/1 5570/20/1 5571/21/1
f 5569/19/1 5572/22/1 5570/20/1
f 5573/19/6 5574/20/6 5575/21/6
f 5573/19/6 5576/22/6 5574/20/6
f 5577/19/1 5578/20/1 5579/21/1
f 5577/19/1 5580/22/1 5578/20/1
f 5581/19/4 5582/20/4 5583/21/4
f 5581/19/4 5584/22/4 5582/20/4
f 5585/40/5 5586/41/5 5587/42/5
f 5585/40/5 5588/26/5 5586/41/5
f 5589/40/5 5590/41/5 5591/42/5
f 5589/40/5 5592/26/5 5590/41/5
f 5593/40/5 5594/41/5 5595/42/5
f 5593/40/5 5596/26/5 5594/41/5
f 5597/40/5 5598/41/5 5599/42/5
f 5597/40/5 5600/26/5 5598/41/5
f 5601/40/7 5602/41/7 5603/42/7
f 5601/40/7 5604/26/7 5602/41/7
f 5605/40/7 5606/41/7 5607/42/7
f 5605/40/7 5608/26/7 5606/41/7
f 5609/40/7 5610/41/7 5611/42/7
f 5609/40/7 5612/26/7 5610/41/7
f 5613/40/7 5614/41/7 5615/42/7
f 5613/40/7 5616/26/7 5614/41/7
f 5617/19/1 5618/20/1 5619/21/1
f 5617/19/1 5620/22/1 5618/20/1
f 5621/19/1 5622/20/1 5623/21/1
f 5621/19/1 5624/22/1 5622/20/1
f 5625/19/3 5626/20/3 5627/21/3
f 5625/19/3 5628/22/3 5626/20/3
f 5629/19/1 5630/20/1 5631/21/1
f 5629/19/1 5632/22/1 5630/20/1
f 5633/19/6 5634/20/6 5635/21/6
f 5633/19/6 5636/22/6 5634/20/6
f 5637/19/1 5638/20/1 5639/21/1
f 5637/19/1 5640/22/1 5638/20/1
f 5641/19/4 5642/20/4 5643/21/4
f 5641/19/4 5644/22/4 5642/20/4
f 5645/40/5 5646/41/5 5647/42/5
f 5645/40/5 5648/26/5 5646/41/5
f 5649/40/5 5650/41/5 5651/42/5
f 5649/40/5 5652/26/5 5650/41/5
f 5653/40/5 5654/41/5 5655/42/5
f 5653/40/5 5656/26/5 5654/41/5
f 5657/40/5 5658/41/5 5659/42/5
f 5657/40/5 5660/26/5 5658/41/5
f 5661/13/1 5662/14/1 5663/15/1
f 5661/13/1 5664/16/1 5662/14/1
f 5665/13/1 5666/14/1 5667/15/1
f 5665/13/1 5668/16/1 5666/14/1
f 5669/13/1 5670/14/1 5671/15/1
f 5669/13/1 5672/16/1 5670/14/1
f 5673/13/1 5674/14/1 5675/15/1
f 5673/13/1 5676/16/1 5674/14/1
f 5677/13/1 5678/14/1 5679/15/1
f 5677/13/1 5680/16/1 5678/14/1
f 5681/13/1 5682/14/1 5683/15/1
f 5681/13/1 5684/16/1 5682/14/1
f 5685/13/1 5686/14/1 5687/15/1
f 5685/13/1 5688/16/1 5686/14/1
f 5689/13/1 5690/14/1 5691/15/1
f 5689/13/1 5692/16/1 5690/14/1
f 5693/13/1 5694/14/1 5695/15/1
f 5693/13/1 5696/16/1 5694/14/1
f 5697/17/3 5698/15/3 5699/18/3
f 5697/17/3 5700/14/3 5698/15/3
f 5701/17/5 5702/15/5 5703/18/5
f 5701/17/5 5704/14/5 5702/15/5
f 5705/17/2 5706/15/2 5707/18/2
f 5705/17/2 5708/14/2 5706/15/2
f 5709/17/5 5710/15/5 5711/18/5
f 5709/17/5 5712/14/5 5710/15/5
f 5713/17/2 5714/15/2 5715/18/2
f 5713/17/2 5716/14/2 5714/15/2
f 5717/17/5 5718/15/5 5719/18/5
f 5717/17/5 5720/14/5 5718/15/5
f 5721/17/2 5722/15/2 5723/18/2
f 5721/17/2 5724/14/2 5722/15/2
f 5725/17/5 5726/15/5 5727/18/5
f 5725/17/5 5728/14/5 5726/15/5
f 5729/17/2 5730/15/2 5731/18/2
f 5729/17/2 5732/14/2 5730/15/2
f 5733/17/5 5734/15/5 5735/18/5
f 5733/17/5 5736/14/5 5734/15/5
f 5737/17/2 5738/15/2 5739/18/2
f 5737/17/2 5740/14/2 5738/15/2
f 5741/17/5 5742/15/5 5743/18/5
f 5741/17/5 5744/14/5 5742/15/5
f 5745/17/2 5746/15/2 5747/18/2
f 5745/17/2 5748/14/2 5746/15/2
f 5749/17/5 5750/15/5 5751/18/5
f 5749/17/5 5752/14/5 5750/15/5
f 5753/17/2 5754/15/2 5755/18/2
f 5753/17/2 5756/14/2 5754/15/2
f 5757/17/5 5758/15/5 5759/18/5
f 5757/17/5 5760/14/5 5758/15/5
f 5761/17/2 5762/15/2 5763/18/2
f 5761/17/2 5764/14/2 5762/15/2
f 5765/17/5 5766/15/5 5767/18/5
f 5765/17/5 5768/14/5 5766/15/5
f 5769/17/4 5770/15/4 5771/18/4
f 5769/17/4 5772/14/4 5770/15/4
f 5773/17/2 5774/15/2 5775/18/2
f 5773/17/2 5776/14/2 5774/15/2
f 5777/24/1 5778/14/1 5779/15/1
f 5777/24/1 5780/23/1 5778/14/1
f 5781/24/1 5782/14/1 5783/15/1
f 5781/24/1 5784/23/1 5782/14/1
f 5785/24/1 5786/14/1 5787/15/1
f 5785/24/1 5788/23/1 5786/14/1
f 5789/24/1 5790/14/1 5791/15/1
f 5789/24/1 5792/23/1 5790/14/1
f 5793/24/1 5794/14/1 5795/15/1
f 5793/24/1 5796/23/1 5794/14/1
f 5797/24/1 5798/14/1 5799/15/1
f 5797/24/1 5800/23/1 5798/14/1
f 5801/24/1 5802/14/1 5803/15/1
f 5801/24/1 5804/23/1 5802/14/1
f 5805/24/1 5806/14/1 5807/15/1
f 5805/24/1 5808/23/1 5806/14/1
f 5809/24/1 5810/14/1 5811/15/1
f 5809/24/1 5812/23/1 5810/14/1
f 5813/24/1 5814/14/1 5815/15/1
f 5813/24/1 5816/23/1 5814/14/1
f 5817/24/1 5818/14/1 5819/15/1
f 5817/24/1 5820/23/1 5818/14/1
f 5821/24/1 5822/14/1 5823/15/1
f 5821/24/1 5824/23/1 5822/14/1
f 5825/24/1 5826/14/1 5827/15/1
f 5825/24/1 5828/23/1 5826/14/1
f 5829/24/1 5830/14/1 5831/15/1
f 5829/24/1 5832/23/1 5830/14/1
f 5833/24/1 5834/14/1 5835/15/1
f 5833/24/1 5836/23/1 5834/14/1
f 5837/24/1 5838/14/1 5839/15/1
f 5837/24/1 5840/23/1 5838/14/1
f 5841/24/1 5842/14/1 5843/15/1
f 5841/24/1 5844/23/1 5842/14/1
f 5845/43/4 5846/15/4 5847/44/4
f 5845/43/4 5848/14/4 5846/15/4
f 5849/43/2 5850/15/2 5851/44/2
f 5849/43/2 5852/14/2 5850/15/2
f 5853/43/3 5854/15/3 5855/44/3
f 5853/43/3 5856/14/3 5854/15/3
f 5857/43/4 5858/15/4 5859/44/4
f 5857/43/4 5860/14/4 5858/15/4
f 5861/43/3 5862/15/3 5863/44/3
f 5861/43/3 5864/14/3 5862/15/3
f 5865/43/4 5866/15/4 5867/44/4
f 5865/43/4 5868/14/4 5866/15/4
f 5869/43/3 5870/15/3 5871/44/3
f 5869/43/3 5872/14/3 5870/15/3
f 5873/43/4 5874/15/4 5875/44/4
f 5873/43/4 5876/14/4 5874/15/4
f 5877/43/3 5878/15/3 5879/44/3
f 5877/43/3 5880/14/3 5878/15/3
f 5881/43/4 5882/15/4 5883/44/4
f 5881/43/4 5884/14/4 5882/15/4
f 5885/43/3 5886/15/3 5887/44/3
f 5885/43/3 5888/14/3 5886/15/3
f 5889/43/4 5890/15/4 5891/44/4
f 5889/43/4 5892/14/4 5890/15/4
f 5893/43/3 5894/15/3 5895/44/3
f 5893/43/3 5896/14/3 5894/15/3
f 5897/43/4 5898/15/4 5899/44/4
f 5897/43/4 5900/14/4 5898/15/4
f 5901/43/3 5902/15/3 5903/44/3
f 5901/43/3 5904/14/3 5902/15/3
f 5905/43/4 5906/15/4 5907/44/4
f 5905/43/4 5908/14/4 5906/15/4
f 5909/43/3 5910/15/3 5911/44/3
f 5909/43/3 5912/14/3 5910/15/3
f 5913/43/4 5914/15/4 5915/44/4
f 5913/43/4 5916/14/4 5914/15/4
f 5917/43/3 5918/15/3 5919/44/3
f 5917/43/3 5920/14/3 5918/15/3
f 5921/43/4 5922/15/4 5923/44/4
f 5921/43/4 5924/14/4 5922/15/4
f 5925/43/3 5926/15/3 5927/44/3
f 5925/43/3 5928/14/3 5926/15/3
f 5929/43/4 5930/15/4 5931/44/4
f 5929/43/4 5932/14/4 5930/15/4
f 5933/43/3 5934/15/3 5935/44/3
f 5933/43/3 5936/14/3 5934/15/3
f 5937/43/4 5938/15/4 5939/44/4
f 5937/43/4 5940/14/4 5938/15/4
f 5941/43/3 5942/15/3 5943/44/3
f 5941/43/3 5944/14/3 5942/15/3
f 5945/43/4 5946/15/4 5947/44/4
f 5945/43/4 5948/14/4 5946/15/4
f 5949/43/3 5950/15/3 5951/44/3
f 5949/43/3 5952/14/3 5950/15/3
f 5953/43/4 5954/15/4 5955/44/4
f 5953/43/4 5956/14/4 5954/15/4
f 5957/43/3 5958/15/3 5959/44/3
f 5957/43/3 5960/14/3 5958/15/3
f 5961/43/4 5962/15/4 5963/44/4
f 5961/43/4 5964/14/4 5962/15/4
f 5965/43/3 5966/15/3 5967/44/3
f 5965/43/3 5968/14/3 5966/15/3
f 5969/43/4 5970/15/4 5971/44/4
f 5969/43/4 5972/14/4 5970/15/4
f 5973/43/3 5974/15/3 5975/44/3
f 5973/43/3 5976/14/3 5974/15/3
f 5977/43/5 5978/15/5 5979/44/5
f 5977/43/5 5980/14/5 5978/15/5
f 5981/43/4 5982/15/4 5983/44/4
f 5981/43/4 5984/14/4 5982/15/4
f 5985/43/3 5986/15/3 5987/44/3
f 5985/43/3 5988/14/3 5986/15/3
f 5989/40/7 5990/41/7 5991/42/7
f 5989/40/7 5992/26/7 5990/41/7
f 5993/40/7 5994/41/7 5995/42/7
f 5993/40/7 5996/26/7 5994/41/7
f 5997/40/7 5998/41/7 5999/42/7
f 5997/40/7 6000/26/7 5998/41/7
f 6001/40/7 6002/41/7 6003/42/7
f 6001/40/7 6004/26/7 6002/41/7
f 6005/19/1 6006/20/1 6007/21/1
f 6005/19/1 6008/22/1 6006/20/1
f 6009/19/1 6010/20/1 6011/21/1
f 6009/19/1 6012/22/1 6010/20/1
f 6013/19/3 6014/20/3 6015/21/3
f 6013/19/3 6016/22/3 6014/20/3
f 6017/19/1 6018/20/1 6019/21/1
f 6017/19/1 6020/22/1 6018/20/1
f 6021/19/6 6022/20/6 6023/21/6
f 6021/19/6 6024/22/6 6022/20/6
f 6025/19/1 6026/20/1 6027/21/1
f 6025/19/1 6028/22/1 6026/20/1
f 6029/19/4 6030/20/4 6031/21/4
f 6029/19/4 6032/22/4 6030/20/4
f 6033/40/5 6034/41/5 6035/42/5
f 6033/40/5 6036/26/5 6034/41/5
f 6037/40/5 6038/41/5 6039/42/5
f 6037/40/5 6040/26/5 6038/41/5
f 6041/40/5 6042/41/5 6043/42/5
f 6041/40/5 6044/26/5 6042/41/5
f 6045/40/5 6046/41/5 6047/42/5
f 6045/40/5 6048/26/5 6046/41/5
f 6049/13/1 6050/14/1 6051/15/1
f 6049/13/1 6052/16/1 6050/14/1
f 6053/17/2 6054/15/2 6055/18/2
f 6053/17/2 6056/14/2 6054/15/2
f 6057/17/3 6058/15/3 6059/18/3
f 6057/17/3 6060/14/3 6058/15/3
f 6061/17/5 6062/15/5 6063/18/5
f 6061/17/5 6064/14/5 6062/15/5
f 6065/17/4 6066/15/4 6067/18/4
f 6065/17/4 6068/14/4 6066/15/4
f 6069/17/4 6070/15/4 6071/18/4
f 6069/17/4 6072/14/4 6070/15/4
f 6073/17/3 6074/15/3 6075/18/3
f 6073/17/3 6076/14/3 6074/15/3
f 6077/17/4 6078/15/4 6079/18/4
f 6077/17/4 6080/14/4 6078/15/4
f 6081/17/3 6082/15/3 6083/18/3
f 6081/17/3 6084/14/3 6082/15/3
f 6085/17/2 6086/15/2 6087/18/2
f 6085/17/2 6088/14/2 6086/15/2
f 6089/13/1 6090/14/1 6091/15/1
f 6089/13/1 6092/16/1 6090/14/1
f 6093/13/1 6094/14/1 6095/15/1
f 6093/13/1 6096/16/1 6094/14/1
f 6097/17/5 6098/15/5 6099/18/5
f 6097/17/5 6100/14/5 6098/15/5
f 6101/43/2 6102/15/2 6103/44/2
f 6101/43/2 6104/14/2 6102/15/2
f 6105/43/4 6106/15/4 6107/44/4
f 6105/43/4 6108/14/4 6106/15/4
f 6109/43/5 6110/15/5 6111/44/5
f 6109/43/5 6112/14/5 6110/15/5
f 6113/43/5 6114/15/5 6115/44/5
f 6113/43/5 6116/14/5 6114/15/5
f 6117/43/2 6118/15/2 6119/44/2
f 6117/43/2 6120/14/2 6118/15/2
f 6121/24/1 6122/14/1 6123/15/1
f 6121/24/1 6124/23/1 6122/14/1
f 6125/24/1 6126/14/1 6127/15/1
f 6125/24/1 6128/23/1 6126/14/1
f 6129/43/5 6130/15/5 6131/44/5
f 6129/43/5 6132/14/5 6130/15/5
f 6133/43/2 6134/15/2 6135/44/2
f 6133/43/2 6136/14/2 6134/15/2
f 6137/43/3 6138/15/3 6139/44/3
f 6137/43/3 6140/14/3 6138/15/3
f 6141/43/2 6142/15/2 6143/44/2
f 6141/43/2 6144/14/2 6142/15/2
f 6145/43/5 6146/15/5 6147/44/5
f 6145/43/5 6148/14/5 6146/15/5
f 6149/43/2 6150/15/2 6151/44/2
f 6149/43/2 6152/14/2 6150/15/2
f 6153/24/1 6154/14/1 6155/15/1
f 6153/24/1 6156/23/1 6154/14/1
f 6157/43/5 6158/15/5 6159/44/5
f 6157/43/5 6160/14/5 6158/15/5
f 6161/43/2 6162/15/2 6163/44/2
f 6161/43/2 6164/14/2 6162/15/2
f 6165/43/5 6166/15/5 6167/44/5
f 6165/43/5 6168/14/5 6166/15/5
f 6169/43/2 6170/15/2 6171/44/2
f 6169/43/2 6172/14/2 6170/15/2
f 6173/43/5 6174/15/5 6175/44/5
f 6173/43/5 6176/14/5 6174/15/5
f 6177/43/2 6178/15/2 6179/44/2
f 6177/43/2 6180/14/2 6178/15/2
f 6181/24/1 6182/14/1 6183/15/1
f 6181/24/1 6184/23/1 6182/14/1
f 6185/24/1 6186/14/1 6187/15/1
f 6185/24/1 6188/23/1 6186/14/1
f 6189/24/1 6190/14/1 6191/15/1
f 6189/24/1 6192/23/1 6190/14/1
f 6193/43/5 6194/15/5 6195/44/5
f 6193/43/5 6196/14/5 6194/15/5
f 6197/24/1 6198/14/1 6199/15/1
f 6197/24/1 6200/23/1 6198/14/1
f 6201/43/2 6202/15/2 6203/44/2
f 6201/43/2 6204/14/2 6202/15/2
f 6205/24/1 6206/14/1 6207/15/1
f 6205/24/1 6208/23/1 6206/14/1
f 6209/43/5 6210/15/5 6211/44/5
f 6209/43/5 6212/14/5 6210/15/5
f 6213/43/5 6214/15/5 6215/44/5
f 6213/43/5 6216/14/5 6214/15/5
f 6217/43/2 6218/15/2 6219/44/2
f 6217/43/2 6220/14/2 6218/15/2
f 6221/24/1 6222/14/1 6223/15/1
f 6221/24/1 6224/23/1 6222/14/1
f 6225/24/1 6226/14/1 6227/15/1
f 6225/24/1 6228/23/1 6226/14/1
f 6229/25/1 6230/26/1 6231/27/1
f 6229/25/1 6232/28/1 6230/26/1
f 6233/25/1 6234/26/1 6235/27/1
f 6233/25/1 6236/28/1 6234/26/1
f 6237/25/1 6238/26/1 6239/27/1
f 6237/25/1 6240/28/1 6238/26/1
f 6241/25/1 6242/26/1 6243/27/1
f 6241/25/1 6244/28/1 6242/26/1
f 6245/25/1 6246/26/1 6247/27/1
f 6245/25/1 6248/28/1 6246/26/1
f 6249/25/1 6250/26/1 6251/27/1
f 6249/25/1 6252/28/1 6250/26/1
f 6253/25/1 6254/26/1 6255/27/1
f 6253/25/1 6256/28/1 6254/26/1
f 6257/25/1 6258/26/1 6259/27/1
f 6257/25/1 6260/28/1 6258/26/1
f 6261/25/1 6262/26/1 6263/27/1
f 6261/25/1 6264/28/1 6262/26/1
f 6265/25/1 6266/26/1 6267/27/1
f 6265/25/1 6268/28/1 6266/26/1
f 6269/25/1 6270/26/1 6271/27/1
f 6269/25/1 6272/28/1 6270/26/1
f 6273/25/1 6274/26/1 6275/27/1
f 6273/25/1 6276/28/1 6274/26/1
f 6277/25/1 6278/26/1 6279/27/1
f 6277/25/1 6280/28/1 6278/26/1
f 6281/25/1 6282/26/1 6283/27/1
f 6281/25/1 6284/28/1 6282/26/1
f 6285/25/1 6286/26/1 6287/27/1
f 6285/25/1 6288/28/1 6286/26/1
f 6289/25/1 6290/26/1 6291/27/1
f 6289/25/1 6292/28/1 6290/26/1
f 6293/25/1 6294/26/1 6295/27/1
f 6293/25/1 6296/28/1 6294/26/1
f 6297/25/1 6298/26/1 6299/27/1
f 6297/25/1 6300/28/1 6298/26/1
f 6301/25/1 6302/26/1 6303/27/1
f 6301/25/1 6304/28/1 6302/26/1
f 6305/25/1 6306/26/1 6307/27/1
f 6305/25/1 6308/28/1 6306/26/1
f 6309/25/1 6310/26/1 6311/27/1
f 6309/25/1 6312/28/1 6310/26/1
f 6313/25/1 6314/26/1 6315/27/1
f 6313/25/1 6316/28/1 6314/26/1
f 6317/25/1 6318/26/1 6319/27/1
f 6317/25/1 6320/28/1 6318/26/1
f 6321/25/1 6322/26/1 6323/27/1
f 6321/25/1 6324/28/1 6322/26/1
f 6325/25/1 6326/26/1 6327/27/1
f 6325/25/1 6328/28/1 6326/26/1
f 6329/25/1 6330/26/1 6331/27/1
f 6329/25/1 6332/28/1 6330/26/1
f 6333/25/1 6334/26/1 6335/27/1
f 6333/25/1 6336/28/1 6334/26/1
f 6337/25/1 6338/26/1 6339/27/1
f 6337/25/1 6340/28/1 6338/26/1
f 6341/25/1 6342/26/1 6343/27/1
f 6341/25/1 6344/28/1 6342/26/1
f 6345/25/1 6346/26/1 6347/27/1
f 6345/25/1 6348/28/1 6346/26/1
f 6349/25/1 6350/26/1 6351/27/1
f 6349/25/1 6352/28/1 6350/26/1
f 6353/25/1 6354/26/1 6355/27/1
f 6353/25/1 6356/28/1 6354/26/1
f 6357/25/1 6358/26/1 6359/27/1
f 6357/25/1 6360/28/1 6358/26/1
f 6361/25/1 6362/26/1 6363/27/1
f 6361/25/1 6364/28/1 6362/26/1
f 6365/25/1 6366/26/1 6367/27/1
f 6365/25/1 6368/28/1 6366/26/1
f 6369/25/1 6370/26/1 6371/27/1
f 6369/25/1 6372/28/1 6370/26/1
f 6373/25/1 6374/26/1 6375/27/1
f 6373/25/1 6376/28/1 6374/26/1
f 6377/25/1 6378/26/1 6379/27/1
f 6377/25/1 6380/28/1 6378/26/1
f 6381/25/1 6382/26/1 6383/27/1
f 6381/25/1 6384/28/1 6382/26/1
f 6385/25/1 6386/26/1 6387/27/1
f 6385/25/1 6388/28/1 6386/26/1
f 6389/25/1 6390/26/1 6391/27/1
f 6389/25/1 6392/28/1 6390/26/1
f 6393/25/1 6394/26/1 6395/27/1
f 6393/25/1 6396/28/1 6394/26/1
f 6397/25/1 6398/26/1 6399/27/1
f 6397/25/1 6400/28/1 6398/26/1
f 6401/25/1 6402/26/1 6403/27/1
f 6401/25/1 6404/28/1 6402/26/1
f 6405/25/1 6406/26/1 6407/27/1
f 6405/25/1 6408/28/1 6406/26/1
f 6409/25/1 6410/26/1 6411/27/1
f 6409/25/1 6412/28/1 6410/26/1
f 6413/25/1 6414/26/1 6415/27/1
f 6413/25/1 6416/28/1 6414/26/1
f 6417/25/1 6418/26/1 6419/27/1
f 6417/25/1 6420/28/1 6418/26/1
f 6421/25/1 6422/26/1 6423/27/1
f 6421/25/1 6424/28/1 6422/26/1
f 6425/25/1 6426/26/1 6427/27/1
f 6425/25/1 6428/28/1 6426/26/1
f 6429/25/1 6430/26/1 6431/27/1
f 6429/25/1 6432/28/1 6430/26/1
f 6433/25/1 6434/26/1 6435/27/1
f 6433/25/1 6436/28/1 6434/26/1
f 6437/25/1 6438/26/1 6439/27/1
f 6437/25/1 6440/28/1 6438/26/1
f 6441/25/1 6442/26/1 6443/27/1
f 6441/25/1 6444/28/1 6442/26/1
f 6445/25/1 6446/26/1 6447/27/1
f 6445/25/1 6448/28/1 6446/26/1
f 6449/25/1 6450/26/1 6451/27/1
f 6449/25/1 6452/28/1 6450/26/1
f 6453/25/1 6454/26/1 6455/27/1
f 6453/25/1 6456/28/1 6454/26/1
f 6457/25/1 6458/26/1 6459/27/1
f 6457/25/1 6460/28/1 6458/26/1
f 6461/25/1 6462/26/1 6463/27/1
f 6461/25/1 6464/28/1 6462/26/1
f 6465/25/1 6466/26/1 6467/27/1
f 6465/25/1 6468/28/1 6466/26/1
f 6469/25/1 6470/26/1 6471/27/1
f 6469/25/1 6472/28/1 6470/26/1
f 6473/25/1 6474/26/1 6475/27/1
f 6473/25/1 6476/28/1 6474/26/1
f 6477/25/1 6478/26/1 6479/27/1
f 6477/25/1 6480/28/1 6478/26/1
f 6481/25/1 6482/26/1 6483/27/1
f 6481/25/1 6484/28/1 6482/26/1
f 6485/25/1 6486/26/1 6487/27/1
f 6485/25/1 6488/28/1 6486/26/1
f 6489/25/1 6490/26/1 6491/27/1
f 6489/25/1 6492/28/1 6490/26/1
f 6493/25/1 6494/26/1 6495/27/1
f 6493/25/1 6496/28/1 6494/26/1
f 6497/25/1 6498/26/1 6499/27/1
f 6497/25/1 6500/28/1 6498/26/1
f 6501/25/1 6502/26/1 6503/27/1
f 6501/25/1 6504/28/1 6502/26/1
f 6505/25/1 6506/26/1 6507/27/1
f 6505/25/1 6508/28/1 6506/26/1
f 6509/25/1 6510/26/1 6511/27/1
f 6509/25/1 6512/28/1 6510/26/1
f 6513/25/1 6514/26/1 6515/27/1
f 6513/25/1 6516/28/1 6514/26/1
f 6517/25/1 6518/26/1 6519/27/1
f 6517/25/1 6520/28/1 6518/26/1
f 6521/25/1 6522/26/1 6523/27/1
f 6521/25/1 6524/28/1 6522/26/1
f 6525/25/1 6526/26/1 6527/27/1
f 6525/25/1 6528/28/1 6526/26/1
f 6529/25/1 6530/26/1 6531/27/1
f 6529/25/1 6532/28/1 6530/26/1
f 6533/25/1 6534/26/1 6535/27/1
f 6533/25/1 6536/28/1 6534/26/1
f 6537/25/1 6538/26/1 6539/27/1
f 6537/25/1 6540/28/1 6538/26/1
f 6541/25/1 6542/26/1 6543/27/1
f 6541/25/1 6544/28/1 6542/26/1
f 6545/25/1 6546/26/1 6547/27/1
f 6545/25/1 6548/28/1 6546/26/1
f 6549/25/1 6550/26/1 6551/27/1
f 6549/25/1 6552/28/1 6550/26/1
f 6553/25/1 6554/26/1 6555/27/1
f 6553/25/1 6556/28/1 6554/26/1
f 6557/25/1 6558/26/1 6559/27/1
f 6557/25/1 6560/28/1 6558/26/1
f 6561/25/1 6562/26/1 6563/27/1
f 6561/25/1 6564/28/1 6562/26/1
f 6565/25/1 6566/26/1 6567/27/1
f 6565/25/1 6568/28/1 6566/26/1
f 6569/25/1 6570/26/1 6571/27/1
f 6569/25/1 6572/28/1 6570/26/1
f 6573/25/1 6574/26/1 6575/27/1
f 6573/25/1 6576/28/1 6574/26/1
f 6577/25/1 6578/26/1 6579/27/1
f 6577/25/1 6580/28/1 6578/26/1
f 6581/25/1 6582/26/1 6583/27/1
f 6581/25/1 6584/28/1 6582/26/1
f 6585/25/1 6586/26/1 6587/27/1
f 6585/25/1 6588/28/1 6586/26/1
f 6589/25/1 6590/26/1 6591/27/1
f 6589/25/1 6592/28/1 6590/26/1
f 6593/25/1 6594/26/1 6595/27/1
f 6593/25/1 6596/28/1 6594/26/1
f 6597/25/1 6598/26/1 6599/27/1
f 6597/25/1 6600/28/1 6598/26/1
f 6601/25/1 6602/26/1 6603/27/1
f 6601/25/1 6604/28/1 6602/26/1
f 6605/25/1 6606/26/1 6607/27/1
f 6605/25/1 6608/28/1 6606/26/1
f 6609/25/1 6610/26/1 6611/27/1
f 6609/25/1 6612/28/1 6610/26/1
f 6613/25/1 6614/26/1 6615/27/1
f 6613/25/1 6616/28/1 6614/26/1
f 6617/25/1 6618/26/1 6619/27/1
f 6617/25/1 6620/28/1 6618/26/1
f 6621/25/1 6622/26/1 6623/27/1
f 6621/25/1 6624/28/1 6622/26/1
f 6625/25/1 6626/26/1 6627/27/1
f 6625/25/1 6628/28/1 6626/26/1
f 6629/25/1 6630/26/1 6631/27/1
f 6629/25/1 6632/28/1 6630/26/1
f 6633/25/1 6634/26/1 6635/27/1
f 6633/25/1 6636/28/1 6634/26/1
f 6637/25/1 6638/26/1 6639/27/1
f 6637/25/1 6640/28/1 6638/26/1
f 6641/25/1 6642/26/1 6643/27/1
f 6641/25/1 6644/28/1 6642/26/1
f 6645/25/1 6646/26/1 6647/27/1
f 6645/25/1 6648/28/1 6646/26/1
f 6649/25/1 6650/26/1 6651/27/1
f 6649/25/1 6652/28/1 6650/26/1
f 6653/25/1 6654/26/1 6655/27/1
f 6653/25/1 6656/28/1 6654/26/1
f 6657/25/1 6658/26/1 6659/27/1
f 6657/25/1 6660/28/1 6658/26/1
f 6661/25/1 6662/26/1 6663/27/1
f 6661/25/1 6664/28/1 6662/26/1
f 6665/25/1 6666/26/1 6667/27/1
f 6665/25/1 6668/28/1 6666/26/1
f 6669/25/1 6670/26/1 6671/27/1
f 6669/25/1 6672/28/1 6670/26/1
f 6673/25/1 6674/26/1 6675/27/1
f 6673/25/1 6676/28/1 6674/26/1
f 6677/25/1 6678/26/1 6679/27/1
f 6677/25/1 6680/28/1 6678/26/1
f 6681/25/1 6682/26/1 6683/27/1
f 6681/25/1 6684/28/1 6682/26/1
f 6685/25/1 6686/26/1 6687/27/1
f 6685/25/1 6688/28/1 6686/26/1
f 6689/25/1 6690/26/1 6691/27/1
f 6689/25/1 6692/28/1 6690/26/1
f 6693/25/1 6694/26/1 6695/27/1
f 6693/25/1 6696/28/1 6694/26/1
f 6697/25/1 6698/26/1 6699/27/1
f 6697/25/1 6700/28/1 6698/26/1
f 6701/25/1 6702/26/1 6703/27/1
f 6701/25/1 6704/28/1 6702/26/1
f 6705/25/1 6706/26/1 6707/27/1
f 6705/25/1 6708/28/1 6706/26/1
f 6709/25/1 6710/26/1 6711/27/1
f 6709/25/1 6712/28/1 6710/26/1
f 6713/25/1 6714/26/1 6715/27/1
f 6713/25/1 6716/28/1 6714/26/1
f 6717/25/1 6718/26/1 6719/27/1
f 6717/25/1 6720/28/1 6718/26/1
f 6721/25/1 6722/26/1 6723/27/1
f 6721/25/1 6724/28/1 6722/26/1
f 6725/25/1 6726/26/1 6727/27/1
f 6725/25/1 6728/28/1 6726/26/1
f 6729/25/1 6730/26/1 6731/27/1
f 6729/25/1 6732/28/1 6730/26/1
f 6733/25/1 6734/26/1 6735/27/1
f 6733/25/1 6736/28/1 6734/26/1
f 6737/25/1 6738/26/1 6739/27/1
f 6737/25/1 6740/28/1 6738/26/1
f 6741/25/1 6742/26/1 6743/27/1
f 6741/25/1 6744/28/1 6742/26/1
f 6745/25/1 6746/26/1 6747/27/1
f 6745/25/1 6748/28/1 6746/26/1
f 6749/25/1 6750/26/1 6751/27/1
f 6749/25/1 6752/28/1 6750/26/1
f 6753/25/1 6754/26/1 6755/27/1
f 6753/25/1 6756/28/1 6754/26/1
f 6757/25/1 6758/26/1 6759/27/1
f 6757/25/1 6760/28/1 6758/26/1
f 6761/25/1 6762/26/1 6763/27/1
f 6761/25/1 6764/28/1 6762/26/1
f 6765/25/1 6766/26/1 6767/27/1
f 6765/25/1 6768/28/1 6766/26/1
f 6769/25/1 6770/26/1 6771/27/1
f 6769/25/1 6772/28/1 6770/26/1
f 6773/25/1 6774/26/1 6775/27/1
f 6773/25/1 6776/28/1 6774/26/1
f 6777/25/1 6778/26/1 6779/27/1
f 6777/25/1 6780/28/1 6778/26/1
f 6781/25/1 6782/26/1 6783/27/1
f 6781/25/1 6784/28/1 6782/26/1
f 6785/25/1 6786/26/1 6787/27/1
f 6785/25/1 6788/28/1 6786/26/1
f 6789/25/1 6790/26/1 6791/27/1
f 6789/25/1 6792/28/1 6790/26/1
f 6793/25/1 6794/26/1 6795/27/1
f 6793/25/1 6796/28/1 6794/26/1
f 6797/25/1 6798/26/1 6799/27/1
f 6797/25/1 6800/28/1 6798/26/1
f 6801/25/1 6802/26/1 6803/27/1
f 6801/25/1 6804/28/1 6802/26/1
f 6805/25/1 6806/26/1 6807/27/1
f 6805/25/1 6808/28/1 6806/26/1
f 6809/25/1 6810/26/1 6811/27/1
f 6809/25/1 6812/28/1 6810/26/1
f 6813/25/1 6814/26/1 6815/27/1
f 6813/25/1 6816/28/1 6814/26/1
f 6817/25/1 6818/26/1 6819/27/1
f 6817/25/1 6820/28/1 6818/26/1
f 6821/25/1 6822/26/1 6823/27/1
f 6821/25/1 6824/28/1 6822/26/1
f 6825/25/1 6826/26/1 6827/27/1
f 6825/25/1 6828/28/1 6826/26/1
f 6829/25/1 6830/26/1 6831/27/1
f 6829/25/1 6832/28/1 6830/26/1
f 6833/25/1 6834/26/1 6835/27/1
f 6833/25/1 6836/28/1 6834/26/1
f 6837/25/1 6838/26/1 6839/27/1
f 6837/25/1 6840/28/1 6838/26/1
f 6841/25/1 6842/26/1 6843/27/1
f 6841/25/1 6844/28/1 6842/26/1
f 6845/25/1 6846/26/1 6847/27/1
f 6845/25/1 6848/28/1 6846/26/1
f 6849/25/1 6850/26/1 6851/27/1
f 6849/25/1 6852/28/1 6850/26/1
f 6853/25/1 6854/26/1 6855/27/1
f 6853/25/1 6856/28/1 6854/26/1
f 6857/25/1 6858/26/1 6859/27/1
f 6857/25/1 6860/28/1 6858/26/1
f 6861/25/1 6862/26/1 6863/27/1
f 6861/25/1 6864/28/1 6862/26/1
f 6865/25/1 6866/26/1 6867/27/1
f 6865/25/1 6868/28/1 6866/26/1
f 6869/25/1 6870/26/1 6871/27/1
f 6869/25/1 6872/28/1 6870/26/1
f 6873/25/1 6874/26/1 6875/27/1
f 6873/25/1 6876/28/1 6874/26/1
f 6877/25/1 6878/26/1 6879/27/1
f 6877/25/1 6880/28/1 6878/26/1
f 6881/25/1 6882/26/1 6883/27/1
f 6881/25/1 6884/28/1 6882/26/1
f 6885/25/1 6886/26/1 6887/27/1
f 6885/25/1 6888/28/1 6886/26/1
f 6889/25/1 6890/26/1 6891/27/1
f 6889/25/1 6892/28/1 6890/26/1
f 6893/25/1 6894/26/1 6895/27/1
f 6893/25/1 6896/28/1 6894/26/1
f 6897/25/1 6898/26/1 6899/27/1
f 6897/25/1 6900/28/1 6898/26/1
f 6901/25/1 6902/26/1 6903/27/1
f 6901/25/1 6904/28/1 6902/26/1
f 6905/25/1 6906/26/1 6907/27/1
f 6905/25/1 6908/28/1 6906/26/1
f 6909/25/1 6910/26/1 6911/27/1
f 6909/25/1 6912/28/1 6910/26/1
f 6913/25/1 6914/26/1 6915/27/1
f 6913/25/1 6916/28/1 6914/26/1
f 6917/25/1 6918/26/1 6919/27/1
f 6917/25/1 6920/28/1 6918/26/1
f 6921/25/1 6922/26/1 6923/27/1
f 6921/25/1 6924/28/1 6922/26/1
f 6925/25/1 6926/26/1 6927/27/1
f 6925/25/1 6928/28/1 6926/26/1
f 6929/25/1 6930/26/1 6931/27/1
f 6929/25/1 6932/28/1 6930/26/1
f 6933/25/1 6934/26/1 6935/27/1
f 6933/25/1 6936/28/1 6934/26/1
f 6937/25/1 6938/26/1 6939/27/1
f 6937/25/1 6940/28/1 6938/26/1
f 6941/25/1 6942/26/1 6943/27/1
f 6941/25/1 6944/28/1 6942/26/1
f 6945/25/1 6946/26/1 6947/27/1
f 6945/25/1 6948/28/1 6946/26/1
f 6949/25/1 6950/26/1 6951/27/1
f 6949/25/1 6952/28/1 6950/26/1
f 6953/25/1 6954/26/1 6955/27/1
f 6953/25/1 6956/28/1 6954/26/1
f 6957/25/1 6958/26/1 6959/27/1
f 6957/25/1 6960/28/1 6958/26/1
f 6961/25/1 6962/26/1 6963/27/1
f 6961/25/1 6964/28/1 6962/26/1
f 6965/25/1 6966/26/1 6967/27/1
f 6965/25/1 6968/28/1 6966/26/1
f 6969/25/1 6970/26/1 6971/27/1
f 6969/25/1 6972/28/1 6970/26/1
f 6973/25/1 6974/26/1 6975/27/1
f 6973/25/1 6976/28/1 6974/26/1
f 6977/25/1 6978/26/1 6979/27/1
f 6977/25/1 6980/28/1 6978/26/1
f 6981/25/1 6982/26/1 6983/27/1
f 6981/25/1 6984/28/1 6982/26/1
f 6985/25/1 6986/26/1 6987/27/1
f 6985/25/1 6988/28/1 6986/26/1
f 6989/25/1 6990/26/1 6991/27/1
f 6989/25/1 6992/28/1 6990/26/1
f 6993/25/1 6994/26/1 6995/27/1
f 6993/25/1 6996/28/1 6994/26/1
f 6997/25/1 6998/26/1 6999/27/1
f 6997/25/1 7000/28/1 6998/26/1
f 7001/25/1 7002/26/1 7003/27/1
f 7001/25/1 7004/28/1 7002/26/1
f 7005/25/1 7006/26/1 7007/27/1
f 7005/25/1 7008/28/1 7006/26/1
f 7009/25/1 7010/26/1 7011/27/1
f 7009/25/1 7012/28/1 7010/26/1
f 7013/25/1 7014/26/1 7015/27/1
f 7013/25/1 7016/28/1 7014/26/1
f 7017/25/1 7018/26/1 7019/27/1
f 7017/25/1 7020/28/1 7018/26/1
f 7021/25/1 7022/26/1 7023/27/1
f 7021/25/1 7024/28/1 7022/26/1
f 7025/25/1 7026/26/1 7027/27/1
f 7025/25/1 7028/28/1 7026/26/1
f 7029/25/1 7030/26/1 7031/27/1
f 7029/25/1 7032/28/1 7030/26/1
f 7033/25/1 7034/26/1 7035/27/1
f 7033/25/1 7036/28/1 7034/26/1
f 7037/25/1 7038/26/1 7039/27/1
f 7037/25/1 7040/28/1 7038/26/1
f 7041/25/1 7042/26/1 7043/27/1
f 7041/25/1 7044/28/1 7042/26/1
f 7045/25/1 7046/26/1 7047/27/1
f 7045/25/1 7048/28/1 7046/26/1
f 7049/25/1 7050/26/1 7051/27/1
f 7049/25/1 7052/28/1 7050/26/1
f 7053/25/1 7054/26/1 7055/27/1
f 7053/25/1 7056/28/1 7054/26/1
f 7057/25/1 7058/26/1 7059/27/1
f 7057/25/1 7060/28/1 7058/26/1
f 7061/25/1 7062/26/1 7063/27/1
f 7061/25/1 7064/28/1 7062/26/1
f 7065/25/1 7066/26/1 7067/27/1
f 7065/25/1 7068/28/1 7066/26/1
f 7069/25/1 7070/26/1 7071/27/1
f 7069/25/1 7072/28/1 7070/26/1
f 7073/25/1 7074/26/1 7075/27/1
f 7073/25/1 7076/28/1 7074/26/1
f 7077/25/1 7078/26/1 7079/27/1
f 7077/25/1 7080/28/1 7078/26/1
f 7081/25/1 7082/26/1 7083/27/1
f 7081/25/1 7084/28/1 7082/26/1
f 7085/25/1 7086/26/1 7087/27/1
f 7085/25/1 7088/28/1 7086/26/1
f 7089/25/1 7090/26/1 7091/27/1
f 7089/25/1 7092/28/1 7090/26/1
f 7093/25/1 7094/26/1 7095/27/1
f 7093/25/1 7096/28/1 7094/26/1
f 7097/25/1 7098/26/1 7099/27/1
f 7097/25/1 7100/28/1 7098/26/1
f 7101/25/1 7102/26/1 7103/27/1
f 7101/25/1 7104/28/1 7102/26/1
f 7105/25/1 7106/26/1 7107/27/1
f 7105/25/1 7108/28/1 7106/26/1
f 7109/25/1 7110/26/1 7111/27/1
f 7109/25/1 7112/28/1 7110/26/1
f 7113/25/1 7114/26/1 7115/27/1
f 7113/25/1 7116/28/1 7114/26/1
f 7117/25/1 7118/26/1 7119/27/1
f 7117/25/1 7120/28/1 7118/26/1
f 7121/25/1 7122/26/1 7123/27/1
f 7121/25/1 7124/28/1 7122/26/1
f 7125/25/1 7126/26/1 7127/27/1
f 7125/25/1 7128/28/1 7126/26/1
f 7129/25/1 7130/26/1 7131/27/1
f 7129/25/1 7132/28/1 7130/26/1
f 7133/25/1 7134/26/1 7135/27/1
f 7133/25/1 7136/28/1 7134/26/1
f 7137/25/1 7138/26/1 7139/27/1
f 7137/25/1 7140/28/1 7138/26/1
f 7141/25/1 7142/26/1 7143/27/1
f 7141/25/1 7144/28/1 7142/26/1
f 7145/25/1 7146/26/1 7147/27/1
f 7145/25/1 7148/28/1 7146/26/1
f 7149/43/3 7150/15/3 7151/44/3
f 7149/43/3 7152/14/3 7150/15/3
f 7153/43/2 7154/15/2 7155/44/2
f 7153/43/2 7156/14/2 7154/15/2
f 7157/43/5 7158/15/5 7159/44/5
f 7157/43/5 7160/14/5 7158/15/5
f 7161/43/2 7162/15/2 7163/44/2
f 7161/43/2 7164/14/2 7162/15/2
f 7165/43/5 7166/15/5 7167/44/5
f 7165/43/5 7168/14/5 7166/15/5
f 7169/43/2 7170/15/2 7171/44/2
f 7169/43/2 7172/14/2 7170/15/2
f 7173/43/5 7174/15/5 7175/44/5
f 7173/43/5 7176/14/5 7174/15/5
f 7177/43/2 7178/15/2 7179/44/2
f 7177/43/2 7180/14/2 7178/15/2
f 7181/43/5 7182/15/5 7183/44/5
f 7181/43/5 7184/14/5 7182/15/5
f 7185/24/1 7186/14/1 7187/15/1
f 7185/24/1 7188/23/1 7186/14/1
f 7189/1/1 7190/2/1 7191/3/1
f 7189/1/1 7192/4/1 7190/2/1
f 7193/43/2 7194/15/2 7195/44/2
f 7193/43/2 7196/14/2 7194/15/2
f 7197/43/4 7198/15/4 7199/44/4
f 7197/43/4 7200/14/4 7198/15/4
f 7201/43/5 7202/15/5 7203/44/5
f 7201/43/5 7204/14/5 7202/15/5
f 7205/43/5 7206/15/5 7207/44/5
f 7205/43/5 7208/14/5 7206/15/5
f 7209/43/2 7210/15/2 7211/44/2
f 7209/43/2 7212/14/2 7210/15/2
f 7213/43/5 7214/15/5 7215/44/5
f 7213/43/5 7216/14/5 7214/15/5
f 7217/43/2 7218/15/2 7219/44/2
f 7217/43/2 7220/14/2 7218/15/2
f 7221/43/5 7222/15/5 7223/44/5
f 7221/43/5 7224/14/5 7222/15/5
f 7225/43/2 7226/15/2 7227/44/2
f 7225/43/2 7228/14/2 7226/15/2
f 7229/43/2 7230/15/2 7231/44/2
f 7229/43/2 7232/14/2 7230/15/2
f 7233/24/1 7234/14/1 7235/15/1
f 7233/24/1 7236/23/1 7234/14/1
f 7237/43/2 7238/15/2 7239/44/2
f 7237/43/2 7240/14/2 7238/15/2
f 7241/24/1 7242/14/1 7243/15/1
f 7241/24/1 7244/23/1 7242/14/1
f 7245/24/1 7246/14/1 7247/15/1
f 7245/24/1 7248/23/1 7246/14/1
f 7249/24/1 7250/14/1 7251/15/1
f 7249/24/1 7252/23/1 7250/14/1
f 7253/24/1 7254/14/1 7255/15/1
f 7253/24/1 7256/23/1 7254/14/1
f 7257/24/1 7258/14/1 7259/15/1
f 7257/24/1 7260/23/1 7258/14/1
f 7261/24/1 7262/14/1 7263/15/1
f 7261/24/1 7264/23/1 7262/14/1
f 7265/24/1 7266/14/1 7267/15/1
f 7265/24/1 7268/23/1 7266/14/1
f 7269/43/5 7270/15/5 7271/44/5
f 7269/43/5 7272/14/5 7270/15/5
f 7273/43/5 7274/15/5 7275/44/5
f 7273/43/5 7276/14/5 7274/15/5
f 7277/24/1 7278/14/1 7279/15/1
f 7277/24/1 7280/23/1 7278/14/1
f 7281/25/1 7282/26/1 7283/27/1
f 7281/25/1 7284/28/1 7282/26/1
f 7285/25/1 7286/26/1 7287/27/1
f 7285/25/1 7288/28/1 7286/26/1
f 7289/25/1 7290/26/1 7291/27/1
f 7289/25/1 7292/28/1 7290/26/1
f 7293/25/1 7294/26/1 7295/27/1
f 7293/25/1 7296/28/1 7294/26/1
f 7297/25/1 7298/26/1 7299/27/1
f 7297/25/1 7300/28/1 7298/26/1
f 7301/25/1 7302/26/1 7303/27/1
f 7301/25/1 7304/28/1 7302/26/1
f 7305/25/1 7306/26/1 7307/27/1
f 7305/25/1 7308/28/1 7306/26/1
f 7309/25/1 7310/26/1 7311/27/1
f 7309/25/1 7312/28/1 7310/26/1
f 7313/25/1 7314/26/1 7315/27/1
f 7313/25/1 7316/28/1 7314/26/1
f 7317/25/1 7318/26/1 7319/27/1
f 7317/25/1 7320/28/1 7318/26/1
f 7321/25/1 7322/26/1 7323/27/1
f 7321/25/1 7324/28/1 7322/26/1
f 7325/25/1 7326/26/1 7327/27/1
f 7325/25/1 7328/28/1 7326/26/1
f 7329/25/1 7330/26/1 7331/27/1
f 7329/25/1 7332/28/1 7330/26/1
f 7333/25/1 7334/26/1 7335/27/1
f 7333/25/1 7336/28/1 7334/26/1
f 7337/25/1 7338/26/1 7339/27/1
f 7337/25/1 7340/28/1 7338/26/1
f 7341/25/1 7342/26/1 7343/27/1
f 7341/25/1 7344/28/1 7342/26/1
f 7345/25/1 7346/26/1 7347/27/1
f 7345/25/1 7348/28/1 7346/26/1
f 7349/25/1 7350/26/1 7351/27/1
f 7349/25/1 7352/28/1 7350/26/1
f 7353/25/1 7354/26/1 7355/27/1
f 7353/25/1 7356/28/1 7354/26/1
f 7357/25/1 7358/26/1 7359/27/1
f 7357/25/1 7360/28/1 7358/26/1
f 7361/25/1 7362/26/1 7363/27/1
f 7361/25/1 7364/28/1 7362/26/1
f 7365/25/1 7366/26/1 7367/27/1
f 7365/25/1 7368/28/1 7366/26/1
f 7369/25/1 7370/26/1 7371/27/1
f 7369/25/1 7372/28/1 7370/26/1
f 7373/25/1 7374/26/1 7375/27/1
f 7373/25/1 7376/28/1 7374/26/1
f 7377/25/1 7378/26/1 7379/27/1
f 7377/25/1 7380/28/1 7378/26/1
f 7381/25/1 7382/26/1 7383/27/1
f 7381/25/1 7384/28/1 7382/26/1
f 7385/25/1 7386/26/1 7387/27/1
f 7385/25/1 7388/28/1 7386/26/1
f 7389/25/1 7390/26/1 7391/27/1
f 7389/25/1 7392/28/1 7390/26/1
f 7393/25/1 7394/26/1 7395/27/1
f 7393/25/1 7396/28/1 7394/26/1
f 7397/25/1 7398/26/1 7399/27/1
f 7397/25/1 7400/28/1 7398/26/1
f 7401/25/1 7402/26/1 7403/27/1
f 7401/25/1 7404/28/1 7402/26/1
f 7405/25/1 7406/26/1 7407/27/1
f 7405/25/1 7408/28/1 7406/26/1
f 7409/25/1 7410/26/1 7411/27/1
f 7409/25/1 7412/28/1 7410/26/1
f 7413/25/1 7414/26/1 7415/27/1
f 7413/25/1 7416/28/1 7414/26/1
f 7417/25/1 7418/26/1 7419/27/1
f 7417/25/1 7420/28/1 7418/26/1
f 7421/25/1 7422/26/1 7423/27/1
f 7421/25/1 7424/28/1 7422/26/1
f 7425/25/1 7426/26/1 7427/27/1
f 7425/25/1 7428/28/1 7426/26/1
f 7429/25/1 7430/26/1 7431/27/1
f 7429/25/1 7432/28/1 7430/26/1
f 7433/25/1 7434/26/1 7435/27/1
f 7433/25/1 7436/28/1 7434/26/1
f 7437/25/1 7438/26/1 7439/27/1
f 7437/25/1 7440/28/1 7438/26/1
f 7441/25/1 7442/26/1 7443/27/1
f 7441/25/1 7444/28/1 7442/26/1
f 7445/25/1 7446/26/1 7447/27/1
f 7445/25/1 7448/28/1 7446/26/1
f 7449/25/1 7450/26/1 7451/27/1
f 7449/25/1 7452/28/1 7450/26/1
f 7453/25/1 7454/26/1 7455/27/1
f 7453/25/1 7456/28/1 7454/26/1
f 7457/25/1 7458/26/1 7459/27/1
f 7457/25/1 7460/28/1 7458/26/1
f 7461/25/1 7462/26/1 7463/27/1
f 7461/25/1 7464/28/1 7462/26/1
f 7465/25/1 7466/26/1 7467/27/1
f 7465/25/1 7468/28/1 7466/26/1
f 7469/25/1 7470/26/1 7471/27/1
f 7469/25/1 7472/28/1 7470/26/1
f 7473/25/1 7474/26/1 7475/27/1
f 7473/25/1 7476/28/1 7474/26/1
f 7477/25/1 7478/26/1 7479/27/1
f 7477/25/1 7480/28/1 7478/26/1
f 7481/25/1 7482/26/1 7483/27/1
f 7481/25/1 7484/28/1 7482/26/1
f 7485/25/1 7486/26/1 7487/27/1
f 7485/25/1 7488/28/1 7486/26/1
f 7489/25/1 7490/26/1 7491/27/1
f 7489/25/1 7492/28/1 7490/26/1
f 7493/25/1 7494/26/1 7495/27/1
f 7493/25/1 7496/28/1 7494/26/1
f 7497/25/1 7498/26/1 7499/27/1
f 7497/25/1 7500/28/1 7498/26/1
f 7501/25/1 7502/26/1 7503/27/1
f 7501/25/1 7504/28/1 7502/26/1
f 7505/25/1 7506/26/1 7507/27/1
f 7505/25/1 7508/28/1 7506/26/1
f 7509/25/1 7510/26/1 7511/27/1
f 7509/25/1 7512/28/1 7510/26/1
f 7513/25/1 7514/26/1 7515/27/1
f 7513/25/1 7516/28/1 7514/26/1
f 7517/25/1 7518/26/1 7519/27/1
f 7517/25/1 7520/28/1 7518/26/1
f 7521/25/1 7522/26/1 7523/27/1
f 7521/25/1 7524/28/1 7522/26/1
f 7525/25/1 7526/26/1 7527/27/1
f 7525/25/1 7528/28/1 7526/26/1
f 7529/25/1 7530/26/1 7531/27/1
f 7529/25/1 7532/28/1 7530/26/1
f 7533/25/1 7534/26/1 7535/27/1
f 7533/25/1 7536/28/1 7534/26/1
f 7537/25/1 7538/26/1 7539/27/1
f 7537/25/1 7540/28/1 7538/26/1
f 7541/25/1 7542/26/1 7543/27/1
f 7541/25/1 7544/28/1 7542/26/1
f 7545/25/1 7546/26/1 7547/27/1
f 7545/25/1 7548/28/1 7546/26/1
f 7549/25/1 7550/26/1 7551/27/1
f 7549/25/1 7552/28/1 7550/26/1
f 7553/25/1 7554/26/1 7555/27/1
f 7553/25/1 7556/28/1 7554/26/1
f 7557/25/1 7558/26/1 7559/27/1
f 7557/25/1 7560/28/1 7558/26/1
f 7561/25/1 7562/26/1 7563/27/1
f 7561/25/1 7564/28/1 7562/26/1
f 7565/25/1 7566/26/1 7567/27/1
f 7565/25/1 7568/28/1 7566/26/1
f 7569/25/1 7570/26/1 7571/27/1
f 7569/25/1 7572/28/1 7570/26/1
f 7573/25/1 7574/26/1 7575/27/1
f 7573/25/1 7576/28/1 7574/26/1
f 7577/25/1 7578/26/1 7579/27/1
f 7577/25/1 7580/28/1 7578/26/1
f 7581/25/1 7582/26/1 7583/27/1
f 7581/25/1 7584/28/1 7582/26/1
f 7585/25/1 7586/26/1 7587/27/1
f 7585/25/1 7588/28/1 7586/26/1
f 7589/25/1 7590/26/1 7591/27/1
f 7589/25/1 7592/28/1 7590/26/1
f 7593/25/1 7594/26/1 7595/27/1
f 7593/25/1 7596/28/1 7594/26/1
f 7597/25/1 7598/26/1 7599/27/1
f 7597/25/1 7600/28/1 7598/26/1
f 7601/25/1 7602/26/1 7603/27/1
f 7601/25/1 7604/28/1 7602/26/1
f 7605/25/1 7606/26/1 7607/27/1
f 7605/25/1 7608/28/1 7606/26/1
f 7609/25/1 7610/26/1 7611/27/1
f 7609/25/1 7612/28/1 7610/26/1
f 7613/25/1 7614/26/1 7615/27/1
f 7613/25/1 7616/28/1 7614/26/1
f 7617/25/1 7618/26/1 7619/27/1
f 7617/25/1 7620/28/1 7618/26/1
f 7621/25/1 7622/26/1 7623/27/1
f 7621/25/1 7624/28/1 7622/26/1
f 7625/25/1 7626/26/1 7627/27/1
f 7625/25/1 7628/28/1 7626/26/1
f 7629/25/1 7630/26/1 7631/27/1
f 7629/25/1 7632/28/1 7630/26/1
f 7633/25/1 7634/26/1 7635/27/1
f 7633/25/1 7636/28/1 7634/26/1
f 7637/25/1 7638/26/1 7639/27/1
f 7637/25/1 7640/28/1 7638/26/1
f 7641/25/1 7642/26/1 7643/27/1
f 7641/25/1 7644/28/1 7642/26/1
f 7645/25/1 7646/26/1 7647/27/1
f 7645/25/1 7648/28/1 7646/26/1
f 7649/25/1 7650/26/1 7651/27/1
f 7649/25/1 7652/28/1 7650/26/1
f 7653/25/1 7654/26/1 7655/27/1
f 7653/25/1 7656/28/1 7654/26/1
f 7657/25/1 7658/26/1 7659/27/1
f 7657/25/1 7660/28/1 7658/26/1
f 7661/25/1 7662/26/1 7663/27/1
f 7661/25/1 7664/28/1 7662/26/1
f 7665/25/1 7666/26/1 7667/27/1
f 7665/25/1 7668/28/1 7666/26/1
f 7669/25/1 7670/26/1 7671/27/1
f 7669/25/1 7672/28/1 7670/26/1
f 7673/25/1 7674/26/1 7675/27/1
f 7673/25/1 7676/28/1 7674/26/1
f 7677/25/1 7678/26/1 7679/27/1
f 7677/25/1 7680/28/1 7678/26/1
f 7681/25/1 7682/26/1 7683/27/1
f 7681/25/1 7684/28/1 7682/26/1
f 7685/25/1 7686/26/1 7687/27/1
f 7685/25/1 7688/28/1 7686/26/1
f 7689/25/1 7690/26/1 7691/27/1
f 7689/25/1 7692/28/1 7690/26/1
f 7693/25/1 7694/26/1 7695/27/1
f 7693/25/1 7696/28/1 7694/26/1
f 7697/25/1 7698/26/1 7699/27/1
f 7697/25/1 7700/28/1 7698/26/1
f 7701/25/1 7702/26/1 7703/27/1
f 7701/25/1 7704/28/1 7702/26/1
f 7705/25/1 7706/26/1 7707/27/1
f 7705/25/1 7708/28/1 7706/26/1
f 7709/25/1 7710/26/1 7711/27/1
f 7709/25/1 7712/28/1 7710/26/1
f 7713/25/1 7714/26/1 7715/27/1
f 7713/25/1 7716/28/1 7714/26/1
f 7717/25/1 7718/26/1 7719/27/1
f 7717/25/1 7720/28/1 7718/26/1
f 7721/25/1 7722/26/1 7723/27/1
f 7721/25/1 7724/28/1 7722/26/1
f 7725/25/1 7726/26/1 7727/27/1
f 7725/25/1 7728/28/1 7726/26/1
f 7729/25/1 7730/26/1 7731/27/1
f 7729/25/1 7732/28/1 7730/26/1
f 7733/25/1 7734/26/1 7735/27/1
f 7733/25/1 7736/28/1 7734/26/1
f 7737/25/1 7738/26/1 7739/27/1
f 7737/25/1 7740/28/1 7738/26/1
f 7741/25/1 7742/26/1 7743/27/1
f 7741/25/1 7744/28/1 7742/26/1
f 7745/25/1 7746/26/1 7747/27/1
f 7745/25/1 7748/28/1 7746/26/1
f 7749/25/1 7750/26/1 7751/27/1
f 7749/25/1 7752/28/1 7750/26/1
f 7753/25/1 7754/26/1 7755/27/1
f 7753/25/1 7756/28/1 7754/26/1
f 7757/25/1 7758/26/1 7759/27/1
f 7757/25/1 7760/28/1 7758/26/1
f 7761/25/1 7762/26/1 7763/27/1
f 7761/25/1 7764/28/1 7762/26/1
f 7765/25/1 7766/26/1 7767/27/1
f 7765/25/1 7768/28/1 7766/26/1
f 7769/25/1 7770/26/1 7771/27/1
f 7769/25/1 7772/28/1 7770/26/1
f 7773/25/1 7774/26/1 7775/27/1
f 7773/25/1 7776/28/1 7774/26/1
f 7777/25/1 7778/26/1 7779/27/1
f 7777/25/1 7780/28/1 7778/26/1
f 7781/25/1 7782/26/1 7783/27/1
f 7781/25/1 7784/28/1 7782/26/1
f 7785/25/1 7786/26/1 7787/27/1
f 7785/25/1 7788/28/1 7786/26/1
f 7789/25/1 7790/26/1 7791/27/1
f 7789/25/1 7792/28/1 7790/26/1
f 7793/25/1 7794/26/1 7795/27/1
f 7793/25/1 7796/28/1 7794/26/1
f 7797/25/1 7798/26/1 7799/27/1
f 7797/25/1 7800/28/1 7798/26/1
f 7801/25/1 7802/26/1 7803/27/1
f 7801/25/1 7804/28/1 7802/26/1
f 7805/25/1 7806/26/1 7807/27/1
f 7805/25/1 7808/28/1 7806/26/1
f 7809/25/1 7810/26/1 7811/27/1
f 7809/25/1 7812/28/1 7810/26/1
f 7813/25/1 7814/26/1 7815/27/1
f 7813/25/1 7816/28/1 7814/26/1
f 7817/25/1 7818/26/1 7819/27/1
f 7817/25/1 7820/28/1 7818/26/1
f 7821/25/1 7822/26/1 7823/27/1
f 7821/25/1 7824/28/1 7822/26/1
f 7825/25/1 7826/26/1 7827/27/1
f 7825/25/1 7828/28/1 7826/26/1
f 7829/25/1 7830/26/1 7831/27/1
f 7829/25/1 7832/28/1 7830/26/1
f 7833/25/1 7834/26/1 7835/27/1
f 7833/25/1 7836/28/1 7834/26/1
f 7837/25/1 7838/26/1 7839/27/1
f 7837/25/1 7840/28/1 7838/26/1
f 7841/25/1 7842/26/1 7843/27/1
f 7841/25/1 7844/28/1 7842/26/1
f 7845/25/1 7846/26/1 7847/27/1
f 7845/25/1 7848/28/1 7846/26/1
f 7849/25/1 7850/26/1 7851/27/1
f 7849/25/1 7852/28/1 7850/26/1
f 7853/25/1 7854/26/1 7855/27/1
f 7853/25/1 7856/28/1 7854/26/1
f 7857/23/3 7858/45/3 7859/24/3
f 7857/23/3 7860/42/3 7858/45/3
f 7861/23/4 7862/45/4 7863/24/4
f 7861/23/4 7864/42/4 7862/45/4
f 7865/23/3 7866/45/3 7867/24/3
f 7865/23/3 7868/42/3 7866/45/3
f 7869/23/4 7870/45/4 7871/24/4
f 7869/23/4 7872/42/4 7870/45/4
f 7873/23/5 7874/45/5 7875/24/5
f 7873/23/5 7876/42/5 7874/45/5
f 7877/23/3 7878/45/3 7879/24/3
f 7877/23/3 7880/42/3 7878/45/3
f 7881/23/2 7882/45/2 7883/24/2
f 7881/23/2 7884/42/2 7882/45/2
f 7885/23/4 7886/45/4 7887/24/4
f 7885/23/4 7888/42/4 7886/45/4
f 7889/45/1 7890/14/1 7891/15/1
f 7889/45/1 7892/42/1 7890/14/1
f 7893/45/1 7894/14/1 7895/15/1
f 7893/45/1 7896/42/1 7894/14/1
f 7897/45/1 7898/14/1 7899/15/1
f 7897/45/1 7900/42/1 7898/14/1
f 7901/13/1 7902/14/1 7903/15/1
f 7901/13/1 7904/16/1 7902/14/1
f 7905/13/1 7906/14/1 7907/15/1
f 7905/13/1 7908/16/1 7906/14/1
f 7909/13/1 7910/14/1 7911/15/1
f 7909/13/1 7912/16/1 7910/14/1
f 7913/13/1 7914/14/1 7915/15/1
f 7913/13/1 7916/16/1 7914/14/1
f 7917/46/2 7918/15/2 7919/47/2
f 7917/46/2 7920/14/2 7918/15/2
f 7921/46/3 7922/15/3 7923/47/3
f 7921/46/3 7924/14/3 7922/15/3
f 7925/46/4 7926/15/4 7927/47/4
f 7925/46/4 7928/14/4 7926/15/4
f 7929/46/3 7930/15/3 7931/47/3
f 7929/46/3 7932/14/3 7930/15/3
f 7933/46/4 7934/15/4 7935/47/4
f 7933/46/4 7936/14/4 7934/15/4
f 7937/46/3 7938/15/3 7939/47/3
f 7937/46/3 7940/14/3 7938/15/3
f 7941/46/4 7942/15/4 7943/47/4
f 7941/46/4 7944/14/4 7942/15/4
f 7945/46/3 7946/15/3 7947/47/3
f 7945/46/3 7948/14/3 7946/15/3
f 7949/46/5 7950/15/5 7951/47/5
f 7949/46/5 7952/14/5 7950/15/5
f 7953/46/4 7954/15/4 7955/47/4
f 7953/46/4 7956/14/4 7954/15/4
f 7957/24/1 7958/14/1 7959/15/1
f 7957/24/1 7960/23/1 7958/14/1
f 7961/24/1 7962/14/1 7963/15/1
f 7961/24/1 7964/23/1 7962/14/1
f 7965/24/1 7966/14/1 7967/15/1
f 7965/24/1 7968/23/1 7966/14/1
f 7969/24/1 7970/14/1 7971/15/1
f 7969/24/1 7972/23/1 7970/14/1
f 7973/24/1 7974/14/1 7975/15/1
f 7973/24/1 7976/23/1 7974/14/1
f 7977/24/1 7978/14/1 7979/15/1
f 7977/24/1 7980/23/1 7978/14/1
f 7981/24/1 7982/14/1 7983/15/1
f 7981/24/1 7984/23/1 7982/14/1
f 7985/24/1 7986/14/1 7987/15/1
f 7985/24/1 7988/23/1 7986/14/1
f 7989/24/1 7990/14/1 7991/15/1
f 7989/24/1 7992/23/1 7990/14/1
f 7993/24/1 7994/14/1 7995/15/1
f 7993/24/1 7996/23/1 7994/14/1
f 7997/24/1 7998/14/1 7999/15/1
f 7997/24/1 8000/23/1 7998/14/1
f 8001/24/1 8002/14/1 8003/15/1
f 8001/24/1 8004/23/1 8002/14/1
f 8005/24/1 8006/14/1 8007/15/1
f 8005/24/1 8008/23/1 8006/14/1
f 8009/24/1 8010/14/1 8011/15/1
f 8009/24/1 8012/23/1 8010/14/1
f 8013/24/1 8014/14/1 8015/15/1
f 8013/24/1 8016/23/1 8014/14/1
f 8017/24/1 8018/14/1 8019/15/1
f 8017/24/1 8020/23/1 8018/14/1
f 8021/24/1 8022/14/1 8023/15/1
f 8021/24/1 8024/23/1 8022/14/1
f 8025/43/4 8026/15/4 8027/44/4
f 8025/43/4 8028/14/4 8026/15/4
f 8029/43/2 8030/15/2 8031/44/2
f 8029/43/2 8032/14/2 8030/15/2
f 8033/43/3 8034/15/3 8035/44/3
f 8033/43/3 8036/14/3 8034/15/3
f 8037/43/4 8038/15/4 8039/44/4
f 8037/43/4 8040/14/4 8038/15/4
f 8041/43/3 8042/15/3 8043/44/3
f 8041/43/3 8044/14/3 8042/15/3
f 8045/43/4 8046/15/4 8047/44/4
f 8045/43/4 8048/14/4 8046/15/4
f 8049/43/3 8050/15/3 8051/44/3
f 8049/43/3 8052/14/3 8050/15/3
f 8053/43/4 8054/15/4 8055/44/4
f 8053/43/4 8056/14/4 8054/15/4
f 8057/43/3 8058/15/3 8059/44/3
f 8057/43/3 8060/14/3 8058/15/3
f 8061/43/4 8062/15/4 8063/44/4
f 8061/43/4 8064/14/4 8062/15/4
f 8065/43/3 8066/15/3 8067/44/3
f 8065/43/3 8068/14/3 8066/15/3
f 8069/43/4 8070/15/4 8071/44/4
f 8069/43/4 8072/14/4 8070/15/4
f 8073/43/3 8074/15/3 8075/44/3
f 8073/43/3 8076/14/3 8074/15/3
f 8077/43/4 8078/15/4 8079/44/4
f 8077/43/4 8080/14/4 8078/15/4
f 8081/43/3 8082/15/3 8083/44/3
f 8081/43/3 8084/14/3 8082/15/3
f 8085/43/4 8086/15/4 8087/44/4
f 8085/43/4 8088/14/4 8086/15/4
f 8089/43/3 8090/15/3 8091/44/3
f 8089/43/3 8092/14/3 8090/15/3
f 8093/43/4 8094/15/4 8095/44/4
f 8093/43/4 8096/14/4 8094/15/4
f 8097/43/3 8098/15/3 8099/44/3
f 8097/43/3 8100/14/3 8098/15/3
f 8101/43/5 8102/15/5 8103/44/5
f 8101/43/5 8104/14/5 8102/15/5
f 8105/43/4 8106/15/4 8107/44/4
f 8105/43/4 8108/14/4 8106/15/4
f 8109/43/3 8110/15/3 8111/44/3
f 8109/43/3 8112/14/3 8110/15/3
f 8113/43/4 8114/15/4 8115/44/4
f 8113/43/4 8116/14/4 8114/15/4
f 8117/43/3 8118/15/3 8119/44/3
f 8117/43/3 8120/14/3 8118/15/3
f 8121/43/4 8122/15/4 8123/44/4
f 8121/43/4 8124/14/4 8122/15/4
f 8125/43/3 8126/15/3 8127/44/3
f 8125/43/3 8128/14/3 8126/15/3
f 8129/43/4 8130/15/4 8131/44/4
f 8129/43/4 8132/14/4 8130/15/4
f 8133/43/3 8134/15/3 8135/44/3
f 8133/43/3 8136/14/3 8134/15/3
f 8137/43/4 8138/15/4 8139/44/4
f 8137/43/4 8140/14/4 8138/15/4
f 8141/43/3 8142/15/3 8143/44/3
f 8141/43/3 8144/14/3 8142/15/3
f 8145/43/4 8146/15/4 8147/44/4
f 8145/43/4 8148/14/4 8146/15/4
f 8149/43/3 8150/15/3 8151/44/3
f 8149/43/3 8152/14/3 8150/15/3
f 8153/43/4 8154/15/4 8155/44/4
f 8153/43/4 8156/14/4 8154/15/4
f 8157/43/3 8158/15/3 8159/44/3
f 8157/43/3 8160/14/3 8158/15/3
f 8161/43/4 8162/15/4 8163/44/4
f 8161/43/4 8164/14/4 8162/15/4
f 8165/43/3 8166/15/3 8167/44/3
f 8165/43/3 8168/14/3 8166/15/3
f 8169/25/1 8170/26/1 8171/27/1
f 8169/25/1 8172/28/1 8170/26/1
f 8173/25/1 8174/26/1 8175/27/1
f 8173/25/1 8176/28/1 8174/26/1
f 8177/25/1 8178/26/1 8179/27/1
f 8177/25/1 8180/28/1 8178/26/1
f 8181/25/1 8182/26/1 8183/27/1
f 8181/25/1 8184/28/1 8182/26/1
f 8185/25/1 8186/26/1 8187/27/1
f 8185/25/1 8188/28/1 8186/26/1
f 8189/25/1 8190/26/1 8191/27/1
f 8189/25/1 8192/28/1 8190/26/1
f 8193/25/1 8194/26/1 8195/27/1
f 8193/25/1 8196/28/1 8194/26/1
f 8197/25/1 8198/26/1 8199/27/1
f 8197/25/1 8200/28/1 8198/26/1
f 8201/25/1 8202/26/1 8203/27/1
f 8201/25/1 8204/28/1 8202/26/1
f 8205/25/1 8206/26/1 8207/27/1
f 8205/25/1 8208/28/1 8206/26/1
f 8209/25/1 8210/26/1 8211/27/1
f 8209/25/1 8212/28/1 8210/26/1
f 8213/25/1 8214/26/1 8215/27/1
f 8213/25/1 8216/28/1 8214/26/1
f 8217/25/1 8218/26/1 8219/27/1
f 8217/25/1 8220/28/1 8218/26/1
f 8221/25/1 8222/26/1 8223/27/1
f 8221/25/1 8224/28/1 8222/26/1
f 8225/25/1 8226/26/1 8227/27/1
f 8225/25/1 8228/28/1 8226/26/1
f 8229/25/1 8230/26/1 8231/27/1
f 8229/25/1 8232/28/1 8230/26/1
f 8233/25/1 8234/26/1 8235/27/1
f 8233/25/1 8236/28/1 8234/26/1
f 8237/25/1 8238/26/1 8239/27/1
f 8237/25/1 8240/28/1 8238/26/1
f 8241/25/1 8242/26/1 8243/27/1
f 8241/25/1 8244/28/1 8242/26/1
f 8245/25/1 8246/26/1 8247/27/1
f 8245/25/1 8248/28/1 8246/26/1
f 8249/25/1 8250/26/1 8251/27/1
f 8249/25/1 8252/28/1 8250/26/1
f 8253/25/1 8254/26/1 8255/27/1
f 8253/25/1 8256/28/1 8254/26/1
f 8257/25/1 8258/26/1 8259/27/1
f 8257/25/1 8260/28/1 8258/26/1
f 8261/25/1 8262/26/1 8263/27/1
f 8261/25/1 8264/28/1 8262/26/1
f 8265/25/1 8266/26/1 8267/27/1
f 8265/25/1 8268/28/1 8266/26/1
f 8269/25/1 8270/26/1 8271/27/1
f 8269/25/1 8272/28/1 8270/26/1
f 8273/25/1 8274/26/1 8275/27/1
f 8273/25/1 8276/28/1 8274/26/1
f 8277/25/1 8278/26/1 8279/27/1
f 8277/25/1 8280/28/1 8278/26/1
f 8281/25/1 8282/26/1 8283/27/1
f 8281/25/1 8284/28/1 8282/26/1
f 8285/25/1 8286/26/1 8287/27/1
f 8285/25/1 8288/28/1 8286/26/1
f 8289/25/1 8290/26/1 8291/27/1
f 8289/25/1 8292/28/1 8290/26/1
f 8293/25/1 8294/26/1 8295/27/1
f 8293/25/1 8296/28/1 8294/26/1
f 8297/25/1 8298/26/1 8299/27/1
f 8297/25/1 8300/28/1 8298/26/1
f 8301/25/1 8302/26/1 8303/27/1
f 8301/25/1 8304/28/1 8302/26/1
f 8305/25/1 8306/26/1 8307/27/1
f 8305/25/1 8308/28/1 8306/26/1
f 8309/25/1 8310/26/1 8311/27/1
f 8309/25/1 8312/28/1 8310/26/1
f 8313/25/1 8314/26/1 8315/27/1
f 8313/25/1 8316/28/1 8314/26/1
f 8317/25/1 8318/26/1 8319/27/1
f 8317/25/1 8320/28/1 8318/26/1
f 8321/25/1 8322/26/1 8323/27/1
f 8321/25/1 8324/28/1 8322/26/1
f 8325/25/1 8326/26/1 8327/27/1
f 8325/25/1 8328/28/1 8326/26/1
f 8329/25/1 8330/26/1 8331/27/1
f 8329/25/1 8332/28/1 8330/26/1
f 8333/25/1 8334/26/1 8335/27/1
f 8333/25/1 8336/28/1 8334/26/1
f 8337/25/1 8338/26/1 8339/27/1
f 8337/25/1 8340/28/1 8338/26/1
f 8341/25/1 8342/26/1 8343/27/1
f 8341/25/1 8344/28/1 8342/26/1
f 8345/25/1 8346/26/1 8347/27/1
f 8345/25/1 8348/28/1 8346/26/1
f 8349/25/1 8350/26/1 8351/27/1
f 8349/25/1 8352/28/1 8350/26/1
f 8353/25/1 8354/26/1 8355/27/1
f 8353/25/1 8356/28/1 8354/26/1
f 8357/25/1 8358/26/1 8359/27/1
f 8357/25/1 8360/28/1 8358/26/1
f 8361/25/1 8362/26/1 8363/27/1
f 8361/25/1 8364/28/1 8362/26/1
f 8365/25/1 8366/26/1 8367/27/1
f 8365/25/1 8368/28/1 8366/26/1
f 8369/25/1 8370/26/1 8371/27/1
f 8369/25/1 8372/28/1 8370/26/1
f 8373/25/1 8374/26/1 8375/27/1
f 8373/25/1 8376/28/1 8374/26/1
f 8377/25/1 8378/26/1 8379/27/1
f 8377/25/1 8380/28/1 8378/26/1
f 8381/25/1 8382/26/1 8383/27/1
f 8381/25/1 8384/28/1 8382/26/1
f 8385/25/1 8386/26/1 8387/27/1
f 8385/25/1 8388/28/1 8386/26/1
f 8389/25/1 8390/26/1 8391/27/1
f 8389/25/1 8392/28/1 8390/26/1
f 8393/25/1 8394/26/1 8395/27/1
f 8393/25/1 8396/28/1 8394/26/1
f 8397/25/1 8398/26/1 8399/27/1
f 8397/25/1 8400/28/1 8398/26/1
f 8401/25/1 8402/26/1 8403/27/1
f 8401/25/1 8404/28/1 8402/26/1
f 8405/25/1 8406/26/1 8407/27/1
f 8405/25/1 8408/28/1 8406/26/1
f 8409/25/1 8410/26/1 8411/27/1
f 8409/25/1 8412/28/1 8410/26/1
f 8413/25/1 8414/26/1 8415/27/1
f 8413/25/1 8416/28/1 8414/26/1
f 8417/25/1 8418/26/1 8419/27/1
f 8417/25/1 8420/28/1 8418/26/1
f 8421/25/1 8422/26/1 8423/27/1
f 8421/25/1 8424/28/1 8422/26/1
f 8425/25/1 8426/26/1 8427/27/1
f 8425/25/1 8428/28/1 8426/26/1
f 8429/25/1 8430/26/1 8431/27/1
f 8429/25/1 8432/28/1 8430/26/1
f 8433/25/1 8434/26/1 8435/27/1
f 8433/25/1 8436/28/1 8434/26/1
f 8437/25/1 8438/26/1 8439/27/1
f 8437/25/1 8440/28/1 8438/26/1
f 8441/25/1 8442/26/1 8443/27/1
f 8441/25/1 8444/28/1 8442/26/1
f 8445/25/1 8446/26/1 8447/27/1
f 8445/25/1 8448/28/1 8446/26/1
f 8449/25/1 8450/26/1 8451/27/1
f 8449/25/1 8452/28/1 8450/26/1
f 8453/25/1 8454/26/1 8455/27/1
f 8453/25/1 8456/28/1 8454/26/1
f 8457/25/1 8458/26/1 8459/27/1
f 8457/25/1 8460/28/1 8458/26/1
f 8461/25/1 8462/26/1 8463/27/1
f 8461/25/1 8464/28/1 8462/26/1
f 8465/25/1 8466/26/1 8467/27/1
f 8465/25/1 8468/28/1 8466/26/1
f 8469/25/1 8470/26/1 8471/27/1
f 8469/25/1 8472/28/1 8470/26/1
f 8473/25/1 8474/26/1 8475/27/1
f 8473/25/1 8476/28/1 8474/26/1
f 8477/25/1 8478/26/1 8479/27/1
f 8477/25/1 8480/28/1 8478/26/1
f 8481/25/1 8482/26/1 8483/27/1
f 8481/25/1 8484/28/1 8482/26/1
f 8485/40/8 8486/41/8 8487/42/8
f 8485/40/8 8488/26/8 8486/41/8
f 8489/40/9 8490/41/9 8491/42/9
f 8489/40/9 8492/26/9 8490/41/9
f 8493/40/10 8494/41/10 8495/42/10
f 8493/40/10 8496/26/10 8494/41/10
f 8497/40/11 8498/41/11 8499/42/11
f 8497/40/11 8500/26/11 8498/41/11
f 8501/19/1 8502/20/1 8503/21/1
f 8501/19/1 8504/22/1 8502/20/1
f 8505/19/1 8506/20/1 8507/21/1
f 8505/19/1 8508/22/1 8506/20/1
f 8509/19/12 8510/20/12 8511/21/12
f 8509/19/12 8512/22/12 8510/20/12
f 8513/19/1 8514/20/1 8515/21/1
f 8513/19/1 8516/22/1 8514/20/1
f 8517/19/6 8518/20/6 8519/21/6
f 8517/19/6 8520/22/6 8518/20/6
f 8521/19/1 8522/20/1 8523/21/1
f 8521/19/1 8524/22/1 8522/20/1
f 8525/19/13 8526/20/13 8527/21/13
f 8525/19/13 8528/22/13 8526/20/13
f 8529/40/14 8530/41/14 8531/42/14
f 8529/40/15 8532/26/15 8530/41/15
f 8533/40/16 8534/41/16 8535/42/16
f 8533/40/16 8536/26/16 8534/41/16
f 8537/40/16 8538/41/16 8539/42/16
f 8537/40/16 8540/26/16 8538/41/16
f 8541/40/16 8542/41/16 8543/42/16
f 8541/40/17 8544/26/17 8542/41/17
f 8545/23/3 8546/45/3 8547/24/3
f 8545/23/3 8548/42/3 8546/45/3
f 8549/23/4 8550/45/4 8551/24/4
f 8549/23/4 8552/42/4 8550/45/4
f 8553/23/3 8554/45/3 8555/24/3
f 8553/23/3 8556/42/3 8554/45/3
f 8557/23/4 8558/45/4 8559/24/4
f 8557/23/4 8560/42/4 8558/45/4
f 8561/23/5 8562/45/5 8563/24/5
f 8561/23/5 8564/42/5 8562/45/5
f 8565/23/3 8566/45/3 8567/24/3
f 8565/23/3 8568/42/3 8566/45/3
f 8569/23/2 8570/45/2 8571/24/2
f 8569/23/2 8572/42/2 8570/45/2
f 8573/23/4 8574/45/4 8575/24/4
f 8573/23/4 8576/42/4 8574/45/4
f 8577/45/1 8578/14/1 8579/15/1
f 8577/45/1 8580/42/1 8578/14/1
f 8581/45/1 8582/14/1 8583/15/1
f 8581/45/1 8584/42/1 8582/14/1
f 8585/45/1 8586/14/1 8587/15/1
f 8585/45/1 8588/42/1 8586/14/1
usemtl maze_1
f 8589/48/2 8590/49/2 8591/50/2
f 8589/48/2 8592/51/2 8590/49/2
f 8593/48/3 8594/49/3 8595/50/3
f 8593/48/3 8596/51/3 8594/49/3
f 8597/48/4 8598/49/4 8599/50/4
f 8597/48/4 8600/51/4 8598/49/4
f 8601/48/2 8602/49/2 8603/50/2
f 8601/48/2 8604/51/2 8602/49/2
f 8605/48/4 8606/49/4 8607/50/4
f 8605/48/4 8608/51/4 8606/49/4
f 8609/48/2 8610/49/2 8611/50/2
f 8609/48/2 8612/51/2 8610/49/2
f 8613/48/5 8614/49/5 8615/50/5
f 8613/48/5 8616/51/5 8614/49/5
f 8617/48/2 8618/49/2 8619/50/2
f 8617/48/2 8620/51/2 8618/49/2
f 8621/48/5 8622/49/5 8623/50/5
f 8621/48/5 8624/51/5 8622/49/5
f 8625/48/4 8626/49/4 8627/50/4
f 8625/48/4 8628/51/4 8626/49/4
f 8629/48/5 8630/49/5 8631/50/5
f 8629/48/5 8632/51/5 8630/49/5
f 8633/48/4 8634/49/4 8635/50/4
f 8633/48/4 8636/51/4 8634/49/4
f 8637/48/3 8638/49/3 8639/50/3
f 8637/48/3 8640/51/3 8638/49/3
f 8641/48/5 8642/49/5 8643/50/5
f 8641/48/5 8644/51/5 8642/49/5
f 8645/48/4 8646/49/4 8647/50/4
f 8645/48/4 8648/51/4 8646/49/4
f 8649/48/3 8650/49/3 8651/50/3
f 8649/48/3 8652/51/3 8650/49/3
f 8653/48/5 8654/49/5 8655/50/5
f 8653/48/5 8656/51/5 8654/49/5
f 8657/48/3 8658/49/3 8659/50/3
f 8657/48/3 8660/51/3 8658/49/3
f 8661/50/5 8662/52/5 8663/53/5
f 8661/50/5 8664/49/5 8662/52/5
f 8665/50/2 8666/52/2 8667/53/2
f 8665/50/2 8668/49/2 8666/52/2
f 8669/50/4 8670/52/4 8671/53/4
f 8669/50/4 8672/49/4 8670/52/4
f 8673/48/5 8674/49/5 8675/50/5
f 8673/48/5 8676/51/5 8674/49/5
f 8677/48/4 8678/49/4 8679/50/4
f 8677/48/4 8680/51/4 8678/49/4
f 8681/48/2 8682/49/2 8683/50/2
f 8681/48/2 8684/51/2 8682/49/2
f 8685/50/2 8686/52/2 8687/53/2
f 8685/50/2 8688/49/2 8686/52/2
f 8689/50/4 8690/52/4 8691/53/4
f 8689/50/4 8692/49/4 8690/52/4
f 8693/48/3 8694/49/3 8695/50/3
f 8693/48/3 8696/51/3 8694/49/3
f 8697/48/5 8698/49/5 8699/50/5
f 8697/48/5 8700/51/5 8698/49/5
f 8701/50/3 8702/52/3 8703/53/3
f 8701/50/3 8704/49/3 8702/52/3
f 8705/50/5 8706/52/5 8707/53/5
f 8705/50/5 8708/49/5 8706/52/5
f 8709/50/2 8710/52/2 8711/53/2
f 8709/50/2 8712/49/2 8710/52/2
f 8713/48/3 8714/49/3 8715/50/3
f 8713/48/3 8716/51/3 8714/49/3
f 8717/48/2 8718/49/2 8719/50/2
f 8717/48/2 8720/51/2 8718/49/2
f 8721/50/5 8722/52/5 8723/53/5
f 8721/50/5 8724/49/5 8722/52/5
f 8725/50/5 8726/52/5 8727/53/5
f 8725/50/5 8728/49/5 8726/52/5
f 8729/50/2 8730/52/2 8731/53/2
f 8729/50/2 8732/49/2 8730/52/2
f 8733/50/5 8734/52/5 8735/53/5
f 8733/50/5 8736/49/5 8734/52/5
f 8737/50/3 8738/52/3 8739/53/3
f 8737/50/3 8740/49/3 8738/52/3
f 8741/50/5 8742/52/5 8743/53/5
f 8741/50/5 8744/49/5 8742/52/5
f 8745/50/2 8746/52/2 8747/53/2
f 8745/50/2 8748/49/2 8746/52/2
f 8749/50/2 8750/52/2 8751/53/2
f 8749/50/2 8752/49/2 8750/52/2
f 8753/48/4 8754/49/4 8755/50/4
f 8753/48/4 8756/51/4 8754/49/4
f 8757/48/3 8758/49/3 8759/50/3
f 8757/48/3 8760/51/3 8758/49/3
f 8761/48/3 8762/49/3 8763/50/3
f 8761/48/3 8764/51/3 8762/49/3
f 8765/48/4 8766/49/4 8767/50/4
f 8765/48/4 8768/51/4 8766/49/4
f 8769/48/4 8770/49/4 8771/50/4
f 8769/48/4 8772/51/4 8770/49/4
f 8773/48/2 8774/49/2 8775/50/2
f 8773/48/2 8776/51/2 8774/49/2
f 8777/48/3 8778/49/3 8779/50/3
f 8777/48/3 8780/51/3 8778/49/3
f 8781/48/5 8782/49/5 8783/50/5
f 8781/48/5 8784/51/5 8782/49/5
f 8785/50/5 8786/52/5 8787/53/5
f 8785/50/5 8788/49/5 8786/52/5
f 8789/50/4 8790/52/4 8791/53/4
f 8789/50/4 8792/49/4 8790/52/4
f 8793/50/2 8794/52/2 8795/53/2
f 8793/50/2 8796/49/2 8794/52/2
f 8797/50/5 8798/52/5 8799/53/5
f 8797/50/5 8800/49/5 8798/52/5
f 8801/50/2 8802/52/2 8803/53/2
f 8801/50/2 8804/49/2 8802/52/2
f 8805/50/5 8806/52/5 8807/53/5
f 8805/50/5 8808/49/5 8806/52/5
f 8809/50/2 8810/52/2 8811/53/2
f 8809/50/2 8812/49/2 8810/52/2
f 8813/50/3 8814/52/3 8815/53/3
f 8813/50/3 8816/49/3 8814/52/3
f 8817/50/5 8818/52/5 8819/53/5
f 8817/50/5 8820/49/5 8818/52/5
f 8821/50/2 8822/52/2 8823/53/2
f 8821/50/2 8824/49/2 8822/52/2
f 8825/48/4 8826/49/4 8827/50/4
f 8825/48/4 8828/51/4 8826/49/4
f 8829/48/2 8830/49/2 8831/50/2
f 8829/48/2 8832/51/2 8830/49/2
f 8833/48/3 8834/49/3 8835/50/3
f 8833/48/3 8836/51/3 8834/49/3
f 8837/48/4 8838/49/4 8839/50/4
f 8837/48/4 8840/51/4 8838/49/4
f 8841/48/3 8842/49/3 8843/50/3
f 8841/48/3 8844/51/3 8842/49/3
f 8845/48/4 8846/49/4 8847/50/4
f 8845/48/4 8848/51/4 8846/49/4
f 8849/48/5 8850/49/5 8851/50/5
f 8849/48/5 8852/51/5 8850/49/5
f 8853/48/2 8854/49/2 8855/50/2
f 8853/48/2 8856/51/2 8854/49/2
f 8857/48/3 8858/49/3 8859/50/3
f 8857/48/3 8860/51/3 8858/49/3
f 8861/48/5 8862/49/5 8863/50/5
f 8861/48/5 8864/51/5 8862/49/5
usemtl maze_2
f 8865/53/1 8866/49/1 8867/52/1
f 8865/53/1 8868/50/1 8866/49/1
f 8869/53/1 8870/49/1 8871/52/1
f 8869/53/1 8872/50/1 8870/49/1
f 8873/53/1 8874/49/1 8875/52/1
f 8873/53/1 8876/50/1 8874/49/1
f 8877/53/1 8878/49/1 8879/52/1
f 8877/53/1 8880/50/1 8878/49/1
f 8881/53/1 8882/49/1 8883/52/1
f 8881/53/1 8884/50/1 8882/49/1
f 8885/53/1 8886/49/1 8887/52/1
f 8885/53/1 8888/50/1 8886/49/1
f 8889/53/1 8890/49/1 8891/52/1
f 8889/53/1 8892/50/1 8890/49/1
f 8893/53/1 8894/49/1 8895/52/1
f 8893/53/1 8896/50/1 8894/49/1
f 8897/53/1 8898/49/1 8899/52/1
f 8897/53/1 8900/50/1 8898/49/1
f 8901/53/1 8902/49/1 8903/52/1
f 8901/53/1 8904/50/1 8902/49/1
f 8905/53/1 8906/49/1 8907/52/1
f 8905/53/1 8908/50/1 8906/49/1
f 8909/53/1 8910/49/1 8911/52/1
f 8909/53/1 8912/50/1 8910/49/1
f 8913/53/1 8914/49/1 8915/52/1
f 8913/53/1 8916/50/1 8914/49/1
f 8917/53/1 8918/49/1 8919/52/1
f 8917/53/1 8920/50/1 8918/49/1
f 8921/53/1 8922/49/1 8923/52/1
f 8921/53/1 8924/50/1 8922/49/1
f 8925/53/1 8926/49/1 8927/52/1
f 8925/53/1 8928/50/1 8926/49/1
f 8929/53/1 8930/49/1 8931/52/1
f 8929/53/1 8932/50/1 8930/49/1
f 8933/53/1 8934/49/1 8935/52/1
f 8933/53/1 8936/50/1 8934/49/1
f 8937/53/1 8938/49/1 8939/52/1
f 8937/53/1 8940/50/1 8938/49/1
f 8941/53/1 8942/49/1 8943/52/1
f 8941/53/1 8944/50/1 8942/49/1
f 8945/53/1 8946/49/1 8947/52/1
f 8945/53/1 8948/50/1 8946/49/1
f 8949/53/1 8950/49/1 8951/52/1
f 8949/53/1 8952/50/1 8950/49/1
f 8953/53/1 8954/49/1 8955/52/1
f 8953/53/1 8956/50/1 8954/49/1
f 8957/53/1 8958/49/1 8959/52/1
f 8957/53/1 8960/50/1 8958/49/1
f 8961/53/1 8962/49/1 8963/52/1
f 8961/53/1 8964/50/1 8962/49/1
f 8965/53/1 8966/49/1 8967/52/1
f 8965/53/1 8968/50/1 8966/49/1
f 8969/53/1 8970/49/1 8971/52/1
f 8969/53/1 8972/50/1 8970/49/1
f 8973/53/1 8974/49/1 8975/52/1
f 8973/53/1 8976/50/1 8974/49/1
f 8977/53/1 8978/49/1 8979/52/1
f 8977/53/1 8980/50/1 8978/49/1
f 8981/53/1 8982/49/1 8983/52/1
f 8981/53/1 8984/50/1 8982/49/1
f 8985/53/1 8986/49/1 8987/52/1
f 8985/53/1 8988/50/1 8986/49/1
f 8989/53/1 8990/49/1 8991/52/1
f 8989/53/1 8992/50/1 8990/49/1
f 8993/53/1 8994/49/1 8995/52/1
f 8993/53/1 8996/50/1 8994/49/1
f 8997/53/1 8998/49/1 8999/52/1
f 8997/53/1 9000/50/1 8998/49/1
f 9001/53/1 9002/49/1 9003/52/1
f 9001/53/1 9004/50/1 9002/49/1
f 9005/53/1 9006/49/1 9007/52/1
f 9005/53/1 9008/50/1 9006/49/1
f 9009/53/1 9010/49/1 9011/52/1
f 9009/53/1 9012/50/1 9010/49/1
f 9013/53/1 9014/49/1 9015/52/1
f 9013/53/1 9016/50/1 9014/49/1
f 9017/53/1 9018/49/1 9019/52/1
f 9017/53/1 9020/50/1 9018/49/1
f 9021/53/1 9022/49/1 9023/52/1
f 9021/53/1 9024/50/1 9022/49/1
f 9025/53/1 9026/49/1 9027/52/1
f 9025/53/1 9028/50/1 9026/49/1
f 9029/53/1 9030/49/1 9031/52/1
f 9029/53/1 9032/50/1 9030/49/1
f 9033/53/1 9034/49/1 9035/52/1
f 9033/53/1 9036/50/1 9034/49/1
f 9037/53/1 9038/49/1 9039/52/1
f 9037/53/1 9040/50/1 9038/49/1
f 9041/53/1 9042/49/1 9043/52/1
f 9041/53/1 9044/50/1 9042/49/1
f 9045/53/1 9046/49/1 9047/52/1
f 9045/53/1 9048/50/1 9046/49/1
f 9049/53/1 9050/49/1 9051/52/1
f 9049/53/1 9052/50/1 9050/49/1
f 9053/53/1 9054/49/1 9055/52/1
f 9053/53/1 9056/50/1 9054/49/1
f 9057/53/1 9058/49/1 9059/52/1
f 9057/53/1 9060/50/1 9058/49/1
f 9061/53/1 9062/49/1 9063/52/1
f 9061/53/1 9064/50/1 9062/49/1
f 9065/53/1 9066/49/1 9067/52/1
f 9065/53/1 9068/50/1 9066/49/1
f 9069/53/1 9070/49/1 9071/52/1
f 9069/53/1 9072/50/1 9070/49/1
f 9073/53/1 9074/49/1 9075/52/1
f 9073/53/1 9076/50/1 9074/49/1
f 9077/53/1 9078/49/1 9079/52/1
f 9077/53/1 9080/50/1 9078/49/1
f 9081/53/1 9082/49/1 9083/52/1
f 9081/53/1 9084/50/1 9082/49/1
f 9085/53/1 9086/49/1 9087/52/1
f 9085/53/1 9088/50/1 9086/49/1
f 9089/53/1 9090/49/1 9091/52/1
f 9089/53/1 9092/50/1 9090/49/1
f 9093/53/1 9094/49/1 9095/52/1
f 9093/53/1 9096/50/1 9094/49/1
f 9097/53/1 9098/49/1 9099/52/1
f 9097/53/1 9100/50/1 9098/49/1
usemtl maze_3
f 9101/50/2 9102/52/2 9103/53/2
f 9101/50/2 9104/49/2 9102/52/2
f 9105/50/3 9106/52/3 9107/53/3
f 9105/50/3 9108/49/3 9106/52/3
f 9109/50/5 9110/52/5 9111/53/5
f 9109/50/5 9112/49/5 9110/52/5
f 9113/48/5 9114/49/5 9115/50/5
f 9113/48/5 9116/51/5 9114/49/5
f 9117/48/4 9118/49/4 9119/50/4
f 9117/48/4 9120/51/4 9118/49/4
f 9121/48/3 9122/49/3 9123/50/3
f 9121/48/3 9124/51/3 9122/49/3
f 9125/48/5 9126/49/5 9127/50/5
f 9125/48/5 9128/51/5 9126/49/5
f 9129/50/5 9130/52/5 9131/53/5
f 9129/50/5 9132/49/5 9130/52/5
f 9133/48/4 9134/49/4 9135/50/4
f 9133/48/4 9136/51/4 9134/49/4
f 9137/48/2 9138/49/2 9139/50/2
f 9137/48/2 9140/51/2 9138/49/2
f 9141/48/2 9142/49/2 9143/50/2
f 9141/48/2 9144/51/2 9142/49/2
f 9145/48/3 9146/49/3 9147/50/3
f 9145/48/3 9148/51/3 9146/49/3
f 9149/48/5 9150/49/5 9151/50/5
f 9149/48/5 9152/51/5 9150/49/5
f 9153/48/3 9154/49/3 9155/50/3
f 9153/48/3 9156/51/3 9154/49/3
f 9157/48/3 9158/49/3 9159/50/3
f 9157/48/3 9160/51/3 9158/49/3
f 9161/48/5 9162/49/5 9163/50/5
f 9161/48/5 9164/51/5 9162/49/5
f 9165/48/4 9166/49/4 9167/50/4
f 9165/48/4 9168/51/4 9166/49/4
f 9169/48/5 9170/49/5 9171/50/5
f 9169/48/5 9172/51/5 9170/49/5
f 9173/48/5 9174/49/5 9175/50/5
f 9173/48/5 9176/51/5 9174/49/5
f 9177/48/4 9178/49/4 9179/50/4
f 9177/48/4 9180/51/4 9178/49/4
f 9181/50/2 9182/52/2 9183/53/2
f 9181/50/2 9184/49/2 9182/52/2
f 9185/50/5 9186/52/5 9187/53/5
f 9185/50/5 9188/49/5 9186/52/5
f 9189/48/2 9190/49/2 9191/50/2
f 9189/48/2 9192/51/2 9190/49/2
f 9193/50/2 9194/52/2 9195/53/2
f 9193/50/2 9196/49/2 9194/52/2
f 9197/50/3 9198/52/3 9199/53/3
f 9197/50/3 9200/49/3 9198/52/3
f 9201/48/2 9202/49/2 9203/50/2
f 9201/48/2 9204/51/2 9202/49/2
f 9205/48/3 9206/49/3 9207/50/3
f 9205/48/3 9208/51/3 9206/49/3
f 9209/50/5 9210/52/5 9211/53/5
f 9209/50/5 9212/49/5 9210/52/5
f 9213/50/4 9214/52/4 9215/53/4
f 9213/50/4 9216/49/4 9214/52/4
f 9217/50/3 9218/52/3 9219/53/3
f 9217/50/3 9220/49/3 9218/52/3
f 9221/50/5 9222/52/5 9223/53/5
f 9221/50/5 9224/49/5 9222/52/5
f 9225/50/2 9226/52/2 9227/53/2
f 9225/50/2 9228/49/2 9226/52/2
f 9229/50/3 9230/52/3 9231/53/3
f 9229/50/3 9232/49/3 9230/52/3
f 9233/50/2 9234/52/2 9235/53/2
f 9233/50/2 9236/49/2 9234/52/2
f 9237/48/2 9238/49/2 9239/50/2
f 9237/48/2 9240/51/2 9238/49/2
f 9241/48/3 9242/49/3 9243/50/3
f 9241/48/3 9244/51/3 9242/49/3
f 9245/48/4 9246/49/4 9247/50/4
f 9245/48/4 9248/51/4 9246/49/4
f 9249/48/3 9250/49/3 9251/50/3
f 9249/48/3 9252/51/3 9250/49/3
f 9253/50/5 9254/52/5 9255/53/5
f 9253/50/5 9256/49/5 9254/52/5
f 9257/50/4 9258/52/4 9259/53/4
f 9257/50/4 9260/49/4 9258/52/4
f 9261/50/2 9262/52/2 9263/53/2
f 9261/50/2 9264/49/2 9262/52/2
f 9265/48/2 9266/49/2 9267/50/2
f 9265/48/2 9268/51/2 9266/49/2
f 9269/48/4 9270/49/4 9271/50/4
f 9269/48/4 9272/51/4 9270/49/4
f 9273/50/2 9274/52/2 9275/53/2
f 9273/50/2 9276/49/2 9274/52/2
f 9277/50/5 9278/52/5 9279/53/5
f 9277/50/5 9280/49/5 9278/52/5
f 9281/50/2 9282/52/2 9283/53/2
f 9281/50/2 9284/49/2 9282/52/2
f 9285/48/5 9286/49/5 9287/50/5
f 9285/48/5 9288/51/5 9286/49/5
f 9289/48/2 9290/49/2 9291/50/2
f 9289/48/2 9292/51/2 9290/49/2
f 9293/50/5 9294/52/5 9295/53/5
f 9293/50/5 9296/49/5 9294/52/5
f 9297/50/4 9298/52/4 9299/53/4
f 9297/50/4 9300/49/4 9298/52/4
f 9301/48/4 9302/49/4 9303/50/4
f 9301/48/4 9304/51/4 9302/49/4
f 9305/50/2 9306/52/2 9307/53/2
f 9305/50/2 9308/49/2 9306/52/2
f 9309/50/5 9310/52/5 9311/53/5
f 9309/50/5 9312/49/5 9310/52/5
f 9313/50/5 9314/52/5 9315/53/5
f 9313/50/5 9316/49/5 9314/52/5
f 9317/50/4 9318/52/4 9319/53/4
f 9317/50/4 9320/49/4 9318/52/4
f 9321/50/2 9322/52/2 9323/53/2
f 9321/50/2 9324/49/2 9322/52/2
f 9325/50/5 9326/52/5 9327/53/5
f 9325/50/5 9328/49/5 9326/52/5
f 9329/50/2 9330/52/2 9331/53/2
f 9329/50/2 9332/49/2 9330/52/2
f 9333/50/5 9334/52/5 9335/53/5
f 9333/50/5 9336/49/5 9334/52/5
f 9337/50/2 9338/52/2 9339/53/2
f 9337/50/2 9340/49/2 9338/52/2
